# Blender v2.93.0 OBJ File: 'Cow_Base_Rig.blend'
# www.blender.org
mtllib TVS_VoxelFarm_Cow.mtl
o VS_Farm_Cow
v -1.200000 0.100000 0.800000
v -1.200000 -0.000000 0.700000
v -1.200000 -0.000000 0.900000
v -1.200000 0.100000 0.700000
v -1.200000 0.100000 -1.000000
v -1.200000 0.000000 -1.100000
v -1.200000 0.000000 -0.900000
v -1.200000 0.100000 -1.100000
v -1.200000 0.200000 0.900000
v -1.200000 0.200000 0.800000
v -1.200000 0.100000 0.600000
v -1.200000 0.200000 -0.900000
v -1.200000 0.200000 -1.000000
v -1.200000 0.100000 -1.200000
v -1.200000 0.300000 0.900000
v -1.200000 0.300000 0.600000
v -1.200000 0.300000 -0.900000
v -1.200000 0.300000 -1.200000
v -1.200000 0.600000 0.900000
v -1.200000 0.400000 0.600000
v -1.200000 0.400000 0.900000
v -1.200000 0.600000 0.800000
v -1.200000 0.600000 -0.900000
v -1.200000 0.400000 -1.200000
v -1.200000 0.400000 -0.900000
v -1.200000 0.600000 -1.200000
v -1.200000 0.800000 0.900000
v -1.200000 0.800000 0.800000
v -1.200000 0.900000 -0.900000
v -1.200000 0.900000 -1.200000
v -1.200000 1.100000 0.900000
v -1.200000 1.100000 0.600000
v -1.200000 1.100000 -0.900000
v -1.200000 1.100000 -1.200000
v -1.200000 1.400000 0.800000
v -1.200000 1.200000 0.800000
v -1.200000 1.200000 0.900000
v -1.200000 1.200000 0.600000
v -1.200000 1.400000 0.700000
v -1.200000 1.500000 0.700000
v -1.200000 1.500000 0.600000
v -1.200000 1.500000 -1.200000
v -1.200000 1.200001 -1.200000
v -1.200000 1.200000 -0.900000
v -1.200000 1.600001 -1.300000
v -1.200000 1.500000 -1.300000
v -1.200000 1.700001 -1.200000
v -1.200000 1.600001 -1.400000
v -1.200000 1.700001 -1.300000
v -1.200000 1.700001 -1.400000
v -1.200000 1.800000 -1.100000
v -1.200000 1.800000 -1.200000
v -1.200000 1.800000 -1.300000
v -1.200000 1.700001 -1.500000
v -1.200000 1.800000 -1.400000
v -1.200000 2.000000 0.600000
v -1.200000 1.500000 0.500000
v -1.200000 2.000000 0.500000
v -1.200000 2.000000 -1.100000
v -1.200000 2.000000 -1.200000
v -1.200000 2.000000 -1.299999
v -1.200000 2.000000 -1.399999
v -1.200000 2.099999 0.900000
v -1.200000 2.100000 0.600000
v -1.200000 2.100000 -1.200000
v -1.200000 2.100000 -1.299999
v -1.200000 2.100000 -1.399999
v -1.200000 2.100000 -1.500000
v -1.200000 2.200001 -1.299999
v -1.200000 2.200001 -1.399999
v -1.200000 2.300000 -0.900000
v -1.200000 2.300000 -1.299999
v -1.100000 2.500000 2.000000
v -1.100000 2.200000 1.900000
v -1.100000 2.200000 2.000000
v -1.100000 2.500000 1.900000
v -1.000000 2.200000 2.000000
v -1.000000 2.100000 1.900000
v -1.000000 2.100000 2.000000
v -1.000000 2.200000 1.900000
v -1.000000 2.400000 2.100000
v -1.000000 2.200000 2.100000
v -1.000000 2.400000 2.000000
v -0.900000 1.600000 0.300000
v -0.900000 1.500000 -1.300000
v -0.900000 1.500000 1.000000
v -0.900000 1.600000 0.100000
v -0.900000 1.600000 -1.300000
v -0.900000 1.700000 2.200000
v -0.900000 1.600000 2.100000
v -0.900000 1.600000 2.200000
v -0.900000 1.600000 3.000000
v -0.900000 1.700000 2.100000
v -0.900000 1.700000 0.400000
v -0.900000 1.700000 0.300000
v -0.900000 1.700000 0.100000
v -0.900000 1.600000 -1.400000
v -0.900000 1.700000 0.000000
v -0.900000 1.700000 -0.400000
v -0.900000 1.700000 -0.700000
v -0.900000 1.700000 -1.400000
v -0.900000 1.800000 2.100000
v -0.900000 1.700000 2.000000
v -0.900000 1.800000 2.000000
v -0.900000 1.800000 -0.300000
v -0.900000 1.800000 -0.400000
v -0.900000 1.800000 -0.700000
v -0.900000 1.700000 -1.500000
v -0.900000 1.800000 -0.800000
v -0.900000 1.900000 2.500000
v -0.900000 1.900000 2.300000
v -0.900000 1.900000 2.000000
v -0.900000 1.800000 1.900000
v -0.900000 1.900000 1.900000
v -0.900000 1.900000 0.400000
v -0.900000 1.900000 0.300000
v -0.900000 1.900000 0.100000
v -0.900000 1.900000 0.000000
v -0.900000 2.000000 3.000000
v -0.900000 2.000000 2.900000
v -0.900000 2.000000 2.400000
v -0.900000 2.000000 2.300000
v -0.900000 2.000000 0.300000
v -0.900000 2.000000 0.100000
v -0.900000 2.099999 2.900000
v -0.900000 2.099999 2.800000
v -0.900000 2.099999 2.500000
v -0.900000 2.099999 2.400000
v -0.900000 2.099999 2.300000
v -0.900000 2.100000 2.000000
v -0.900000 2.100000 1.900000
v -0.900000 2.100000 -0.300000
v -0.900000 2.100000 -0.400000
v -0.900000 2.100000 -0.700000
v -0.900000 2.100000 -0.800000
v -0.900000 2.100000 -1.400000
v -0.900000 2.100000 -1.500000
v -0.900000 2.200000 2.800000
v -0.900000 2.200000 2.700001
v -0.900000 2.200000 2.100000
v -0.900000 2.200000 2.000000
v -0.900000 2.200000 -0.400000
v -0.900000 2.200000 -0.700000
v -0.900000 2.200000 -1.300000
v -0.900000 2.200000 -1.400000
v -0.900000 2.300000 2.700001
v -0.900000 2.300000 2.100000
v -0.900000 2.300000 1.000000
v -0.900000 2.300000 -1.300000
v -0.800000 1.400000 -0.400000
v -0.800000 1.300000 -0.900000
v -0.800000 1.300000 -0.400000
v -0.800000 1.400000 -0.900000
v -0.800000 1.500000 1.000000
v -0.800000 1.400000 1.000000
v -0.800000 1.400000 -1.300000
v -0.800000 1.500000 -1.300000
v -0.800000 1.600000 3.000000
v -0.800000 1.500000 2.100000
v -0.800000 1.500000 3.000000
v -0.800000 1.600000 2.200000
v -0.800000 1.600000 2.100000
v -0.800000 1.600000 -1.300000
v -0.800000 1.500000 -1.400000
v -0.800000 1.600000 -1.400000
v -0.800000 1.700000 2.100000
v -0.800000 1.600000 2.000000
v -0.800000 1.700000 2.000000
v -0.800000 1.700000 -1.400000
v -0.800000 1.600000 -1.500000
v -0.800000 1.700000 -1.500000
v -0.800000 1.800000 2.000000
v -0.800000 1.700000 1.900000
v -0.800000 1.800000 1.900000
v -0.800000 2.100000 1.700000
v -0.800000 1.800000 1.700000
v -0.800000 1.800000 1.800000
v -0.800000 1.800000 1.300000
v -0.800000 2.100000 1.600000
v -0.800000 2.100000 1.400000
v -0.800000 2.100000 1.300000
v -0.800000 1.800000 1.100000
v -0.800000 2.200000 1.600000
v -0.800000 2.200000 1.400000
v -0.800000 2.200000 1.200000
v -0.800000 2.200000 1.100000
v -0.800000 2.300000 1.800000
v -0.800000 2.300000 1.200000
v -0.800000 2.300000 1.100000
v -0.700000 1.200000 -1.700000
v -0.700000 1.100000 -1.700000
v -0.700000 1.100000 -1.600000
v -0.700000 1.300000 -0.500000
v -0.700000 1.200000 -0.600000
v -0.700000 1.200000 -0.500000
v -0.700000 1.300000 -0.600000
v -0.700000 1.300000 -0.700000
v -0.700000 1.200000 -0.800000
v -0.700000 1.200000 -0.700000
v -0.700000 1.300000 -0.800000
v -0.700000 1.600000 -1.700000
v -0.700000 1.200000 -1.800000
v -0.700000 1.600000 -1.800000
v -0.700000 1.700000 -1.600000
v -0.700000 1.700000 -1.700000
v -0.700000 1.800000 1.800000
v -0.700000 1.700000 1.600000
v -0.700000 1.700000 1.800000
v -0.700000 1.800000 1.700000
v -0.700000 1.800000 1.600000
v -0.700000 1.700000 1.400000
v -0.700000 1.800000 1.400000
v -0.700000 1.700000 1.100000
v -0.700000 1.800000 1.300000
v -0.700000 1.800000 1.100000
v -0.600000 1.100000 -1.600000
v -0.600000 1.000000 -1.700000
v -0.600000 1.000000 -1.600000
v -0.600000 1.100000 -1.700000
v -0.600000 1.200000 -1.700000
v -0.600000 1.100000 -1.800000
v -0.600000 1.200000 -1.800000
v -0.600000 1.700000 -1.700000
v -0.600000 1.600000 -1.800000
v -0.600000 1.600000 -1.700000
v -0.600000 1.700000 -1.800000
v -0.600000 2.200000 -1.600000
v -0.600000 1.700000 -1.600000
v -0.600000 2.300000 -1.600000
v -0.600000 2.200000 -1.500000
v -0.600000 2.300000 -1.700000
v -0.600000 2.400000 -1.500000
v -0.600000 2.400000 -1.600000
v -0.500000 1.300000 -0.500000
v -0.500000 1.200000 -0.600000
v -0.500000 1.200000 -0.500000
v -0.500000 1.300000 -0.600000
v -0.500000 1.300000 -0.700000
v -0.500000 1.200000 -0.800000
v -0.500000 1.200000 -0.700000
v -0.500000 1.300000 -0.800000
v -0.300000 2.400000 2.000000
v -0.300000 2.300000 1.900000
v -0.300000 2.300000 2.000000
v -0.300000 2.400000 1.900000
v -0.200000 2.400000 2.100000
v -0.200000 2.300000 2.000000
v -0.200000 2.300000 2.100000
v -0.200000 2.400000 2.000000
v -0.200000 2.500000 2.000000
v -0.200000 2.400000 1.900000
v -0.200000 2.500000 1.900000
v -0.100000 0.100000 0.800000
v -0.100000 -0.000000 0.700000
v -0.100000 -0.000000 0.900000
v -0.100000 0.100000 0.700000
v -0.100000 0.100000 -1.000000
v -0.100000 0.000000 -1.100000
v -0.100000 0.000000 -0.900000
v -0.100000 0.100000 -1.100000
v -0.100000 0.200000 0.900000
v -0.100000 0.200000 0.800000
v -0.100000 0.100000 0.600000
v -0.100000 0.200000 -0.900000
v -0.100000 0.200000 -1.000000
v -0.100000 0.100000 -1.200000
v -0.100000 0.300000 0.900000
v -0.100000 0.300000 0.600000
v -0.100000 0.300000 -0.900000
v -0.100000 0.300000 -1.200000
v -0.100000 0.500000 -0.900000
v -0.100000 0.400000 -1.000000
v -0.100000 0.400000 -0.900000
v -0.100000 0.500000 -1.000000
v -0.100000 0.400000 -1.100000
v -0.100000 0.500000 -1.100000
v -0.100000 0.400000 -1.200000
v -0.100000 0.500000 -1.200000
v -0.100000 0.600000 -0.900000
v -0.100000 0.600000 -1.000000
v -0.100000 0.600000 -1.100000
v -0.100000 0.600000 -1.200000
v -0.100000 0.700000 -1.000000
v -0.100000 0.700000 -1.100000
v -0.100000 1.100000 0.900000
v -0.100000 0.400000 0.600000
v -0.100000 0.400000 0.900000
v -0.100000 1.100000 0.600000
v -0.100000 1.100000 -0.900000
v -0.100000 1.100000 -1.200000
v -0.100000 1.300000 -1.100000
v -0.100000 1.200000 -1.100000
v -0.100000 1.200000 -0.900000
v -0.100000 1.200000 -1.200000
v -0.100000 1.300000 -1.200000
v -0.100000 1.400000 0.800000
v -0.100000 1.200000 0.800000
v -0.100000 1.200000 0.900000
v -0.100000 1.200000 0.600000
v -0.100000 1.400000 0.700000
v -0.100000 1.500000 0.700000
v -0.100000 1.500000 0.600000
v -0.100000 1.500000 -1.200000
v -0.100000 1.600001 -1.300000
v -0.100000 1.500000 -1.300000
v -0.100000 1.700001 -1.400000
v -0.100000 1.600001 -1.400000
v -0.100000 2.000000 0.600000
v -0.100000 1.500000 0.500000
v -0.100000 2.000000 0.500000
v -0.100000 2.099999 0.900000
v -0.100000 2.100000 0.600000
v -0.100000 2.100000 -1.400000
v -0.100000 1.700001 -1.500000
v -0.100000 2.100000 -1.500000
v -0.100000 2.200001 -1.300000
v -0.100000 2.200001 -1.400000
v -0.100000 2.300000 -0.900000
v -0.100000 2.300000 -1.300000
v -1.000000 -0.000000 0.900000
v -1.000000 -0.000000 0.700000
v -1.000000 0.100000 0.800000
v -1.000000 0.100000 0.700000
v -1.000000 0.000000 -0.900000
v -1.000000 0.000000 -1.100000
v -1.000000 0.100000 -1.000000
v -1.000000 0.100000 -1.100000
v -1.000000 0.200000 0.900000
v -1.000000 0.100000 0.600000
v -1.000000 0.200000 0.800000
v -1.000000 0.200000 -0.900000
v -1.000000 0.100000 -1.200000
v -1.000000 0.200000 -1.000000
v -1.000000 0.300000 0.900000
v -1.000000 0.300000 0.600000
v -1.000000 0.300000 -0.900000
v -1.000000 0.300000 -1.200000
v -1.000000 0.400000 -0.900000
v -1.000000 0.400000 -1.200000
v -1.000000 0.500000 -1.000000
v -1.000000 0.500000 -1.100000
v -1.000000 0.400000 0.900000
v -1.000000 0.400000 0.600000
v -1.000000 0.600000 0.900000
v -1.000000 0.600000 0.800000
v -1.000000 0.600000 -0.900000
v -1.000000 0.600000 -1.000000
v -1.000000 0.600000 -1.100000
v -1.000000 0.600000 -1.200000
v -1.000000 0.700000 -0.900000
v -1.000000 0.700000 -1.000000
v -1.000000 0.700000 -1.100000
v -1.000000 0.700000 -1.200000
v -1.000000 0.800000 0.900000
v -1.000000 0.800000 0.800000
v -1.000000 0.800000 -1.000000
v -1.000000 0.800000 -1.100000
v -1.000000 1.100000 0.900000
v -1.000000 1.100000 0.600000
v -1.000000 1.100000 -0.900000
v -1.000000 1.100000 -1.200000
v -1.000000 1.200000 0.900000
v -1.000000 1.200000 0.800000
v -1.000000 1.400000 0.800000
v -1.000000 1.200000 0.600000
v -1.000000 1.400000 0.700000
v -1.000000 1.500000 0.700000
v -1.000000 1.500000 0.600000
v -1.000000 1.200000 -0.900000
v -1.000000 1.200001 -1.200000
v -1.000000 1.500000 -1.200000
v -1.000000 1.500000 -1.300000
v -1.000000 1.600001 -1.300000
v -1.000000 1.600001 -1.400000
v -1.000000 1.700001 -1.400000
v -1.000000 2.000000 0.600000
v -1.000000 1.500000 0.500000
v -1.000000 2.000000 0.500000
v -1.000000 2.099999 0.900000
v -1.000000 2.100000 0.600000
v -1.000000 1.700001 -1.500000
v -1.000000 2.100000 -1.399999
v -1.000000 2.100000 -1.500000
v -1.000000 2.200001 -1.299999
v -1.000000 2.200001 -1.399999
v -1.000000 2.300000 -0.900000
v -1.000000 2.300000 -1.299999
v -0.900000 2.300000 2.100000
v -0.900000 2.300000 2.000000
v -0.900000 2.400000 2.100000
v -0.900000 2.400000 2.000000
v -0.900000 2.400000 1.900000
v -0.900000 2.500000 2.000000
v -0.900000 2.500000 1.900000
v -0.800000 2.300000 2.000000
v -0.800000 2.300000 1.900000
v -0.800000 2.400000 2.000000
v -0.800000 2.400000 1.900000
v -0.600000 1.200000 -0.500000
v -0.600000 1.200000 -0.600000
v -0.600000 1.300000 -0.500000
v -0.600000 1.300000 -0.600000
v -0.600000 1.200000 -0.700000
v -0.600000 1.200000 -0.800000
v -0.600000 1.300000 -0.700000
v -0.600000 1.300000 -0.800000
v -0.500000 1.000000 -1.600000
v -0.500000 1.000000 -1.700000
v -0.500000 1.100000 -1.600000
v -0.500000 1.100000 -1.700000
v -0.500000 1.100000 -1.800000
v -0.500000 1.200000 -1.700000
v -0.500000 1.200000 -1.800000
v -0.500000 1.600000 -1.700000
v -0.500000 1.600000 -1.800000
v -0.500000 1.700000 -1.700000
v -0.500000 1.700000 -1.800000
v -0.500000 1.700000 -1.600000
v -0.500000 2.200000 -1.600000
v -0.500000 2.300000 -1.600000
v -0.500000 2.200000 -1.500000
v -0.500000 2.300000 -1.700000
v -0.500000 2.400000 -1.500000
v -0.500000 2.400000 -1.600000
v -0.400000 1.100000 -1.600000
v -0.400000 1.100000 -1.700000
v -0.400000 1.200000 -1.700000
v -0.400000 1.200000 -0.500000
v -0.400000 1.200000 -0.600000
v -0.400000 1.300000 -0.500000
v -0.400000 1.300000 -0.600000
v -0.400000 1.200000 -0.700000
v -0.400000 1.200000 -0.800000
v -0.400000 1.300000 -0.700000
v -0.400000 1.300000 -0.800000
v -0.400000 1.200000 -1.800000
v -0.400000 1.600000 -1.700000
v -0.400000 1.600000 -1.800000
v -0.400000 1.700000 -1.600000
v -0.400000 1.700000 -1.700000
v -0.400000 1.700000 1.800000
v -0.400000 1.700000 1.300000
v -0.400000 1.800000 1.800000
v -0.400000 1.800000 1.400000
v -0.400000 1.700000 1.200000
v -0.400000 1.800000 1.300000
v -0.400000 1.700000 1.100000
v -0.400000 1.800000 1.200000
v -0.400000 1.800000 1.100000
v -0.300000 1.300000 -0.400000
v -0.300000 1.300000 -0.900000
v -0.300000 1.400000 -0.400000
v -0.300000 1.400000 -0.900000
v -0.300000 1.400000 1.000000
v -0.300000 1.500000 1.000000
v -0.300000 1.400000 -1.300000
v -0.300000 1.500000 0.300000
v -0.300000 1.500000 0.200000
v -0.300000 1.500000 -1.300000
v -0.300000 1.500000 3.000000
v -0.300000 1.500000 2.100000
v -0.300000 1.600000 3.000000
v -0.300000 1.600000 2.200000
v -0.300000 1.600000 2.100000
v -0.300000 1.500000 -1.400000
v -0.300000 1.600000 -1.300000
v -0.300000 1.600000 -1.400000
v -0.300000 1.600000 2.000000
v -0.300000 1.700000 2.100000
v -0.300000 1.700000 2.000000
v -0.300000 1.600000 -1.500000
v -0.300000 1.700000 -1.400000
v -0.300000 1.700000 -1.500000
v -0.300000 1.700000 1.900000
v -0.300000 1.800000 2.000000
v -0.300000 1.800000 1.900000
v -0.300000 1.800000 1.800000
v -0.300000 1.800000 1.400000
v -0.300000 1.900000 1.500000
v -0.300000 1.800000 1.100000
v -0.300000 1.900000 1.400000
v -0.300000 2.000000 1.500000
v -0.300000 2.000000 1.400000
v -0.300000 2.100000 1.400000
v -0.300000 2.100000 1.300000
v -0.300000 2.100000 1.200000
v -0.300000 2.100000 1.100000
v -0.300000 2.200000 1.300000
v -0.300000 2.200000 1.200000
v -0.300000 2.300000 1.800000
v -0.300000 2.300000 1.100000
v -0.200000 1.500000 1.000000
v -0.200000 1.500000 0.300000
v -0.200000 1.600000 0.400000
v -0.200000 1.500000 0.200000
v -0.200000 1.600000 0.300000
v -0.200000 1.500000 -1.300000
v -0.200000 1.600000 0.200000
v -0.200000 1.600000 0.100000
v -0.200000 1.600000 -0.500000
v -0.200000 1.600000 -0.700000
v -0.200000 1.600000 -1.300000
v -0.200000 1.600000 2.200000
v -0.200000 1.600000 2.100000
v -0.200000 1.700000 2.200000
v -0.200000 1.600000 3.000000
v -0.200000 1.700000 2.100000
v -0.200000 1.700000 0.400000
v -0.200000 1.700000 0.300000
v -0.200000 1.700000 0.200000
v -0.200000 1.700000 0.100000
v -0.200000 1.700000 -0.400000
v -0.200000 1.700000 -0.500000
v -0.200000 1.600000 -1.400000
v -0.200000 1.700000 -0.700000
v -0.200000 1.700000 -0.800000
v -0.200000 1.700000 -1.400000
v -0.200000 1.700000 2.000000
v -0.200000 1.800000 2.100000
v -0.200000 1.800000 2.000000
v -0.200000 1.800000 0.300000
v -0.200000 1.800000 0.200000
v -0.200000 1.900000 2.500000
v -0.200000 1.900000 2.300000
v -0.200000 1.800000 1.900000
v -0.200000 1.900000 2.000000
v -0.200000 1.900000 1.900000
v -0.200000 1.900000 0.100000
v -0.200000 1.900000 -0.200000
v -0.200000 1.900000 -0.400000
v -0.200000 1.900000 -0.500000
v -0.200000 1.900000 -0.700000
v -0.200000 1.700000 -1.500000
v -0.200000 1.900000 -0.800000
v -0.200000 2.000000 3.000000
v -0.200000 2.000000 2.900000
v -0.200000 2.000000 2.400000
v -0.200000 2.000000 2.300000
v -0.200000 2.000000 0.200000
v -0.200000 2.000000 0.100000
v -0.200000 2.000000 -0.200000
v -0.200000 2.000000 -0.300000
v -0.200000 2.000000 -0.500000
v -0.200000 2.000000 -0.700000
v -0.200000 2.099999 2.900000
v -0.200000 2.099999 2.800000
v -0.200000 2.099999 2.500000
v -0.200000 2.099999 2.400000
v -0.200000 2.099999 2.300000
v -0.200000 2.100000 2.000000
v -0.200000 2.100000 1.900000
v -0.200000 2.100000 -1.400000
v -0.200000 2.100000 -1.500000
v -0.200000 2.200000 2.800000
v -0.200000 2.200000 2.700001
v -0.200000 2.200000 2.100000
v -0.200000 2.200000 2.000000
v -0.200000 2.200000 -1.300000
v -0.200000 2.200000 -1.400000
v -0.200000 2.300000 2.700001
v -0.200000 2.300000 2.100000
v -0.200000 2.300000 1.000000
v -0.200000 2.300000 0.200000
v -0.200000 2.300000 -0.300000
v -0.200000 2.300000 -1.300000
v -0.100000 2.100000 2.000000
v -0.100000 2.100000 1.900000
v -0.100000 2.200000 2.000000
v -0.100000 2.200000 1.900000
v -0.100000 2.200000 2.100000
v -0.100000 2.400000 2.100000
v -0.100000 2.400000 2.000000
v -0.000000 2.200000 2.000000
v -0.000000 2.200000 1.900000
v -0.000000 2.500000 2.000000
v -0.000000 2.500000 1.900000
v 0.100000 -0.000000 0.900000
v 0.100000 -0.000000 0.700000
v 0.100000 0.100000 0.800000
v 0.100000 0.100000 0.700000
v 0.100000 0.000000 -0.900000
v 0.100000 0.000000 -1.100000
v 0.100000 0.100000 -1.000000
v 0.100000 0.100000 -1.100000
v 0.100000 0.200000 0.900000
v 0.100000 0.100000 0.600000
v 0.100000 0.200000 0.800000
v 0.100000 0.200000 -0.900000
v 0.100000 0.100000 -1.200000
v 0.100000 0.200000 -1.000000
v 0.100000 0.300000 0.900000
v 0.100000 0.300000 0.600000
v 0.100000 0.300000 -0.900000
v 0.100000 0.300000 -1.200000
v 0.100000 0.400000 0.900000
v 0.100000 0.400000 0.700000
v 0.100000 0.700000 0.900000
v 0.100000 0.400000 0.600000
v 0.100000 0.700000 0.700000
v 0.100000 0.400000 -0.900000
v 0.100000 0.400000 -1.200000
v 0.100000 0.900000 -0.900000
v 0.100000 0.900000 -1.100000
v 0.100000 1.100000 0.900000
v 0.100000 1.100000 0.600000
v 0.100000 1.100000 -0.900000
v 0.100000 1.100000 -1.100000
v 0.100000 1.100000 -1.200000
v 0.100000 1.200000 -0.900000
v 0.100000 1.200000 -1.100000
v 0.100000 1.300000 -1.100000
v 0.100000 1.200000 -1.200000
v 0.100000 1.300000 -1.200000
v 0.100000 1.200000 0.900000
v 0.100000 1.200000 0.800000
v 0.100000 1.400000 0.800000
v 0.100000 1.200000 0.600000
v 0.100000 1.400000 0.700000
v 0.100000 1.500000 0.700000
v 0.100000 1.500000 0.600000
v 0.100000 1.500000 -1.200000
v 0.100000 1.500000 -1.300000
v 0.100000 1.600001 -1.300000
v 0.100000 1.700001 -1.200000
v 0.100000 1.600001 -1.400000
v 0.100000 1.700001 -1.300000
v 0.100000 1.700001 -1.400000
v 0.100000 1.800000 -1.200000
v 0.100000 1.700001 -1.500000
v 0.100000 1.800000 -1.300000
v 0.100000 1.800000 -1.400000
v 0.100000 1.800000 -1.500000
v 0.100000 1.900000 -1.300000
v 0.100000 1.900000 -1.400000
v 0.100000 2.000000 0.600000
v 0.100000 1.500000 0.500000
v 0.100000 2.000000 0.500000
v 0.100000 2.099999 0.900000
v 0.100000 2.100000 0.600000
v 0.100000 2.100000 -1.400000
v 0.100000 2.100000 -1.500000
v 0.100000 2.200001 -1.300000
v 0.100000 2.200001 -1.400000
v 0.100000 2.300000 -0.900000
v 0.100000 2.300000 -1.300000
v -0.800000 1.600000 3.000000
v -0.900000 2.000000 3.000000
v -0.900000 1.600000 3.000000
v -0.800000 1.700000 3.000000
v -0.800000 1.900000 3.000000
v -0.800000 2.000000 3.000000
v -0.700000 1.600000 3.000000
v -0.800000 1.500000 3.000000
v -0.700000 1.700000 3.000000
v -0.700000 1.800000 3.000000
v -0.700000 1.900000 3.000000
v -0.700000 2.000000 3.000000
v -0.600000 1.700000 3.000000
v -0.600000 1.800000 3.000000
v -0.500000 1.700000 3.000000
v -0.500000 1.800000 3.000000
v -0.400000 1.600000 3.000000
v -0.400000 1.700000 3.000000
v -0.400000 1.800000 3.000000
v -0.400000 1.900000 3.000000
v -0.400000 2.000000 3.000000
v -0.300000 1.500000 3.000000
v -0.300000 1.600000 3.000000
v -0.300000 1.700000 3.000000
v -0.300000 1.900000 3.000000
v -0.300000 2.000000 3.000000
v -0.200000 1.600000 3.000000
v -0.200000 2.000000 3.000000
v -0.800000 2.000000 2.900000
v -0.900000 2.099999 2.900000
v -0.900000 2.000000 2.900000
v -0.800000 2.099999 2.900000
v -0.700000 2.000000 2.900000
v -0.700000 2.099999 2.900000
v -0.400000 2.000000 2.900000
v -0.400000 2.099999 2.900000
v -0.300000 2.000000 2.900000
v -0.300000 2.099999 2.900000
v -0.200000 2.000000 2.900000
v -0.200000 2.099999 2.900000
v -0.800000 2.099999 2.800000
v -0.900000 2.200000 2.800000
v -0.900000 2.099999 2.800000
v -0.800000 2.200000 2.800000
v -0.700000 2.099999 2.800000
v -0.700000 2.200000 2.800000
v -0.400000 2.099999 2.800000
v -0.400000 2.200000 2.800000
v -0.300000 2.099999 2.800000
v -0.300000 2.200000 2.800000
v -0.200000 2.099999 2.800000
v -0.200000 2.200000 2.800000
v -0.800000 2.200000 2.700001
v -0.900000 2.300000 2.700001
v -0.900000 2.200000 2.700001
v -0.800000 2.300000 2.700001
v -0.700000 2.200000 2.700001
v -0.700000 2.300000 2.700001
v -0.400000 2.200000 2.700001
v -0.400000 2.300000 2.700001
v -0.300000 2.200000 2.700001
v -0.300000 2.300000 2.700001
v -0.200000 2.200000 2.700001
v -0.200000 2.300000 2.700001
v -0.900000 2.200000 2.100000
v -1.000000 2.400000 2.100000
v -1.000000 2.200000 2.100000
v -0.900000 2.300000 2.100000
v -0.900000 2.400000 2.100000
v -0.100000 2.200000 2.100000
v -0.200000 2.300000 2.100000
v -0.200000 2.200000 2.100000
v -0.200000 2.400000 2.100000
v -0.100000 2.400000 2.100000
v -1.000000 2.200000 2.000000
v -1.100000 2.500000 2.000000
v -1.100000 2.200000 2.000000
v -1.000000 2.400000 2.000000
v -0.900000 2.100000 2.000000
v -1.000000 2.100000 2.000000
v -0.900000 2.200000 2.000000
v -0.900000 2.400000 2.000000
v -0.900000 2.500000 2.000000
v -0.800000 2.300000 2.000000
v -0.900000 2.300000 2.000000
v -0.800000 2.400000 2.000000
v -0.200000 2.300000 2.000000
v -0.300000 2.400000 2.000000
v -0.300000 2.300000 2.000000
v -0.200000 2.400000 2.000000
v -0.100000 2.100000 2.000000
v -0.200000 2.200000 2.000000
v -0.200000 2.100000 2.000000
v -0.100000 2.200000 2.000000
v -0.100000 2.400000 2.000000
v -0.200000 2.500000 2.000000
v -0.000000 2.200000 2.000000
v -0.000000 2.500000 2.000000
v -0.700000 1.800000 1.800000
v -0.800000 2.300000 1.800000
v -0.800000 1.800000 1.800000
v -0.400000 1.700000 1.800000
v -0.700000 1.700000 1.800000
v -0.400000 1.800000 1.800000
v -0.300000 1.800000 1.800000
v -0.300000 2.300000 1.800000
v -0.800000 1.500000 1.000000
v -0.900000 2.300000 1.000000
v -0.900000 1.500000 1.000000
v -0.300000 1.400000 1.000000
v -0.800000 1.400000 1.000000
v -0.300000 1.500000 1.000000
v -0.200000 1.500000 1.000000
v -0.200000 2.300000 1.000000
v -1.000000 -0.000000 0.900000
v -1.200000 0.200000 0.900000
v -1.200000 -0.000000 0.900000
v -1.000000 0.200000 0.900000
v -1.200000 0.300000 0.900000
v -1.000000 0.300000 0.900000
v -1.000000 0.400000 0.900000
v -1.200000 0.600000 0.900000
v -1.200000 0.400000 0.900000
v -1.000000 0.600000 0.900000
v -1.200000 0.800000 0.900000
v -1.000000 0.800000 0.900000
v -1.200000 1.100000 0.900000
v -1.000000 1.100000 0.900000
v -1.000000 1.200000 0.900000
v -1.200000 2.099999 0.900000
v -1.200000 1.200000 0.900000
v -1.000000 2.099999 0.900000
v 0.000000 0.400000 0.900000
v -0.100000 1.100000 0.900000
v -0.100000 0.400000 0.900000
v 0.000000 0.700000 0.900000
v 0.100000 -0.000000 0.900000
v -0.100000 0.200000 0.900000
v -0.100000 -0.000000 0.900000
v 0.100000 0.200000 0.900000
v -0.100000 0.300000 0.900000
v 0.100000 0.300000 0.900000
v 0.100000 0.400000 0.900000
v 0.100000 0.700000 0.900000
v 0.100000 1.100000 0.900000
v 0.100000 1.200000 0.900000
v -0.100000 2.099999 0.900000
v -0.100000 1.200000 0.900000
v 0.100000 2.099999 0.900000
v -0.300000 1.300000 -0.400000
v -0.800000 1.400000 -0.400000
v -0.800000 1.300000 -0.400000
v -0.300000 1.400000 -0.400000
v -0.600000 1.200000 -0.500000
v -0.700000 1.300000 -0.500000
v -0.700000 1.200000 -0.500000
v -0.600000 1.300000 -0.500000
v -0.400000 1.200000 -0.500000
v -0.500000 1.300000 -0.500000
v -0.500000 1.200000 -0.500000
v -0.400000 1.300000 -0.500000
v -0.600000 1.200000 -0.700000
v -0.700000 1.300000 -0.700000
v -0.700000 1.200000 -0.700000
v -0.600000 1.300000 -0.700000
v -0.400000 1.200000 -0.700000
v -0.500000 1.300000 -0.700000
v -0.500000 1.200000 -0.700000
v -0.400000 1.300000 -0.700000
v -1.100000 0.700000 -0.900000
v -1.200000 0.900000 -0.900000
v -1.200000 0.600000 -0.900000
v -1.100000 0.900000 -0.900000
v -1.200000 1.100000 -0.900000
v -1.000000 0.000000 -0.900000
v -1.200000 0.200000 -0.900000
v -1.200000 0.000000 -0.900000
v -1.000000 0.200000 -0.900000
v -1.200000 0.300000 -0.900000
v -1.000000 0.300000 -0.900000
v -1.000000 0.400000 -0.900000
v -1.200000 0.400000 -0.900000
v -1.000000 0.600000 -0.900000
v -1.000000 0.700000 -0.900000
v -1.000000 1.100000 -0.900000
v -1.000000 1.200000 -0.900000
v -1.200000 2.300000 -0.900000
v -1.200000 1.200000 -0.900000
v -1.000000 2.300000 -0.900000
v 0.000000 0.500000 -0.900000
v -0.100000 0.500000 -0.900000
v -0.100000 0.400000 -0.900000
v -0.100000 0.600000 -0.900000
v 0.000000 0.600000 -0.900000
v -0.100000 1.100000 -0.900000
v 0.000000 0.900000 -0.900000
v 0.000000 1.100000 -0.900000
v 0.100000 0.000000 -0.900000
v -0.100000 0.200000 -0.900000
v -0.100000 0.000000 -0.900000
v 0.100000 0.200000 -0.900000
v -0.100000 0.300000 -0.900000
v 0.100000 0.300000 -0.900000
v 0.100000 0.400000 -0.900000
v 0.100000 0.900000 -0.900000
v 0.100000 1.100000 -0.900000
v 0.100000 1.200000 -0.900000
v -0.100000 2.300000 -0.900000
v -0.100000 1.200000 -0.900000
v 0.100000 2.300000 -0.900000
v -0.500000 2.200000 -1.500000
v -0.600000 2.400000 -1.500000
v -0.600000 2.200000 -1.500000
v -0.500000 2.400000 -1.500000
v -0.600000 1.100000 -1.600000
v -0.700000 1.700000 -1.600000
v -0.700000 1.100000 -1.600000
v -0.600000 1.600000 -1.600000
v -0.600000 1.700000 -1.600000
v -0.500000 1.000000 -1.600000
v -0.600000 1.000000 -1.600000
v -0.500000 1.100000 -1.600000
v -0.500000 1.600000 -1.600000
v -0.500000 1.700000 -1.600000
v -0.600000 2.200000 -1.600000
v -0.500000 2.200000 -1.600000
v -0.400000 1.100000 -1.600000
v -0.400000 1.700000 -1.600000
v -0.900000 1.600000 2.100000
v -0.900000 1.700000 2.100000
v -0.800000 1.600000 2.100000
v -0.800000 1.700000 2.100000
v -0.800000 1.500000 2.100000
v -0.300000 1.500000 2.100000
v -0.300000 1.600000 2.100000
v -0.300000 1.700000 2.100000
v -0.200000 1.600000 2.100000
v -0.200000 1.700000 2.100000
v -0.900000 1.700000 2.000000
v -0.900000 1.800000 2.000000
v -0.800000 1.700000 2.000000
v -0.800000 1.800000 2.000000
v -0.800000 1.600000 2.000000
v -0.300000 1.600000 2.000000
v -0.300000 1.700000 2.000000
v -0.300000 1.800000 2.000000
v -0.200000 1.700000 2.000000
v -0.200000 1.800000 2.000000
v -1.100000 2.200000 1.900000
v -1.100000 2.500000 1.900000
v -1.000000 2.200000 1.900000
v -1.000000 2.100000 1.900000
v -0.900000 2.100000 1.900000
v -0.900000 2.400000 1.900000
v -0.900000 2.500000 1.900000
v -0.900000 1.800000 1.900000
v -0.900000 1.900000 1.900000
v -0.800000 1.800000 1.900000
v -0.800000 1.900000 1.900000
v -0.800000 2.200000 1.900000
v -0.800000 2.300000 1.900000
v -0.800000 2.400000 1.900000
v -0.800000 1.700000 1.900000
v -0.300000 1.700000 1.900000
v -0.300000 1.800000 1.900000
v -0.300000 1.900000 1.900000
v -0.300000 2.200000 1.900000
v -0.300000 2.300000 1.900000
v -0.200000 1.800000 1.900000
v -0.300000 2.400000 1.900000
v -0.200000 1.900000 1.900000
v -0.200000 2.100000 1.900000
v -0.200000 2.400000 1.900000
v -0.100000 2.100000 1.900000
v -0.200000 2.500000 1.900000
v -0.100000 2.200000 1.900000
v -0.000000 2.200000 1.900000
v -0.000000 2.500000 1.900000
v -0.800000 1.800000 1.100000
v -0.800000 2.200000 1.100000
v -0.700000 1.800000 1.100000
v -0.800000 2.300000 1.100000
v -0.700000 2.200000 1.100000
v -0.700000 2.300000 1.100000
v -0.700000 1.700000 1.100000
v -0.400000 1.700000 1.100000
v -0.400000 1.800000 1.100000
v -0.400000 2.100000 1.100000
v -0.300000 1.800000 1.100000
v -0.300000 2.100000 1.100000
v -0.300000 2.300000 1.100000
v -1.200000 -0.000000 0.700000
v -1.200000 0.100000 0.700000
v -1.000000 -0.000000 0.700000
v -1.000000 0.100000 0.700000
v -0.100000 -0.000000 0.700000
v -0.100000 0.100000 0.700000
v 0.100000 -0.000000 0.700000
v 0.100000 0.100000 0.700000
v -1.200000 0.100000 0.600000
v -1.200000 0.300000 0.600000
v -1.000000 0.100000 0.600000
v -1.000000 0.300000 0.600000
v -1.200000 0.400000 0.600000
v -1.200000 1.100000 0.600000
v -1.000000 0.400000 0.600000
v -1.000000 1.100000 0.600000
v -1.200000 1.200000 0.600000
v -1.200000 1.500000 0.600000
v -1.000000 1.200000 0.600000
v -1.000000 1.500000 0.600000
v -1.200000 2.000000 0.600000
v -1.200000 2.100000 0.600000
v -1.000000 2.000000 0.600000
v -1.000000 2.100000 0.600000
v -0.100000 0.100000 0.600000
v -0.100000 0.300000 0.600000
v 0.100000 0.100000 0.600000
v 0.100000 0.300000 0.600000
v -0.100000 0.400000 0.600000
v -0.100000 1.100000 0.600000
v 0.100000 0.400000 0.600000
v 0.100000 1.100000 0.600000
v -0.100000 1.200000 0.600000
v -0.100000 1.500000 0.600000
v 0.100000 1.200000 0.600000
v 0.100000 1.500000 0.600000
v -0.100000 2.000000 0.600000
v -0.100000 2.100000 0.600000
v 0.100000 2.000000 0.600000
v 0.100000 2.100000 0.600000
v -1.200000 1.500000 0.500000
v -1.200000 2.000000 0.500000
v -1.000000 1.500000 0.500000
v -1.000000 2.000000 0.500000
v -0.100000 1.500000 0.500000
v -0.100000 2.000000 0.500000
v 0.100000 1.500000 0.500000
v 0.100000 2.000000 0.500000
v -0.700000 1.200000 -0.600000
v -0.700000 1.300000 -0.600000
v -0.600000 1.200000 -0.600000
v -0.600000 1.300000 -0.600000
v -0.500000 1.200000 -0.600000
v -0.500000 1.300000 -0.600000
v -0.400000 1.200000 -0.600000
v -0.400000 1.300000 -0.600000
v -0.700000 1.200000 -0.800000
v -0.700000 1.300000 -0.800000
v -0.600000 1.200000 -0.800000
v -0.600000 1.300000 -0.800000
v -0.500000 1.200000 -0.800000
v -0.500000 1.300000 -0.800000
v -0.400000 1.200000 -0.800000
v -0.400000 1.300000 -0.800000
v -0.800000 1.300000 -0.900000
v -0.800000 1.400000 -0.900000
v -0.300000 1.300000 -0.900000
v -0.300000 1.400000 -0.900000
v -1.200000 0.000000 -1.100000
v -1.200000 0.100000 -1.100000
v -1.000000 0.000000 -1.100000
v -1.000000 0.100000 -1.100000
v -0.100000 0.000000 -1.100000
v -0.100000 0.100000 -1.100000
v 0.100000 0.000000 -1.100000
v 0.100000 0.100000 -1.100000
v -1.200000 0.600000 -1.200000
v -1.200000 0.900000 -1.200000
v -1.100000 0.700000 -1.200000
v -1.200000 1.100000 -1.200000
v -1.100000 0.900000 -1.200000
v -1.200000 0.100000 -1.200000
v -1.200000 0.300000 -1.200000
v -1.000000 0.100000 -1.200000
v -1.000000 0.300000 -1.200000
v -1.200000 0.400000 -1.200000
v -1.000000 0.400000 -1.200000
v -1.000000 0.600000 -1.200000
v -1.000000 0.700000 -1.200000
v -1.000000 1.100000 -1.200000
v -1.200000 1.200001 -1.200000
v -1.200000 1.500000 -1.200000
v -1.000000 1.200001 -1.200000
v -1.000000 1.500000 -1.200000
v -0.100000 0.400000 -1.200000
v -0.100000 0.500000 -1.200000
v 0.000000 0.500000 -1.200000
v -0.100000 0.600000 -1.200000
v -0.100000 1.100000 -1.200000
v 0.000000 0.600000 -1.200000
v -0.100000 0.100000 -1.200000
v -0.100000 0.300000 -1.200000
v 0.100000 0.100000 -1.200000
v 0.100000 0.300000 -1.200000
v 0.100000 0.400000 -1.200000
v 0.100000 1.100000 -1.200000
v -0.100000 1.200000 -1.200000
v -0.100000 1.300000 -1.200000
v 0.100000 1.200000 -1.200000
v -0.100000 1.500000 -1.200000
v 0.100000 1.300000 -1.200000
v 0.100000 1.500000 -1.200000
v -1.200000 1.500000 -1.300000
v -1.200000 1.600001 -1.300000
v -1.000000 1.500000 -1.300000
v -1.000000 1.600001 -1.300000
v -1.200000 2.200001 -1.299999
v -1.200000 2.300000 -1.299999
v -1.000000 2.200001 -1.299999
v -1.000000 2.300000 -1.299999
v -0.900000 1.500000 -1.300000
v -0.900000 1.600000 -1.300000
v -0.800000 1.500000 -1.300000
v -0.800000 1.600000 -1.300000
v -0.800000 1.400000 -1.300000
v -0.300000 1.400000 -1.300000
v -0.300000 1.500000 -1.300000
v -0.300000 1.600000 -1.300000
v -0.200000 1.500000 -1.300000
v -0.200000 1.600000 -1.300000
v -0.900000 2.200000 -1.300000
v -0.900000 2.300000 -1.300000
v -0.200000 2.200000 -1.300000
v -0.200000 2.300000 -1.300000
v -0.100000 1.500000 -1.300000
v -0.100000 1.600001 -1.300000
v -0.000000 1.600001 -1.300000
v 0.100000 1.500000 -1.300000
v 0.100000 1.600001 -1.300000
v -0.100000 2.200001 -1.300000
v -0.100000 2.300000 -1.300000
v 0.100000 2.200001 -1.300000
v 0.100000 2.300000 -1.300000
v -1.200000 1.600001 -1.400000
v -1.200000 1.700001 -1.400000
v -1.000000 1.600001 -1.400000
v -1.000000 1.700001 -1.400000
v -1.200000 2.100000 -1.399999
v -1.200000 2.200001 -1.399999
v -1.000000 2.100000 -1.399999
v -1.000000 2.200001 -1.399999
v -0.900000 1.600000 -1.400000
v -0.900000 1.700000 -1.400000
v -0.800000 1.600000 -1.400000
v -0.800000 1.700000 -1.400000
v -0.800000 1.500000 -1.400000
v -0.300000 1.500000 -1.400000
v -0.300000 1.600000 -1.400000
v -0.300000 1.700000 -1.400000
v -0.200000 1.600000 -1.400000
v -0.200000 1.700000 -1.400000
v -0.900000 2.100000 -1.400000
v -0.900000 2.200000 -1.400000
v -0.200000 2.100000 -1.400000
v -0.200000 2.200000 -1.400000
v -0.100000 1.600001 -1.400000
v -0.100000 1.700001 -1.400000
v -0.000000 1.600001 -1.400000
v -0.000000 1.700001 -1.400000
v 0.100000 1.600001 -1.400000
v 0.100000 1.700001 -1.400000
v -0.100000 2.100000 -1.400000
v -0.100000 2.200001 -1.400000
v 0.100000 2.100000 -1.400000
v 0.100000 2.200001 -1.400000
v -1.200000 1.700001 -1.500000
v -1.200000 2.100000 -1.500000
v -1.000000 1.700001 -1.500000
v -1.000000 2.100000 -1.500000
v -0.900000 1.700000 -1.500000
v -0.900000 2.100000 -1.500000
v -0.800000 1.700000 -1.500000
v -0.800000 1.600000 -1.500000
v -0.300000 1.600000 -1.500000
v -0.300000 1.700000 -1.500000
v -0.200000 1.700000 -1.500000
v -0.200000 2.100000 -1.500000
v -0.100000 1.700001 -1.500000
v -0.100000 2.100000 -1.500000
v -0.000000 1.700001 -1.500000
v -0.000000 1.800000 -1.500000
v 0.100000 1.700001 -1.500000
v 0.100000 1.800000 -1.500000
v 0.100000 2.100000 -1.500000
v -0.600000 2.300000 -1.600000
v -0.600000 2.400000 -1.600000
v -0.500000 2.300000 -1.600000
v -0.500000 2.400000 -1.600000
v -0.700000 1.100000 -1.700000
v -0.700000 1.200000 -1.700000
v -0.600000 1.100000 -1.700000
v -0.600000 1.200000 -1.700000
v -0.700000 1.600000 -1.700000
v -0.700000 1.700000 -1.700000
v -0.600000 1.600000 -1.700000
v -0.600000 1.700000 -1.700000
v -0.600000 1.000000 -1.700000
v -0.500000 1.000000 -1.700000
v -0.500000 1.100000 -1.700000
v -0.600000 2.300000 -1.700000
v -0.500000 1.700000 -1.700000
v -0.500000 2.300000 -1.700000
v -0.500000 1.200000 -1.700000
v -0.400000 1.100000 -1.700000
v -0.400000 1.200000 -1.700000
v -0.500000 1.600000 -1.700000
v -0.400000 1.600000 -1.700000
v -0.400000 1.700000 -1.700000
v -0.700000 1.200000 -1.800000
v -0.700000 1.600000 -1.800000
v -0.600000 1.200000 -1.800000
v -0.600000 1.600000 -1.800000
v -0.600000 1.100000 -1.800000
v -0.500000 1.100000 -1.800000
v -0.600000 1.700000 -1.800000
v -0.500000 1.200000 -1.800000
v -0.500000 1.600000 -1.800000
v -0.500000 1.700000 -1.800000
v -0.400000 1.200000 -1.800000
v -0.400000 1.600000 -1.800000
v -1.200000 -0.000000 0.700000
v -1.000000 -0.000000 0.900000
v -1.200000 -0.000000 0.900000
v -1.000000 -0.000000 0.700000
v -0.100000 -0.000000 0.700000
v 0.100000 -0.000000 0.900000
v -0.100000 -0.000000 0.900000
v 0.100000 -0.000000 0.700000
v -1.200000 0.000000 -1.100000
v -1.000000 0.000000 -0.900000
v -1.200000 0.000000 -0.900000
v -1.000000 0.000000 -1.100000
v -0.100000 0.000000 -1.100000
v 0.100000 0.000000 -0.900000
v -0.100000 0.000000 -0.900000
v 0.100000 0.000000 -1.100000
v -1.200000 0.100000 0.600000
v -1.000000 0.100000 0.700000
v -1.200000 0.100000 0.700000
v -1.000000 0.100000 0.600000
v -0.100000 0.100000 0.600000
v 0.100000 0.100000 0.700000
v -0.100000 0.100000 0.700000
v 0.100000 0.100000 0.600000
v -1.200000 0.100000 -1.200000
v -1.000000 0.100000 -1.100000
v -1.200000 0.100000 -1.100000
v -1.000000 0.100000 -1.200000
v -0.100000 0.100000 -1.200000
v 0.100000 0.100000 -1.100000
v -0.100000 0.100000 -1.100000
v 0.100000 0.100000 -1.200000
v 0.000000 0.400000 0.700000
v 0.000000 0.400000 0.900000
v -0.100000 0.400000 0.900000
v 0.100000 0.400000 0.900000
v 0.100000 0.400000 0.700000
v -1.200000 0.400000 0.600000
v -1.000000 0.400000 0.900000
v -1.200000 0.400000 0.900000
v -1.000000 0.400000 0.600000
v -0.100000 0.400000 0.600000
v 0.100000 0.400000 0.600000
v -0.100000 0.400000 -1.000000
v 0.100000 0.400000 -0.900000
v -0.100000 0.400000 -0.900000
v 0.000000 0.400000 -1.000000
v -0.100000 0.400000 -1.100000
v 0.000000 0.400000 -1.100000
v -1.200000 0.400000 -1.200000
v -1.000000 0.400000 -0.900000
v -1.200000 0.400000 -0.900000
v -1.000000 0.400000 -1.200000
v -0.100000 0.400000 -1.200000
v 0.100000 0.400000 -1.200000
v -0.600000 1.000000 -1.700000
v -0.500000 1.000000 -1.600000
v -0.600000 1.000000 -1.600000
v -0.500000 1.000000 -1.700000
v -0.700000 1.100000 -1.700000
v -0.600000 1.100000 -1.600000
v -0.700000 1.100000 -1.600000
v -0.600000 1.100000 -1.700000
v -0.500000 1.100000 -1.700000
v -0.400000 1.100000 -1.600000
v -0.500000 1.100000 -1.600000
v -0.400000 1.100000 -1.700000
v -0.600000 1.100000 -1.800000
v -0.500000 1.100000 -1.800000
v -1.200000 1.200000 0.800000
v -1.000000 1.200000 0.900000
v -1.200000 1.200000 0.900000
v -1.000000 1.200000 0.800000
v -0.100000 1.200000 0.800000
v 0.100000 1.200000 0.900000
v -0.100000 1.200000 0.900000
v 0.100000 1.200000 0.800000
v -1.200000 1.200000 0.600000
v -1.000000 1.200000 0.600000
v -0.100000 1.200000 0.600000
v 0.100000 1.200000 0.600000
v -0.700000 1.200000 -0.600000
v -0.600000 1.200000 -0.500000
v -0.700000 1.200000 -0.500000
v -0.600000 1.200000 -0.600000
v -0.500000 1.200000 -0.600000
v -0.400000 1.200000 -0.500000
v -0.500000 1.200000 -0.500000
v -0.400000 1.200000 -0.600000
v -0.700000 1.200000 -0.800000
v -0.600000 1.200000 -0.700000
v -0.700000 1.200000 -0.700000
v -0.600000 1.200000 -0.800000
v -0.500000 1.200000 -0.800000
v -0.400000 1.200000 -0.700000
v -0.500000 1.200000 -0.700000
v -0.400000 1.200000 -0.800000
v -0.100000 1.200000 -1.100000
v 0.100000 1.200000 -0.900000
v -0.100000 1.200000 -0.900000
v 0.100000 1.200000 -1.100000
v -1.200000 1.200001 -1.200000
v -1.000000 1.200000 -0.900000
v -1.200000 1.200000 -0.900000
v -1.000000 1.200001 -1.200000
v -0.100000 1.200000 -1.200000
v 0.100000 1.200000 -1.200000
v -0.700000 1.200000 -1.800000
v -0.600000 1.200000 -1.700000
v -0.700000 1.200000 -1.700000
v -0.600000 1.200000 -1.800000
v -0.500000 1.200000 -1.800000
v -0.400000 1.200000 -1.700000
v -0.500000 1.200000 -1.700000
v -0.400000 1.200000 -1.800000
v -0.700000 1.300000 -0.500000
v -0.300000 1.300000 -0.400000
v -0.800000 1.300000 -0.400000
v -0.600000 1.300000 -0.500000
v -0.500000 1.300000 -0.500000
v -0.400000 1.300000 -0.500000
v -0.700000 1.300000 -0.600000
v -0.600000 1.300000 -0.600000
v -0.500000 1.300000 -0.600000
v -0.400000 1.300000 -0.600000
v -0.700000 1.300000 -0.700000
v -0.600000 1.300000 -0.700000
v -0.500000 1.300000 -0.700000
v -0.400000 1.300000 -0.700000
v -0.700000 1.300000 -0.800000
v -0.600000 1.300000 -0.800000
v -0.500000 1.300000 -0.800000
v -0.400000 1.300000 -0.800000
v -0.800000 1.300000 -0.900000
v -0.300000 1.300000 -0.900000
v -0.800000 1.400000 -0.400000
v -0.300000 1.400000 1.000000
v -0.800000 1.400000 1.000000
v -0.300000 1.400000 -0.400000
v -0.800000 1.400000 -1.300000
v -0.300000 1.400000 -0.900000
v -0.800000 1.400000 -0.900000
v -0.300000 1.400000 -1.300000
v -0.800000 1.500000 2.100000
v -0.300000 1.500000 3.000000
v -0.800000 1.500000 3.000000
v -0.300000 1.500000 2.100000
v -1.200000 1.500000 0.500000
v -1.000000 1.500000 0.600000
v -1.200000 1.500000 0.600000
v -1.000000 1.500000 0.500000
v -0.100000 1.500000 0.500000
v 0.100000 1.500000 0.600000
v -0.100000 1.500000 0.600000
v 0.100000 1.500000 0.500000
v -0.300000 1.500000 0.300000
v -0.200000 1.500000 1.000000
v -0.300000 1.500000 1.000000
v -0.200000 1.500000 0.300000
v -0.300000 1.500000 0.200000
v -0.200000 1.500000 0.200000
v -1.200000 1.500000 -1.300000
v -1.000000 1.500000 -1.200000
v -1.200000 1.500000 -1.200000
v -1.000000 1.500000 -1.300000
v -0.900000 1.500000 -1.300000
v -0.800000 1.500000 1.000000
v -0.900000 1.500000 1.000000
v -0.800000 1.500000 -1.300000
v -0.300000 1.500000 -1.300000
v -0.200000 1.500000 -1.300000
v -0.100000 1.500000 -1.300000
v 0.100000 1.500000 -1.200000
v -0.100000 1.500000 -1.200000
v 0.100000 1.500000 -1.300000
v -0.800000 1.500000 -1.400000
v -0.300000 1.500000 -1.400000
v -0.900000 1.600000 2.200000
v -0.800000 1.600000 3.000000
v -0.900000 1.600000 3.000000
v -0.800000 1.600000 2.200000
v -0.300000 1.600000 2.200000
v -0.200000 1.600000 3.000000
v -0.300000 1.600000 3.000000
v -0.200000 1.600000 2.200000
v -0.900000 1.600000 2.100000
v -0.800000 1.600000 2.100000
v -0.300000 1.600000 2.100000
v -0.200000 1.600000 2.100000
v -0.800000 1.600000 2.000000
v -0.300000 1.600000 2.000000
v -1.200000 1.600001 -1.400000
v -1.000000 1.600001 -1.300000
v -1.200000 1.600001 -1.300000
v -1.000000 1.600001 -1.400000
v -0.900000 1.600000 -1.400000
v -0.800000 1.600000 -1.300000
v -0.900000 1.600000 -1.300000
v -0.800000 1.600000 -1.400000
v -0.300000 1.600000 -1.400000
v -0.200000 1.600000 -1.300000
v -0.300000 1.600000 -1.300000
v -0.200000 1.600000 -1.400000
v -0.100000 1.600001 -1.400000
v -0.000000 1.600001 -1.300000
v -0.100000 1.600001 -1.300000
v -0.000000 1.600001 -1.400000
v 0.100000 1.600001 -1.300000
v 0.100000 1.600001 -1.400000
v -0.800000 1.600000 -1.500000
v -0.300000 1.600000 -1.500000
v -0.900000 1.700000 2.000000
v -0.800000 1.700000 2.100000
v -0.900000 1.700000 2.100000
v -0.800000 1.700000 2.000000
v -0.300000 1.700000 2.000000
v -0.200000 1.700000 2.100000
v -0.300000 1.700000 2.100000
v -0.200000 1.700000 2.000000
v -0.800000 1.700000 1.900000
v -0.300000 1.700000 1.900000
v -0.700000 1.700000 1.600000
v -0.400000 1.700000 1.800000
v -0.700000 1.700000 1.800000
v -0.600000 1.700000 1.600000
v -0.700000 1.700000 1.400000
v -0.600000 1.700000 1.400000
v -0.500000 1.700000 1.300000
v -0.400000 1.700000 1.300000
v -0.500000 1.700000 1.200000
v -0.400000 1.700000 1.200000
v -0.700000 1.700000 1.100000
v -0.400000 1.700000 1.100000
v -1.200000 1.700001 -1.500000
v -1.000000 1.700001 -1.400000
v -1.200000 1.700001 -1.400000
v -1.000000 1.700001 -1.500000
v -0.900000 1.700000 -1.500000
v -0.800000 1.700000 -1.400000
v -0.900000 1.700000 -1.400000
v -0.800000 1.700000 -1.500000
v -0.300000 1.700000 -1.500000
v -0.200000 1.700000 -1.400000
v -0.300000 1.700000 -1.400000
v -0.200000 1.700000 -1.500000
v -0.100000 1.700001 -1.500000
v -0.000000 1.700001 -1.400000
v -0.100000 1.700001 -1.400000
v -0.000000 1.700001 -1.500000
v 0.100000 1.700001 -1.400000
v 0.100000 1.700001 -1.500000
v -0.900000 1.800000 1.900000
v -0.800000 1.800000 2.000000
v -0.900000 1.800000 2.000000
v -0.800000 1.800000 1.900000
v -0.300000 1.800000 1.900000
v -0.200000 1.800000 2.000000
v -0.300000 1.800000 2.000000
v -0.200000 1.800000 1.900000
v -0.800000 1.800000 1.700000
v -0.700000 1.800000 1.800000
v -0.800000 1.800000 1.800000
v -0.700000 1.800000 1.700000
v -0.700000 1.800000 1.600000
v -0.700000 1.800000 1.400000
v -0.400000 1.800000 1.400000
v -0.300000 1.800000 1.800000
v -0.400000 1.800000 1.800000
v -0.300000 1.800000 1.400000
v -0.800000 1.800000 1.300000
v -0.700000 1.800000 1.300000
v -0.400000 1.800000 1.300000
v -0.400000 1.800000 1.200000
v -0.800000 1.800000 1.100000
v -0.700000 1.800000 1.100000
v -0.400000 1.800000 1.100000
v -0.300000 1.800000 1.100000
v -1.000000 2.100000 1.900000
v -0.900000 2.100000 2.000000
v -1.000000 2.100000 2.000000
v -0.900000 2.100000 1.900000
v -0.200000 2.100000 1.900000
v -0.100000 2.100000 2.000000
v -0.200000 2.100000 2.000000
v -0.100000 2.100000 1.900000
v -1.000000 2.200000 2.000000
v -0.900000 2.200000 2.100000
v -1.000000 2.200000 2.100000
v -0.900000 2.200000 2.000000
v -0.200000 2.200000 2.000000
v -0.100000 2.200000 2.100000
v -0.200000 2.200000 2.100000
v -0.100000 2.200000 2.000000
v -1.100000 2.200000 1.900000
v -1.100000 2.200000 2.000000
v -1.000000 2.200000 1.900000
v -0.100000 2.200000 1.900000
v -0.000000 2.200000 2.000000
v -0.000000 2.200000 1.900000
v -0.600000 2.200000 -1.600000
v -0.500000 2.200000 -1.500000
v -0.600000 2.200000 -1.500000
v -0.500000 2.200000 -1.600000
v -1.200000 0.300000 0.900000
v -1.000000 0.300000 0.900000
v -1.200000 0.300000 0.600000
v -1.000000 0.300000 0.600000
v -0.100000 0.300000 0.900000
v 0.100000 0.300000 0.900000
v -0.100000 0.300000 0.600000
v 0.100000 0.300000 0.600000
v -1.200000 0.300000 -0.900000
v -1.000000 0.300000 -0.900000
v -1.200000 0.300000 -1.200000
v -1.000000 0.300000 -1.200000
v -0.100000 0.300000 -0.900000
v 0.100000 0.300000 -0.900000
v -0.100000 0.300000 -1.200000
v 0.100000 0.300000 -1.200000
v -1.200000 1.100000 0.900000
v -1.000000 1.100000 0.900000
v -1.200000 1.100000 0.600000
v -1.000000 1.100000 0.600000
v -0.100000 1.100000 0.900000
v 0.100000 1.100000 0.900000
v -0.100000 1.100000 0.600000
v 0.100000 1.100000 0.600000
v -0.100000 1.100000 -0.900000
v 0.000000 1.100000 -0.900000
v 0.000000 1.100000 -1.100000
v 0.100000 1.100000 -0.900000
v 0.100000 1.100000 -1.100000
v -1.200000 1.100000 -0.900000
v -1.000000 1.100000 -0.900000
v -1.200000 1.100000 -1.200000
v -1.000000 1.100000 -1.200000
v -0.100000 1.100000 -1.200000
v 0.100000 1.100000 -1.200000
v -0.700000 1.600000 -1.700000
v -0.600000 1.600000 -1.700000
v -0.700000 1.600000 -1.800000
v -0.600000 1.600000 -1.800000
v -0.500000 1.600000 -1.700000
v -0.400000 1.600000 -1.700000
v -0.500000 1.600000 -1.800000
v -0.400000 1.600000 -1.800000
v -0.700000 1.700000 -1.600000
v -0.600000 1.700000 -1.600000
v -0.700000 1.700000 -1.700000
v -0.600000 1.700000 -1.700000
v -0.500000 1.700000 -1.600000
v -0.400000 1.700000 -1.600000
v -0.500000 1.700000 -1.700000
v -0.400000 1.700000 -1.700000
v -0.600000 1.700000 -1.800000
v -0.500000 1.700000 -1.800000
v -0.900000 2.000000 3.000000
v -0.800000 2.000000 3.000000
v -0.900000 2.000000 2.900000
v -0.700000 2.000000 3.000000
v -0.800000 2.000000 2.900000
v -0.400000 2.000000 3.000000
v -0.700000 2.000000 2.900000
v -0.300000 2.000000 3.000000
v -0.400000 2.000000 2.900000
v -0.200000 2.000000 3.000000
v -0.300000 2.000000 2.900000
v -0.200000 2.000000 2.900000
v -1.200000 2.000000 0.600000
v -1.000000 2.000000 0.600000
v -1.200000 2.000000 0.500000
v -1.000000 2.000000 0.500000
v -0.100000 2.000000 0.600000
v 0.100000 2.000000 0.600000
v -0.100000 2.000000 0.500000
v 0.100000 2.000000 0.500000
v -0.900000 2.099999 2.900000
v -0.800000 2.099999 2.900000
v -0.900000 2.099999 2.800000
v -0.700000 2.099999 2.900000
v -0.800000 2.099999 2.800000
v -0.400000 2.099999 2.900000
v -0.700000 2.099999 2.800000
v -0.300000 2.099999 2.900000
v -0.400000 2.099999 2.800000
v -0.200000 2.099999 2.900000
v -0.300000 2.099999 2.800000
v -0.200000 2.099999 2.800000
v -1.200000 2.099999 0.900000
v -1.000000 2.099999 0.900000
v -1.200000 2.100000 0.600000
v -1.000000 2.100000 0.600000
v -0.100000 2.099999 0.900000
v 0.100000 2.099999 0.900000
v -0.100000 2.100000 0.600000
v 0.100000 2.100000 0.600000
v -1.200000 2.100000 -1.399999
v -1.000000 2.100000 -1.399999
v -1.200000 2.100000 -1.500000
v -1.000000 2.100000 -1.500000
v -0.900000 2.100000 -1.400000
v -0.200000 2.100000 -1.400000
v -0.900000 2.100000 -1.500000
v -0.200000 2.100000 -1.500000
v -0.100000 2.100000 -1.400000
v 0.100000 2.100000 -1.400000
v -0.100000 2.100000 -1.500000
v 0.100000 2.100000 -1.500000
v -0.900000 2.200000 2.800000
v -0.800000 2.200000 2.800000
v -0.900000 2.200000 2.700001
v -0.700000 2.200000 2.800000
v -0.800000 2.200000 2.700001
v -0.400000 2.200000 2.800000
v -0.700000 2.200000 2.700001
v -0.300000 2.200000 2.800000
v -0.400000 2.200000 2.700001
v -0.200000 2.200000 2.800000
v -0.300000 2.200000 2.700001
v -0.200000 2.200000 2.700001
v -1.200000 2.200001 -1.299999
v -1.000000 2.200001 -1.299999
v -1.200000 2.200001 -1.399999
v -1.000000 2.200001 -1.399999
v -0.900000 2.200000 -1.300000
v -0.200000 2.200000 -1.300000
v -0.900000 2.200000 -1.400000
v -0.200000 2.200000 -1.400000
v -0.100000 2.200001 -1.300000
v 0.100000 2.200001 -1.300000
v -0.100000 2.200001 -1.400000
v 0.100000 2.200001 -1.400000
v -0.800000 2.300000 2.700001
v -0.700000 2.300000 2.700001
v -0.700000 2.300000 2.400001
v -0.400000 2.300000 2.700001
v -0.500000 2.300000 2.400001
v -0.500000 2.300000 2.200001
v -0.300000 2.300000 2.700001
v -0.400000 2.300000 2.200001
v -0.900000 2.300000 2.700001
v -0.900000 2.300000 2.100000
v -0.800000 2.300000 2.100000
v -0.700000 2.300000 2.100000
v -0.400000 2.300000 2.100000
v -0.200000 2.300000 2.700001
v -0.300000 2.300000 2.100000
v -0.200000 2.300000 2.100000
v -0.900000 2.300000 2.000000
v -0.800000 2.300000 2.000000
v -0.700000 2.300000 2.000000
v -0.400000 2.300000 2.000000
v -0.300000 2.300000 2.000000
v -0.200000 2.300000 2.000000
v -0.800000 2.300000 1.900000
v -0.300000 2.300000 1.900000
v -0.800000 2.300000 1.800000
v -0.300000 2.300000 1.800000
v -0.600000 2.300000 1.700000
v -0.500000 2.300000 1.700000
v -0.700000 2.300000 1.600000
v -0.600000 2.300000 1.600000
v -0.500000 2.300000 1.600000
v -0.400000 2.300000 1.600000
v -0.700000 2.300000 1.500000
v -0.600000 2.300000 1.500000
v -0.500000 2.300000 1.500000
v -0.400000 2.300000 1.500000
v -0.600000 2.300000 1.400000
v -0.500000 2.300000 1.400000
v -0.800000 2.300000 1.200000
v -0.700000 2.300000 1.200000
v -0.800000 2.300000 1.100000
v -0.700000 2.300000 1.100000
v -0.300000 2.300000 1.100000
v -0.900000 2.300000 1.000000
v -0.200000 2.300000 1.000000
v -0.500000 2.300000 0.200000
v -0.200000 2.300000 0.200000
v -0.600000 2.300000 0.100000
v -0.500000 2.300000 0.100000
v -0.600000 2.300000 -0.200000
v -0.500000 2.300000 -0.200000
v -0.500000 2.300000 -0.300000
v -0.200000 2.300000 -0.300000
v -1.200000 2.300000 -0.900000
v -1.000000 2.300000 -0.900000
v -1.200000 2.300000 -1.299999
v -1.000000 2.300000 -1.299999
v -0.900000 2.300000 -1.300000
v -0.200000 2.300000 -1.300000
v -0.100000 2.300000 -0.900000
v 0.100000 2.300000 -0.900000
v -0.100000 2.300000 -1.300000
v 0.100000 2.300000 -1.300000
v -0.600000 2.300000 -1.600000
v -0.500000 2.300000 -1.600000
v -0.600000 2.300000 -1.700000
v -0.500000 2.300000 -1.700000
v -1.000000 2.400000 2.100000
v -0.900000 2.400000 2.100000
v -1.000000 2.400000 2.000000
v -0.900000 2.400000 2.000000
v -0.200000 2.400000 2.100000
v -0.100000 2.400000 2.100000
v -0.200000 2.400000 2.000000
v -0.100000 2.400000 2.000000
v -0.800000 2.400000 2.000000
v -0.900000 2.400000 1.900000
v -0.800000 2.400000 1.900000
v -0.300000 2.400000 2.000000
v -0.300000 2.400000 1.900000
v -0.200000 2.400000 1.900000
v -0.600000 2.400000 -1.500000
v -0.500000 2.400000 -1.500000
v -0.600000 2.400000 -1.600000
v -0.500000 2.400000 -1.600000
v -1.100000 2.500000 2.000000
v -0.900000 2.500000 2.000000
v -1.100000 2.500000 1.900000
v -0.900000 2.500000 1.900000
v -0.200000 2.500000 2.000000
v -0.000000 2.500000 2.000000
v -0.200000 2.500000 1.900000
v -0.000000 2.500000 1.900000
vt 0.009766 0.500000
vt 0.009766 0.500000
vt 0.009766 0.500000
vt 0.009766 0.500000
vt 0.009766 0.500000
vt 0.009766 0.500000
vt 0.009766 0.500000
vt 0.009766 0.500000
vt 0.009766 0.500000
vt 0.001953 0.500000
vt 0.001953 0.500000
vt 0.001953 0.500000
vt 0.009766 0.500000
vt 0.001953 0.500000
vt 0.009766 0.500000
vt 0.001953 0.500000
vt 0.001953 0.500000
vt 0.001953 0.500000
vt 0.009766 0.500000
vt 0.001953 0.500000
vt 0.001953 0.500000
vt 0.001953 0.500000
vt 0.001953 0.500000
vt 0.001953 0.500000
vt 0.001953 0.500000
vt 0.001953 0.500000
vt 0.001953 0.500000
vt 0.001953 0.500000
vt 0.001953 0.500000
vt 0.001953 0.500000
vt 0.001953 0.500000
vt 0.001953 0.500000
vt 0.001953 0.500000
vt 0.001953 0.500000
vt 0.013672 0.500000
vt 0.013672 0.500000
vt 0.013672 0.500000
vt 0.001953 0.500000
vt 0.013672 0.500000
vt 0.013672 0.500000
vt 0.013672 0.500000
vt 0.013672 0.500000
vt 0.013672 0.500000
vt 0.001953 0.500000
vt 0.001953 0.500000
vt 0.001953 0.500000
vt 0.001953 0.500000
vt 0.001953 0.500000
vt 0.001953 0.500000
vt 0.001953 0.500000
vt 0.001953 0.500000
vt 0.001953 0.500000
vt 0.001953 0.500000
vt 0.013672 0.500000
vt 0.013672 0.500000
vt 0.013672 0.500000
vt 0.013672 0.500000
vt 0.001953 0.500000
vt 0.001953 0.500000
vt 0.013672 0.500000
vt 0.013672 0.500000
vt 0.001953 0.500000
vt 0.001953 0.500000
vt 0.001953 0.500000
vt 0.001953 0.500000
vt 0.001953 0.500000
vt 0.001953 0.500000
vt 0.001953 0.500000
vt 0.001953 0.500000
vt 0.001953 0.500000
vt 0.001953 0.500000
vt 0.013672 0.500000
vt 0.013672 0.500000
vt 0.013672 0.500000
vt 0.001953 0.500000
vt 0.001953 0.500000
vt 0.001953 0.500000
vt 0.013672 0.500000
vt 0.001953 0.500000
vt 0.001953 0.500000
vt 0.001953 0.500000
vt 0.001953 0.500000
vt 0.001953 0.500000
vt 0.013672 0.500000
vt 0.013672 0.500000
vt 0.013672 0.500000
vt 0.001953 0.500000
vt 0.013672 0.500000
vt 0.013672 0.500000
vt 0.001953 0.500000
vt 0.013672 0.500000
vt 0.001953 0.500000
vt 0.001953 0.500000
vt 0.013672 0.500000
vt 0.001953 0.500000
vt 0.001953 0.500000
vt 0.001953 0.500000
vt 0.001953 0.500000
vt 0.013672 0.500000
vt 0.001953 0.500000
vt 0.001953 0.500000
vt 0.001953 0.500000
vt 0.001953 0.500000
vt 0.001953 0.500000
vt 0.001953 0.500000
vt 0.013672 0.500000
vt 0.013672 0.500000
vt 0.013672 0.500000
vt 0.013672 0.500000
vt 0.013672 0.500000
vt 0.013672 0.500000
vt 0.013672 0.500000
vt 0.013672 0.500000
vt 0.025391 0.500000
vt 0.025391 0.500000
vt 0.025391 0.500000
vt 0.025391 0.500000
vt 0.001953 0.500000
vt 0.001953 0.500000
vt 0.001953 0.500000
vt 0.001953 0.500000
vt 0.001953 0.500000
vt 0.001953 0.500000
vt 0.001953 0.500000
vt 0.001953 0.500000
vt 0.013672 0.500000
vt 0.013672 0.500000
vt 0.013672 0.500000
vt 0.001953 0.500000
vt 0.001953 0.500000
vt 0.013672 0.500000
vt 0.013672 0.500000
vt 0.013672 0.500000
vt 0.001953 0.500000
vt 0.001953 0.500000
vt 0.001953 0.500000
vt 0.013672 0.500000
vt 0.001953 0.500000
vt 0.001953 0.500000
vt 0.001953 0.500000
vt 0.001953 0.500000
vt 0.013672 0.500000
vt 0.013672 0.500000
vt 0.001953 0.500000
vt 0.001953 0.500000
vt 0.001953 0.500000
vt 0.001953 0.500000
vt 0.013672 0.500000
vt 0.013672 0.500000
vt 0.013672 0.500000
vt 0.001953 0.500000
vt 0.001953 0.500000
vt 0.001953 0.500000
vt 0.013672 0.500000
vt 0.001953 0.500000
vt 0.013672 0.500000
vt 0.013672 0.500000
vt 0.013672 0.500000
vt 0.001953 0.500000
vt 0.001953 0.500000
vt 0.013672 0.500000
vt 0.001953 0.500000
vt 0.013672 0.500000
vt 0.013672 0.500000
vt 0.001953 0.500000
vt 0.013672 0.500000
vt 0.013672 0.500000
vt 0.013672 0.500000
vt 0.001953 0.500000
vt 0.013672 0.500000
vt 0.013672 0.500000
vt 0.013672 0.500000
vt 0.009766 0.500000
vt 0.009766 0.500000
vt 0.009766 0.500000
vt 0.013672 0.500000
vt 0.013672 0.500000
vt 0.009766 0.500000
vt 0.013672 0.500000
vt 0.001953 0.500000
vt 0.001953 0.500000
vt 0.001953 0.500000
vt 0.001953 0.500000
vt 0.013672 0.500000
vt 0.013672 0.500000
vt 0.013672 0.500000
vt 0.009766 0.500000
vt 0.013672 0.500000
vt 0.029297 0.500000
vt 0.029297 0.500000
vt 0.029297 0.500000
vt 0.009766 0.500000
vt 0.013672 0.500000
vt 0.029297 0.500000
vt 0.013672 0.500000
vt 0.013672 0.500000
vt 0.013672 0.500000
vt 0.013672 0.500000
vt 0.001953 0.500000
vt 0.013672 0.500000
vt 0.013672 0.500000
vt 0.013672 0.500000
vt 0.001953 0.500000
vt 0.013672 0.500000
vt 0.001953 0.500000
vt 0.001953 0.500000
vt 0.013672 0.500000
vt 0.013672 0.500000
vt 0.013672 0.500000
vt 0.013672 0.500000
vt 0.013672 0.500000
vt 0.013672 0.500000
vt 0.001953 0.500000
vt 0.001953 0.500000
vt 0.001953 0.500000
vt 0.013672 0.500000
vt 0.001953 0.500000
vt 0.001953 0.500000
vt 0.001953 0.500000
vt 0.013672 0.500000
vt 0.013672 0.500000
vt 0.001953 0.500000
vt 0.001953 0.500000
vt 0.025391 0.500000
vt 0.025391 0.500000
vt 0.025391 0.500000
vt 0.025391 0.500000
vt 0.029297 0.500000
vt 0.029297 0.500000
vt 0.029297 0.500000
vt 0.029297 0.500000
vt 0.029297 0.500000
vt 0.029297 0.500000
vt 0.029297 0.500000
vt 0.029297 0.500000
vt 0.029297 0.500000
vt 0.029297 0.500000
vt 0.029297 0.500000
vt 0.029297 0.500000
vt 0.029297 0.500000
vt 0.029297 0.500000
vt 0.029297 0.500000
vt 0.029297 0.500000
vt 0.029297 0.500000
vt 0.029297 0.500000
vt 0.029297 0.500000
vt 0.029297 0.500000
vt 0.029297 0.500000
vt 0.029297 0.500000
vt 0.029297 0.500000
vt 0.001953 0.500000
vt 0.001953 0.500000
vt 0.001953 0.500000
vt 0.013672 0.500000
vt 0.013672 0.500000
vt 0.013672 0.500000
vt 0.013672 0.500000
vt 0.013672 0.500000
vt 0.001953 0.500000
vt 0.001953 0.500000
vt 0.001953 0.500000
vt 0.013672 0.500000
vt 0.013672 0.500000
vt 0.001953 0.500000
vt 0.001953 0.500000
vt 0.001953 0.500000
vt 0.001953 0.500000
vt 0.013672 0.500000
vt 0.001953 0.500000
vt 0.001953 0.500000
vt 0.001953 0.500000
vt 0.013672 0.500000
vt 0.013672 0.500000
vt 0.013672 0.500000
vt 0.001953 0.500000
vt 0.013672 0.500000
vt 0.013672 0.500000
vt 0.013672 0.500000
vt 0.013672 0.500000
vt 0.025391 0.500000
vt 0.025391 0.500000
vt 0.025391 0.500000
vt 0.025391 0.500000
vt 0.025391 0.500000
vt 0.025391 0.500000
vt 0.025391 0.500000
vt 0.025391 0.500000
vt 0.013672 0.500000
vt 0.013672 0.500000
vt 0.013672 0.500000
vt 0.013672 0.500000
vt 0.013672 0.500000
vt 0.029297 0.500000
vt 0.029297 0.500000
vt 0.029297 0.500000
vt 0.029297 0.500000
vt 0.013672 0.500000
vt 0.013672 0.500000
vt 0.013672 0.500000
vt 0.029297 0.500000
vt 0.029297 0.500000
vt 0.029297 0.500000
vt 0.029297 0.500000
vt 0.013672 0.500000
vt 0.029297 0.500000
vt 0.029297 0.500000
vt 0.013672 0.500000
vt 0.013672 0.500000
vt 0.013672 0.500000
vt 0.013672 0.500000
vt 0.013672 0.500000
vt 0.013672 0.500000
vt 0.013672 0.500000
vt 0.013672 0.500000
vt 0.013672 0.500000
vt 0.013672 0.500000
vt 0.013672 0.500000
vt 0.001953 0.500000
vt 0.001953 0.500000
vt 0.001953 0.500000
vt 0.001953 0.500000
vt 0.001953 0.500000
vt 0.001953 0.500000
vt 0.001953 0.500000
vt 0.001953 0.500000
vt 0.025391 0.500000
vt 0.025391 0.500000
vt 0.025391 0.500000
vt 0.025391 0.500000
vt 0.025391 0.500000
vt 0.025391 0.500000
vt 0.025391 0.500000
vt 0.025391 0.500000
vt 0.013672 0.500000
vt 0.013672 0.500000
vt 0.013672 0.500000
vt 0.013672 0.500000
vt 0.025391 0.500000
vt 0.025391 0.500000
vt 0.025391 0.500000
vt 0.025391 0.500000
vt 0.013672 0.500000
vt 0.013672 0.500000
vt 0.013672 0.500000
vt 0.013672 0.500000
vt 0.009766 0.500000
vt 0.009766 0.500000
vt 0.009766 0.500000
vt 0.009766 0.500000
vt 0.009766 0.500000
vt 0.009766 0.500000
vt 0.009766 0.500000
vt 0.009766 0.500000
vt 0.009766 0.500000
vt 0.001953 0.500000
vt 0.001953 0.500000
vt 0.001953 0.500000
vt 0.009766 0.500000
vt 0.001953 0.500000
vt 0.009766 0.500000
vt 0.001953 0.500000
vt 0.001953 0.500000
vt 0.001953 0.500000
vt 0.009766 0.500000
vt 0.001953 0.500000
vt 0.001953 0.500000
vt 0.001953 0.500000
vt 0.001953 0.500000
vt 0.001953 0.500000
vt 0.001953 0.500000
vt 0.001953 0.500000
vt 0.001953 0.500000
vt 0.001953 0.500000
vt 0.001953 0.500000
vt 0.013672 0.500000
vt 0.013672 0.500000
vt 0.013672 0.500000
vt 0.001953 0.500000
vt 0.001953 0.500000
vt 0.001953 0.500000
vt 0.001953 0.500000
vt 0.013672 0.500000
vt 0.001953 0.500000
vt 0.013672 0.500000
vt 0.013672 0.500000
vt 0.013672 0.500000
vt 0.013672 0.500000
vt 0.013672 0.500000
vt 0.013672 0.500000
vt 0.001953 0.500000
vt 0.001953 0.500000
vt 0.001953 0.500000
vt 0.013672 0.500000
vt 0.001953 0.500000
vt 0.001953 0.500000
vt 0.001953 0.500000
vt 0.013672 0.500000
vt 0.001953 0.500000
vt 0.001953 0.500000
vt 0.001953 0.500000
vt 0.001953 0.500000
vt 0.001953 0.500000
vt 0.001953 0.500000
vt 0.001953 0.500000
vt 0.001953 0.500000
vt 0.001953 0.500000
vt 0.005859 0.500000
vt 0.005859 0.500000
vt 0.005859 0.500000
vt 0.005859 0.500000
vt 0.001953 0.500000
vt 0.001953 0.500000
vt 0.001953 0.500000
vt 0.013672 0.500000
vt 0.013672 0.500000
vt 0.013672 0.500000
vt 0.013672 0.500000
vt 0.001953 0.500000
vt 0.001953 0.500000
vt 0.013672 0.500000
vt 0.013672 0.500000
vt 0.001953 0.500000
vt 0.001953 0.500000
vt 0.001953 0.500000
vt 0.001953 0.500000
vt 0.001953 0.500000
vt 0.001953 0.500000
vt 0.001953 0.500000
vt 0.001953 0.500000
vt 0.001953 0.500000
vt 0.001953 0.500000
vt 0.001953 0.500000
vt 0.001953 0.500000
vt 0.001953 0.500000
vt 0.001953 0.500000
vt 0.001953 0.500000
vt 0.001953 0.500000
vt 0.001953 0.500000
vt 0.001953 0.500000
vt 0.001953 0.500000
vt 0.009766 0.500000
vt 0.009766 0.500000
vt 0.009766 0.500000
vt 0.009766 0.500000
vt 0.009766 0.500000
vt 0.009766 0.500000
vt 0.009766 0.500000
vt 0.009766 0.500000
vt 0.009766 0.500000
vt 0.001953 0.500000
vt 0.001953 0.500000
vt 0.001953 0.500000
vt 0.009766 0.500000
vt 0.001953 0.500000
vt 0.009766 0.500000
vt 0.001953 0.500000
vt 0.001953 0.500000
vt 0.001953 0.500000
vt 0.009766 0.500000
vt 0.001953 0.500000
vt 0.001953 0.500000
vt 0.001953 0.500000
vt 0.001953 0.500000
vt 0.001953 0.500000
vt 0.001953 0.500000
vt 0.001953 0.500000
vt 0.001953 0.500000
vt 0.001953 0.500000
vt 0.001953 0.500000
vt 0.001953 0.500000
vt 0.001953 0.500000
vt 0.001953 0.500000
vt 0.001953 0.500000
vt 0.001953 0.500000
vt 0.001953 0.500000
vt 0.013672 0.500000
vt 0.013672 0.500000
vt 0.013672 0.500000
vt 0.001953 0.500000
vt 0.001953 0.500000
vt 0.013672 0.500000
vt 0.001953 0.500000
vt 0.013672 0.500000
vt 0.013672 0.500000
vt 0.013672 0.500000
vt 0.013672 0.500000
vt 0.013672 0.500000
vt 0.013672 0.500000
vt 0.013672 0.500000
vt 0.013672 0.500000
vt 0.013672 0.500000
vt 0.001953 0.500000
vt 0.013672 0.500000
vt 0.001953 0.500000
vt 0.001953 0.500000
vt 0.001953 0.500000
vt 0.013672 0.500000
vt 0.001953 0.500000
vt 0.001953 0.500000
vt 0.001953 0.500000
vt 0.013672 0.500000
vt 0.001953 0.500000
vt 0.001953 0.500000
vt 0.001953 0.500000
vt 0.001953 0.500000
vt 0.001953 0.500000
vt 0.001953 0.500000
vt 0.001953 0.500000
vt 0.001953 0.500000
vt 0.013672 0.500000
vt 0.013672 0.500000
vt 0.013672 0.500000
vt 0.013672 0.500000
vt 0.001953 0.500000
vt 0.001953 0.500000
vt 0.013672 0.500000
vt 0.013672 0.500000
vt 0.001953 0.500000
vt 0.001953 0.500000
vt 0.001953 0.500000
vt 0.001953 0.500000
vt 0.001953 0.500000
vt 0.001953 0.500000
vt 0.001953 0.500000
vt 0.001953 0.500000
vt 0.001953 0.500000
vt 0.001953 0.500000
vt 0.001953 0.500000
vt 0.001953 0.500000
vt 0.001953 0.500000
vt 0.001953 0.500000
vt 0.001953 0.500000
vt 0.001953 0.500000
vt 0.001953 0.500000
vt 0.001953 0.500000
vt 0.001953 0.500000
vt 0.001953 0.500000
vt 0.025391 0.500000
vt 0.025391 0.500000
vt 0.025391 0.500000
vt 0.025391 0.500000
vt 0.013672 0.500000
vt 0.013672 0.500000
vt 0.013672 0.500000
vt 0.013672 0.500000
vt 0.013672 0.500000
vt 0.013672 0.500000
vt 0.013672 0.500000
vt 0.013672 0.500000
vt 0.025391 0.500000
vt 0.025391 0.500000
vt 0.025391 0.500000
vt 0.025391 0.500000
vt 0.025391 0.500000
vt 0.025391 0.500000
vt 0.025391 0.500000
vt 0.025391 0.500000
vt 0.013672 0.500000
vt 0.013672 0.500000
vt 0.013672 0.500000
vt 0.013672 0.500000
vt 0.013672 0.500000
vt 0.013672 0.500000
vt 0.013672 0.500000
vt 0.013672 0.500000
vt 0.013672 0.500000
vt 0.013672 0.500000
vt 0.013672 0.500000
vt 0.001953 0.500000
vt 0.001953 0.500000
vt 0.001953 0.500000
vt 0.001953 0.500000
vt 0.001953 0.500000
vt 0.001953 0.500000
vt 0.001953 0.500000
vt 0.001953 0.500000
vt 0.013672 0.500000
vt 0.013672 0.500000
vt 0.013672 0.500000
vt 0.025391 0.500000
vt 0.025391 0.500000
vt 0.025391 0.500000
vt 0.025391 0.500000
vt 0.025391 0.500000
vt 0.025391 0.500000
vt 0.025391 0.500000
vt 0.025391 0.500000
vt 0.013672 0.500000
vt 0.013672 0.500000
vt 0.013672 0.500000
vt 0.013672 0.500000
vt 0.013672 0.500000
vt 0.029297 0.500000
vt 0.029297 0.500000
vt 0.029297 0.500000
vt 0.029297 0.500000
vt 0.013672 0.500000
vt 0.013672 0.500000
vt 0.013672 0.500000
vt 0.029297 0.500000
vt 0.029297 0.500000
vt 0.029297 0.500000
vt 0.029297 0.500000
vt 0.013672 0.500000
vt 0.029297 0.500000
vt 0.025391 0.500000
vt 0.025391 0.500000
vt 0.025391 0.500000
vt 0.025391 0.500000
vt 0.029297 0.500000
vt 0.029297 0.500000
vt 0.029297 0.500000
vt 0.029297 0.500000
vt 0.029297 0.500000
vt 0.029297 0.500000
vt 0.029297 0.500000
vt 0.029297 0.500000
vt 0.029297 0.500000
vt 0.029297 0.500000
vt 0.029297 0.500000
vt 0.029297 0.500000
vt 0.029297 0.500000
vt 0.029297 0.500000
vt 0.029297 0.500000
vt 0.029297 0.500000
vt 0.029297 0.500000
vt 0.029297 0.500000
vt 0.029297 0.500000
vt 0.029297 0.500000
vt 0.029297 0.500000
vt 0.029297 0.500000
vt 0.029297 0.500000
vt 0.029297 0.500000
vt 0.029297 0.500000
vt 0.001953 0.500000
vt 0.001953 0.500000
vt 0.001953 0.500000
vt 0.013672 0.500000
vt 0.013672 0.500000
vt 0.013672 0.500000
vt 0.001953 0.500000
vt 0.001953 0.500000
vt 0.013672 0.500000
vt 0.013672 0.500000
vt 0.013672 0.500000
vt 0.001953 0.500000
vt 0.001953 0.500000
vt 0.013672 0.500000
vt 0.013672 0.500000
vt 0.013672 0.500000
vt 0.013672 0.500000
vt 0.001953 0.500000
vt 0.001953 0.500000
vt 0.013672 0.500000
vt 0.001953 0.500000
vt 0.001953 0.500000
vt 0.001953 0.500000
vt 0.013672 0.500000
vt 0.001953 0.500000
vt 0.001953 0.500000
vt 0.001953 0.500000
vt 0.001953 0.500000
vt 0.001953 0.500000
vt 0.013672 0.500000
vt 0.013672 0.500000
vt 0.013672 0.500000
vt 0.001953 0.500000
vt 0.001953 0.500000
vt 0.001953 0.500000
vt 0.001953 0.500000
vt 0.013672 0.500000
vt 0.001953 0.500000
vt 0.001953 0.500000
vt 0.001953 0.500000
vt 0.001953 0.500000
vt 0.001953 0.500000
vt 0.001953 0.500000
vt 0.001953 0.500000
vt 0.013672 0.500000
vt 0.013672 0.500000
vt 0.013672 0.500000
vt 0.001953 0.500000
vt 0.001953 0.500000
vt 0.013672 0.500000
vt 0.013672 0.500000
vt 0.013672 0.500000
vt 0.013672 0.500000
vt 0.013672 0.500000
vt 0.001953 0.500000
vt 0.013672 0.500000
vt 0.001953 0.500000
vt 0.013672 0.500000
vt 0.013672 0.500000
vt 0.013672 0.500000
vt 0.001953 0.500000
vt 0.001953 0.500000
vt 0.001953 0.500000
vt 0.013672 0.500000
vt 0.001953 0.500000
vt 0.001953 0.500000
vt 0.001953 0.500000
vt 0.001953 0.500000
vt 0.013672 0.500000
vt 0.013672 0.500000
vt 0.001953 0.500000
vt 0.013672 0.500000
vt 0.001953 0.500000
vt 0.001953 0.500000
vt 0.001953 0.500000
vt 0.001953 0.500000
vt 0.013672 0.500000
vt 0.013672 0.500000
vt 0.013672 0.500000
vt 0.013672 0.500000
vt 0.001953 0.500000
vt 0.001953 0.500000
vt 0.013672 0.500000
vt 0.001953 0.500000
vt 0.001953 0.500000
vt 0.001953 0.500000
vt 0.013672 0.500000
vt 0.013672 0.500000
vt 0.001953 0.500000
vt 0.013672 0.500000
vt 0.013672 0.500000
vt 0.013672 0.500000
vt 0.001953 0.500000
vt 0.001953 0.500000
vt 0.013672 0.500000
vt 0.013672 0.500000
vt 0.013672 0.500000
vt 0.009766 0.500000
vt 0.009766 0.500000
vt 0.009766 0.500000
vt 0.013672 0.500000
vt 0.013672 0.500000
vt 0.009766 0.500000
vt 0.001953 0.500000
vt 0.013672 0.500000
vt 0.013672 0.500000
vt 0.013672 0.500000
vt 0.001953 0.500000
vt 0.001953 0.500000
vt 0.001953 0.500000
vt 0.013672 0.500000
vt 0.001953 0.500000
vt 0.013672 0.500000
vt 0.001953 0.500000
vt 0.001953 0.500000
vt 0.001953 0.500000
vt 0.013672 0.500000
vt 0.013672 0.500000
vt 0.013672 0.500000
vt 0.009766 0.500000
vt 0.013672 0.500000
vt 0.029297 0.500000
vt 0.029297 0.500000
vt 0.029297 0.500000
vt 0.009766 0.500000
vt 0.013672 0.500000
vt 0.029297 0.500000
vt 0.013672 0.500000
vt 0.013672 0.500000
vt 0.001953 0.500000
vt 0.001953 0.500000
vt 0.013672 0.500000
vt 0.013672 0.500000
vt 0.013672 0.500000
vt 0.013672 0.500000
vt 0.013672 0.500000
vt 0.001953 0.500000
vt 0.001953 0.500000
vt 0.013672 0.500000
vt 0.013672 0.500000
vt 0.001953 0.500000
vt 0.013672 0.500000
vt 0.013672 0.500000
vt 0.001953 0.500000
vt 0.013672 0.500000
vt 0.001953 0.500000
vt 0.013672 0.500000
vt 0.001953 0.500000
vt 0.013672 0.500000
vt 0.013672 0.500000
vt 0.013672 0.500000
vt 0.013672 0.500000
vt 0.025391 0.500000
vt 0.025391 0.500000
vt 0.025391 0.500000
vt 0.025391 0.500000
vt 0.013672 0.500000
vt 0.013672 0.500000
vt 0.013672 0.500000
vt 0.013672 0.500000
vt 0.009766 0.500000
vt 0.009766 0.500000
vt 0.009766 0.500000
vt 0.009766 0.500000
vt 0.009766 0.500000
vt 0.009766 0.500000
vt 0.009766 0.500000
vt 0.009766 0.500000
vt 0.009766 0.500000
vt 0.001953 0.500000
vt 0.001953 0.500000
vt 0.001953 0.500000
vt 0.009766 0.500000
vt 0.001953 0.500000
vt 0.009766 0.500000
vt 0.001953 0.500000
vt 0.001953 0.500000
vt 0.001953 0.500000
vt 0.009766 0.500000
vt 0.001953 0.500000
vt 0.001953 0.500000
vt 0.001953 0.500000
vt 0.001953 0.500000
vt 0.001953 0.500000
vt 0.001953 0.500000
vt 0.001953 0.500000
vt 0.013672 0.500000
vt 0.013672 0.500000
vt 0.013672 0.500000
vt 0.001953 0.500000
vt 0.001953 0.500000
vt 0.001953 0.500000
vt 0.013672 0.500000
vt 0.001953 0.500000
vt 0.001953 0.500000
vt 0.001953 0.500000
vt 0.001953 0.500000
vt 0.001953 0.500000
vt 0.001953 0.500000
vt 0.001953 0.500000
vt 0.013672 0.500000
vt 0.013672 0.500000
vt 0.013672 0.500000
vt 0.001953 0.500000
vt 0.013672 0.500000
vt 0.001953 0.500000
vt 0.001953 0.500000
vt 0.001953 0.500000
vt 0.001953 0.500000
vt 0.005859 0.500000
vt 0.005859 0.500000
vt 0.005859 0.500000
vt 0.005859 0.500000
vt 0.001953 0.500000
vt 0.001953 0.500000
vt 0.001953 0.500000
vt 0.013672 0.500000
vt 0.013672 0.500000
vt 0.013672 0.500000
vt 0.013672 0.500000
vt 0.001953 0.500000
vt 0.001953 0.500000
vt 0.013672 0.500000
vt 0.013672 0.500000
vt 0.001953 0.500000
vt 0.001953 0.500000
vt 0.001953 0.500000
vt 0.001953 0.500000
vt 0.001953 0.500000
vt 0.013672 0.500000
vt 0.013672 0.500000
vt 0.013672 0.500000
vt 0.001953 0.500000
vt 0.013672 0.500000
vt 0.001953 0.500000
vt 0.013672 0.500000
vt 0.013672 0.500000
vt 0.013672 0.500000
vt 0.013672 0.500000
vt 0.013672 0.500000
vt 0.013672 0.500000
vt 0.001953 0.500000
vt 0.001953 0.500000
vt 0.013672 0.500000
vt 0.001953 0.500000
vt 0.001953 0.500000
vt 0.001953 0.500000
vt 0.013672 0.500000
vt 0.001953 0.500000
vt 0.001953 0.500000
vt 0.001953 0.500000
vt 0.001953 0.500000
vt 0.001953 0.500000
vt 0.001953 0.500000
vt 0.001953 0.500000
vt 0.001953 0.500000
vt 0.001953 0.500000
vt 0.001953 0.500000
vt 0.001953 0.500000
vt 0.001953 0.500000
vt 0.013672 0.500000
vt 0.013672 0.500000
vt 0.013672 0.500000
vt 0.013672 0.500000
vt 0.013672 0.500000
vt 0.013672 0.500000
vt 0.029297 0.500000
vt 0.029297 0.500000
vt 0.029297 0.500000
vt 0.001953 0.500000
vt 0.001953 0.500000
vt 0.001953 0.500000
vt 0.009766 0.500000
vt 0.009766 0.500000
vt 0.009766 0.500000
vt 0.001953 0.500000
vt 0.009766 0.500000
vt 0.001953 0.500000
vt 0.001953 0.500000
vt 0.001953 0.500000
vt 0.009766 0.500000
vt 0.001953 0.500000
vt 0.001953 0.500000
vt 0.001953 0.500000
vt 0.009766 0.500000
vt 0.009766 0.500000
vt 0.009766 0.500000
vt 0.001953 0.500000
vt 0.009766 0.500000
vt 0.009766 0.500000
vt 0.029297 0.500000
vt 0.009766 0.500000
vt 0.001953 0.500000
vt 0.001953 0.500000
vt 0.001953 0.500000
vt 0.009766 0.500000
vt 0.009766 0.500000
vt 0.001953 0.500000
vt 0.029297 0.500000
vt 0.029297 0.500000
vt 0.029297 0.500000
vt 0.009766 0.500000
vt 0.029297 0.500000
vt 0.029297 0.500000
vt 0.001953 0.500000
vt 0.001953 0.500000
vt 0.029297 0.500000
vt 0.009766 0.500000
vt 0.001953 0.500000
vt 0.001953 0.500000
vt 0.001953 0.500000
vt 0.001953 0.500000
vt 0.009766 0.500000
vt 0.001953 0.500000
vt 0.013672 0.500000
vt 0.013672 0.500000
vt 0.013672 0.500000
vt 0.013672 0.500000
vt 0.013672 0.500000
vt 0.013672 0.500000
vt 0.013672 0.500000
vt 0.013672 0.500000
vt 0.013672 0.500000
vt 0.013672 0.500000
vt 0.001953 0.500000
vt 0.001953 0.500000
vt 0.001953 0.500000
vt 0.001953 0.500000
vt 0.029297 0.500000
vt 0.029297 0.500000
vt 0.029297 0.500000
vt 0.029297 0.500000
vt 0.001953 0.500000
vt 0.001953 0.500000
vt 0.001953 0.500000
vt 0.001953 0.500000
vt 0.013672 0.500000
vt 0.013672 0.500000
vt 0.013672 0.500000
vt 0.013672 0.500000
vt 0.013672 0.500000
vt 0.013672 0.500000
vt 0.013672 0.500000
vt 0.013672 0.500000
vt 0.001953 0.500000
vt 0.001953 0.500000
vt 0.001953 0.500000
vt 0.001953 0.500000
vt 0.029297 0.500000
vt 0.029297 0.500000
vt 0.029297 0.500000
vt 0.029297 0.500000
vt 0.001953 0.500000
vt 0.001953 0.500000
vt 0.001953 0.500000
vt 0.001953 0.500000
vt 0.013672 0.500000
vt 0.013672 0.500000
vt 0.013672 0.500000
vt 0.013672 0.500000
vt 0.013672 0.500000
vt 0.013672 0.500000
vt 0.013672 0.500000
vt 0.013672 0.500000
vt 0.001953 0.500000
vt 0.001953 0.500000
vt 0.001953 0.500000
vt 0.001953 0.500000
vt 0.029297 0.500000
vt 0.029297 0.500000
vt 0.029297 0.500000
vt 0.029297 0.500000
vt 0.001953 0.500000
vt 0.001953 0.500000
vt 0.001953 0.500000
vt 0.001953 0.500000
vt 0.013672 0.500000
vt 0.013672 0.500000
vt 0.013672 0.500000
vt 0.013672 0.500000
vt 0.025391 0.500000
vt 0.025391 0.500000
vt 0.025391 0.500000
vt 0.025391 0.500000
vt 0.025391 0.500000
vt 0.025391 0.500000
vt 0.025391 0.500000
vt 0.025391 0.500000
vt 0.025391 0.500000
vt 0.025391 0.500000
vt 0.013672 0.500000
vt 0.013672 0.500000
vt 0.013672 0.500000
vt 0.013672 0.500000
vt 0.013672 0.500000
vt 0.013672 0.500000
vt 0.013672 0.500000
vt 0.013672 0.500000
vt 0.013672 0.500000
vt 0.013672 0.500000
vt 0.013672 0.500000
vt 0.013672 0.500000
vt 0.013672 0.500000
vt 0.013672 0.500000
vt 0.013672 0.500000
vt 0.013672 0.500000
vt 0.013672 0.500000
vt 0.013672 0.500000
vt 0.013672 0.500000
vt 0.013672 0.500000
vt 0.013672 0.500000
vt 0.013672 0.500000
vt 0.013672 0.500000
vt 0.013672 0.500000
vt 0.001953 0.500000
vt 0.001953 0.500000
vt 0.001953 0.500000
vt 0.029297 0.500000
vt 0.029297 0.500000
vt 0.029297 0.500000
vt 0.001953 0.500000
vt 0.029297 0.500000
vt 0.001953 0.500000
vt 0.001953 0.500000
vt 0.001953 0.500000
vt 0.001953 0.500000
vt 0.001953 0.500000
vt 0.029297 0.500000
vt 0.029297 0.500000
vt 0.029297 0.500000
vt 0.001953 0.500000
vt 0.029297 0.500000
vt 0.001953 0.500000
vt 0.001953 0.500000
vt 0.009766 0.500000
vt 0.009766 0.500000
vt 0.009766 0.500000
vt 0.001953 0.500000
vt 0.001953 0.500000
vt 0.001953 0.500000
vt 0.009766 0.500000
vt 0.001953 0.500000
vt 0.001953 0.500000
vt 0.001953 0.500000
vt 0.001953 0.500000
vt 0.013672 0.500000
vt 0.013672 0.500000
vt 0.013672 0.500000
vt 0.001953 0.500000
vt 0.001953 0.500000
vt 0.001953 0.500000
vt 0.001953 0.500000
vt 0.013672 0.500000
vt 0.001953 0.500000
vt 0.001953 0.500000
vt 0.001953 0.500000
vt 0.001953 0.500000
vt 0.001953 0.500000
vt 0.001953 0.500000
vt 0.001953 0.500000
vt 0.001953 0.500000
vt 0.001953 0.500000
vt 0.009766 0.500000
vt 0.009766 0.500000
vt 0.009766 0.500000
vt 0.001953 0.500000
vt 0.001953 0.500000
vt 0.001953 0.500000
vt 0.009766 0.500000
vt 0.001953 0.500000
vt 0.013672 0.500000
vt 0.013672 0.500000
vt 0.013672 0.500000
vt 0.001953 0.500000
vt 0.013672 0.500000
vt 0.001953 0.500000
vt 0.001953 0.500000
vt 0.001953 0.500000
vt 0.001953 0.500000
vt 0.001953 0.500000
vt 0.025391 0.500000
vt 0.025391 0.500000
vt 0.025391 0.500000
vt 0.025391 0.500000
vt 0.025391 0.500000
vt 0.025391 0.500000
vt 0.025391 0.500000
vt 0.025391 0.500000
vt 0.025391 0.500000
vt 0.025391 0.500000
vt 0.025391 0.500000
vt 0.025391 0.500000
vt 0.025391 0.500000
vt 0.025391 0.500000
vt 0.025391 0.500000
vt 0.025391 0.500000
vt 0.025391 0.500000
vt 0.025391 0.500000
vt 0.025391 0.500000
vt 0.025391 0.500000
vt 0.013672 0.500000
vt 0.013672 0.500000
vt 0.013672 0.500000
vt 0.001953 0.500000
vt 0.001953 0.500000
vt 0.001953 0.500000
vt 0.013672 0.500000
vt 0.009766 0.500000
vt 0.009766 0.500000
vt 0.009766 0.500000
vt 0.001953 0.500000
vt 0.001953 0.500000
vt 0.001953 0.500000
vt 0.009766 0.500000
vt 0.001953 0.500000
vt 0.001953 0.500000
vt 0.001953 0.500000
vt 0.001953 0.500000
vt 0.013672 0.500000
vt 0.001953 0.500000
vt 0.001953 0.500000
vt 0.001953 0.500000
vt 0.013672 0.500000
vt 0.001953 0.500000
vt 0.001953 0.500000
vt 0.001953 0.500000
vt 0.001953 0.500000
vt 0.001953 0.500000
vt 0.001953 0.500000
vt 0.001953 0.500000
vt 0.001953 0.500000
vt 0.013672 0.500000
vt 0.013672 0.500000
vt 0.013672 0.500000
vt 0.001953 0.500000
vt 0.001953 0.500000
vt 0.001953 0.500000
vt 0.013672 0.500000
vt 0.001953 0.500000
vt 0.001953 0.500000
vt 0.009766 0.500000
vt 0.009766 0.500000
vt 0.009766 0.500000
vt 0.001953 0.500000
vt 0.001953 0.500000
vt 0.001953 0.500000
vt 0.009766 0.500000
vt 0.001953 0.500000
vt 0.001953 0.500000
vt 0.013672 0.500000
vt 0.013672 0.500000
vt 0.013672 0.500000
vt 0.001953 0.500000
vt 0.013672 0.500000
vt 0.001953 0.500000
vt 0.001953 0.500000
vt 0.001953 0.500000
vt 0.001953 0.500000
vt 0.001953 0.500000
vt 0.001953 0.500000
vt 0.001953 0.500000
vt 0.001953 0.500000
vt 0.013672 0.500000
vt 0.013672 0.500000
vt 0.013672 0.500000
vt 0.013672 0.500000
vt 0.013672 0.500000
vt 0.013672 0.500000
vt 0.013672 0.500000
vt 0.013672 0.500000
vt 0.005859 0.500000
vt 0.005859 0.500000
vt 0.005859 0.500000
vt 0.013672 0.500000
vt 0.001953 0.500000
vt 0.001953 0.500000
vt 0.001953 0.500000
vt 0.005859 0.500000
vt 0.001953 0.500000
vt 0.013672 0.500000
vt 0.013672 0.500000
vt 0.013672 0.500000
vt 0.001953 0.500000
vt 0.001953 0.500000
vt 0.001953 0.500000
vt 0.001953 0.500000
vt 0.029297 0.500000
vt 0.029297 0.500000
vt 0.029297 0.500000
vt 0.029297 0.500000
vt 0.001953 0.500000
vt 0.001953 0.500000
vt 0.001953 0.500000
vt 0.001953 0.500000
vt 0.001953 0.500000
vt 0.001953 0.500000
vt 0.001953 0.500000
vt 0.001953 0.500000
vt 0.029297 0.500000
vt 0.029297 0.500000
vt 0.029297 0.500000
vt 0.029297 0.500000
vt 0.001953 0.500000
vt 0.001953 0.500000
vt 0.001953 0.500000
vt 0.001953 0.500000
vt 0.013672 0.500000
vt 0.013672 0.500000
vt 0.013672 0.500000
vt 0.013672 0.500000
vt 0.013672 0.500000
vt 0.013672 0.500000
vt 0.013672 0.500000
vt 0.001953 0.500000
vt 0.001953 0.500000
vt 0.001953 0.500000
vt 0.013672 0.500000
vt 0.013672 0.500000
vt 0.001953 0.500000
vt 0.013672 0.500000
vt 0.013672 0.500000
vt 0.013672 0.500000
vt 0.029297 0.500000
vt 0.029297 0.500000
vt 0.029297 0.500000
vt 0.001953 0.500000
vt 0.029297 0.500000
vt 0.001953 0.500000
vt 0.001953 0.500000
vt 0.013672 0.500000
vt 0.001953 0.500000
vt 0.013672 0.500000
vt 0.001953 0.500000
vt 0.013672 0.500000
vt 0.013672 0.500000
vt 0.001953 0.500000
vt 0.013672 0.500000
vt 0.013672 0.500000
vt 0.013672 0.500000
vt 0.013672 0.500000
vt 0.013672 0.500000
vt 0.013672 0.500000
vt 0.013672 0.500000
vt 0.013672 0.500000
vt 0.001953 0.500000
vt 0.001953 0.500000
vt 0.001953 0.500000
vt 0.013672 0.500000
vt 0.013672 0.500000
vt 0.013672 0.500000
vt 0.001953 0.500000
vt 0.013672 0.500000
vt 0.029297 0.500000
vt 0.029297 0.500000
vt 0.029297 0.500000
vt 0.001953 0.500000
vt 0.029297 0.500000
vt 0.001953 0.500000
vt 0.001953 0.500000
vt 0.013672 0.500000
vt 0.013672 0.500000
vt 0.013672 0.500000
vt 0.001953 0.500000
vt 0.013672 0.500000
vt 0.001953 0.500000
vt 0.009766 0.500000
vt 0.009766 0.500000
vt 0.009766 0.500000
vt 0.009766 0.500000
vt 0.009766 0.500000
vt 0.009766 0.500000
vt 0.009766 0.500000
vt 0.009766 0.500000
vt 0.001953 0.500000
vt 0.001953 0.500000
vt 0.001953 0.500000
vt 0.001953 0.500000
vt 0.001953 0.500000
vt 0.001953 0.500000
vt 0.001953 0.500000
vt 0.001953 0.500000
vt 0.013672 0.500000
vt 0.013672 0.500000
vt 0.013672 0.500000
vt 0.013672 0.500000
vt 0.001953 0.500000
vt 0.001953 0.500000
vt 0.001953 0.500000
vt 0.001953 0.500000
vt 0.001953 0.500000
vt 0.001953 0.500000
vt 0.001953 0.500000
vt 0.001953 0.500000
vt 0.001953 0.500000
vt 0.001953 0.500000
vt 0.001953 0.500000
vt 0.001953 0.500000
vt 0.013672 0.500000
vt 0.013672 0.500000
vt 0.013672 0.500000
vt 0.013672 0.500000
vt 0.001953 0.500000
vt 0.001953 0.500000
vt 0.001953 0.500000
vt 0.001953 0.500000
vt 0.001953 0.500000
vt 0.001953 0.500000
vt 0.001953 0.500000
vt 0.001953 0.500000
vt 0.001953 0.500000
vt 0.001953 0.500000
vt 0.001953 0.500000
vt 0.001953 0.500000
vt 0.025391 0.500000
vt 0.025391 0.500000
vt 0.025391 0.500000
vt 0.025391 0.500000
vt 0.025391 0.500000
vt 0.025391 0.500000
vt 0.025391 0.500000
vt 0.025391 0.500000
vt 0.025391 0.500000
vt 0.025391 0.500000
vt 0.025391 0.500000
vt 0.025391 0.500000
vt 0.025391 0.500000
vt 0.025391 0.500000
vt 0.025391 0.500000
vt 0.025391 0.500000
vt 0.025391 0.500000
vt 0.025391 0.500000
vt 0.025391 0.500000
vt 0.025391 0.500000
vt 0.009766 0.500000
vt 0.009766 0.500000
vt 0.009766 0.500000
vt 0.009766 0.500000
vt 0.009766 0.500000
vt 0.009766 0.500000
vt 0.009766 0.500000
vt 0.009766 0.500000
vt 0.013672 0.500000
vt 0.013672 0.500000
vt 0.013672 0.500000
vt 0.001953 0.500000
vt 0.001953 0.500000
vt 0.001953 0.500000
vt 0.013672 0.500000
vt 0.001953 0.500000
vt 0.001953 0.500000
vt 0.001953 0.500000
vt 0.001953 0.500000
vt 0.001953 0.500000
vt 0.001953 0.500000
vt 0.001953 0.500000
vt 0.013672 0.500000
vt 0.001953 0.500000
vt 0.001953 0.500000
vt 0.001953 0.500000
vt 0.013672 0.500000
vt 0.001953 0.500000
vt 0.001953 0.500000
vt 0.001953 0.500000
vt 0.001953 0.500000
vt 0.001953 0.500000
vt 0.001953 0.500000
vt 0.001953 0.500000
vt 0.001953 0.500000
vt 0.013672 0.500000
vt 0.013672 0.500000
vt 0.013672 0.500000
vt 0.001953 0.500000
vt 0.001953 0.500000
vt 0.001953 0.500000
vt 0.013672 0.500000
vt 0.001953 0.500000
vt 0.001953 0.500000
vt 0.001953 0.500000
vt 0.001953 0.500000
vt 0.001953 0.500000
vt 0.001953 0.500000
vt 0.005859 0.500000
vt 0.005859 0.500000
vt 0.005859 0.500000
vt 0.001953 0.500000
vt 0.001953 0.500000
vt 0.001953 0.500000
vt 0.005859 0.500000
vt 0.001953 0.500000
vt 0.001953 0.500000
vt 0.001953 0.500000
vt 0.001953 0.500000
vt 0.001953 0.500000
vt 0.001953 0.500000
vt 0.001953 0.500000
vt 0.001953 0.500000
vt 0.001953 0.500000
vt 0.001953 0.500000
vt 0.001953 0.500000
vt 0.001953 0.500000
vt 0.001953 0.500000
vt 0.029297 0.500000
vt 0.029297 0.500000
vt 0.029297 0.500000
vt 0.029297 0.500000
vt 0.001953 0.500000
vt 0.001953 0.500000
vt 0.001953 0.500000
vt 0.001953 0.500000
vt 0.001953 0.500000
vt 0.001953 0.500000
vt 0.001953 0.500000
vt 0.001953 0.500000
vt 0.001953 0.500000
vt 0.001953 0.500000
vt 0.001953 0.500000
vt 0.001953 0.500000
vt 0.001953 0.500000
vt 0.001953 0.500000
vt 0.001953 0.500000
vt 0.001953 0.500000
vt 0.001953 0.500000
vt 0.001953 0.500000
vt 0.001953 0.500000
vt 0.001953 0.500000
vt 0.001953 0.500000
vt 0.001953 0.500000
vt 0.001953 0.500000
vt 0.001953 0.500000
vt 0.001953 0.500000
vt 0.001953 0.500000
vt 0.001953 0.500000
vt 0.001953 0.500000
vt 0.001953 0.500000
vt 0.029297 0.500000
vt 0.029297 0.500000
vt 0.029297 0.500000
vt 0.029297 0.500000
vt 0.001953 0.500000
vt 0.001953 0.500000
vt 0.001953 0.500000
vt 0.001953 0.500000
vt 0.001953 0.500000
vt 0.001953 0.500000
vt 0.001953 0.500000
vt 0.001953 0.500000
vt 0.001953 0.500000
vt 0.001953 0.500000
vt 0.001953 0.500000
vt 0.001953 0.500000
vt 0.013672 0.500000
vt 0.013672 0.500000
vt 0.013672 0.500000
vt 0.013672 0.500000
vt 0.001953 0.500000
vt 0.001953 0.500000
vt 0.001953 0.500000
vt 0.001953 0.500000
vt 0.001953 0.500000
vt 0.001953 0.500000
vt 0.001953 0.500000
vt 0.001953 0.500000
vt 0.001953 0.500000
vt 0.001953 0.500000
vt 0.001953 0.500000
vt 0.029297 0.500000
vt 0.029297 0.500000
vt 0.029297 0.500000
vt 0.001953 0.500000
vt 0.029297 0.500000
vt 0.001953 0.500000
vt 0.001953 0.500000
vt 0.001953 0.500000
vt 0.001953 0.500000
vt 0.001953 0.500000
vt 0.001953 0.500000
vt 0.013672 0.500000
vt 0.013672 0.500000
vt 0.013672 0.500000
vt 0.001953 0.500000
vt 0.013672 0.500000
vt 0.001953 0.500000
vt 0.001953 0.500000
vt 0.001953 0.500000
vt 0.001953 0.500000
vt 0.001953 0.500000
vt 0.013672 0.500000
vt 0.013672 0.500000
vt 0.013672 0.500000
vt 0.013672 0.500000
vt 0.013672 0.500000
vt 0.013672 0.500000
vt 0.013672 0.500000
vt 0.013672 0.500000
vt 0.013672 0.500000
vt 0.013672 0.500000
vt 0.013672 0.500000
vt 0.001953 0.500000
vt 0.001953 0.500000
vt 0.001953 0.500000
vt 0.001953 0.500000
vt 0.013672 0.500000
vt 0.013672 0.500000
vt 0.013672 0.500000
vt 0.013672 0.500000
vt 0.013672 0.500000
vt 0.013672 0.500000
vt 0.013672 0.500000
vt 0.013672 0.500000
vt 0.013672 0.500000
vt 0.013672 0.500000
vt 0.013672 0.500000
vt 0.013672 0.500000
vt 0.013672 0.500000
vt 0.013672 0.500000
vt 0.013672 0.500000
vt 0.013672 0.500000
vt 0.013672 0.500000
vt 0.013672 0.500000
vt 0.013672 0.500000
vt 0.009766 0.500000
vt 0.009766 0.500000
vt 0.009766 0.500000
vt 0.009766 0.500000
vt 0.009766 0.500000
vt 0.009766 0.500000
vt 0.009766 0.500000
vt 0.009766 0.500000
vt 0.009766 0.500000
vt 0.009766 0.500000
vt 0.009766 0.500000
vt 0.009766 0.500000
vt 0.009766 0.500000
vt 0.009766 0.500000
vt 0.009766 0.500000
vt 0.009766 0.500000
vt 0.001953 0.500000
vt 0.001953 0.500000
vt 0.001953 0.500000
vt 0.001953 0.500000
vt 0.001953 0.500000
vt 0.001953 0.500000
vt 0.001953 0.500000
vt 0.001953 0.500000
vt 0.001953 0.500000
vt 0.001953 0.500000
vt 0.001953 0.500000
vt 0.001953 0.500000
vt 0.001953 0.500000
vt 0.001953 0.500000
vt 0.001953 0.500000
vt 0.001953 0.500000
vt 0.001953 0.500000
vt 0.001953 0.500000
vt 0.001953 0.500000
vt 0.013672 0.500000
vt 0.013672 0.500000
vt 0.013672 0.500000
vt 0.013672 0.500000
vt 0.001953 0.500000
vt 0.001953 0.500000
vt 0.001953 0.500000
vt 0.001953 0.500000
vt 0.001953 0.500000
vt 0.001953 0.500000
vt 0.001953 0.500000
vt 0.001953 0.500000
vt 0.001953 0.500000
vt 0.001953 0.500000
vt 0.001953 0.500000
vt 0.013672 0.500000
vt 0.013672 0.500000
vt 0.013672 0.500000
vt 0.001953 0.500000
vt 0.013672 0.500000
vt 0.001953 0.500000
vt 0.001953 0.500000
vt 0.001953 0.500000
vt 0.001953 0.500000
vt 0.001953 0.500000
vt 0.001953 0.500000
vt 0.001953 0.500000
vt 0.013672 0.500000
vt 0.013672 0.500000
vt 0.013672 0.500000
vt 0.013672 0.500000
vt 0.013672 0.500000
vt 0.013672 0.500000
vt 0.013672 0.500000
vt 0.013672 0.500000
vt 0.013672 0.500000
vt 0.013672 0.500000
vt 0.013672 0.500000
vt 0.013672 0.500000
vt 0.013672 0.500000
vt 0.013672 0.500000
vt 0.001953 0.500000
vt 0.001953 0.500000
vt 0.001953 0.500000
vt 0.001953 0.500000
vt 0.001953 0.500000
vt 0.001953 0.500000
vt 0.001953 0.500000
vt 0.001953 0.500000
vt 0.013672 0.500000
vt 0.013672 0.500000
vt 0.013672 0.500000
vt 0.013672 0.500000
vt 0.013672 0.500000
vt 0.013672 0.500000
vt 0.013672 0.500000
vt 0.013672 0.500000
vt 0.025391 0.500000
vt 0.025391 0.500000
vt 0.025391 0.500000
vt 0.025391 0.500000
vt 0.025391 0.500000
vt 0.025391 0.500000
vt 0.025391 0.500000
vt 0.025391 0.500000
vt 0.025391 0.500000
vt 0.025391 0.500000
vt 0.025391 0.500000
vt 0.025391 0.500000
vt 0.025391 0.500000
vt 0.025391 0.500000
vt 0.025391 0.500000
vt 0.025391 0.500000
vt 0.001953 0.500000
vt 0.001953 0.500000
vt 0.001953 0.500000
vt 0.001953 0.500000
vt 0.001953 0.500000
vt 0.001953 0.500000
vt 0.001953 0.500000
vt 0.001953 0.500000
vt 0.005859 0.500000
vt 0.005859 0.500000
vt 0.005859 0.500000
vt 0.005859 0.500000
vt 0.013672 0.500000
vt 0.013672 0.500000
vt 0.013672 0.500000
vt 0.013672 0.500000
vt 0.013672 0.500000
vt 0.013672 0.500000
vt 0.013672 0.500000
vt 0.013672 0.500000
vt 0.025391 0.500000
vt 0.025391 0.500000
vt 0.025391 0.500000
vt 0.025391 0.500000
vt 0.025391 0.500000
vt 0.025391 0.500000
vt 0.025391 0.500000
vt 0.025391 0.500000
vt 0.025391 0.500000
vt 0.025391 0.500000
vt 0.025391 0.500000
vt 0.025391 0.500000
vt 0.025391 0.500000
vt 0.025391 0.500000
vt 0.025391 0.500000
vt 0.025391 0.500000
vt 0.025391 0.500000
vt 0.025391 0.500000
vt 0.025391 0.500000
vt 0.025391 0.500000
vt 0.029297 0.500000
vt 0.029297 0.500000
vt 0.029297 0.500000
vt 0.029297 0.500000
vt 0.029297 0.500000
vt 0.029297 0.500000
vt 0.029297 0.500000
vt 0.029297 0.500000
vt 0.029297 0.500000
vt 0.029297 0.500000
vt 0.029297 0.500000
vt 0.029297 0.500000
vt 0.001953 0.500000
vt 0.001953 0.500000
vt 0.001953 0.500000
vt 0.001953 0.500000
vt 0.001953 0.500000
vt 0.001953 0.500000
vt 0.001953 0.500000
vt 0.001953 0.500000
vt 0.001953 0.500000
vt 0.001953 0.500000
vt 0.001953 0.500000
vt 0.001953 0.500000
vt 0.013672 0.500000
vt 0.013672 0.500000
vt 0.013672 0.500000
vt 0.013672 0.500000
vt 0.001953 0.500000
vt 0.001953 0.500000
vt 0.001953 0.500000
vt 0.001953 0.500000
vt 0.001953 0.500000
vt 0.001953 0.500000
vt 0.001953 0.500000
vt 0.001953 0.500000
vt 0.001953 0.500000
vt 0.001953 0.500000
vt 0.001953 0.500000
vt 0.001953 0.500000
vt 0.001953 0.500000
vt 0.001953 0.500000
vt 0.001953 0.500000
vt 0.001953 0.500000
vt 0.029297 0.500000
vt 0.029297 0.500000
vt 0.029297 0.500000
vt 0.029297 0.500000
vt 0.013672 0.500000
vt 0.013672 0.500000
vt 0.013672 0.500000
vt 0.013672 0.500000
vt 0.013672 0.500000
vt 0.013672 0.500000
vt 0.013672 0.500000
vt 0.013672 0.500000
vt 0.001953 0.500000
vt 0.001953 0.500000
vt 0.001953 0.500000
vt 0.001953 0.500000
vt 0.001953 0.500000
vt 0.001953 0.500000
vt 0.001953 0.500000
vt 0.001953 0.500000
vt 0.029297 0.500000
vt 0.029297 0.500000
vt 0.029297 0.500000
vt 0.029297 0.500000
vt 0.001953 0.500000
vt 0.001953 0.500000
vt 0.001953 0.500000
vt 0.001953 0.500000
vt 0.001953 0.500000
vt 0.001953 0.500000
vt 0.001953 0.500000
vt 0.001953 0.500000
vt 0.001953 0.500000
vt 0.001953 0.500000
vt 0.001953 0.500000
vt 0.001953 0.500000
vt 0.001953 0.500000
vt 0.001953 0.500000
vt 0.001953 0.500000
vt 0.013672 0.500000
vt 0.013672 0.500000
vt 0.013672 0.500000
vt 0.001953 0.500000
vt 0.013672 0.500000
vt 0.029297 0.500000
vt 0.029297 0.500000
vt 0.029297 0.500000
vt 0.029297 0.500000
vt 0.001953 0.500000
vt 0.001953 0.500000
vt 0.001953 0.500000
vt 0.001953 0.500000
vt 0.001953 0.500000
vt 0.001953 0.500000
vt 0.001953 0.500000
vt 0.001953 0.500000
vt 0.029297 0.500000
vt 0.029297 0.500000
vt 0.029297 0.500000
vt 0.029297 0.500000
vt 0.029297 0.500000
vt 0.029297 0.500000
vt 0.029297 0.500000
vt 0.029297 0.500000
vt 0.013672 0.500000
vt 0.013672 0.500000
vt 0.013672 0.500000
vt 0.029297 0.500000
vt 0.013672 0.500000
vt 0.029297 0.500000
vt 0.029297 0.500000
vt 0.029297 0.500000
vt 0.029297 0.500000
vt 0.013672 0.500000
vt 0.013672 0.500000
vt 0.013672 0.500000
vt 0.013672 0.500000
vt 0.029297 0.500000
vt 0.029297 0.500000
vt 0.029297 0.500000
vt 0.001953 0.500000
vt 0.001953 0.500000
vt 0.001953 0.500000
vt 0.001953 0.500000
vt 0.001953 0.500000
vt 0.001953 0.500000
vt 0.001953 0.500000
vt 0.001953 0.500000
vt 0.001953 0.500000
vt 0.001953 0.500000
vt 0.001953 0.500000
vt 0.001953 0.500000
vt 0.001953 0.500000
vt 0.001953 0.500000
vt 0.001953 0.500000
vt 0.013672 0.500000
vt 0.013672 0.500000
vt 0.013672 0.500000
vt 0.001953 0.500000
vt 0.013672 0.500000
vt 0.001953 0.500000
vt 0.001953 0.500000
vt 0.001953 0.500000
vt 0.001953 0.500000
vt 0.001953 0.500000
vt 0.001953 0.500000
vt 0.001953 0.500000
vt 0.001953 0.500000
vt 0.001953 0.500000
vt 0.001953 0.500000
vt 0.001953 0.500000
vt 0.001953 0.500000
vt 0.013672 0.500000
vt 0.013672 0.500000
vt 0.013672 0.500000
vt 0.013672 0.500000
vt 0.001953 0.500000
vt 0.001953 0.500000
vt 0.001953 0.500000
vt 0.001953 0.500000
vt 0.013672 0.500000
vt 0.013672 0.500000
vt 0.013672 0.500000
vt 0.013672 0.500000
vt 0.013672 0.500000
vt 0.013672 0.500000
vt 0.001953 0.500000
vt 0.001953 0.500000
vt 0.001953 0.500000
vt 0.001953 0.500000
vt 0.013672 0.500000
vt 0.013672 0.500000
vt 0.013672 0.500000
vt 0.013672 0.500000
vt 0.013672 0.500000
vt 0.013672 0.500000
vt 0.013672 0.500000
vt 0.013672 0.500000
vt 0.013672 0.500000
vt 0.013672 0.500000
vt 0.025391 0.500000
vt 0.025391 0.500000
vt 0.025391 0.500000
vt 0.025391 0.500000
vt 0.025391 0.500000
vt 0.025391 0.500000
vt 0.025391 0.500000
vt 0.025391 0.500000
vt 0.013672 0.500000
vt 0.013672 0.500000
vt 0.013672 0.500000
vt 0.013672 0.500000
vt 0.013672 0.500000
vt 0.013672 0.500000
vt 0.013672 0.500000
vt 0.013672 0.500000
vt 0.001953 0.500000
vt 0.001953 0.500000
vt 0.001953 0.500000
vt 0.001953 0.500000
vt 0.001953 0.500000
vt 0.001953 0.500000
vt 0.001953 0.500000
vt 0.001953 0.500000
vt 0.001953 0.500000
vt 0.001953 0.500000
vt 0.001953 0.500000
vt 0.001953 0.500000
vt 0.001953 0.500000
vt 0.001953 0.500000
vt 0.001953 0.500000
vt 0.001953 0.500000
vt 0.001953 0.500000
vt 0.001953 0.500000
vt 0.001953 0.500000
vt 0.001953 0.500000
vt 0.001953 0.500000
vt 0.001953 0.500000
vt 0.001953 0.500000
vt 0.001953 0.500000
vt 0.001953 0.500000
vt 0.001953 0.500000
vt 0.001953 0.500000
vt 0.001953 0.500000
vt 0.001953 0.500000
vt 0.001953 0.500000
vt 0.001953 0.500000
vt 0.013672 0.500000
vt 0.013672 0.500000
vt 0.013672 0.500000
vt 0.013672 0.500000
vt 0.001953 0.500000
vt 0.001953 0.500000
vt 0.001953 0.500000
vt 0.001953 0.500000
vt 0.001953 0.500000
vt 0.001953 0.500000
vt 0.001953 0.500000
vt 0.013672 0.500000
vt 0.013672 0.500000
vt 0.013672 0.500000
vt 0.013672 0.500000
vt 0.013672 0.500000
vt 0.013672 0.500000
vt 0.013672 0.500000
vt 0.013672 0.500000
vt 0.013672 0.500000
vt 0.013672 0.500000
vt 0.013672 0.500000
vt 0.013672 0.500000
vt 0.013672 0.500000
vt 0.013672 0.500000
vt 0.013672 0.500000
vt 0.013672 0.500000
vt 0.013672 0.500000
vt 0.013672 0.500000
vt 0.013672 0.500000
vt 0.013672 0.500000
vt 0.013672 0.500000
vt 0.001953 0.500000
vt 0.001953 0.500000
vt 0.001953 0.500000
vt 0.013672 0.500000
vt 0.029297 0.500000
vt 0.029297 0.500000
vt 0.029297 0.500000
vt 0.001953 0.500000
vt 0.001953 0.500000
vt 0.001953 0.500000
vt 0.001953 0.500000
vt 0.029297 0.500000
vt 0.013672 0.500000
vt 0.013672 0.500000
vt 0.013672 0.500000
vt 0.001953 0.500000
vt 0.013672 0.500000
vt 0.001953 0.500000
vt 0.001953 0.500000
vt 0.001953 0.500000
vt 0.001953 0.500000
vt 0.001953 0.500000
vt 0.001953 0.500000
vt 0.001953 0.500000
vt 0.001953 0.500000
vt 0.013672 0.500000
vt 0.013672 0.500000
vt 0.013672 0.500000
vt 0.001953 0.500000
vt 0.001953 0.500000
vt 0.001953 0.500000
vt 0.013672 0.500000
vt 0.029297 0.500000
vt 0.029297 0.500000
vt 0.029297 0.500000
vt 0.001953 0.500000
vt 0.001953 0.500000
vt 0.001953 0.500000
vt 0.001953 0.500000
vt 0.029297 0.500000
vt 0.013672 0.500000
vt 0.013672 0.500000
vt 0.013672 0.500000
vt 0.001953 0.500000
vt 0.013672 0.500000
vt 0.001953 0.500000
vt 0.001953 0.500000
vt 0.001953 0.500000
vt 0.001953 0.500000
vt 0.001953 0.500000
vt 0.001953 0.500000
vt 0.001953 0.500000
vt 0.001953 0.500000
vt 0.001953 0.500000
vt 0.001953 0.500000
vt 0.001953 0.500000
vt 0.001953 0.500000
vt 0.001953 0.500000
vt 0.001953 0.500000
vt 0.001953 0.500000
vt 0.001953 0.500000
vt 0.001953 0.500000
vt 0.001953 0.500000
vt 0.001953 0.500000
vt 0.001953 0.500000
vt 0.013672 0.500000
vt 0.013672 0.500000
vt 0.013672 0.500000
vt 0.001953 0.500000
vt 0.001953 0.500000
vt 0.001953 0.500000
vt 0.013672 0.500000
vt 0.029297 0.500000
vt 0.029297 0.500000
vt 0.029297 0.500000
vt 0.001953 0.500000
vt 0.001953 0.500000
vt 0.001953 0.500000
vt 0.001953 0.500000
vt 0.029297 0.500000
vt 0.013672 0.500000
vt 0.013672 0.500000
vt 0.013672 0.500000
vt 0.001953 0.500000
vt 0.013672 0.500000
vt 0.001953 0.500000
vt 0.001953 0.500000
vt 0.001953 0.500000
vt 0.001953 0.500000
vt 0.001953 0.500000
vt 0.001953 0.500000
vt 0.001953 0.500000
vt 0.001953 0.500000
vt 0.001953 0.500000
vt 0.001953 0.500000
vt 0.001953 0.500000
vt 0.001953 0.500000
vt 0.001953 0.500000
vt 0.001953 0.500000
vt 0.001953 0.500000
vt 0.029297 0.500000
vt 0.029297 0.500000
vt 0.029297 0.500000
vt 0.029297 0.500000
vt 0.001953 0.500000
vt 0.001953 0.500000
vt 0.029297 0.500000
vt 0.001953 0.500000
vt 0.001953 0.500000
vt 0.001953 0.500000
vt 0.029297 0.500000
vt 0.013672 0.500000
vt 0.013672 0.500000
vt 0.013672 0.500000
vt 0.001953 0.500000
vt 0.013672 0.500000
vt 0.001953 0.500000
vt 0.001953 0.500000
vt 0.013672 0.500000
vt 0.013672 0.500000
vt 0.013672 0.500000
vt 0.001953 0.500000
vt 0.013672 0.500000
vt 0.013672 0.500000
vt 0.013672 0.500000
vt 0.013672 0.500000
vt 0.001953 0.500000
vt 0.013672 0.500000
vt 0.013672 0.500000
vt 0.001953 0.500000
vt 0.013672 0.500000
vt 0.013672 0.500000
vt 0.013672 0.500000
vt 0.013672 0.500000
vt 0.013672 0.500000
vt 0.001953 0.500000
vt 0.001953 0.500000
vt 0.001953 0.500000
vt 0.001953 0.500000
vt 0.001953 0.500000
vt 0.013672 0.500000
vt 0.013672 0.500000
vt 0.013672 0.500000
vt 0.001953 0.500000
vt 0.001953 0.500000
vt 0.013672 0.500000
vt 0.001953 0.500000
vt 0.013672 0.500000
vt 0.013672 0.500000
vt 0.001953 0.500000
vt 0.013672 0.500000
vt 0.013672 0.500000
vt 0.013672 0.500000
vt 0.001953 0.500000
vt 0.013672 0.500000
vt 0.013672 0.500000
vt 0.001953 0.500000
vt 0.001953 0.500000
vt 0.001953 0.500000
vt 0.001953 0.500000
vt 0.013672 0.500000
vt 0.001953 0.500000
vt 0.001953 0.500000
vt 0.013672 0.500000
vt 0.013672 0.500000
vt 0.013672 0.500000
vt 0.001953 0.500000
vt 0.013672 0.500000
vt 0.001953 0.500000
vt 0.001953 0.500000
vt 0.001953 0.500000
vt 0.001953 0.500000
vt 0.001953 0.500000
vt 0.001953 0.500000
vt 0.013672 0.500000
vt 0.013672 0.500000
vt 0.013672 0.500000
vt 0.001953 0.500000
vt 0.001953 0.500000
vt 0.013672 0.500000
vt 0.013672 0.500000
vt 0.013672 0.500000
vt 0.001953 0.500000
vt 0.001953 0.500000
vt 0.013672 0.500000
vt 0.013672 0.500000
vt 0.001953 0.500000
vt 0.001953 0.500000
vt 0.001953 0.500000
vt 0.001953 0.500000
vt 0.001953 0.500000
vt 0.001953 0.500000
vt 0.001953 0.500000
vt 0.001953 0.500000
vt 0.001953 0.500000
vt 0.001953 0.500000
vt 0.001953 0.500000
vt 0.001953 0.500000
vt 0.001953 0.500000
vt 0.001953 0.500000
vt 0.001953 0.500000
vt 0.025391 0.500000
vt 0.025391 0.500000
vt 0.025391 0.500000
vt 0.025391 0.500000
vt 0.025391 0.500000
vt 0.025391 0.500000
vt 0.025391 0.500000
vt 0.025391 0.500000
vt 0.013672 0.500000
vt 0.013672 0.500000
vt 0.013672 0.500000
vt 0.013672 0.500000
vt 0.013672 0.500000
vt 0.013672 0.500000
vt 0.013672 0.500000
vt 0.013672 0.500000
vt 0.001953 0.500000
vt 0.001953 0.500000
vt 0.001953 0.500000
vt 0.001953 0.500000
vt 0.013672 0.500000
vt 0.013672 0.500000
vt 0.013672 0.500000
vt 0.013672 0.500000
vt 0.013672 0.500000
vt 0.013672 0.500000
vt 0.013672 0.500000
vt 0.013672 0.500000
vn -1.0000 0.0000 0.0000
vn 1.0000 0.0000 0.0000
vn 0.0000 0.0000 1.0000
vn 0.0000 0.0000 -1.0000
vn 0.0000 -1.0000 -0.0000
vn 0.0000 1.0000 0.0000
usemtl palette.001
s 1
f 1/1/1 2/2/1 3/3/1
f 4/4/1 2/2/1 1/1/1
f 5/5/1 6/6/1 7/7/1
f 8/8/1 6/6/1 5/5/1
f 9/9/1 1/1/1 3/3/1
f 10/10/1 11/11/1 4/12/1
f 10/13/1 1/1/1 9/9/1
f 10/10/1 4/12/1 1/14/1
f 12/15/1 5/5/1 7/7/1
f 13/16/1 14/17/1 8/18/1
f 13/19/1 5/5/1 12/15/1
f 13/16/1 8/18/1 5/20/1
f 15/21/1 10/10/1 9/22/1
f 16/23/1 11/11/1 10/10/1
f 16/23/1 10/10/1 15/21/1
f 17/24/1 13/16/1 12/25/1
f 18/26/1 14/17/1 13/16/1
f 18/26/1 13/16/1 17/24/1
f 19/27/1 20/28/1 21/29/1
f 22/30/1 20/28/1 19/27/1
f 23/31/1 24/32/1 25/33/1
f 26/34/1 24/32/1 23/31/1
f 27/35/1 22/36/1 19/37/1
f 28/38/1 20/28/1 22/30/1
f 28/39/1 22/36/1 27/35/1
f 29/40/1 26/41/1 23/42/1
f 30/43/1 26/41/1 29/40/1
f 31/44/1 28/38/1 27/45/1
f 32/46/1 20/28/1 28/38/1
f 32/46/1 28/38/1 31/44/1
f 33/47/1 30/48/1 29/49/1
f 34/50/1 30/48/1 33/47/1
f 35/51/1 36/52/1 37/53/1
f 35/54/1 38/55/1 36/56/1
f 39/57/1 38/55/1 35/54/1
f 40/58/1 39/59/1 35/51/1
f 40/60/1 38/55/1 39/57/1
f 41/61/1 38/55/1 40/60/1
f 42/62/1 43/63/1 44/64/1
f 45/65/1 46/66/1 42/62/1
f 47/67/1 42/62/1 44/64/1
f 47/67/1 48/68/1 45/65/1
f 47/67/1 45/65/1 42/62/1
f 49/69/1 48/68/1 47/67/1
f 50/70/1 48/68/1 49/69/1
f 51/71/1 47/67/1 44/64/1
f 52/72/1 49/73/1 47/74/1
f 52/75/1 47/67/1 51/71/1
f 53/76/1 54/77/1 50/70/1
f 53/78/1 49/73/1 52/72/1
f 53/76/1 50/70/1 49/69/1
f 55/79/1 54/77/1 53/76/1
f 56/80/1 57/81/1 41/82/1
f 56/80/1 41/82/1 40/58/1
f 58/83/1 57/81/1 56/80/1
f 59/84/1 55/85/1 53/78/1
f 59/84/1 52/72/1 51/86/1
f 59/87/1 51/71/1 44/64/1
f 59/84/1 53/78/1 52/72/1
f 60/88/1 55/85/1 59/84/1
f 61/89/1 55/85/1 60/88/1
f 62/90/1 54/77/1 55/79/1
f 62/91/1 55/85/1 61/89/1
f 63/92/1 40/58/1 35/51/1
f 63/92/1 35/51/1 37/53/1
f 63/92/1 56/80/1 40/58/1
f 64/93/1 56/80/1 63/92/1
f 65/94/1 61/89/1 60/88/1
f 65/95/1 60/96/1 59/87/1
f 66/97/1 62/90/1 61/98/1
f 66/99/1 61/89/1 65/94/1
f 67/100/1 54/77/1 62/90/1
f 67/100/1 62/90/1 66/97/1
f 68/101/1 54/77/1 67/100/1
f 69/102/1 66/97/1 65/95/1
f 69/102/1 67/100/1 66/97/1
f 70/103/1 67/100/1 69/102/1
f 71/104/1 59/87/1 44/64/1
f 71/104/1 65/95/1 59/87/1
f 71/104/1 69/102/1 65/95/1
f 72/105/1 69/102/1 71/104/1
f 73/106/1 74/107/1 75/108/1
f 76/109/1 74/107/1 73/106/1
f 77/110/1 78/111/1 79/112/1
f 80/113/1 78/111/1 77/110/1
f 81/114/1 77/115/1 82/116/1
f 83/117/1 77/115/1 81/114/1
f 84/118/1 85/119/1 86/120/1
f 87/121/1 85/119/1 84/118/1
f 88/122/1 85/119/1 87/121/1
f 89/123/1 90/124/1 91/125/1
f 89/126/1 91/127/1 92/128/1
f 93/129/1 90/124/1 89/123/1
f 94/130/1 84/118/1 86/120/1
f 95/131/1 87/132/1 84/133/1
f 95/134/1 84/118/1 94/130/1
f 96/135/1 97/136/1 88/122/1
f 96/137/1 87/132/1 95/131/1
f 96/135/1 88/122/1 87/121/1
f 98/138/1 97/136/1 96/135/1
f 99/139/1 97/136/1 98/138/1
f 100/140/1 97/136/1 99/139/1
f 101/141/1 97/136/1 100/140/1
f 102/142/1 93/143/1 89/126/1
f 102/144/1 103/145/1 93/129/1
f 104/146/1 103/145/1 102/144/1
f 105/147/1 99/139/1 98/138/1
f 106/148/1 100/149/1 99/150/1
f 106/151/1 99/139/1 105/147/1
f 107/152/1 108/153/1 101/141/1
f 107/154/1 100/149/1 106/148/1
f 107/152/1 101/141/1 100/140/1
f 109/155/1 108/153/1 107/152/1
f 110/156/1 104/157/1 102/142/1
f 110/156/1 89/126/1 92/128/1
f 110/156/1 102/142/1 89/126/1
f 111/158/1 104/157/1 110/156/1
f 112/159/1 113/160/1 104/146/1
f 112/161/1 104/157/1 111/158/1
f 114/162/1 113/160/1 112/159/1
f 115/163/1 95/131/1 94/164/1
f 115/165/1 94/130/1 86/120/1
f 115/163/1 96/137/1 95/131/1
f 115/163/1 98/166/1 96/137/1
f 116/167/1 98/166/1 115/163/1
f 117/168/1 98/166/1 116/167/1
f 118/169/1 105/147/1 98/138/1
f 118/170/1 98/166/1 117/168/1
f 119/171/1 110/156/1 92/128/1
f 120/172/1 110/156/1 119/171/1
f 121/173/1 111/174/1 110/175/1
f 122/176/1 114/177/1 112/161/1
f 122/178/1 111/174/1 121/173/1
f 122/176/1 112/161/1 111/158/1
f 123/179/1 117/168/1 116/167/1
f 123/180/1 116/181/1 115/165/1
f 124/182/1 118/169/1 117/183/1
f 124/184/1 117/168/1 123/179/1
f 125/185/1 110/156/1 120/172/1
f 126/186/1 110/156/1 125/185/1
f 127/187/1 121/173/1 110/175/1
f 127/188/1 110/156/1 126/186/1
f 128/189/1 122/190/1 121/191/1
f 128/192/1 121/173/1 127/187/1
f 129/193/1 114/177/1 122/176/1
f 129/194/1 122/190/1 128/189/1
f 130/195/1 114/177/1 129/193/1
f 131/196/1 114/177/1 130/195/1
f 132/197/1 106/148/1 105/198/1
f 132/199/1 118/169/1 124/182/1
f 132/197/1 109/200/1 107/154/1
f 132/199/1 105/147/1 118/169/1
f 132/197/1 107/154/1 106/148/1
f 132/199/1 124/182/1 123/180/1
f 133/201/1 109/200/1 132/197/1
f 134/202/1 109/200/1 133/201/1
f 135/203/1 108/153/1 109/155/1
f 135/204/1 109/200/1 134/202/1
f 136/205/1 108/153/1 135/203/1
f 137/206/1 108/153/1 136/205/1
f 138/207/1 130/195/1 129/193/1
f 138/207/1 129/193/1 128/208/1
f 138/207/1 128/208/1 127/188/1
f 138/207/1 127/188/1 126/186/1
f 139/209/1 130/195/1 138/207/1
f 140/210/1 130/195/1 139/209/1
f 141/211/1 130/195/1 140/210/1
f 142/212/1 134/202/1 133/201/1
f 142/213/1 133/214/1 132/199/1
f 143/215/1 136/205/1 135/203/1
f 143/216/1 134/202/1 142/212/1
f 143/215/1 135/203/1 134/217/1
f 144/218/1 136/205/1 143/215/1
f 145/219/1 136/205/1 144/218/1
f 146/220/1 140/210/1 139/209/1
f 147/221/1 140/210/1 146/220/1
f 148/222/1 142/213/1 132/199/1
f 148/222/1 144/218/1 143/215/1
f 148/222/1 143/215/1 142/213/1
f 148/222/1 123/180/1 115/165/1
f 148/222/1 115/165/1 86/120/1
f 148/222/1 132/199/1 123/180/1
f 149/223/1 144/218/1 148/222/1
f 150/224/1 151/225/1 152/226/1
f 153/227/1 151/225/1 150/224/1
f 154/228/1 150/229/1 155/230/1
f 154/228/1 153/231/1 150/229/1
f 154/228/1 156/232/1 153/231/1
f 157/233/1 156/232/1 154/228/1
f 158/234/1 159/235/1 160/236/1
f 161/237/1 159/235/1 158/234/1
f 162/238/1 159/235/1 161/237/1
f 163/239/1 164/240/1 157/233/1
f 165/241/1 164/240/1 163/239/1
f 166/242/1 167/243/1 162/238/1
f 168/244/1 167/243/1 166/242/1
f 169/245/1 170/246/1 165/241/1
f 171/247/1 170/246/1 169/245/1
f 172/248/1 173/249/1 168/244/1
f 174/250/1 173/249/1 172/248/1
f 175/251/1 176/252/1 177/253/1
f 175/254/1 178/255/1 176/256/1
f 179/257/1 178/255/1 175/254/1
f 180/258/1 178/255/1 179/257/1
f 181/259/1 182/260/1 178/261/1
f 181/262/1 178/255/1 180/258/1
f 183/263/1 180/258/1 179/257/1
f 183/264/1 179/265/1 175/251/1
f 184/266/1 181/259/1 180/267/1
f 184/268/1 180/258/1 183/263/1
f 185/269/1 182/260/1 181/259/1
f 185/269/1 181/259/1 184/266/1
f 186/270/1 182/260/1 185/269/1
f 187/271/1 184/266/1 183/264/1
f 187/271/1 175/251/1 177/253/1
f 187/271/1 183/264/1 175/251/1
f 187/271/1 185/269/1 184/266/1
f 188/272/1 186/273/1 185/274/1
f 188/275/1 185/269/1 187/271/1
f 189/276/1 186/273/1 188/272/1
f 190/277/1 191/278/1 192/279/1
f 193/280/1 194/281/1 195/282/1
f 196/283/1 194/281/1 193/280/1
f 197/284/1 198/285/1 199/286/1
f 200/287/1 198/285/1 197/284/1
f 201/288/1 202/289/1 190/277/1
f 201/288/1 190/277/1 192/279/1
f 203/290/1 202/289/1 201/288/1
f 204/291/1 201/288/1 192/279/1
f 205/292/1 201/288/1 204/291/1
f 206/293/1 207/294/1 208/295/1
f 209/296/1 207/294/1 206/293/1
f 210/297/1 211/298/1 207/299/1
f 210/300/1 207/294/1 209/296/1
f 212/301/1 213/302/1 211/303/1
f 212/304/1 211/298/1 210/297/1
f 214/305/1 213/302/1 212/301/1
f 215/306/1 213/302/1 214/305/1
f 216/307/1 217/308/1 218/309/1
f 219/310/1 217/308/1 216/307/1
f 220/311/1 221/312/1 219/310/1
f 222/313/1 221/312/1 220/311/1
f 223/314/1 224/315/1 225/316/1
f 226/317/1 224/315/1 223/314/1
f 227/318/1 223/319/1 228/320/1
f 229/321/1 223/319/1 227/318/1
f 229/321/1 227/318/1 230/322/1
f 231/323/1 223/319/1 229/321/1
f 232/324/1 229/321/1 230/322/1
f 233/325/1 229/321/1 232/324/1
f 234/326/1 235/327/1 236/328/1
f 237/329/1 235/327/1 234/326/1
f 238/330/1 239/331/1 240/332/1
f 241/333/1 239/331/1 238/330/1
f 242/334/1 243/335/1 244/336/1
f 245/337/1 243/335/1 242/334/1
f 246/338/1 247/339/1 248/340/1
f 249/341/1 247/339/1 246/338/1
f 250/342/1 251/343/1 249/344/1
f 252/345/1 251/343/1 250/342/1
f 253/346/1 254/347/1 255/348/1
f 256/349/1 254/347/1 253/346/1
f 257/350/1 258/351/1 259/352/1
f 260/353/1 258/351/1 257/350/1
f 261/354/1 253/346/1 255/348/1
f 262/355/1 263/356/1 256/357/1
f 262/358/1 253/346/1 261/354/1
f 262/355/1 256/357/1 253/359/1
f 264/360/1 257/350/1 259/352/1
f 265/361/1 266/362/1 260/363/1
f 265/364/1 257/350/1 264/360/1
f 265/361/1 260/363/1 257/365/1
f 267/366/1 262/355/1 261/367/1
f 268/368/1 263/356/1 262/355/1
f 268/368/1 262/355/1 267/366/1
f 269/369/1 265/361/1 264/370/1
f 270/371/1 266/362/1 265/361/1
f 270/371/1 265/361/1 269/369/1
f 271/372/1 272/373/1 273/374/1
f 274/375/1 275/376/1 272/377/1
f 274/378/1 272/373/1 271/372/1
f 276/379/1 277/380/1 275/381/1
f 276/382/1 275/376/1 274/375/1
f 278/383/1 277/380/1 276/379/1
f 279/384/1 274/375/1 271/385/1
f 279/384/1 276/382/1 274/375/1
f 279/384/1 278/386/1 276/382/1
f 280/387/1 278/386/1 279/384/1
f 281/388/1 278/386/1 280/387/1
f 282/389/1 278/386/1 281/388/1
f 283/390/1 280/391/1 279/392/1
f 283/393/1 281/388/1 280/387/1
f 284/394/1 282/395/1 281/396/1
f 284/397/1 281/388/1 283/393/1
f 285/398/1 286/399/1 287/400/1
f 288/401/1 286/399/1 285/398/1
f 289/402/1 283/390/1 279/392/1
f 289/402/1 284/394/1 283/390/1
f 290/403/1 282/395/1 284/394/1
f 290/403/1 284/394/1 289/402/1
f 291/404/1 292/405/1 293/406/1
f 291/407/1 294/408/1 292/409/1
f 295/410/1 294/408/1 291/407/1
f 296/411/1 297/412/1 298/413/1
f 296/414/1 299/415/1 297/416/1
f 300/417/1 299/415/1 296/414/1
f 301/418/1 300/419/1 296/411/1
f 301/420/1 299/415/1 300/417/1
f 302/421/1 299/415/1 301/420/1
f 303/422/1 295/423/1 291/404/1
f 304/424/1 305/425/1 303/422/1
f 306/426/1 307/427/1 304/424/1
f 308/428/1 302/429/1 301/418/1
f 308/428/1 309/430/1 302/429/1
f 310/431/1 309/430/1 308/428/1
f 311/432/1 301/418/1 296/411/1
f 311/432/1 296/411/1 298/413/1
f 311/432/1 308/428/1 301/418/1
f 312/433/1 308/428/1 311/432/1
f 313/434/1 314/435/1 306/426/1
f 313/434/1 306/426/1 304/424/1
f 315/436/1 314/435/1 313/434/1
f 316/437/1 304/424/1 303/422/1
f 316/437/1 313/434/1 304/424/1
f 317/438/1 313/434/1 316/437/1
f 318/439/1 303/422/1 291/404/1
f 318/439/1 291/404/1 293/406/1
f 318/439/1 316/437/1 303/422/1
f 319/440/1 316/437/1 318/439/1
f 320/441/2 321/442/2 322/443/2
f 322/443/2 321/442/2 323/444/2
f 324/445/2 325/446/2 326/447/2
f 326/447/2 325/446/2 327/448/2
f 320/441/2 322/443/2 328/449/2
f 323/450/2 329/451/2 330/452/2
f 328/449/2 322/443/2 330/453/2
f 322/454/2 323/450/2 330/452/2
f 324/445/2 326/447/2 331/455/2
f 327/456/2 332/457/2 333/458/2
f 331/455/2 326/447/2 333/459/2
f 326/460/2 327/456/2 333/458/2
f 328/461/2 330/452/2 334/462/2
f 330/452/2 329/451/2 335/463/2
f 334/462/2 330/452/2 335/463/2
f 331/464/2 333/458/2 336/465/2
f 333/458/2 332/457/2 337/466/2
f 336/465/2 333/458/2 337/466/2
f 338/467/2 339/468/2 340/469/2
f 340/469/2 339/468/2 341/470/2
f 342/471/2 343/472/2 344/473/2
f 344/473/2 343/472/2 345/474/2
f 338/467/2 340/469/2 346/475/2
f 340/476/2 341/477/2 347/478/2
f 346/475/2 340/469/2 347/479/2
f 341/470/2 339/468/2 348/480/2
f 347/478/2 341/477/2 348/481/2
f 348/480/2 339/468/2 349/482/2
f 346/483/2 347/478/2 350/484/2
f 347/478/2 348/481/2 350/484/2
f 348/481/2 349/485/2 350/484/2
f 350/484/2 349/485/2 351/486/2
f 351/486/2 349/485/2 352/487/2
f 352/487/2 349/485/2 353/488/2
f 344/489/2 345/490/2 354/491/2
f 345/474/2 343/472/2 355/492/2
f 354/491/2 345/490/2 355/493/2
f 350/494/2 351/495/2 356/496/2
f 351/486/2 352/487/2 356/497/2
f 352/498/2 353/499/2 357/500/2
f 356/497/2 352/487/2 357/501/2
f 354/502/2 355/492/2 358/503/2
f 355/492/2 343/472/2 359/504/2
f 358/503/2 355/492/2 359/504/2
f 350/494/2 356/496/2 360/505/2
f 356/496/2 357/500/2 360/505/2
f 357/500/2 353/499/2 361/506/2
f 360/505/2 357/500/2 361/506/2
f 362/507/2 363/508/2 364/509/2
f 363/510/2 365/511/2 364/512/2
f 364/512/2 365/511/2 366/513/2
f 364/509/2 366/514/2 367/515/2
f 366/513/2 365/511/2 367/516/2
f 367/516/2 365/511/2 368/517/2
f 369/518/2 370/519/2 371/520/2
f 371/520/2 372/521/2 373/522/2
f 373/522/2 374/523/2 375/524/2
f 367/515/2 368/525/2 376/526/2
f 368/525/2 377/527/2 376/526/2
f 376/526/2 377/527/2 378/528/2
f 364/509/2 367/515/2 379/529/2
f 362/507/2 364/509/2 379/529/2
f 367/515/2 376/526/2 379/529/2
f 379/529/2 376/526/2 380/530/2
f 375/524/2 381/531/2 382/532/2
f 373/522/2 375/524/2 382/532/2
f 382/532/2 381/531/2 383/533/2
f 371/520/2 373/522/2 384/534/2
f 373/522/2 382/532/2 384/534/2
f 384/534/2 382/532/2 385/535/2
f 369/518/2 371/520/2 386/536/2
f 371/520/2 384/534/2 386/536/2
f 386/536/2 384/534/2 387/537/2
f 388/538/2 389/539/2 390/540/2
f 390/540/2 389/539/2 391/541/2
f 391/542/2 392/543/2 393/544/2
f 393/544/2 392/543/2 394/545/2
f 395/546/2 396/547/2 397/548/2
f 397/548/2 396/547/2 398/549/2
f 399/550/2 400/551/2 401/552/2
f 401/552/2 400/551/2 402/553/2
f 403/554/2 404/555/2 405/556/2
f 405/556/2 404/555/2 406/557/2
f 407/558/2 408/559/2 409/560/2
f 409/560/2 408/559/2 410/561/2
f 410/561/2 411/562/2 412/563/2
f 412/563/2 411/562/2 413/564/2
f 414/565/2 415/566/2 416/567/2
f 416/567/2 415/566/2 417/568/2
f 418/569/2 416/570/2 419/571/2
f 419/571/2 416/570/2 420/572/2
f 421/573/2 419/571/2 420/572/2
f 420/572/2 416/570/2 422/574/2
f 421/573/2 420/572/2 423/575/2
f 423/575/2 420/572/2 424/576/2
f 425/577/2 426/578/2 427/579/2
f 428/580/2 429/581/2 430/582/2
f 430/582/2 429/581/2 431/583/2
f 432/584/2 433/585/2 434/586/2
f 434/586/2 433/585/2 435/587/2
f 427/579/2 436/588/2 437/589/2
f 425/577/2 427/579/2 437/589/2
f 437/589/2 436/588/2 438/590/2
f 425/577/2 437/589/2 439/591/2
f 439/591/2 437/589/2 440/592/2
f 441/593/2 442/594/2 443/595/2
f 443/595/2 442/594/2 444/596/2
f 442/597/2 445/598/2 446/599/2
f 444/596/2 442/594/2 446/600/2
f 445/601/2 447/602/2 448/603/2
f 446/599/2 445/598/2 448/604/2
f 448/603/2 447/602/2 449/605/2
f 450/606/2 451/607/2 452/608/2
f 452/608/2 451/607/2 453/609/2
f 454/610/2 452/611/2 455/612/2
f 452/611/2 453/613/2 455/612/2
f 453/613/2 456/614/2 455/612/2
f 455/612/2 456/614/2 457/615/2
f 457/615/2 456/614/2 458/616/2
f 458/616/2 456/614/2 459/617/2
f 460/618/2 461/619/2 462/620/2
f 462/620/2 461/619/2 463/621/2
f 463/621/2 461/619/2 464/622/2
f 459/617/2 465/623/2 466/624/2
f 466/624/2 465/623/2 467/625/2
f 464/622/2 468/626/2 469/627/2
f 469/627/2 468/626/2 470/628/2
f 467/625/2 471/629/2 472/630/2
f 472/630/2 471/629/2 473/631/2
f 470/628/2 474/632/2 475/633/2
f 475/633/2 474/632/2 476/634/2
f 477/635/2 478/636/2 479/637/2
f 478/638/2 480/639/2 481/640/2
f 479/637/2 478/636/2 481/641/2
f 477/635/2 479/637/2 482/642/2
f 479/643/2 481/640/2 482/644/2
f 481/640/2 480/639/2 483/645/2
f 482/644/2 481/640/2 483/645/2
f 482/642/2 483/646/2 484/647/2
f 483/645/2 480/639/2 484/648/2
f 484/648/2 480/639/2 485/649/2
f 485/649/2 480/639/2 486/650/2
f 486/650/2 480/639/2 487/651/2
f 484/647/2 485/652/2 488/653/2
f 485/649/2 486/650/2 488/654/2
f 486/655/2 487/656/2 489/657/2
f 488/654/2 486/650/2 489/658/2
f 477/635/2 482/642/2 490/659/2
f 482/642/2 484/647/2 490/659/2
f 488/653/2 489/657/2 490/659/2
f 484/647/2 488/653/2 490/659/2
f 489/657/2 487/656/2 491/660/2
f 490/659/2 489/657/2 491/660/2
f 492/661/2 493/662/2 494/663/2
f 493/664/2 495/665/2 496/666/2
f 494/663/2 493/662/2 496/667/2
f 495/668/2 497/669/2 498/670/2
f 496/666/2 495/665/2 498/671/2
f 498/670/2 497/669/2 499/672/2
f 499/672/2 497/669/2 500/673/2
f 500/673/2 497/669/2 501/674/2
f 501/674/2 497/669/2 502/675/2
f 503/676/2 504/677/2 505/678/2
f 506/679/2 503/680/2 505/681/2
f 505/678/2 504/677/2 507/682/2
f 492/661/2 494/663/2 508/683/2
f 494/684/2 496/666/2 508/685/2
f 496/666/2 498/671/2 508/685/2
f 498/671/2 499/686/2 508/685/2
f 508/685/2 499/686/2 509/687/2
f 509/687/2 499/686/2 510/688/2
f 499/672/2 500/673/2 511/689/2
f 510/688/2 499/686/2 511/690/2
f 511/689/2 500/673/2 512/691/2
f 500/692/2 501/693/2 513/694/2
f 512/691/2 500/673/2 513/695/2
f 502/675/2 514/696/2 515/697/2
f 513/694/2 501/693/2 515/698/2
f 501/674/2 502/675/2 515/697/2
f 515/697/2 514/696/2 516/699/2
f 516/699/2 514/696/2 517/700/2
f 507/682/2 518/701/2 519/702/2
f 505/681/2 507/703/2 519/704/2
f 519/702/2 518/701/2 520/705/2
f 509/687/2 510/688/2 521/706/2
f 508/683/2 509/707/2 521/708/2
f 510/709/2 511/689/2 522/710/2
f 521/706/2 510/688/2 522/711/2
f 511/689/2 512/691/2 522/710/2
f 506/679/2 505/681/2 523/712/2
f 505/681/2 519/704/2 523/712/2
f 519/704/2 520/713/2 523/712/2
f 523/712/2 520/713/2 524/714/2
f 520/705/2 525/715/2 526/716/2
f 524/714/2 520/713/2 526/717/2
f 526/716/2 525/715/2 527/718/2
f 522/710/2 512/691/2 528/719/2
f 521/708/2 522/710/2 528/719/2
f 528/719/2 512/691/2 529/720/2
f 512/721/2 513/694/2 530/722/2
f 529/720/2 512/691/2 530/723/2
f 515/698/2 516/724/2 530/722/2
f 513/694/2 515/698/2 530/722/2
f 530/722/2 516/724/2 531/725/2
f 531/725/2 516/724/2 532/726/2
f 517/700/2 533/727/2 534/728/2
f 532/726/2 516/724/2 534/729/2
f 516/699/2 517/700/2 534/728/2
f 506/679/2 523/712/2 535/730/2
f 535/730/2 523/712/2 536/731/2
f 523/732/2 524/733/2 537/734/2
f 526/717/2 527/735/2 538/736/2
f 537/734/2 524/733/2 538/737/2
f 524/714/2 526/717/2 538/736/2
f 521/708/2 528/719/2 539/738/2
f 528/739/2 529/740/2 540/741/2
f 539/738/2 528/719/2 540/742/2
f 530/723/2 531/743/2 541/744/2
f 540/741/2 529/740/2 541/745/2
f 529/720/2 530/723/2 541/744/2
f 541/744/2 531/743/2 542/746/2
f 531/725/2 532/726/2 543/747/2
f 542/746/2 531/743/2 543/748/2
f 532/749/2 534/728/2 544/750/2
f 543/747/2 532/726/2 544/751/2
f 536/731/2 523/712/2 545/752/2
f 545/752/2 523/712/2 546/753/2
f 523/732/2 537/734/2 547/754/2
f 546/753/2 523/712/2 547/755/2
f 537/756/2 538/757/2 548/758/2
f 547/754/2 537/734/2 548/759/2
f 538/736/2 527/735/2 549/760/2
f 548/758/2 538/757/2 549/761/2
f 549/760/2 527/735/2 550/762/2
f 550/762/2 527/735/2 551/763/2
f 544/750/2 534/728/2 552/764/2
f 543/748/2 544/750/2 552/764/2
f 534/728/2 533/727/2 552/764/2
f 542/746/2 543/748/2 552/764/2
f 552/764/2 533/727/2 553/765/2
f 549/760/2 550/762/2 554/766/2
f 547/755/2 548/767/2 554/766/2
f 548/767/2 549/760/2 554/766/2
f 546/753/2 547/755/2 554/766/2
f 554/766/2 550/762/2 555/768/2
f 555/768/2 550/762/2 556/769/2
f 556/769/2 550/762/2 557/770/2
f 542/746/2 552/764/2 558/771/2
f 558/771/2 552/764/2 559/772/2
f 555/768/2 556/769/2 560/773/2
f 560/773/2 556/769/2 561/774/2
f 521/708/2 539/738/2 562/775/2
f 508/683/2 521/708/2 562/775/2
f 492/661/2 508/683/2 562/775/2
f 541/745/2 542/776/2 563/777/2
f 562/775/2 539/738/2 563/778/2
f 539/779/2 540/741/2 563/777/2
f 540/741/2 541/745/2 563/777/2
f 542/746/2 558/771/2 564/780/2
f 563/777/2 542/776/2 564/781/2
f 564/780/2 558/771/2 565/782/2
f 566/783/2 567/784/2 568/785/2
f 568/785/2 567/784/2 569/786/2
f 570/787/2 568/788/2 571/789/2
f 571/789/2 568/788/2 572/790/2
f 573/791/2 574/792/2 575/793/2
f 575/793/2 574/792/2 576/794/2
f 577/795/2 578/796/2 579/797/2
f 579/797/2 578/796/2 580/798/2
f 581/799/2 582/800/2 583/801/2
f 583/801/2 582/800/2 584/802/2
f 577/795/2 579/797/2 585/803/2
f 580/804/2 586/805/2 587/806/2
f 585/803/2 579/797/2 587/807/2
f 579/808/2 580/804/2 587/806/2
f 581/799/2 583/801/2 588/809/2
f 584/810/2 589/811/2 590/812/2
f 588/809/2 583/801/2 590/813/2
f 583/814/2 584/810/2 590/812/2
f 585/815/2 587/806/2 591/816/2
f 587/806/2 586/805/2 592/817/2
f 591/816/2 587/806/2 592/817/2
f 588/818/2 590/812/2 593/819/2
f 590/812/2 589/811/2 594/820/2
f 593/819/2 590/812/2 594/820/2
f 595/821/2 596/822/2 597/823/2
f 596/824/2 598/825/2 599/826/2
f 597/823/2 596/822/2 599/827/2
f 600/828/2 601/829/2 602/830/2
f 602/830/2 601/829/2 603/831/2
f 597/832/2 599/826/2 604/833/2
f 599/826/2 598/825/2 605/834/2
f 604/833/2 599/826/2 605/834/2
f 602/835/2 603/836/2 606/837/2
f 603/831/2 601/829/2 607/838/2
f 606/837/2 603/836/2 607/839/2
f 607/838/2 601/829/2 608/840/2
f 609/841/2 610/842/2 611/843/2
f 610/844/2 612/845/2 611/846/2
f 611/846/2 612/845/2 613/847/2
f 614/848/2 615/849/2 616/850/2
f 615/851/2 617/852/2 616/853/2
f 616/853/2 617/852/2 618/854/2
f 616/850/2 618/855/2 619/856/2
f 618/854/2 617/852/2 619/857/2
f 619/857/2 617/852/2 620/858/2
f 611/843/2 613/859/2 621/860/2
f 621/860/2 622/861/2 623/862/2
f 611/843/2 621/860/2 624/863/2
f 621/860/2 623/862/2 624/863/2
f 623/864/2 625/865/2 626/866/2
f 624/863/2 623/862/2 626/867/2
f 626/866/2 625/865/2 627/868/2
f 611/843/2 624/863/2 628/869/2
f 627/868/2 629/870/2 628/871/2
f 626/866/2 627/868/2 628/871/2
f 624/872/2 626/866/2 628/871/2
f 628/871/2 629/870/2 630/873/2
f 630/873/2 629/870/2 631/874/2
f 631/874/2 629/870/2 632/875/2
f 628/869/2 630/876/2 633/877/2
f 630/873/2 631/874/2 633/878/2
f 631/879/2 632/880/2 634/881/2
f 633/878/2 631/874/2 634/882/2
f 619/856/2 620/883/2 635/884/2
f 620/883/2 636/885/2 635/884/2
f 635/884/2 636/885/2 637/886/2
f 614/848/2 616/850/2 638/887/2
f 616/850/2 619/856/2 638/887/2
f 619/856/2 635/884/2 638/887/2
f 638/887/2 635/884/2 639/888/2
f 634/881/2 632/880/2 640/889/2
f 633/877/2 634/881/2 640/889/2
f 640/889/2 632/880/2 641/890/2
f 628/869/2 633/877/2 642/891/2
f 633/877/2 640/889/2 642/891/2
f 642/891/2 640/889/2 643/892/2
f 611/843/2 628/869/2 644/893/2
f 609/841/2 611/843/2 644/893/2
f 628/869/2 642/891/2 644/893/2
f 644/893/2 642/891/2 645/894/2
f 646/895/3 647/896/3 648/897/3
f 649/898/3 647/896/3 646/895/3
f 650/899/3 647/896/3 649/898/3
f 651/900/3 647/896/3 650/899/3
f 652/901/3 646/902/3 653/903/3
f 652/904/3 649/905/3 646/906/3
f 654/907/3 650/908/3 649/909/3
f 654/910/3 649/905/3 652/904/3
f 655/911/3 650/908/3 654/907/3
f 656/912/3 651/913/3 650/914/3
f 656/915/3 650/908/3 655/911/3
f 657/916/3 651/913/3 656/912/3
f 658/917/3 655/918/3 654/910/3
f 658/919/3 654/907/3 652/920/3
f 659/921/3 656/915/3 655/911/3
f 659/922/3 655/918/3 658/917/3
f 660/923/3 658/919/3 652/920/3
f 660/923/3 659/921/3 658/919/3
f 661/924/3 656/915/3 659/921/3
f 661/924/3 659/921/3 660/923/3
f 662/925/3 652/901/3 653/903/3
f 662/926/3 660/923/3 652/920/3
f 663/927/3 661/928/3 660/929/3
f 663/930/3 660/923/3 662/926/3
f 664/931/3 656/915/3 661/924/3
f 664/932/3 661/928/3 663/927/3
f 665/933/3 657/934/3 656/935/3
f 665/936/3 656/915/3 664/931/3
f 666/937/3 657/934/3 665/933/3
f 667/938/3 662/925/3 653/903/3
f 668/939/3 663/927/3 662/940/3
f 668/941/3 662/925/3 667/938/3
f 669/942/3 664/931/3 663/930/3
f 669/943/3 663/927/3 668/939/3
f 669/942/3 665/936/3 664/931/3
f 670/944/3 666/945/3 665/946/3
f 670/947/3 665/936/3 669/942/3
f 671/948/3 666/945/3 670/944/3
f 672/949/3 669/950/3 668/951/3
f 672/949/3 671/952/3 670/953/3
f 672/949/3 670/953/3 669/950/3
f 673/954/3 671/952/3 672/949/3
f 674/955/3 675/956/3 676/957/3
f 677/958/3 675/956/3 674/955/3
f 678/959/3 677/960/3 674/961/3
f 679/962/3 677/960/3 678/959/3
f 680/963/3 679/964/3 678/965/3
f 681/966/3 679/964/3 680/963/3
f 682/967/3 681/968/3 680/969/3
f 683/970/3 681/968/3 682/967/3
f 684/971/3 683/972/3 682/973/3
f 685/974/3 683/972/3 684/971/3
f 686/975/3 687/976/3 688/977/3
f 689/978/3 687/976/3 686/975/3
f 690/979/3 689/980/3 686/981/3
f 691/982/3 689/980/3 690/979/3
f 692/983/3 691/984/3 690/985/3
f 693/986/3 691/984/3 692/983/3
f 694/987/3 693/988/3 692/989/3
f 695/990/3 693/988/3 694/987/3
f 696/991/3 695/992/3 694/993/3
f 697/994/3 695/992/3 696/991/3
f 698/995/3 699/996/3 700/997/3
f 701/998/3 699/996/3 698/995/3
f 702/999/3 701/1000/3 698/1001/3
f 703/1002/3 701/1000/3 702/999/3
f 704/1003/3 703/1004/3 702/1005/3
f 705/1006/3 703/1004/3 704/1003/3
f 706/1007/3 705/1008/3 704/1009/3
f 707/1010/3 705/1008/3 706/1007/3
f 708/1011/3 707/1012/3 706/1013/3
f 709/1014/3 707/1012/3 708/1011/3
f 710/1015/3 711/1016/3 712/1017/3
f 713/1018/3 711/1016/3 710/1015/3
f 714/1019/3 711/1016/3 713/1018/3
f 715/1020/3 716/1021/3 717/1022/3
f 715/1020/3 718/1023/3 716/1021/3
f 719/1024/3 718/1023/3 715/1020/3
f 720/1025/3 721/1026/3 722/1027/3
f 723/1028/3 721/1026/3 720/1025/3
f 724/1029/3 720/1025/3 725/1030/3
f 726/1031/3 720/1025/3 724/1029/3
f 727/1032/3 721/1026/3 723/1028/3
f 728/1033/3 721/1026/3 727/1032/3
f 729/1034/3 727/1032/3 730/1035/3
f 731/1036/3 727/1032/3 729/1034/3
f 732/1037/3 733/1038/3 734/1039/3
f 735/1040/3 733/1038/3 732/1037/3
f 736/1041/3 737/1042/3 738/1043/3
f 739/1044/3 737/1042/3 736/1041/3
f 740/1045/3 741/1046/3 735/1040/3
f 742/1047/3 740/1045/3 739/1044/3
f 743/1048/3 741/1046/3 740/1045/3
f 743/1048/3 740/1045/3 742/1047/3
f 744/1049/3 745/1050/3 746/1051/3
f 747/1052/3 744/1053/3 748/1054/3
f 749/1055/3 745/1050/3 744/1049/3
f 749/1056/3 744/1053/3 747/1052/3
f 750/1057/3 745/1050/3 749/1055/3
f 751/1058/3 745/1050/3 750/1057/3
f 752/1059/3 753/1060/3 754/1061/3
f 755/1062/3 752/1063/3 756/1064/3
f 757/1065/3 753/1060/3 752/1059/3
f 757/1066/3 752/1063/3 755/1062/3
f 758/1067/3 753/1060/3 757/1065/3
f 759/1068/3 753/1060/3 758/1067/3
f 760/1069/3 761/1070/3 762/1071/3
f 763/1072/3 764/1073/3 761/1074/3
f 763/1075/3 761/1070/3 760/1069/3
f 765/1076/3 764/1073/3 763/1072/3
f 766/1077/3 767/1078/3 768/1079/3
f 769/1080/3 770/1081/3 767/1082/3
f 769/1083/3 767/1078/3 766/1077/3
f 771/1084/3 772/1085/3 770/1086/3
f 771/1087/3 770/1081/3 769/1080/3
f 773/1088/3 772/1085/3 771/1084/3
f 774/1089/3 775/1090/3 776/1091/3
f 777/1092/3 775/1090/3 774/1089/3
f 778/1093/3 779/1094/3 780/1095/3
f 781/1096/3 779/1094/3 778/1093/3
f 782/1097/3 783/1098/3 784/1099/3
f 785/1100/3 786/1101/3 783/1102/3
f 785/1103/3 783/1098/3 782/1097/3
f 787/1104/3 786/1101/3 785/1100/3
f 788/1105/3 781/1106/3 778/1107/3
f 789/1108/3 779/1094/3 781/1096/3
f 789/1109/3 781/1106/3 788/1105/3
f 790/1110/3 779/1094/3 789/1108/3
f 791/1111/3 792/1112/3 793/1113/3
f 794/1114/3 792/1112/3 791/1111/3
f 795/1115/3 796/1116/3 797/1117/3
f 798/1118/3 796/1116/3 795/1115/3
f 799/1119/3 800/1120/3 801/1121/3
f 802/1122/3 800/1120/3 799/1119/3
f 803/1123/3 804/1124/3 805/1125/3
f 806/1126/3 804/1124/3 803/1123/3
f 807/1127/3 808/1128/3 809/1129/3
f 810/1130/3 808/1128/3 807/1127/3
f 811/1131/3 812/1132/3 813/1133/3
f 814/1134/3 812/1132/3 811/1131/3
f 815/1135/3 816/1136/3 817/1137/3
f 818/1138/3 819/1139/3 816/1140/3
f 818/1141/3 816/1136/3 815/1135/3
f 820/1142/3 821/1143/3 822/1144/3
f 823/1145/3 824/1146/3 821/1147/3
f 823/1148/3 821/1143/3 820/1142/3
f 825/1149/3 824/1146/3 823/1145/3
f 826/1150/3 817/1151/3 827/1152/3
f 828/1153/3 815/1135/3 817/1137/3
f 828/1154/3 817/1151/3 826/1150/3
f 829/1155/3 818/1138/3 815/1156/3
f 829/1157/3 815/1135/3 828/1153/3
f 830/1158/3 819/1139/3 818/1138/3
f 830/1158/3 818/1138/3 829/1155/3
f 831/1159/3 832/1160/3 833/1161/3
f 834/1162/3 832/1160/3 831/1159/3
f 835/1163/3 836/1164/3 837/1165/3
f 835/1166/3 838/1167/3 836/1168/3
f 839/1169/3 840/1170/3 838/1171/3
f 839/1172/3 838/1167/3 835/1166/3
f 841/1173/3 840/1170/3 839/1169/3
f 842/1174/3 840/1170/3 841/1173/3
f 843/1175/3 844/1176/3 845/1177/3
f 846/1178/3 847/1179/3 844/1180/3
f 846/1181/3 844/1176/3 843/1175/3
f 848/1182/3 847/1179/3 846/1178/3
f 849/1183/3 835/1163/3 837/1165/3
f 849/1183/3 839/1169/3 835/1163/3
f 849/1183/3 841/1173/3 839/1169/3
f 850/1184/3 842/1185/3 841/1186/3
f 850/1187/3 841/1173/3 849/1183/3
f 851/1188/3 842/1185/3 850/1184/3
f 852/1189/3 853/1190/3 854/1191/3
f 855/1192/3 853/1190/3 852/1189/3
f 856/1193/3 857/1194/3 858/1195/3
f 859/1196/3 857/1194/3 856/1193/3
f 860/1197/3 861/1198/3 862/1199/3
f 863/1200/3 861/1198/3 860/1197/3
f 864/1201/3 861/1198/3 863/1200/3
f 865/1202/3 860/1197/3 866/1203/3
f 865/1202/3 863/1200/3 860/1197/3
f 867/1204/3 863/1200/3 865/1202/3
f 868/1205/3 864/1206/3 863/1207/3
f 868/1208/3 863/1200/3 867/1204/3
f 869/1209/3 870/1210/3 864/1211/3
f 869/1212/3 864/1206/3 868/1205/3
f 871/1213/3 870/1210/3 869/1209/3
f 872/1214/3 868/1208/3 867/1204/3
f 872/1214/3 869/1215/3 868/1208/3
f 873/1216/3 869/1215/3 872/1214/3
f 874/1217/4 875/1218/4 876/1219/4
f 876/1219/4 875/1218/4 877/1220/4
f 878/1221/4 876/1222/4 879/1223/4
f 879/1223/4 876/1222/4 880/1224/4
f 880/1225/4 881/1226/4 882/1227/4
f 882/1227/4 881/1226/4 883/1228/4
f 884/1229/4 885/1230/4 886/1231/4
f 886/1231/4 885/1230/4 887/1232/4
f 888/1233/4 886/1234/4 889/1235/4
f 889/1235/4 886/1234/4 890/1236/4
f 890/1237/4 891/1238/4 892/1239/4
f 892/1239/4 891/1238/4 893/1240/4
f 894/1241/4 895/1242/4 896/1243/4
f 897/1244/4 896/1243/4 898/1245/4
f 896/1243/4 895/1242/4 899/1246/4
f 898/1245/4 896/1243/4 899/1246/4
f 899/1246/4 895/1242/4 900/1247/4
f 901/1248/4 902/1249/4 903/1250/4
f 902/1251/4 898/1245/4 904/1252/4
f 898/1245/4 899/1246/4 904/1252/4
f 903/1250/4 902/1249/4 904/1253/4
f 904/1252/4 899/1246/4 905/1254/4
f 905/1254/4 899/1246/4 906/1255/4
f 906/1255/4 899/1246/4 907/1256/4
f 908/1257/4 903/1258/4 909/1259/4
f 903/1250/4 904/1253/4 910/1260/4
f 909/1259/4 903/1258/4 910/1261/4
f 904/1253/4 905/1262/4 910/1260/4
f 910/1260/4 905/1262/4 911/1263/4
f 905/1254/4 906/1255/4 912/1264/4
f 911/1263/4 905/1262/4 912/1265/4
f 912/1264/4 906/1255/4 913/1266/4
f 910/1260/4 911/1263/4 914/1267/4
f 913/1266/4 915/1268/4 916/1269/4
f 914/1267/4 911/1263/4 916/1270/4
f 912/1264/4 913/1266/4 916/1269/4
f 911/1271/4 912/1264/4 916/1269/4
f 916/1269/4 915/1268/4 917/1272/4
f 917/1272/4 915/1268/4 918/1273/4
f 917/1272/4 918/1273/4 919/1274/4
f 918/1273/4 920/1275/4 919/1274/4
f 919/1274/4 920/1275/4 921/1276/4
f 921/1276/4 920/1275/4 922/1277/4
f 922/1277/4 920/1275/4 923/1278/4
f 924/1279/4 925/1280/4 926/1281/4
f 925/1282/4 927/1283/4 928/1284/4
f 926/1281/4 925/1280/4 928/1285/4
f 928/1284/4 927/1283/4 929/1286/4
f 930/1287/4 926/1288/4 931/1289/4
f 926/1281/4 928/1285/4 932/1290/4
f 931/1289/4 926/1288/4 932/1291/4
f 928/1285/4 929/1292/4 932/1290/4
f 932/1290/4 929/1292/4 933/1293/4
f 932/1294/4 933/1295/4 934/1296/4
f 933/1293/4 929/1292/4 935/1297/4
f 934/1296/4 933/1295/4 935/1298/4
f 935/1297/4 929/1292/4 936/1299/4
f 937/1300/4 938/1301/4 939/1302/4
f 939/1302/4 938/1301/4 940/1303/4
f 941/1304/4 942/1305/4 943/1306/4
f 943/1306/4 942/1305/4 944/1307/4
f 945/1308/4 946/1309/4 947/1310/4
f 947/1310/4 946/1309/4 948/1311/4
f 949/1312/4 950/1313/4 951/1314/4
f 951/1314/4 950/1313/4 952/1315/4
f 953/1316/4 954/1317/4 955/1318/4
f 955/1318/4 954/1317/4 956/1319/4
f 957/1320/4 958/1321/4 959/1322/4
f 959/1322/4 958/1321/4 960/1323/4
f 961/1324/4 962/1325/4 963/1326/4
f 963/1326/4 962/1325/4 964/1327/4
f 965/1328/4 966/1329/4 967/1330/4
f 967/1330/4 966/1329/4 968/1331/4
f 969/1332/4 970/1333/4 971/1334/4
f 971/1334/4 970/1333/4 972/1335/4
f 973/1336/4 974/1337/4 975/1338/4
f 975/1338/4 974/1337/4 976/1339/4
f 977/1340/4 978/1341/4 979/1342/4
f 979/1342/4 978/1341/4 980/1343/4
f 981/1344/4 982/1345/4 983/1346/4
f 983/1346/4 982/1345/4 984/1347/4
f 985/1348/4 986/1349/4 987/1350/4
f 987/1350/4 986/1349/4 988/1351/4
f 989/1352/4 990/1353/4 991/1354/4
f 991/1354/4 990/1353/4 992/1355/4
f 993/1356/4 994/1357/4 995/1358/4
f 995/1358/4 994/1357/4 996/1359/4
f 997/1360/4 998/1361/4 999/1362/4
f 999/1362/4 998/1361/4 1000/1363/4
f 1001/1364/4 1002/1365/4 1003/1366/4
f 1003/1366/4 1002/1365/4 1004/1367/4
f 1005/1368/4 1006/1369/4 1007/1370/4
f 1007/1370/4 1006/1369/4 1008/1371/4
f 1009/1372/4 1010/1373/4 1011/1374/4
f 1011/1374/4 1010/1373/4 1012/1375/4
f 1013/1376/4 1014/1377/4 1015/1378/4
f 1014/1379/4 1016/1380/4 1017/1381/4
f 1015/1378/4 1014/1377/4 1017/1382/4
f 1018/1383/4 1019/1384/4 1020/1385/4
f 1020/1385/4 1019/1384/4 1021/1386/4
f 1022/1387/4 1013/1388/4 1023/1389/4
f 1013/1376/4 1015/1378/4 1024/1390/4
f 1023/1389/4 1013/1388/4 1024/1391/4
f 1015/1392/4 1017/1381/4 1025/1393/4
f 1024/1390/4 1015/1378/4 1025/1394/4
f 1017/1381/4 1016/1380/4 1026/1395/4
f 1025/1393/4 1017/1381/4 1026/1395/4
f 1027/1396/4 1028/1397/4 1029/1398/4
f 1029/1398/4 1028/1397/4 1030/1399/4
f 1031/1400/4 1032/1401/4 1033/1402/4
f 1032/1403/4 1034/1404/4 1033/1405/4
f 1034/1406/4 1035/1407/4 1036/1408/4
f 1033/1405/4 1034/1404/4 1036/1409/4
f 1037/1410/4 1038/1411/4 1039/1412/4
f 1039/1412/4 1038/1411/4 1040/1413/4
f 1031/1400/4 1033/1402/4 1041/1414/4
f 1033/1402/4 1036/1408/4 1041/1414/4
f 1036/1408/4 1035/1407/4 1042/1415/4
f 1041/1414/4 1036/1408/4 1042/1415/4
f 1043/1416/4 1044/1417/4 1045/1418/4
f 1044/1419/4 1046/1420/4 1047/1421/4
f 1045/1418/4 1044/1417/4 1047/1422/4
f 1047/1421/4 1046/1420/4 1048/1423/4
f 1049/1424/4 1050/1425/4 1051/1426/4
f 1051/1426/4 1050/1425/4 1052/1427/4
f 1053/1428/4 1054/1429/4 1055/1430/4
f 1055/1430/4 1054/1429/4 1056/1431/4
f 1057/1432/4 1058/1433/4 1059/1434/4
f 1059/1434/4 1058/1433/4 1060/1435/4
f 1061/1436/4 1059/1437/4 1062/1438/4
f 1062/1438/4 1059/1437/4 1063/1439/4
f 1063/1440/4 1064/1441/4 1065/1442/4
f 1065/1442/4 1064/1441/4 1066/1443/4
f 1067/1444/4 1068/1445/4 1069/1446/4
f 1069/1446/4 1068/1445/4 1070/1447/4
f 1071/1448/4 1072/1449/4 1073/1450/4
f 1071/1448/4 1073/1450/4 1074/1451/4
f 1074/1451/4 1073/1450/4 1075/1452/4
f 1076/1453/4 1077/1454/4 1078/1455/4
f 1078/1455/4 1077/1454/4 1079/1456/4
f 1080/1457/4 1081/1458/4 1082/1459/4
f 1082/1459/4 1081/1458/4 1083/1460/4
f 1084/1461/4 1085/1462/4 1086/1463/4
f 1086/1463/4 1085/1462/4 1087/1464/4
f 1088/1465/4 1089/1466/4 1090/1467/4
f 1090/1467/4 1089/1466/4 1091/1468/4
f 1092/1469/4 1090/1470/4 1093/1471/4
f 1093/1471/4 1090/1470/4 1094/1472/4
f 1094/1473/4 1095/1474/4 1096/1475/4
f 1096/1475/4 1095/1474/4 1097/1476/4
f 1098/1477/4 1099/1478/4 1100/1479/4
f 1100/1479/4 1099/1478/4 1101/1480/4
f 1102/1481/4 1103/1482/4 1104/1483/4
f 1104/1483/4 1103/1482/4 1105/1484/4
f 1104/1485/4 1105/1486/4 1106/1487/4
f 1106/1487/4 1105/1486/4 1107/1488/4
f 1108/1489/4 1109/1490/4 1110/1491/4
f 1110/1491/4 1109/1490/4 1111/1492/4
f 1112/1493/4 1113/1494/4 1114/1495/4
f 1114/1495/4 1113/1494/4 1115/1496/4
f 1116/1497/4 1117/1498/4 1118/1499/4
f 1119/1500/4 1118/1501/4 1120/1502/4
f 1118/1499/4 1117/1498/4 1121/1503/4
f 1120/1502/4 1118/1501/4 1121/1504/4
f 1121/1503/4 1117/1498/4 1122/1505/4
f 1122/1505/4 1117/1498/4 1123/1506/4
f 1124/1507/4 1125/1508/4 1126/1509/4
f 1126/1509/4 1125/1508/4 1127/1510/4
f 1126/1511/4 1127/1512/4 1128/1513/4
f 1127/1510/4 1125/1508/4 1129/1514/4
f 1128/1513/4 1127/1512/4 1129/1515/4
f 1129/1514/4 1125/1508/4 1130/1516/4
f 1131/1517/4 1132/1518/4 1133/1519/4
f 1133/1519/4 1132/1518/4 1134/1520/4
f 1135/1521/4 1136/1522/4 1137/1523/4
f 1137/1523/4 1136/1522/4 1138/1524/4
f 1139/1525/4 1140/1526/4 1141/1527/4
f 1141/1527/4 1140/1526/4 1142/1528/4
f 1143/1529/4 1137/1523/4 1144/1530/4
f 1144/1530/4 1137/1523/4 1145/1531/4
f 1142/1532/4 1146/1533/4 1147/1534/4
f 1147/1534/4 1146/1533/4 1148/1535/4
f 1145/1531/4 1149/1536/4 1150/1537/4
f 1150/1537/4 1149/1536/4 1151/1538/4
f 1152/1539/4 1147/1540/4 1153/1541/4
f 1153/1541/4 1147/1540/4 1154/1542/4
f 1155/1543/4 1156/1544/4 1157/1545/4
f 1157/1545/4 1156/1544/4 1158/1546/4
f 1159/1547/4 1157/1545/4 1160/1548/4
f 1158/1546/4 1161/1549/4 1160/1548/4
f 1157/1545/4 1158/1546/4 1160/1548/4
f 1160/1548/4 1161/1549/4 1162/1550/4
f 1162/1550/4 1161/1549/4 1163/1551/4
f 1163/1551/4 1161/1549/4 1164/1552/4
f 1162/1550/4 1163/1551/4 1165/1553/4
f 1165/1553/4 1163/1551/4 1166/1554/4
f 1167/1555/5 1168/1556/5 1169/1557/5
f 1170/1558/5 1168/1556/5 1167/1555/5
f 1171/1559/5 1172/1560/5 1173/1561/5
f 1174/1562/5 1172/1560/5 1171/1559/5
f 1175/1563/5 1176/1564/5 1177/1565/5
f 1178/1566/5 1176/1564/5 1175/1563/5
f 1179/1567/5 1180/1568/5 1181/1569/5
f 1182/1570/5 1180/1568/5 1179/1567/5
f 1183/1571/5 1184/1572/5 1185/1573/5
f 1186/1574/5 1184/1572/5 1183/1571/5
f 1187/1575/5 1188/1576/5 1189/1577/5
f 1190/1578/5 1188/1576/5 1187/1575/5
f 1191/1579/5 1192/1580/5 1193/1581/5
f 1194/1582/5 1192/1580/5 1191/1579/5
f 1195/1583/5 1196/1584/5 1197/1585/5
f 1198/1586/5 1196/1584/5 1195/1583/5
f 1199/1587/5 1200/1588/5 1201/1589/5
f 1199/1590/5 1202/1591/5 1200/1592/5
f 1203/1593/5 1202/1591/5 1199/1590/5
f 1204/1594/5 1205/1595/5 1206/1596/5
f 1207/1597/5 1205/1595/5 1204/1594/5
f 1208/1598/5 1199/1587/5 1201/1589/5
f 1208/1598/5 1203/1599/5 1199/1587/5
f 1209/1600/5 1203/1599/5 1208/1598/5
f 1210/1601/5 1211/1602/5 1212/1603/5
f 1213/1604/5 1211/1602/5 1210/1601/5
f 1214/1605/5 1213/1606/5 1210/1607/5
f 1215/1608/5 1211/1602/5 1213/1604/5
f 1215/1609/5 1213/1606/5 1214/1605/5
f 1216/1610/5 1217/1611/5 1218/1612/5
f 1219/1613/5 1217/1611/5 1216/1610/5
f 1220/1614/5 1215/1608/5 1214/1615/5
f 1221/1616/5 1211/1602/5 1215/1608/5
f 1221/1616/5 1215/1608/5 1220/1614/5
f 1222/1617/5 1223/1618/5 1224/1619/5
f 1225/1620/5 1223/1618/5 1222/1617/5
f 1226/1621/5 1227/1622/5 1228/1623/5
f 1229/1624/5 1227/1622/5 1226/1621/5
f 1230/1625/5 1231/1626/5 1232/1627/5
f 1233/1628/5 1231/1626/5 1230/1625/5
f 1234/1629/5 1230/1625/5 1229/1624/5
f 1235/1630/5 1230/1625/5 1234/1629/5
f 1236/1631/5 1237/1632/5 1238/1633/5
f 1239/1634/5 1237/1632/5 1236/1631/5
f 1240/1635/5 1241/1636/5 1242/1637/5
f 1243/1638/5 1241/1636/5 1240/1635/5
f 1244/1639/5 1239/1640/5 1236/1641/5
f 1245/1642/5 1239/1640/5 1244/1639/5
f 1246/1643/5 1243/1644/5 1240/1645/5
f 1247/1646/5 1243/1644/5 1246/1643/5
f 1248/1647/5 1249/1648/5 1250/1649/5
f 1251/1650/5 1249/1648/5 1248/1647/5
f 1252/1651/5 1253/1652/5 1254/1653/5
f 1255/1654/5 1253/1652/5 1252/1651/5
f 1256/1655/5 1257/1656/5 1258/1657/5
f 1259/1658/5 1257/1656/5 1256/1655/5
f 1260/1659/5 1261/1660/5 1262/1661/5
f 1263/1662/5 1261/1660/5 1260/1659/5
f 1264/1663/5 1265/1664/5 1266/1665/5
f 1267/1666/5 1265/1664/5 1264/1663/5
f 1268/1667/5 1269/1668/5 1270/1669/5
f 1271/1670/5 1269/1668/5 1268/1667/5
f 1272/1671/5 1267/1672/5 1264/1673/5
f 1273/1674/5 1267/1672/5 1272/1671/5
f 1274/1675/5 1275/1676/5 1276/1677/5
f 1277/1678/5 1275/1676/5 1274/1675/5
f 1278/1679/5 1279/1680/5 1280/1681/5
f 1281/1682/5 1279/1680/5 1278/1679/5
f 1282/1683/5 1283/1684/5 1284/1685/5
f 1285/1686/5 1283/1684/5 1282/1683/5
f 1286/1687/5 1283/1684/5 1285/1686/5
f 1287/1688/5 1283/1684/5 1286/1687/5
f 1288/1689/5 1282/1683/5 1284/1685/5
f 1289/1690/5 1286/1687/5 1285/1686/5
f 1290/1691/5 1286/1687/5 1289/1690/5
f 1291/1692/5 1283/1684/5 1287/1688/5
f 1292/1693/5 1290/1691/5 1289/1690/5
f 1292/1693/5 1291/1692/5 1290/1691/5
f 1292/1693/5 1288/1689/5 1284/1685/5
f 1292/1693/5 1289/1690/5 1288/1689/5
f 1293/1694/5 1291/1692/5 1292/1693/5
f 1294/1695/5 1291/1692/5 1293/1694/5
f 1295/1696/5 1283/1684/5 1291/1692/5
f 1295/1696/5 1291/1692/5 1294/1695/5
f 1296/1697/5 1292/1693/5 1284/1685/5
f 1297/1698/5 1294/1695/5 1293/1694/5
f 1298/1699/5 1294/1695/5 1297/1698/5
f 1299/1700/5 1283/1684/5 1295/1696/5
f 1300/1701/5 1296/1697/5 1284/1685/5
f 1300/1701/5 1299/1700/5 1298/1699/5
f 1300/1701/5 1298/1699/5 1297/1698/5
f 1300/1701/5 1297/1698/5 1296/1697/5
f 1301/1702/5 1283/1684/5 1299/1700/5
f 1301/1702/5 1299/1700/5 1300/1701/5
f 1302/1703/5 1303/1704/5 1304/1705/5
f 1305/1706/5 1303/1704/5 1302/1703/5
f 1306/1707/5 1307/1708/5 1308/1709/5
f 1309/1710/5 1307/1708/5 1306/1707/5
f 1310/1711/5 1311/1712/5 1312/1713/5
f 1313/1714/5 1311/1712/5 1310/1711/5
f 1314/1715/5 1315/1716/5 1316/1717/5
f 1317/1718/5 1315/1716/5 1314/1715/5
f 1318/1719/5 1319/1720/5 1320/1721/5
f 1321/1722/5 1319/1720/5 1318/1719/5
f 1322/1723/5 1323/1724/5 1324/1725/5
f 1325/1726/5 1323/1724/5 1322/1723/5
f 1326/1727/5 1325/1728/5 1322/1729/5
f 1327/1730/5 1325/1728/5 1326/1727/5
f 1328/1731/5 1329/1732/5 1330/1733/5
f 1331/1734/5 1329/1732/5 1328/1731/5
f 1332/1735/5 1333/1736/5 1334/1737/5
f 1335/1738/5 1333/1736/5 1332/1735/5
f 1336/1739/5 1327/1740/5 1326/1741/5
f 1337/1742/5 1327/1740/5 1336/1739/5
f 1338/1743/5 1339/1744/5 1340/1745/5
f 1341/1746/5 1339/1744/5 1338/1743/5
f 1342/1747/5 1336/1748/5 1335/1749/5
f 1343/1750/5 1336/1748/5 1342/1747/5
f 1344/1751/5 1345/1752/5 1346/1753/5
f 1347/1754/5 1345/1752/5 1344/1751/5
f 1348/1755/5 1349/1756/5 1350/1757/5
f 1351/1758/5 1349/1756/5 1348/1755/5
f 1352/1759/5 1347/1760/5 1344/1761/5
f 1353/1762/5 1347/1760/5 1352/1759/5
f 1354/1763/5 1351/1764/5 1348/1765/5
f 1355/1766/5 1351/1764/5 1354/1763/5
f 1356/1767/5 1354/1768/5 1353/1769/5
f 1357/1770/5 1354/1768/5 1356/1767/5
f 1358/1771/5 1359/1772/5 1360/1773/5
f 1361/1774/5 1359/1772/5 1358/1771/5
f 1362/1775/5 1363/1776/5 1364/1777/5
f 1365/1778/5 1363/1776/5 1362/1775/5
f 1366/1779/5 1367/1780/5 1368/1781/5
f 1369/1782/5 1367/1780/5 1366/1779/5
f 1370/1783/5 1371/1784/5 1372/1785/5
f 1373/1786/5 1374/1787/5 1371/1788/5
f 1373/1789/5 1371/1784/5 1370/1783/5
f 1375/1790/5 1374/1787/5 1373/1786/5
f 1376/1791/5 1366/1792/5 1365/1793/5
f 1377/1794/5 1366/1792/5 1376/1791/5
f 1378/1795/5 1379/1796/5 1380/1797/5
f 1381/1798/5 1379/1796/5 1378/1795/5
f 1382/1799/5 1383/1800/5 1384/1801/5
f 1385/1802/5 1383/1800/5 1382/1799/5
f 1386/1803/5 1382/1804/5 1381/1805/5
f 1387/1806/5 1382/1804/5 1386/1803/5
f 1388/1807/5 1389/1808/5 1390/1809/5
f 1391/1810/5 1389/1808/5 1388/1807/5
f 1392/1811/5 1391/1812/5 1388/1813/5
f 1393/1814/5 1389/1808/5 1391/1810/5
f 1393/1815/5 1391/1812/5 1392/1811/5
f 1394/1816/5 1393/1814/5 1392/1817/5
f 1394/1816/5 1389/1808/5 1393/1814/5
f 1395/1818/5 1389/1808/5 1394/1816/5
f 1396/1819/5 1394/1816/5 1392/1817/5
f 1396/1820/5 1395/1821/5 1394/1822/5
f 1397/1823/5 1395/1821/5 1396/1820/5
f 1398/1824/5 1396/1819/5 1392/1817/5
f 1398/1824/5 1397/1825/5 1396/1819/5
f 1399/1826/5 1397/1825/5 1398/1824/5
f 1400/1827/5 1401/1828/5 1402/1829/5
f 1403/1830/5 1401/1828/5 1400/1827/5
f 1404/1831/5 1405/1832/5 1406/1833/5
f 1407/1834/5 1405/1832/5 1404/1831/5
f 1408/1835/5 1409/1836/5 1410/1837/5
f 1411/1838/5 1409/1836/5 1408/1835/5
f 1412/1839/5 1413/1840/5 1414/1841/5
f 1415/1842/5 1416/1843/5 1413/1844/5
f 1415/1845/5 1413/1840/5 1412/1839/5
f 1417/1846/5 1416/1843/5 1415/1842/5
f 1418/1847/5 1419/1848/5 1420/1849/5
f 1421/1850/5 1419/1848/5 1418/1847/5
f 1422/1851/5 1423/1852/5 1424/1853/5
f 1425/1854/5 1423/1852/5 1422/1851/5
f 1426/1855/5 1427/1856/5 1428/1857/5
f 1429/1858/5 1427/1856/5 1426/1855/5
f 1430/1859/5 1429/1860/5 1426/1861/5
f 1431/1862/5 1430/1859/5 1426/1861/5
f 1432/1863/5 1433/1864/5 1434/1865/5
f 1435/1866/5 1433/1864/5 1432/1863/5
f 1436/1867/5 1431/1862/5 1426/1861/5
f 1437/1868/5 1431/1862/5 1436/1867/5
f 1438/1869/5 1435/1870/5 1432/1871/5
f 1439/1872/5 1435/1870/5 1438/1869/5
f 1440/1873/5 1437/1874/5 1436/1875/5
f 1441/1876/5 1437/1874/5 1440/1873/5
f 1442/1877/5 1435/1870/5 1439/1872/5
f 1443/1878/5 1435/1870/5 1442/1877/5
f 1444/1879/5 1445/1880/5 1446/1881/5
f 1447/1882/5 1445/1880/5 1444/1879/5
f 1448/1883/5 1449/1884/5 1450/1885/5
f 1451/1886/5 1449/1884/5 1448/1883/5
f 1452/1887/5 1453/1888/5 1454/1889/5
f 1455/1890/5 1453/1888/5 1452/1887/5
f 1456/1891/5 1457/1892/5 1458/1893/5
f 1459/1894/5 1457/1892/5 1456/1891/5
f 1460/1895/5 1452/1896/5 1461/1897/5
f 1462/1898/5 1452/1896/5 1460/1895/5
f 1463/1899/5 1464/1900/5 1459/1901/5
f 1465/1902/5 1464/1900/5 1463/1899/5
f 1466/1903/5 1467/1904/5 1468/1905/5
f 1469/1906/5 1467/1904/5 1466/1903/5
f 1470/1907/6 1471/1908/6 1472/1909/6
f 1472/1909/6 1471/1908/6 1473/1910/6
f 1474/1911/6 1475/1912/6 1476/1913/6
f 1476/1913/6 1475/1912/6 1477/1914/6
f 1478/1915/6 1479/1916/6 1480/1917/6
f 1480/1917/6 1479/1916/6 1481/1918/6
f 1482/1919/6 1483/1920/6 1484/1921/6
f 1484/1921/6 1483/1920/6 1485/1922/6
f 1486/1923/6 1487/1924/6 1488/1925/6
f 1488/1925/6 1487/1924/6 1489/1926/6
f 1490/1927/6 1491/1928/6 1492/1929/6
f 1492/1929/6 1491/1928/6 1493/1930/6
f 1494/1931/6 1495/1932/6 1496/1933/6
f 1495/1934/6 1497/1935/6 1496/1936/6
f 1496/1936/6 1497/1935/6 1498/1937/6
f 1499/1938/6 1500/1939/6 1501/1940/6
f 1501/1940/6 1500/1939/6 1502/1941/6
f 1494/1931/6 1496/1933/6 1503/1942/6
f 1496/1933/6 1498/1943/6 1503/1942/6
f 1503/1942/6 1498/1943/6 1504/1944/6
f 1505/1945/6 1506/1946/6 1507/1947/6
f 1507/1947/6 1506/1946/6 1508/1948/6
f 1509/1949/6 1510/1950/6 1511/1951/6
f 1511/1951/6 1510/1950/6 1512/1952/6
f 1513/1953/6 1514/1954/6 1515/1955/6
f 1515/1955/6 1514/1954/6 1516/1956/6
f 1517/1957/6 1518/1958/6 1519/1959/6
f 1519/1959/6 1518/1958/6 1520/1960/6
f 1516/1956/6 1519/1959/6 1521/1961/6
f 1521/1961/6 1519/1959/6 1522/1962/6
f 1523/1963/6 1524/1964/6 1525/1965/6
f 1524/1966/6 1526/1967/6 1527/1968/6
f 1525/1965/6 1524/1964/6 1527/1969/6
f 1526/1970/6 1528/1971/6 1529/1972/6
f 1527/1968/6 1526/1967/6 1529/1973/6
f 1528/1974/6 1530/1975/6 1531/1976/6
f 1529/1972/6 1528/1971/6 1531/1977/6
f 1530/1978/6 1532/1979/6 1533/1980/6
f 1531/1976/6 1530/1975/6 1533/1981/6
f 1533/1980/6 1532/1979/6 1534/1982/6
f 1535/1983/6 1536/1984/6 1537/1985/6
f 1537/1985/6 1536/1984/6 1538/1986/6
f 1539/1987/6 1540/1988/6 1541/1989/6
f 1541/1989/6 1540/1988/6 1542/1990/6
f 1543/1991/6 1544/1992/6 1545/1993/6
f 1544/1994/6 1546/1995/6 1547/1996/6
f 1545/1993/6 1544/1992/6 1547/1997/6
f 1546/1998/6 1548/1999/6 1549/2000/6
f 1547/1996/6 1546/1995/6 1549/2001/6
f 1548/2002/6 1550/2003/6 1551/2004/6
f 1549/2000/6 1548/1999/6 1551/2005/6
f 1550/2006/6 1552/2007/6 1553/2008/6
f 1551/2004/6 1550/2003/6 1553/2009/6
f 1553/2008/6 1552/2007/6 1554/2010/6
f 1555/2011/6 1556/2012/6 1557/2013/6
f 1557/2013/6 1556/2012/6 1558/2014/6
f 1559/2015/6 1560/2016/6 1561/2017/6
f 1561/2017/6 1560/2016/6 1562/2018/6
f 1563/2019/6 1564/2020/6 1565/2021/6
f 1565/2021/6 1564/2020/6 1566/2022/6
f 1567/2023/6 1568/2024/6 1569/2025/6
f 1569/2025/6 1568/2024/6 1570/2026/6
f 1571/2027/6 1572/2028/6 1573/2029/6
f 1573/2029/6 1572/2028/6 1574/2030/6
f 1575/2031/6 1576/2032/6 1577/2033/6
f 1576/2034/6 1578/2035/6 1579/2036/6
f 1577/2033/6 1576/2032/6 1579/2037/6
f 1578/2038/6 1580/2039/6 1581/2040/6
f 1579/2036/6 1578/2035/6 1581/2041/6
f 1580/2042/6 1582/2043/6 1583/2044/6
f 1581/2040/6 1580/2039/6 1583/2045/6
f 1582/2046/6 1584/2047/6 1585/2048/6
f 1583/2044/6 1582/2043/6 1585/2049/6
f 1585/2048/6 1584/2047/6 1586/2050/6
f 1587/2051/6 1588/2052/6 1589/2053/6
f 1589/2053/6 1588/2052/6 1590/2054/6
f 1591/2055/6 1592/2056/6 1593/2057/6
f 1593/2057/6 1592/2056/6 1594/2058/6
f 1595/2059/6 1596/2060/6 1597/2061/6
f 1597/2061/6 1596/2060/6 1598/2062/6
f 1599/2063/6 1600/2064/6 1601/2065/6
f 1600/2066/6 1602/2067/6 1601/2068/6
f 1601/2068/6 1602/2067/6 1603/2069/6
f 1601/2065/6 1603/2070/6 1604/2071/6
f 1603/2069/6 1602/2067/6 1604/2072/6
f 1602/2073/6 1605/2074/6 1606/2075/6
f 1604/2072/6 1602/2067/6 1606/2076/6
f 1607/2077/6 1599/2078/6 1608/2079/6
f 1601/2065/6 1604/2071/6 1609/2080/6
f 1608/2079/6 1599/2078/6 1609/2081/6
f 1599/2063/6 1601/2065/6 1609/2080/6
f 1604/2071/6 1606/2075/6 1609/2080/6
f 1609/2080/6 1606/2075/6 1610/2082/6
f 1606/2075/6 1605/2074/6 1611/2083/6
f 1610/2082/6 1606/2075/6 1611/2083/6
f 1605/2084/6 1612/2085/6 1613/2086/6
f 1611/2083/6 1605/2074/6 1613/2087/6
f 1613/2086/6 1612/2085/6 1614/2088/6
f 1609/2081/6 1610/2089/6 1615/2090/6
f 1608/2079/6 1609/2081/6 1615/2090/6
f 1615/2090/6 1610/2089/6 1616/2091/6
f 1610/2082/6 1611/2083/6 1617/2092/6
f 1616/2091/6 1610/2089/6 1617/2093/6
f 1613/2086/6 1614/2088/6 1618/2094/6
f 1617/2092/6 1611/2083/6 1618/2095/6
f 1611/2096/6 1613/2086/6 1618/2094/6
f 1618/2094/6 1614/2088/6 1619/2097/6
f 1619/2097/6 1614/2088/6 1620/2098/6
f 1616/2091/6 1617/2093/6 1621/2099/6
f 1618/2094/6 1619/2097/6 1621/2099/6
f 1617/2093/6 1618/2094/6 1621/2099/6
f 1621/2099/6 1619/2097/6 1622/2100/6
f 1623/2101/6 1624/2102/6 1625/2103/6
f 1625/2103/6 1624/2102/6 1626/2104/6
f 1623/2101/6 1625/2103/6 1627/2105/6
f 1625/2106/6 1626/2107/6 1628/2108/6
f 1627/2105/6 1625/2103/6 1628/2109/6
f 1626/2104/6 1624/2102/6 1629/2110/6
f 1628/2108/6 1626/2107/6 1629/2111/6
f 1629/2110/6 1624/2102/6 1630/2112/6
f 1627/2113/6 1628/2108/6 1631/2114/6
f 1623/2101/6 1627/2105/6 1631/2115/6
f 1629/2111/6 1630/2116/6 1631/2114/6
f 1628/2108/6 1629/2111/6 1631/2114/6
f 1631/2114/6 1630/2116/6 1632/2117/6
f 1632/2117/6 1630/2116/6 1633/2118/6
f 1630/2112/6 1624/2102/6 1634/2119/6
f 1633/2118/6 1630/2116/6 1634/2120/6
f 1632/2117/6 1633/2118/6 1635/2121/6
f 1631/2115/6 1632/2122/6 1635/2123/6
f 1633/2124/6 1634/2119/6 1636/2125/6
f 1635/2121/6 1633/2118/6 1636/2126/6
f 1623/2101/6 1631/2115/6 1637/2127/6
f 1631/2115/6 1635/2123/6 1637/2127/6
f 1635/2123/6 1636/2125/6 1637/2127/6
f 1637/2127/6 1636/2125/6 1638/2128/6
f 1637/2129/6 1638/2130/6 1639/2131/6
f 1638/2128/6 1636/2125/6 1640/2132/6
f 1639/2131/6 1638/2130/6 1640/2133/6
f 1634/2119/6 1624/2102/6 1641/2134/6
f 1640/2132/6 1636/2125/6 1641/2134/6
f 1636/2125/6 1634/2119/6 1641/2134/6
f 1642/2135/6 1643/2136/6 1644/2137/6
f 1644/2137/6 1643/2136/6 1645/2138/6
f 1642/2135/6 1644/2137/6 1646/2139/6
f 1644/2140/6 1645/2141/6 1647/2142/6
f 1646/2139/6 1644/2137/6 1647/2143/6
f 1642/2135/6 1646/2139/6 1648/2144/6
f 1646/2145/6 1647/2142/6 1648/2146/6
f 1647/2142/6 1645/2141/6 1649/2147/6
f 1648/2146/6 1647/2142/6 1649/2147/6
f 1648/2144/6 1649/2148/6 1650/2149/6
f 1649/2147/6 1645/2141/6 1650/2150/6
f 1650/2150/6 1645/2141/6 1651/2151/6
f 1652/2152/6 1653/2153/6 1654/2154/6
f 1654/2154/6 1653/2153/6 1655/2155/6
f 1650/2149/6 1651/2156/6 1656/2157/6
f 1648/2144/6 1650/2149/6 1656/2157/6
f 1642/2135/6 1648/2144/6 1656/2157/6
f 1656/2157/6 1651/2156/6 1657/2158/6
f 1658/2159/6 1659/2160/6 1660/2161/6
f 1660/2161/6 1659/2160/6 1661/2162/6
f 1662/2163/6 1663/2164/6 1664/2165/6
f 1664/2165/6 1663/2164/6 1665/2166/6
f 1666/2167/6 1667/2168/6 1668/2169/6
f 1668/2169/6 1667/2168/6 1669/2170/6
f 1670/2171/6 1671/2172/6 1672/2173/6
f 1672/2173/6 1671/2172/6 1673/2174/6
f 1669/2175/6 1674/2176/6 1675/2177/6
f 1675/2177/6 1674/2176/6 1676/2178/6
f 1677/2179/6 1672/2180/6 1678/2181/6
f 1678/2181/6 1672/2180/6 1679/2182/6
f 1680/2183/6 1681/2184/6 1682/2185/6
f 1682/2185/6 1681/2184/6 1683/2186/6
f 1684/2187/6 1685/2188/6 1686/2189/6
f 1686/2189/6 1685/2188/6 1687/2190/6
f 1688/2191/6 1689/2192/6 1690/2193/6
f 1690/2193/6 1689/2192/6 1691/2194/6
