# Blender v2.93.0 OBJ File: 'Cow_Base_Rig.blend'
# www.blender.org
mtllib TVS_VoxelFarm_Bull.mtl
o VS_Farm_Bull
v -1.200000 0.100000 0.800000
v -1.200000 -0.000000 0.700000
v -1.200000 -0.000000 0.900000
v -1.200000 0.100000 0.700000
v -1.200000 0.100000 -1.000000
v -1.200000 0.000000 -1.100000
v -1.200000 0.000000 -0.900000
v -1.200000 0.100000 -1.100000
v -1.200000 0.200000 0.900000
v -1.200000 0.200000 0.800000
v -1.200000 0.100000 0.600000
v -1.200000 0.200000 -0.900000
v -1.200000 0.200000 -1.000000
v -1.200000 0.100000 -1.200000
v -1.200000 0.300000 0.900000
v -1.200000 0.300000 0.600000
v -1.200000 0.300000 -0.900000
v -1.200000 0.300000 -1.200000
v -1.200000 1.100000 0.900000
v -1.200000 0.400000 0.600000
v -1.200000 0.400000 0.900000
v -1.200000 1.100000 0.600000
v -1.200000 0.400000 0.500000
v -1.200000 1.100000 0.500000
v -1.200000 1.100000 -0.900000
v -1.200000 0.400000 -1.200000
v -1.200000 0.400000 -0.900000
v -1.200000 1.100000 -1.200000
v -1.200000 0.400000 -1.300000
v -1.200000 1.100000 -1.300000
v -1.200000 1.500000 0.600000
v -1.200000 1.200000 0.600000
v -1.200000 1.200000 0.900000
v -1.200000 1.200000 0.500000
v -1.200000 1.500000 0.500000
v -1.200000 1.500000 -1.200000
v -1.200000 1.200001 -1.300000
v -1.200000 1.200001 -1.200000
v -1.200000 1.200000 -0.900000
v -1.200000 1.500000 -1.300000
v -1.200000 1.600001 -1.300000
v -1.200000 1.500000 -1.400000
v -1.200000 1.600001 -1.400000
v -1.200000 1.700001 -1.400000
v -1.200000 1.600001 -1.500000
v -1.200000 1.700001 -1.500000
v -1.200000 2.000000 0.600000
v -1.200000 2.000000 0.500000
v -1.200000 1.500000 0.400000
v -1.200000 2.000000 0.400000
v -1.200000 2.099999 0.900000
v -1.200000 2.100000 0.600000
v -1.200000 2.100000 0.500000
v -1.200000 2.100000 -1.399999
v -1.200000 2.100000 -1.500000
v -1.200000 1.700001 -1.600000
v -1.200000 2.100000 -1.600000
v -1.200000 2.200000 2.400001
v -1.200000 2.099999 2.200000
v -1.200000 2.099999 2.400000
v -1.200000 2.200000 2.300000
v -1.200000 2.200000 2.200001
v -1.200000 2.200000 2.000000
v -1.200000 2.100000 1.900000
v -1.200000 2.100000 2.000000
v -1.200000 2.200000 1.900000
v -1.200000 2.200001 -1.299999
v -1.200000 2.200001 -1.399999
v -1.200000 2.200001 -1.500000
v -1.200000 2.300000 2.300000
v -1.200000 2.300000 2.200001
v -1.200000 2.300000 2.000000
v -1.200000 2.300000 1.900000
v -1.200000 2.300000 -0.900000
v -1.200000 2.300000 -1.299999
v -1.200000 2.300000 -1.399999
v -1.200000 2.400000 2.200001
v -1.200000 2.400000 2.000000
v -1.100000 2.100000 2.000000
v -1.100000 2.000000 1.900000
v -1.100000 2.000000 2.000000
v -1.100000 2.100000 1.900000
v -1.100000 2.400000 2.000000
v -1.100000 2.300000 1.900000
v -1.100000 2.300000 2.000000
v -1.100000 2.400000 1.900000
v -1.000000 2.099999 2.600000
v -1.000000 2.000000 2.500000
v -1.000000 2.000000 2.600000
v -1.000000 2.099999 2.500000
v -1.000000 2.100000 0.300000
v -1.000000 2.000000 0.200000
v -1.000000 2.000000 0.300000
v -1.000000 2.100000 0.200000
v -1.000000 2.200000 2.500000
v -1.000000 2.099999 2.300000
v -1.000000 2.200000 2.300000
v -1.000000 2.200000 0.400000
v -1.000000 2.100000 0.100000
v -1.000000 2.100000 0.400000
v -1.000000 2.200000 0.100000
v -1.000000 2.300000 0.900000
v -1.000000 2.200000 0.000000
v -1.000000 2.200000 0.900000
v -1.000000 2.300000 0.000000
v -0.900000 1.600000 -1.300000
v -0.900000 1.200000 -1.300000
v -0.900000 1.200000 1.000000
v -0.900000 1.700000 2.200000
v -0.900000 1.600000 2.100000
v -0.900000 1.600000 2.200000
v -0.900000 1.600000 3.000000
v -0.900000 1.700000 2.100000
v -0.900000 1.700000 -1.400000
v -0.900000 1.600000 -1.400000
v -0.900000 1.800000 2.100000
v -0.900000 1.700000 2.000000
v -0.900000 1.800000 2.000000
v -0.900000 1.900000 2.500000
v -0.900000 1.900000 2.300000
v -0.900000 1.900000 2.000000
v -0.900000 1.800000 1.900000
v -0.900000 1.900000 1.900000
v -0.900000 2.000000 3.000000
v -0.900000 2.000000 2.900000
v -0.900000 2.000000 2.600000
v -0.900000 2.000000 2.500000
v -0.900000 2.000000 2.400000
v -0.900000 2.000000 2.300000
v -0.900000 2.000000 2.000000
v -0.900000 2.000000 1.900000
v -0.900000 2.000000 0.300000
v -0.900000 1.700000 -1.500000
v -0.900000 2.000000 0.200000
v -0.900000 2.099999 2.900000
v -0.900000 2.099999 2.800000
v -0.900000 2.099999 2.600000
v -0.900000 2.099999 2.500000
v -0.900000 2.099999 2.400000
v -0.900000 2.099999 2.300000
v -0.900000 2.100000 0.400000
v -0.900000 2.100000 0.300000
v -0.900000 2.100000 0.200000
v -0.900000 2.100000 0.100000
v -0.900000 2.100000 -1.400000
v -0.900000 2.100000 -1.500000
v -0.900000 2.200000 2.800000
v -0.900000 2.200000 2.700001
v -0.900000 2.200000 2.500000
v -0.900000 2.200000 2.300000
v -0.900000 2.200000 2.100000
v -0.900000 2.200000 2.000000
v -0.900000 2.200000 0.900000
v -0.900000 2.200000 0.400000
v -0.900000 2.200000 0.100000
v -0.900000 2.200000 0.000000
v -0.900000 2.200000 -1.300000
v -0.900000 2.200000 -1.400000
v -0.900000 2.300000 2.700001
v -0.900000 2.300000 2.100000
v -0.900000 2.300000 1.000000
v -0.900000 2.300000 0.900000
v -0.900000 2.300000 0.000000
v -0.900000 2.300000 -1.300000
v -0.900000 2.400000 0.900000
v -0.900000 2.400000 0.000000
v -0.800000 1.200000 1.000000
v -0.800000 1.100000 -1.300000
v -0.800000 1.100000 1.000000
v -0.800000 1.200000 -1.300000
v -0.800000 1.600000 3.000000
v -0.800000 1.500000 2.100000
v -0.800000 1.500000 3.000000
v -0.800000 1.600000 2.200000
v -0.800000 1.600000 2.100000
v -0.800000 1.600000 1.200000
v -0.800000 1.500000 1.100000
v -0.800000 1.500000 1.200000
v -0.800000 1.600000 -1.300000
v -0.800000 1.500000 -1.400000
v -0.800000 1.500000 -1.300000
v -0.800000 1.600000 -1.400000
v -0.800000 1.700000 2.100000
v -0.800000 1.600000 2.000000
v -0.800000 1.700000 2.000000
v -0.800000 1.700000 1.300000
v -0.800000 1.600000 1.300000
v -0.800000 1.700000 -1.400000
v -0.800000 1.600000 -1.500000
v -0.800000 1.700000 -1.500000
v -0.800000 1.800000 2.000000
v -0.800000 1.700000 1.900000
v -0.800000 1.800000 1.900000
v -0.800000 1.800000 1.400000
v -0.800000 1.700000 1.400000
v -0.800000 2.300000 1.800000
v -0.800000 1.800000 1.800000
v -0.800000 2.300000 1.100000
v -0.800000 2.400000 1.000000
v -0.800000 2.300000 0.900000
v -0.800000 2.300000 1.000000
v -0.800000 2.400000 0.900000
v -0.800000 2.400000 0.000000
v -0.800000 2.300000 -1.300000
v -0.800000 2.300000 0.000000
v -0.800000 2.400000 -1.300000
v -0.700000 1.200000 -1.700000
v -0.700000 1.100000 -1.700000
v -0.700000 1.100000 -1.600000
v -0.700000 1.500000 1.200000
v -0.700000 1.400000 1.100000
v -0.700000 1.400000 1.200000
v -0.700000 1.500000 1.100000
v -0.700000 1.600000 1.300000
v -0.700000 1.500000 1.300000
v -0.700000 1.600000 1.200000
v -0.700000 1.600000 -1.700000
v -0.700000 1.200000 -1.800000
v -0.700000 1.600000 -1.800000
v -0.700000 1.700000 1.400000
v -0.700000 1.600000 1.400000
v -0.700000 1.700000 1.300000
v -0.700000 1.700000 -1.600000
v -0.700000 1.700000 -1.700000
v -0.700000 1.800000 1.800000
v -0.700000 1.700000 1.800000
v -0.700000 1.800000 1.400000
v -0.600000 1.100000 -1.600000
v -0.600000 1.000000 -1.700000
v -0.600000 1.000000 -1.600000
v -0.600000 1.100000 -1.700000
v -0.600000 1.200000 -1.700000
v -0.600000 1.100000 -1.800000
v -0.600000 1.200000 -1.800000
v -0.600000 1.700000 -1.700000
v -0.600000 1.600000 -1.800000
v -0.600000 1.600000 -1.700000
v -0.600000 1.700000 -1.800000
v -0.600000 2.200000 -1.600000
v -0.600000 1.700000 -1.600000
v -0.600000 2.300000 -1.600000
v -0.600000 2.200000 -1.500000
v -0.600000 2.300000 -1.700000
v -0.600000 2.400000 -1.500000
v -0.600000 2.400000 -1.600000
v -0.400000 2.400000 2.100000
v -0.400000 2.300000 2.000000
v -0.400000 2.300000 2.100000
v -0.400000 2.400000 2.000000
v -0.300000 2.400000 2.000000
v -0.300000 2.300000 1.900000
v -0.300000 2.300000 2.000000
v -0.300000 2.400000 1.900000
v -0.100000 0.100000 0.800000
v -0.100000 -0.000000 0.700000
v -0.100000 -0.000000 0.900000
v -0.100000 0.100000 0.700000
v -0.100000 0.100000 -1.000000
v -0.100000 0.000000 -1.100000
v -0.100000 0.000000 -0.900000
v -0.100000 0.100000 -1.100000
v -0.100000 0.200000 0.900000
v -0.100000 0.200000 0.800000
v -0.100000 0.100000 0.600000
v -0.100000 0.200000 -0.900000
v -0.100000 0.200000 -1.000000
v -0.100000 0.100000 -1.200000
v -0.100000 0.300000 0.900000
v -0.100000 0.300000 0.600000
v -0.100000 0.300000 -0.900000
v -0.100000 0.300000 -1.200000
v -0.100000 1.100000 0.900000
v -0.100000 0.400000 0.600000
v -0.100000 0.400000 0.900000
v -0.100000 1.100000 0.600000
v -0.100000 0.400000 0.500000
v -0.100000 1.100000 0.500000
v -0.100000 1.100000 -0.900000
v -0.100000 0.400000 -1.200000
v -0.100000 0.400000 -0.900000
v -0.100000 1.100000 -1.200000
v -0.100000 0.400000 -1.300000
v -0.100000 1.100000 -1.300000
v -0.100000 1.500000 0.600000
v -0.100000 1.200000 0.600000
v -0.100000 1.200000 0.900000
v -0.100000 1.200000 0.500000
v -0.100000 1.500000 0.500000
v -0.100000 1.500000 -1.200000
v -0.100000 1.200000 -1.300000
v -0.100000 1.200000 -1.200000
v -0.100000 1.200000 -0.900000
v -0.100000 1.500000 -1.300000
v -0.100000 1.600001 -1.300000
v -0.100000 1.500000 -1.400000
v -0.100000 1.600001 -1.400000
v -0.100000 1.700001 -1.400000
v -0.100000 1.600001 -1.500000
v -0.100000 1.700001 -1.500000
v -0.100000 2.000000 0.600000
v -0.100000 2.000000 0.500000
v -0.100000 1.500000 0.400000
v -0.100000 2.000000 0.400000
v -0.100000 2.099999 0.900000
v -0.100000 2.100000 0.600000
v -0.100000 2.100000 0.500000
v -0.100000 2.100000 -1.400000
v -0.100000 2.100000 -1.500000
v -0.100000 1.700001 -1.600000
v -0.100000 2.100000 -1.600000
v -0.100000 2.200001 -1.300000
v -0.100000 2.200001 -1.400000
v -0.100000 2.200001 -1.500000
v -0.100000 2.300000 2.200001
v -0.100000 2.200000 2.100000
v -0.100000 2.200000 2.200001
v -0.100000 2.300000 2.100000
v -0.100000 2.300000 -0.900000
v -0.100000 2.300000 -1.300000
v -0.100000 2.300000 -1.400000
v -0.000000 2.200000 2.400001
v -0.000000 2.099999 2.200000
v -0.000000 2.099999 2.400000
v -0.000000 2.200000 2.300000
v -0.000000 2.200000 2.200001
v -0.000000 2.300000 2.300000
v -0.000000 2.300000 2.200001
v -0.000000 2.400000 2.200001
v -0.000000 2.300000 2.100000
v -0.000000 2.400000 2.100000
v -1.100000 2.099999 2.400000
v -1.100000 2.099999 2.200000
v -1.100000 2.200000 2.400001
v -1.100000 2.200000 2.300000
v -1.100000 2.200000 2.200001
v -1.100000 2.300000 2.300000
v -1.100000 2.300000 2.200001
v -1.100000 2.300000 2.100000
v -1.100000 2.400000 2.200001
v -1.100000 2.400000 2.100000
v -1.000000 -0.000000 0.900000
v -1.000000 -0.000000 0.700000
v -1.000000 0.100000 0.800000
v -1.000000 0.100000 0.700000
v -1.000000 0.000000 -0.900000
v -1.000000 0.000000 -1.100000
v -1.000000 0.100000 -1.000000
v -1.000000 0.100000 -1.100000
v -1.000000 0.200000 0.900000
v -1.000000 0.100000 0.600000
v -1.000000 0.200000 0.800000
v -1.000000 0.200000 -0.900000
v -1.000000 0.100000 -1.200000
v -1.000000 0.200000 -1.000000
v -1.000000 0.300000 0.900000
v -1.000000 0.300000 0.600000
v -1.000000 0.300000 -0.900000
v -1.000000 0.300000 -1.200000
v -1.000000 0.400000 0.900000
v -1.000000 0.400000 0.600000
v -1.000000 1.100000 0.900000
v -1.000000 0.400000 0.500000
v -1.000000 1.100000 0.600000
v -1.000000 1.100000 0.500000
v -1.000000 0.400000 -0.900000
v -1.000000 0.400000 -1.200000
v -1.000000 1.100000 -0.900000
v -1.000000 0.400000 -1.300000
v -1.000000 1.100000 -1.200000
v -1.000000 1.100000 -1.300000
v -1.000000 1.200000 0.900000
v -1.000000 1.200000 0.600000
v -1.000000 1.500000 0.600000
v -1.000000 1.200000 0.500000
v -1.000000 1.500000 0.500000
v -1.000000 1.200001 -1.200000
v -1.000000 1.200001 -1.300000
v -1.000000 1.500000 -1.200000
v -1.000000 1.200000 -0.900000
v -1.000000 1.500000 -1.300000
v -1.000000 1.600001 -1.300000
v -1.000000 1.500000 -1.400000
v -1.000000 1.600001 -1.400000
v -1.000000 1.700001 -1.400000
v -1.000000 1.600001 -1.500000
v -1.000000 1.700001 -1.500000
v -1.000000 2.000000 0.600000
v -1.000000 1.500000 0.400000
v -1.000000 2.000000 0.500000
v -1.000000 2.000000 0.400000
v -1.000000 2.099999 0.900000
v -1.000000 2.100000 0.600000
v -1.000000 2.100000 0.500000
v -1.000000 2.100000 -1.399999
v -1.000000 1.700001 -1.600000
v -1.000000 2.100000 -1.500000
v -1.000000 2.100000 -1.600000
v -1.000000 2.200001 -1.299999
v -1.000000 2.200001 -1.399999
v -1.000000 2.200001 -1.500000
v -1.000000 2.200000 2.200001
v -1.000000 2.200000 2.100000
v -1.000000 2.300000 2.200001
v -1.000000 2.300000 2.100000
v -1.000000 2.300000 -0.900000
v -1.000000 2.300000 -1.299999
v -1.000000 2.300000 -1.399999
v -0.800000 2.300000 2.000000
v -0.800000 2.300000 1.900000
v -0.800000 2.400000 2.000000
v -0.800000 2.400000 1.900000
v -0.700000 2.300000 2.100000
v -0.700000 2.300000 2.000000
v -0.700000 2.400000 2.100000
v -0.700000 2.400000 2.000000
v -0.500000 1.000000 -1.600000
v -0.500000 1.000000 -1.700000
v -0.500000 1.100000 -1.600000
v -0.500000 1.100000 -1.700000
v -0.500000 1.100000 -1.800000
v -0.500000 1.200000 -1.700000
v -0.500000 1.200000 -1.800000
v -0.500000 1.600000 -1.700000
v -0.500000 1.600000 -1.800000
v -0.500000 1.700000 -1.700000
v -0.500000 1.700000 -1.800000
v -0.500000 1.700000 -1.600000
v -0.500000 2.200000 -1.600000
v -0.500000 2.300000 -1.600000
v -0.500000 2.200000 -1.500000
v -0.500000 2.300000 -1.700000
v -0.500000 2.400000 -1.500000
v -0.500000 2.400000 -1.600000
v -0.400000 1.100000 -1.600000
v -0.400000 1.100000 -1.700000
v -0.400000 1.200000 -1.700000
v -0.400000 1.400000 1.200000
v -0.400000 1.400000 1.100000
v -0.400000 1.500000 1.200000
v -0.400000 1.500000 1.100000
v -0.400000 1.500000 1.300000
v -0.400000 1.600000 1.300000
v -0.400000 1.600000 1.200000
v -0.400000 1.600000 -1.700000
v -0.400000 1.200000 -1.800000
v -0.400000 1.600000 -1.800000
v -0.400000 1.600000 1.400000
v -0.400000 1.700000 1.400000
v -0.400000 1.700000 1.300000
v -0.400000 1.700000 -1.600000
v -0.400000 1.700000 -1.700000
v -0.400000 1.700000 1.800000
v -0.400000 1.800000 1.800000
v -0.400000 1.800000 1.400000
v -0.300000 1.100000 1.000000
v -0.300000 1.100000 -1.300000
v -0.300000 1.200000 1.000000
v -0.300000 1.200000 -1.300000
v -0.300000 1.500000 3.000000
v -0.300000 1.500000 2.100000
v -0.300000 1.600000 3.000000
v -0.300000 1.600000 2.200000
v -0.300000 1.600000 2.100000
v -0.300000 1.500000 1.200000
v -0.300000 1.500000 1.100000
v -0.300000 1.600000 1.200000
v -0.300000 1.500000 -1.300000
v -0.300000 1.500000 -1.400000
v -0.300000 1.600000 -1.300000
v -0.300000 1.600000 -1.400000
v -0.300000 1.600000 2.000000
v -0.300000 1.700000 2.100000
v -0.300000 1.700000 2.000000
v -0.300000 1.600000 1.300000
v -0.300000 1.700000 1.300000
v -0.300000 1.600000 -1.500000
v -0.300000 1.700000 -1.400000
v -0.300000 1.700000 -1.500000
v -0.300000 1.700000 1.900000
v -0.300000 1.800000 2.000000
v -0.300000 1.800000 1.900000
v -0.300000 1.700000 1.400000
v -0.300000 1.800000 1.400000
v -0.300000 1.800000 1.800000
v -0.300000 2.300000 1.800000
v -0.300000 2.300000 1.100000
v -0.300000 2.300000 1.000000
v -0.300000 2.300000 0.900000
v -0.300000 2.400000 1.000000
v -0.300000 2.400000 0.900000
v -0.300000 2.300000 0.000000
v -0.300000 2.300000 -1.300000
v -0.300000 2.400000 0.000000
v -0.300000 2.400000 -1.300000
v -0.200000 1.200000 1.000000
v -0.200000 1.200000 -1.300000
v -0.200000 1.600000 -1.300000
v -0.200000 1.600000 2.200000
v -0.200000 1.600000 2.100000
v -0.200000 1.700000 2.200000
v -0.200000 1.600000 3.000000
v -0.200000 1.700000 2.100000
v -0.200000 1.600000 -1.400000
v -0.200000 1.700000 -1.400000
v -0.200000 1.700000 2.000000
v -0.200000 1.800000 2.100000
v -0.200000 1.800000 2.000000
v -0.200000 1.900000 2.500000
v -0.200000 1.900000 2.300000
v -0.200000 1.800000 1.900000
v -0.200000 1.900000 2.000000
v -0.200000 1.900000 1.900000
v -0.200000 2.000000 3.000000
v -0.200000 2.000000 2.900000
v -0.200000 2.000000 2.600000
v -0.200000 2.000000 2.500000
v -0.200000 2.000000 2.400000
v -0.200000 2.000000 2.300000
v -0.200000 2.000000 2.000000
v -0.200000 2.000000 1.900000
v -0.200000 1.700000 -1.500000
v -0.200000 2.000000 0.300000
v -0.200000 2.000000 0.200000
v -0.200000 2.099999 2.900000
v -0.200000 2.099999 2.800000
v -0.200000 2.099999 2.600000
v -0.200000 2.099999 2.500000
v -0.200000 2.099999 2.400000
v -0.200000 2.099999 2.300000
v -0.200000 2.100000 0.400000
v -0.200000 2.100000 0.300000
v -0.200000 2.100000 0.200000
v -0.200000 2.100000 0.100000
v -0.200000 2.100000 -1.400000
v -0.200000 2.100000 -1.500000
v -0.200000 2.200000 2.800000
v -0.200000 2.200000 2.700001
v -0.200000 2.200000 2.500000
v -0.200000 2.200000 2.300000
v -0.200000 2.200000 2.100000
v -0.200000 2.200000 2.000000
v -0.200000 2.200000 0.900000
v -0.200000 2.200000 0.400000
v -0.200000 2.200000 0.100000
v -0.200000 2.200000 0.000000
v -0.200000 2.200000 -1.300000
v -0.200000 2.200000 -1.400000
v -0.200000 2.300000 2.700001
v -0.200000 2.300000 2.100000
v -0.200000 2.300000 1.000000
v -0.200000 2.300000 0.900000
v -0.200000 2.300000 0.000000
v -0.200000 2.300000 -1.300000
v -0.200000 2.400000 0.900000
v -0.200000 2.400000 0.000000
v -0.100000 2.000000 2.600000
v -0.100000 2.000000 2.500000
v -0.100000 2.099999 2.600000
v -0.100000 2.099999 2.500000
v -0.100000 2.000000 0.300000
v -0.100000 2.000000 0.200000
v -0.100000 2.100000 0.300000
v -0.100000 2.100000 0.200000
v -0.100000 2.099999 2.300000
v -0.100000 2.200000 2.500000
v -0.100000 2.200000 2.300000
v -0.100000 2.100000 0.100000
v -0.100000 2.200000 0.400000
v -0.100000 2.100000 0.400000
v -0.100000 2.200000 0.100000
v -0.100000 2.200000 0.000000
v -0.100000 2.300000 0.900000
v -0.100000 2.200000 0.900000
v -0.100000 2.300000 0.000000
v -0.000000 2.000000 2.000000
v -0.000000 2.000000 1.900000
v -0.000000 2.100000 2.000000
v -0.000000 2.100000 1.900000
v -0.000000 2.300000 2.000000
v -0.000000 2.300000 1.900000
v -0.000000 2.400000 2.000000
v -0.000000 2.400000 1.900000
v 0.100000 -0.000000 0.900000
v 0.100000 -0.000000 0.700000
v 0.100000 0.100000 0.800000
v 0.100000 0.100000 0.700000
v 0.100000 0.000000 -0.900000
v 0.100000 0.000000 -1.100000
v 0.100000 0.100000 -1.000000
v 0.100000 0.100000 -1.100000
v 0.100000 0.200000 0.900000
v 0.100000 0.100000 0.600000
v 0.100000 0.200000 0.800000
v 0.100000 0.200000 -0.900000
v 0.100000 0.100000 -1.200000
v 0.100000 0.200000 -1.000000
v 0.100000 0.300000 0.900000
v 0.100000 0.300000 0.600000
v 0.100000 0.300000 -0.900000
v 0.100000 0.300000 -1.200000
v 0.100000 0.400000 0.900000
v 0.100000 0.400000 0.600000
v 0.100000 1.100000 0.900000
v 0.100000 0.400000 0.500000
v 0.100000 1.100000 0.600000
v 0.100000 1.100000 0.500000
v 0.100000 0.400000 -0.900000
v 0.100000 0.400000 -1.200000
v 0.100000 1.100000 -0.900000
v 0.100000 0.400000 -1.300000
v 0.100000 1.100000 -1.200000
v 0.100000 1.100000 -1.300000
v 0.100000 1.200000 0.900000
v 0.100000 1.200000 0.600000
v 0.100000 1.500000 0.600000
v 0.100000 1.200000 0.500000
v 0.100000 1.500000 0.500000
v 0.100000 1.200000 -1.200000
v 0.100000 1.200000 -1.300000
v 0.100000 1.500000 -1.200000
v 0.100000 1.200000 -0.900000
v 0.100000 1.500000 -1.300000
v 0.100000 1.600001 -1.300000
v 0.100000 1.500000 -1.400000
v 0.100000 1.600001 -1.400000
v 0.100000 1.700001 -1.400000
v 0.100000 1.600001 -1.500000
v 0.100000 1.700001 -1.500000
v 0.100000 2.000000 0.600000
v 0.100000 1.500000 0.400000
v 0.100000 2.000000 0.500000
v 0.100000 2.000000 0.400000
v 0.100000 2.099999 0.900000
v 0.100000 2.100000 0.600000
v 0.100000 2.100000 0.500000
v 0.100000 2.100000 -1.400000
v 0.100000 1.700001 -1.600000
v 0.100000 2.100000 -1.500000
v 0.100000 2.100000 -1.600000
v 0.100000 2.099999 2.400000
v 0.100000 2.099999 2.200000
v 0.100000 2.200000 2.400001
v 0.100000 2.200000 2.300000
v 0.100000 2.200000 2.200001
v 0.100000 2.100000 2.000000
v 0.100000 2.100000 1.900000
v 0.100000 2.200000 2.000000
v 0.100000 2.200000 1.900000
v 0.100000 2.200001 -1.300000
v 0.100000 2.200001 -1.400000
v 0.100000 2.200001 -1.500000
v 0.100000 2.300000 2.300000
v 0.100000 2.300000 2.200001
v 0.100000 2.300000 2.000000
v 0.100000 2.300000 1.900000
v 0.100000 2.300000 -0.900000
v 0.100000 2.300000 -1.300000
v 0.100000 2.300000 -1.400000
v 0.100000 2.400000 2.200001
v 0.100000 2.400000 2.000000
v -0.800000 1.600000 3.000000
v -0.900000 2.000000 3.000000
v -0.900000 1.600000 3.000000
v -0.800000 1.700000 3.000000
v -0.800000 1.900000 3.000000
v -0.700000 1.600000 3.000000
v -0.800000 1.500000 3.000000
v -0.700000 1.700000 3.000000
v -0.700000 1.800000 3.000000
v -0.600000 1.700000 3.000000
v -0.600000 1.800000 3.000000
v -0.500000 1.700000 3.000000
v -0.500000 1.800000 3.000000
v -0.400000 1.600000 3.000000
v -0.400000 1.700000 3.000000
v -0.400000 1.800000 3.000000
v -0.300000 1.500000 3.000000
v -0.300000 1.600000 3.000000
v -0.300000 1.700000 3.000000
v -0.300000 1.900000 3.000000
v -0.200000 1.600000 3.000000
v -0.200000 2.000000 3.000000
v -0.200000 2.000000 2.900000
v -0.900000 2.099999 2.900000
v -0.900000 2.000000 2.900000
v -0.200000 2.099999 2.900000
v -0.200000 2.099999 2.800000
v -0.900000 2.200000 2.800000
v -0.900000 2.099999 2.800000
v -0.200000 2.200000 2.800000
v -0.200000 2.200000 2.700001
v -0.900000 2.300000 2.700001
v -0.900000 2.200000 2.700001
v -0.200000 2.300000 2.700001
v -0.900000 2.000000 2.600000
v -1.000000 2.099999 2.600000
v -1.000000 2.000000 2.600000
v -0.900000 2.099999 2.600000
v -0.100000 2.000000 2.600000
v -0.200000 2.099999 2.600000
v -0.200000 2.000000 2.600000
v -0.100000 2.099999 2.600000
v -0.900000 2.099999 2.500000
v -1.000000 2.200000 2.500000
v -1.000000 2.099999 2.500000
v -0.900000 2.200000 2.500000
v -0.100000 2.099999 2.500000
v -0.200000 2.200000 2.500000
v -0.200000 2.099999 2.500000
v -0.100000 2.200000 2.500000
v -1.100000 2.099999 2.400000
v -1.200000 2.200000 2.400001
v -1.200000 2.099999 2.400000
v -1.100000 2.200000 2.400001
v 0.100000 2.099999 2.400000
v -0.000000 2.200000 2.400001
v -0.000000 2.099999 2.400000
v 0.100000 2.200000 2.400001
v -1.100000 2.200000 2.300000
v -1.200000 2.300000 2.300000
v -1.200000 2.200000 2.300000
v -1.100000 2.300000 2.300000
v 0.100000 2.200000 2.300000
v -0.000000 2.300000 2.300000
v -0.000000 2.200000 2.300000
v 0.100000 2.300000 2.300000
v -1.100000 2.300000 2.200001
v -1.200000 2.400000 2.200001
v -1.200000 2.300000 2.200001
v -1.100000 2.400000 2.200001
v -1.000000 2.200000 2.200001
v -1.100000 2.200000 2.200001
v -1.000000 2.300000 2.200001
v -0.000000 2.200000 2.200001
v -0.100000 2.300000 2.200001
v -0.100000 2.200000 2.200001
v -0.000000 2.300000 2.200001
v 0.100000 2.300000 2.200001
v -0.000000 2.400000 2.200001
v 0.100000 2.400000 2.200001
v -1.000000 2.300000 2.100000
v -1.100000 2.400000 2.100000
v -1.100000 2.300000 2.100000
v -0.900000 2.200000 2.100000
v -1.000000 2.200000 2.100000
v -0.900000 2.300000 2.100000
v -0.700000 2.300000 2.100000
v -0.700000 2.400000 2.100000
v -0.200000 2.300000 2.100000
v -0.400000 2.400000 2.100000
v -0.400000 2.300000 2.100000
v -0.100000 2.200000 2.100000
v -0.200000 2.200000 2.100000
v -0.100000 2.300000 2.100000
v -0.000000 2.300000 2.100000
v -0.000000 2.400000 2.100000
v -1.100000 2.100000 2.000000
v -1.200000 2.200000 2.000000
v -1.200000 2.100000 2.000000
v -0.900000 2.000000 2.000000
v -1.100000 2.000000 2.000000
v -0.900000 2.200000 2.000000
v -0.000000 2.000000 2.000000
v -0.200000 2.200000 2.000000
v -0.200000 2.000000 2.000000
v -0.000000 2.100000 2.000000
v 0.100000 2.100000 2.000000
v 0.100000 2.200000 2.000000
v -0.700000 1.800000 1.800000
v -0.800000 2.300000 1.800000
v -0.800000 1.800000 1.800000
v -0.400000 1.700000 1.800000
v -0.700000 1.700000 1.800000
v -0.400000 1.800000 1.800000
v -0.300000 1.800000 1.800000
v -0.300000 2.300000 1.800000
v -0.700000 1.700000 1.400000
v -0.800000 1.800000 1.400000
v -0.800000 1.700000 1.400000
v -0.700000 1.800000 1.400000
v -0.400000 1.600000 1.400000
v -0.700000 1.600000 1.400000
v -0.400000 1.700000 1.400000
v -0.300000 1.700000 1.400000
v -0.400000 1.800000 1.400000
v -0.300000 1.800000 1.400000
v -0.700000 1.600000 1.300000
v -0.800000 1.700000 1.300000
v -0.800000 1.600000 1.300000
v -0.700000 1.700000 1.300000
v -0.400000 1.500000 1.300000
v -0.700000 1.500000 1.300000
v -0.400000 1.600000 1.300000
v -0.300000 1.600000 1.300000
v -0.400000 1.700000 1.300000
v -0.300000 1.700000 1.300000
v -0.700000 1.500000 1.200000
v -0.800000 1.600000 1.200000
v -0.800000 1.500000 1.200000
v -0.700000 1.600000 1.200000
v -0.400000 1.400000 1.200000
v -0.700000 1.400000 1.200000
v -0.400000 1.500000 1.200000
v -0.300000 1.500000 1.200000
v -0.400000 1.600000 1.200000
v -0.300000 1.600000 1.200000
v -0.800000 1.200000 1.000000
v -0.900000 2.300000 1.000000
v -0.900000 1.200000 1.000000
v -0.800000 2.300000 1.000000
v -0.300000 1.100000 1.000000
v -0.800000 1.100000 1.000000
v -0.300000 1.200000 1.000000
v -0.800000 2.400000 1.000000
v -0.300000 2.300000 1.000000
v -0.300000 2.400000 1.000000
v -0.200000 1.200000 1.000000
v -0.200000 2.300000 1.000000
v -1.000000 -0.000000 0.900000
v -1.200000 0.200000 0.900000
v -1.200000 -0.000000 0.900000
v -1.000000 0.200000 0.900000
v -1.200000 0.300000 0.900000
v -1.000000 0.300000 0.900000
v -1.000000 0.400000 0.900000
v -1.200000 1.100000 0.900000
v -1.200000 0.400000 0.900000
v -1.000000 1.100000 0.900000
v -1.000000 1.200000 0.900000
v -1.200000 2.099999 0.900000
v -1.200000 1.200000 0.900000
v -1.000000 2.099999 0.900000
v -0.900000 2.200000 0.900000
v -1.000000 2.300000 0.900000
v -1.000000 2.200000 0.900000
v -0.900000 2.300000 0.900000
v -0.800000 2.300000 0.900000
v -0.900000 2.400000 0.900000
v -0.800000 2.400000 0.900000
v -0.200000 2.300000 0.900000
v -0.300000 2.400000 0.900000
v -0.300000 2.300000 0.900000
v -0.200000 2.400000 0.900000
v -0.100000 2.200000 0.900000
v -0.200000 2.200000 0.900000
v -0.100000 2.300000 0.900000
v 0.100000 -0.000000 0.900000
v -0.100000 0.200000 0.900000
v -0.100000 -0.000000 0.900000
v 0.100000 0.200000 0.900000
v -0.100000 0.300000 0.900000
v 0.100000 0.300000 0.900000
v 0.100000 0.400000 0.900000
v -0.100000 1.100000 0.900000
v -0.100000 0.400000 0.900000
v 0.100000 1.100000 0.900000
v 0.100000 1.200000 0.900000
v -0.100000 2.099999 0.900000
v -0.100000 1.200000 0.900000
v 0.100000 2.099999 0.900000
v -0.900000 2.100000 0.400000
v -1.000000 2.200000 0.400000
v -1.000000 2.100000 0.400000
v -0.900000 2.200000 0.400000
v -0.100000 2.100000 0.400000
v -0.200000 2.200000 0.400000
v -0.200000 2.100000 0.400000
v -0.100000 2.200000 0.400000
v -0.900000 2.000000 0.300000
v -1.000000 2.100000 0.300000
v -1.000000 2.000000 0.300000
v -0.900000 2.100000 0.300000
v -0.100000 2.000000 0.300000
v -0.200000 2.100000 0.300000
v -0.200000 2.000000 0.300000
v -0.100000 2.100000 0.300000
v -1.000000 0.000000 -0.900000
v -1.200000 0.200000 -0.900000
v -1.200000 0.000000 -0.900000
v -1.000000 0.200000 -0.900000
v -1.200000 0.300000 -0.900000
v -1.000000 0.300000 -0.900000
v -1.000000 0.400000 -0.900000
v -1.200000 1.100000 -0.900000
v -1.200000 0.400000 -0.900000
v -1.000000 1.100000 -0.900000
v -1.000000 1.200000 -0.900000
v -1.200000 2.300000 -0.900000
v -1.200000 1.200000 -0.900000
v -1.000000 2.300000 -0.900000
v 0.100000 0.000000 -0.900000
v -0.100000 0.200000 -0.900000
v -0.100000 0.000000 -0.900000
v 0.100000 0.200000 -0.900000
v -0.100000 0.300000 -0.900000
v 0.100000 0.300000 -0.900000
v 0.100000 0.400000 -0.900000
v -0.100000 1.100000 -0.900000
v -0.100000 0.400000 -0.900000
v 0.100000 1.100000 -0.900000
v 0.100000 1.200000 -0.900000
v -0.100000 2.300000 -0.900000
v -0.100000 1.200000 -0.900000
v 0.100000 2.300000 -0.900000
v -0.500000 2.200000 -1.500000
v -0.600000 2.400000 -1.500000
v -0.600000 2.200000 -1.500000
v -0.500000 2.400000 -1.500000
v -0.600000 1.100000 -1.600000
v -0.700000 1.700000 -1.600000
v -0.700000 1.100000 -1.600000
v -0.600000 1.600000 -1.600000
v -0.600000 1.700000 -1.600000
v -0.500000 1.000000 -1.600000
v -0.600000 1.000000 -1.600000
v -0.500000 1.100000 -1.600000
v -0.500000 1.600000 -1.600000
v -0.600000 2.200000 -1.600000
v -0.500000 1.700000 -1.600000
v -0.500000 2.200000 -1.600000
v -0.400000 1.100000 -1.600000
v -0.400000 1.700000 -1.600000
v -1.000000 2.000000 2.500000
v -1.000000 2.099999 2.500000
v -0.900000 2.000000 2.500000
v -0.900000 2.099999 2.500000
v -0.200000 2.000000 2.500000
v -0.200000 2.099999 2.500000
v -0.100000 2.000000 2.500000
v -0.100000 2.099999 2.500000
v -1.000000 2.099999 2.300000
v -1.000000 2.200000 2.300000
v -0.900000 2.099999 2.300000
v -0.900000 2.200000 2.300000
v -0.200000 2.099999 2.300000
v -0.200000 2.200000 2.300000
v -0.100000 2.099999 2.300000
v -0.100000 2.200000 2.300000
v -1.200000 2.099999 2.200000
v -1.200000 2.200000 2.200001
v -1.100000 2.099999 2.200000
v -1.100000 2.200000 2.200001
v -0.000000 2.099999 2.200000
v -0.000000 2.200000 2.200001
v 0.100000 2.099999 2.200000
v 0.100000 2.200000 2.200001
v -0.900000 1.600000 2.100000
v -0.900000 1.700000 2.100000
v -0.800000 1.600000 2.100000
v -0.800000 1.700000 2.100000
v -0.800000 1.500000 2.100000
v -0.300000 1.500000 2.100000
v -0.300000 1.600000 2.100000
v -0.300000 1.700000 2.100000
v -0.200000 1.600000 2.100000
v -0.200000 1.700000 2.100000
v -1.200000 2.300000 2.000000
v -1.200000 2.400000 2.000000
v -1.100000 2.300000 2.000000
v -1.100000 2.400000 2.000000
v -0.900000 1.700000 2.000000
v -0.900000 1.800000 2.000000
v -0.800000 1.700000 2.000000
v -0.800000 1.800000 2.000000
v -0.800000 2.300000 2.000000
v -0.800000 2.400000 2.000000
v -0.700000 2.300000 2.000000
v -0.700000 2.400000 2.000000
v -0.800000 1.600000 2.000000
v -0.300000 1.600000 2.000000
v -0.300000 1.700000 2.000000
v -0.400000 2.300000 2.000000
v -0.400000 2.400000 2.000000
v -0.300000 2.300000 2.000000
v -0.300000 2.400000 2.000000
v -0.300000 1.800000 2.000000
v -0.200000 1.700000 2.000000
v -0.200000 1.800000 2.000000
v -0.000000 2.300000 2.000000
v -0.000000 2.400000 2.000000
v 0.100000 2.300000 2.000000
v 0.100000 2.400000 2.000000
v -1.200000 2.100000 1.900000
v -1.200000 2.200000 1.900000
v -1.100000 2.100000 1.900000
v -1.200000 2.300000 1.900000
v -1.100000 2.200000 1.900000
v -1.100000 2.300000 1.900000
v -1.100000 2.000000 1.900000
v -0.900000 2.000000 1.900000
v -0.900000 1.800000 1.900000
v -0.900000 1.900000 1.900000
v -0.800000 1.800000 1.900000
v -0.800000 2.300000 1.900000
v -1.100000 2.400000 1.900000
v -0.800000 2.400000 1.900000
v -0.800000 1.700000 1.900000
v -0.300000 1.700000 1.900000
v -0.300000 1.800000 1.900000
v -0.300000 2.300000 1.900000
v -0.200000 1.800000 1.900000
v -0.200000 1.900000 1.900000
v -0.200000 2.000000 1.900000
v -0.000000 2.000000 1.900000
v -0.000000 2.100000 1.900000
v -0.000000 2.200000 1.900000
v -0.300000 2.400000 1.900000
v -0.000000 2.300000 1.900000
v -0.000000 2.400000 1.900000
v 0.100000 2.100000 1.900000
v 0.100000 2.200000 1.900000
v 0.100000 2.300000 1.900000
v -0.800000 1.500000 1.100000
v -0.800000 2.300000 1.100000
v -0.700000 1.500000 1.100000
v -0.700000 1.400000 1.100000
v -0.400000 1.400000 1.100000
v -0.400000 1.500000 1.100000
v -0.300000 1.500000 1.100000
v -0.300000 2.300000 1.100000
v -1.200000 -0.000000 0.700000
v -1.200000 0.100000 0.700000
v -1.000000 -0.000000 0.700000
v -1.000000 0.100000 0.700000
v -0.100000 -0.000000 0.700000
v -0.100000 0.100000 0.700000
v 0.100000 -0.000000 0.700000
v 0.100000 0.100000 0.700000
v -1.200000 0.100000 0.600000
v -1.200000 0.300000 0.600000
v -1.000000 0.100000 0.600000
v -1.000000 0.300000 0.600000
v -0.100000 0.100000 0.600000
v -0.100000 0.300000 0.600000
v 0.100000 0.100000 0.600000
v 0.100000 0.300000 0.600000
v -1.200000 0.400000 0.500000
v -1.200000 1.100000 0.500000
v -1.000000 0.400000 0.500000
v -1.000000 1.100000 0.500000
v -1.200000 1.200000 0.500000
v -1.200000 1.500000 0.500000
v -1.000000 1.200000 0.500000
v -1.000000 1.500000 0.500000
v -1.200000 2.000000 0.500000
v -1.200000 2.100000 0.500000
v -1.000000 2.000000 0.500000
v -1.000000 2.100000 0.500000
v -0.100000 0.400000 0.500000
v -0.100000 1.100000 0.500000
v 0.100000 0.400000 0.500000
v 0.100000 1.100000 0.500000
v -0.100000 1.200000 0.500000
v -0.100000 1.500000 0.500000
v 0.100000 1.200000 0.500000
v 0.100000 1.500000 0.500000
v -0.100000 2.000000 0.500000
v -0.100000 2.100000 0.500000
v 0.100000 2.000000 0.500000
v 0.100000 2.100000 0.500000
v -1.200000 1.500000 0.400000
v -1.200000 2.000000 0.400000
v -1.000000 1.500000 0.400000
v -1.000000 2.000000 0.400000
v -0.100000 1.500000 0.400000
v -0.100000 2.000000 0.400000
v 0.100000 1.500000 0.400000
v 0.100000 2.000000 0.400000
v -1.000000 2.000000 0.200000
v -1.000000 2.100000 0.200000
v -0.900000 2.000000 0.200000
v -0.900000 2.100000 0.200000
v -0.200000 2.000000 0.200000
v -0.200000 2.100000 0.200000
v -0.100000 2.000000 0.200000
v -0.100000 2.100000 0.200000
v -1.000000 2.100000 0.100000
v -1.000000 2.200000 0.100000
v -0.900000 2.100000 0.100000
v -0.900000 2.200000 0.100000
v -0.200000 2.100000 0.100000
v -0.200000 2.200000 0.100000
v -0.100000 2.100000 0.100000
v -0.100000 2.200000 0.100000
v -1.000000 2.200000 0.000000
v -1.000000 2.300000 0.000000
v -0.900000 2.200000 0.000000
v -0.900000 2.300000 0.000000
v -0.900000 2.400000 0.000000
v -0.800000 2.300000 0.000000
v -0.800000 2.400000 0.000000
v -0.300000 2.300000 0.000000
v -0.300000 2.400000 0.000000
v -0.200000 2.300000 0.000000
v -0.200000 2.400000 0.000000
v -0.200000 2.200000 0.000000
v -0.100000 2.200000 0.000000
v -0.100000 2.300000 0.000000
v -1.200000 0.000000 -1.100000
v -1.200000 0.100000 -1.100000
v -1.000000 0.000000 -1.100000
v -1.000000 0.100000 -1.100000
v -0.100000 0.000000 -1.100000
v -0.100000 0.100000 -1.100000
v 0.100000 0.000000 -1.100000
v 0.100000 0.100000 -1.100000
v -1.200000 0.100000 -1.200000
v -1.200000 0.300000 -1.200000
v -1.000000 0.100000 -1.200000
v -1.000000 0.300000 -1.200000
v -0.100000 0.100000 -1.200000
v -0.100000 0.300000 -1.200000
v 0.100000 0.100000 -1.200000
v 0.100000 0.300000 -1.200000
v -1.200000 0.400000 -1.300000
v -1.200000 1.100000 -1.300000
v -1.000000 0.400000 -1.300000
v -1.000000 1.100000 -1.300000
v -1.200000 1.200001 -1.300000
v -1.200000 1.500000 -1.300000
v -1.000000 1.200001 -1.300000
v -1.000000 1.500000 -1.300000
v -0.900000 1.200000 -1.300000
v -0.900000 1.600000 -1.300000
v -0.800000 1.200000 -1.300000
v -0.800000 1.500000 -1.300000
v -0.800000 1.600000 -1.300000
v -0.900000 2.200000 -1.300000
v -0.900000 2.300000 -1.300000
v -0.800000 2.300000 -1.300000
v -0.800000 1.100000 -1.300000
v -0.300000 1.100000 -1.300000
v -0.300000 1.200000 -1.300000
v -0.300000 1.500000 -1.300000
v -0.800000 2.400000 -1.300000
v -0.300000 2.300000 -1.300000
v -0.300000 2.400000 -1.300000
v -0.300000 1.600000 -1.300000
v -0.200000 1.200000 -1.300000
v -0.200000 1.600000 -1.300000
v -0.200000 2.200000 -1.300000
v -0.200000 2.300000 -1.300000
v -0.100000 0.400000 -1.300000
v -0.100000 1.100000 -1.300000
v 0.100000 0.400000 -1.300000
v 0.100000 1.100000 -1.300000
v -0.100000 1.200000 -1.300000
v -0.100000 1.500000 -1.300000
v 0.100000 1.200000 -1.300000
v 0.100000 1.500000 -1.300000
v -1.200000 1.500000 -1.400000
v -1.200000 1.600001 -1.400000
v -1.000000 1.500000 -1.400000
v -1.000000 1.600001 -1.400000
v -1.200000 2.200001 -1.399999
v -1.200000 2.300000 -1.399999
v -1.000000 2.200001 -1.399999
v -1.000000 2.300000 -1.399999
v -0.900000 1.600000 -1.400000
v -0.900000 1.700000 -1.400000
v -0.800000 1.600000 -1.400000
v -0.800000 1.700000 -1.400000
v -0.800000 1.500000 -1.400000
v -0.300000 1.500000 -1.400000
v -0.300000 1.600000 -1.400000
v -0.300000 1.700000 -1.400000
v -0.200000 1.600000 -1.400000
v -0.200000 1.700000 -1.400000
v -0.900000 2.100000 -1.400000
v -0.900000 2.200000 -1.400000
v -0.200000 2.100000 -1.400000
v -0.200000 2.200000 -1.400000
v -0.100000 1.500000 -1.400000
v -0.100000 1.600001 -1.400000
v 0.100000 1.500000 -1.400000
v 0.100000 1.600001 -1.400000
v -0.100000 2.200001 -1.400000
v -0.100000 2.300000 -1.400000
v 0.100000 2.200001 -1.400000
v 0.100000 2.300000 -1.400000
v -1.200000 1.600001 -1.500000
v -1.200000 1.700001 -1.500000
v -1.000000 1.600001 -1.500000
v -1.000000 1.700001 -1.500000
v -1.200000 2.100000 -1.500000
v -1.200000 2.200001 -1.500000
v -1.000000 2.100000 -1.500000
v -1.000000 2.200001 -1.500000
v -0.900000 1.700000 -1.500000
v -0.900000 2.100000 -1.500000
v -0.800000 1.700000 -1.500000
v -0.800000 1.600000 -1.500000
v -0.300000 1.600000 -1.500000
v -0.300000 1.700000 -1.500000
v -0.200000 1.700000 -1.500000
v -0.200000 2.100000 -1.500000
v -0.100000 1.600001 -1.500000
v -0.100000 1.700001 -1.500000
v 0.100000 1.600001 -1.500000
v 0.100000 1.700001 -1.500000
v -0.100000 2.100000 -1.500000
v -0.100000 2.200001 -1.500000
v 0.100000 2.100000 -1.500000
v 0.100000 2.200001 -1.500000
v -1.200000 1.700001 -1.600000
v -1.200000 2.100000 -1.600000
v -1.000000 1.700001 -1.600000
v -1.000000 2.100000 -1.600000
v -0.600000 2.300000 -1.600000
v -0.600000 2.400000 -1.600000
v -0.500000 2.300000 -1.600000
v -0.500000 2.400000 -1.600000
v -0.100000 1.700001 -1.600000
v -0.100000 2.100000 -1.600000
v 0.100000 1.700001 -1.600000
v 0.100000 2.100000 -1.600000
v -0.700000 1.100000 -1.700000
v -0.700000 1.200000 -1.700000
v -0.600000 1.100000 -1.700000
v -0.600000 1.200000 -1.700000
v -0.700000 1.600000 -1.700000
v -0.700000 1.700000 -1.700000
v -0.600000 1.600000 -1.700000
v -0.600000 1.700000 -1.700000
v -0.600000 1.000000 -1.700000
v -0.500000 1.000000 -1.700000
v -0.500000 1.100000 -1.700000
v -0.600000 2.300000 -1.700000
v -0.500000 1.700000 -1.700000
v -0.500000 2.300000 -1.700000
v -0.500000 1.200000 -1.700000
v -0.400000 1.100000 -1.700000
v -0.400000 1.200000 -1.700000
v -0.500000 1.600000 -1.700000
v -0.400000 1.600000 -1.700000
v -0.400000 1.700000 -1.700000
v -0.700000 1.200000 -1.800000
v -0.700000 1.600000 -1.800000
v -0.600000 1.200000 -1.800000
v -0.600000 1.600000 -1.800000
v -0.600000 1.100000 -1.800000
v -0.500000 1.100000 -1.800000
v -0.600000 1.700000 -1.800000
v -0.500000 1.200000 -1.800000
v -0.500000 1.600000 -1.800000
v -0.500000 1.700000 -1.800000
v -0.400000 1.200000 -1.800000
v -0.400000 1.600000 -1.800000
v -1.200000 -0.000000 0.700000
v -1.000000 -0.000000 0.900000
v -1.200000 -0.000000 0.900000
v -1.000000 -0.000000 0.700000
v -0.100000 -0.000000 0.700000
v 0.100000 -0.000000 0.900000
v -0.100000 -0.000000 0.900000
v 0.100000 -0.000000 0.700000
v -1.200000 0.000000 -1.100000
v -1.000000 0.000000 -0.900000
v -1.200000 0.000000 -0.900000
v -1.000000 0.000000 -1.100000
v -0.100000 0.000000 -1.100000
v 0.100000 0.000000 -0.900000
v -0.100000 0.000000 -0.900000
v 0.100000 0.000000 -1.100000
v -1.200000 0.100000 0.600000
v -1.000000 0.100000 0.700000
v -1.200000 0.100000 0.700000
v -1.000000 0.100000 0.600000
v -0.100000 0.100000 0.600000
v 0.100000 0.100000 0.700000
v -0.100000 0.100000 0.700000
v 0.100000 0.100000 0.600000
v -1.200000 0.100000 -1.200000
v -1.000000 0.100000 -1.100000
v -1.200000 0.100000 -1.100000
v -1.000000 0.100000 -1.200000
v -0.100000 0.100000 -1.200000
v 0.100000 0.100000 -1.100000
v -0.100000 0.100000 -1.100000
v 0.100000 0.100000 -1.200000
v -1.200000 0.400000 0.600000
v -1.000000 0.400000 0.900000
v -1.200000 0.400000 0.900000
v -1.000000 0.400000 0.600000
v -0.100000 0.400000 0.600000
v 0.100000 0.400000 0.900000
v -0.100000 0.400000 0.900000
v 0.100000 0.400000 0.600000
v -1.200000 0.400000 0.500000
v -1.000000 0.400000 0.500000
v -0.100000 0.400000 0.500000
v 0.100000 0.400000 0.500000
v -1.200000 0.400000 -1.200000
v -1.000000 0.400000 -0.900000
v -1.200000 0.400000 -0.900000
v -1.000000 0.400000 -1.200000
v -0.100000 0.400000 -1.200000
v 0.100000 0.400000 -0.900000
v -0.100000 0.400000 -0.900000
v 0.100000 0.400000 -1.200000
v -1.200000 0.400000 -1.300000
v -1.000000 0.400000 -1.300000
v -0.100000 0.400000 -1.300000
v 0.100000 0.400000 -1.300000
v -0.600000 1.000000 -1.700000
v -0.500000 1.000000 -1.600000
v -0.600000 1.000000 -1.600000
v -0.500000 1.000000 -1.700000
v -0.800000 1.100000 -1.300000
v -0.300000 1.100000 1.000000
v -0.800000 1.100000 1.000000
v -0.300000 1.100000 -1.300000
v -0.700000 1.100000 -1.700000
v -0.600000 1.100000 -1.600000
v -0.700000 1.100000 -1.600000
v -0.600000 1.100000 -1.700000
v -0.500000 1.100000 -1.700000
v -0.400000 1.100000 -1.600000
v -0.500000 1.100000 -1.600000
v -0.400000 1.100000 -1.700000
v -0.600000 1.100000 -1.800000
v -0.500000 1.100000 -1.800000
v -1.200000 1.200000 0.600000
v -1.000000 1.200000 0.900000
v -1.200000 1.200000 0.900000
v -1.000000 1.200000 0.600000
v -0.100000 1.200000 0.600000
v 0.100000 1.200000 0.900000
v -0.100000 1.200000 0.900000
v 0.100000 1.200000 0.600000
v -1.200000 1.200000 0.500000
v -1.000000 1.200000 0.500000
v -0.100000 1.200000 0.500000
v 0.100000 1.200000 0.500000
v -1.200000 1.200001 -1.200000
v -1.000000 1.200000 -0.900000
v -1.200000 1.200000 -0.900000
v -1.000000 1.200001 -1.200000
v -0.100000 1.200000 -1.200000
v 0.100000 1.200000 -0.900000
v -0.100000 1.200000 -0.900000
v 0.100000 1.200000 -1.200000
v -1.200000 1.200001 -1.300000
v -1.000000 1.200001 -1.300000
v -0.900000 1.200000 -1.300000
v -0.800000 1.200000 1.000000
v -0.900000 1.200000 1.000000
v -0.800000 1.200000 -1.300000
v -0.300000 1.200000 -1.300000
v -0.200000 1.200000 1.000000
v -0.300000 1.200000 1.000000
v -0.200000 1.200000 -1.300000
v -0.100000 1.200000 -1.300000
v 0.100000 1.200000 -1.300000
v -0.700000 1.200000 -1.800000
v -0.600000 1.200000 -1.700000
v -0.700000 1.200000 -1.700000
v -0.600000 1.200000 -1.800000
v -0.500000 1.200000 -1.800000
v -0.400000 1.200000 -1.700000
v -0.500000 1.200000 -1.700000
v -0.400000 1.200000 -1.800000
v -0.700000 1.400000 1.100000
v -0.400000 1.400000 1.200000
v -0.700000 1.400000 1.200000
v -0.400000 1.400000 1.100000
v -0.800000 1.500000 2.100000
v -0.300000 1.500000 3.000000
v -0.800000 1.500000 3.000000
v -0.300000 1.500000 2.100000
v -0.700000 1.500000 1.200000
v -0.400000 1.500000 1.300000
v -0.700000 1.500000 1.300000
v -0.400000 1.500000 1.200000
v -0.800000 1.500000 1.100000
v -0.800000 1.500000 1.200000
v -0.700000 1.500000 1.100000
v -0.400000 1.500000 1.100000
v -0.300000 1.500000 1.200000
v -0.300000 1.500000 1.100000
v -1.200000 1.500000 0.400000
v -1.000000 1.500000 0.500000
v -1.200000 1.500000 0.500000
v -1.000000 1.500000 0.400000
v -0.100000 1.500000 0.400000
v 0.100000 1.500000 0.500000
v -0.100000 1.500000 0.500000
v 0.100000 1.500000 0.400000
v -1.200000 1.500000 -1.400000
v -1.000000 1.500000 -1.300000
v -1.200000 1.500000 -1.300000
v -1.000000 1.500000 -1.400000
v -0.800000 1.500000 -1.400000
v -0.300000 1.500000 -1.300000
v -0.800000 1.500000 -1.300000
v -0.300000 1.500000 -1.400000
v -0.100000 1.500000 -1.400000
v 0.100000 1.500000 -1.300000
v -0.100000 1.500000 -1.300000
v 0.100000 1.500000 -1.400000
v -0.900000 1.600000 2.200000
v -0.800000 1.600000 3.000000
v -0.900000 1.600000 3.000000
v -0.800000 1.600000 2.200000
v -0.300000 1.600000 2.200000
v -0.200000 1.600000 3.000000
v -0.300000 1.600000 3.000000
v -0.200000 1.600000 2.200000
v -0.900000 1.600000 2.100000
v -0.800000 1.600000 2.100000
v -0.300000 1.600000 2.100000
v -0.200000 1.600000 2.100000
v -0.800000 1.600000 2.000000
v -0.300000 1.600000 2.000000
v -0.700000 1.600000 1.300000
v -0.400000 1.600000 1.400000
v -0.700000 1.600000 1.400000
v -0.400000 1.600000 1.300000
v -0.800000 1.600000 1.200000
v -0.800000 1.600000 1.300000
v -0.700000 1.600000 1.200000
v -0.400000 1.600000 1.200000
v -0.300000 1.600000 1.300000
v -0.300000 1.600000 1.200000
v -0.900000 1.600000 -1.400000
v -0.800000 1.600000 -1.300000
v -0.900000 1.600000 -1.300000
v -0.800000 1.600000 -1.400000
v -0.300000 1.600000 -1.400000
v -0.200000 1.600000 -1.300000
v -0.300000 1.600000 -1.300000
v -0.200000 1.600000 -1.400000
v -1.200000 1.600001 -1.500000
v -1.000000 1.600001 -1.400000
v -1.200000 1.600001 -1.400000
v -1.000000 1.600001 -1.500000
v -0.800000 1.600000 -1.500000
v -0.300000 1.600000 -1.500000
v -0.100000 1.600001 -1.500000
v 0.100000 1.600001 -1.400000
v -0.100000 1.600001 -1.400000
v 0.100000 1.600001 -1.500000
v -0.900000 1.700000 2.000000
v -0.800000 1.700000 2.100000
v -0.900000 1.700000 2.100000
v -0.800000 1.700000 2.000000
v -0.300000 1.700000 2.000000
v -0.200000 1.700000 2.100000
v -0.300000 1.700000 2.100000
v -0.200000 1.700000 2.000000
v -0.800000 1.700000 1.900000
v -0.300000 1.700000 1.900000
v -0.700000 1.700000 1.400000
v -0.400000 1.700000 1.800000
v -0.700000 1.700000 1.800000
v -0.400000 1.700000 1.400000
v -0.800000 1.700000 1.300000
v -0.800000 1.700000 1.400000
v -0.700000 1.700000 1.300000
v -0.400000 1.700000 1.300000
v -0.300000 1.700000 1.400000
v -0.300000 1.700000 1.300000
v -0.900000 1.700000 -1.500000
v -0.800000 1.700000 -1.400000
v -0.900000 1.700000 -1.400000
v -0.800000 1.700000 -1.500000
v -0.300000 1.700000 -1.500000
v -0.200000 1.700000 -1.400000
v -0.300000 1.700000 -1.400000
v -0.200000 1.700000 -1.500000
v -1.200000 1.700001 -1.600000
v -1.000000 1.700001 -1.500000
v -1.200000 1.700001 -1.500000
v -1.000000 1.700001 -1.600000
v -0.100000 1.700001 -1.600000
v 0.100000 1.700001 -1.500000
v -0.100000 1.700001 -1.500000
v 0.100000 1.700001 -1.600000
v -0.900000 1.800000 1.900000
v -0.800000 1.800000 2.000000
v -0.900000 1.800000 2.000000
v -0.800000 1.800000 1.900000
v -0.300000 1.800000 1.900000
v -0.200000 1.800000 2.000000
v -0.300000 1.800000 2.000000
v -0.200000 1.800000 1.900000
v -0.800000 1.800000 1.400000
v -0.700000 1.800000 1.800000
v -0.800000 1.800000 1.800000
v -0.700000 1.800000 1.400000
v -0.400000 1.800000 1.400000
v -0.300000 1.800000 1.800000
v -0.400000 1.800000 1.800000
v -0.300000 1.800000 1.400000
v -1.000000 2.000000 2.500000
v -0.900000 2.000000 2.600000
v -1.000000 2.000000 2.600000
v -0.900000 2.000000 2.500000
v -0.200000 2.000000 2.500000
v -0.100000 2.000000 2.600000
v -0.200000 2.000000 2.600000
v -0.100000 2.000000 2.500000
v -1.100000 2.000000 1.900000
v -0.900000 2.000000 2.000000
v -1.100000 2.000000 2.000000
v -0.900000 2.000000 1.900000
v -0.200000 2.000000 1.900000
v -0.000000 2.000000 2.000000
v -0.200000 2.000000 2.000000
v -0.000000 2.000000 1.900000
v -1.000000 2.000000 0.200000
v -0.900000 2.000000 0.300000
v -1.000000 2.000000 0.300000
v -0.900000 2.000000 0.200000
v -0.200000 2.000000 0.200000
v -0.100000 2.000000 0.300000
v -0.200000 2.000000 0.300000
v -0.100000 2.000000 0.200000
v -0.900000 2.099999 2.400000
v -0.900000 2.099999 2.500000
v -1.000000 2.099999 2.500000
v -0.200000 2.099999 2.400000
v -0.100000 2.099999 2.500000
v -0.200000 2.099999 2.500000
v -1.000000 2.099999 2.300000
v -0.900000 2.099999 2.300000
v -0.200000 2.099999 2.300000
v -0.100000 2.099999 2.300000
v -1.200000 2.099999 2.200000
v -1.100000 2.099999 2.400000
v -1.200000 2.099999 2.400000
v -1.100000 2.099999 2.200000
v -0.000000 2.099999 2.200000
v 0.100000 2.099999 2.400000
v -0.000000 2.099999 2.400000
v 0.100000 2.099999 2.200000
v -1.200000 2.100000 1.900000
v -1.100000 2.100000 2.000000
v -1.200000 2.100000 2.000000
v -1.100000 2.100000 1.900000
v -0.000000 2.100000 1.900000
v 0.100000 2.100000 2.000000
v -0.000000 2.100000 2.000000
v 0.100000 2.100000 1.900000
v -1.000000 2.100000 0.300000
v -0.900000 2.100000 0.400000
v -1.000000 2.100000 0.400000
v -0.900000 2.100000 0.300000
v -0.200000 2.100000 0.300000
v -0.100000 2.100000 0.400000
v -0.200000 2.100000 0.400000
v -0.100000 2.100000 0.300000
v -1.000000 2.100000 0.100000
v -0.900000 2.100000 0.200000
v -1.000000 2.100000 0.200000
v -0.900000 2.100000 0.100000
v -0.200000 2.100000 0.100000
v -0.100000 2.100000 0.200000
v -0.200000 2.100000 0.200000
v -0.100000 2.100000 0.100000
v -1.000000 2.200000 2.100000
v -1.100000 2.200000 2.200001
v -1.200000 2.200000 2.200001
v -1.000000 2.200000 2.200001
v -0.100000 2.200000 2.100000
v 0.100000 2.200000 2.200001
v -0.000000 2.200000 2.200001
v -0.100000 2.200000 2.200001
v -1.200000 2.200000 2.000000
v -0.900000 2.200000 2.100000
v -0.900000 2.200000 2.000000
v -0.200000 2.200000 2.000000
v -0.200000 2.200000 2.100000
v 0.100000 2.200000 2.000000
v -1.000000 2.200000 0.400000
v -0.900000 2.200000 0.900000
v -1.000000 2.200000 0.900000
v -0.900000 2.200000 0.400000
v -0.200000 2.200000 0.400000
v -0.100000 2.200000 0.900000
v -0.200000 2.200000 0.900000
v -0.100000 2.200000 0.400000
v -1.000000 2.200000 0.000000
v -0.900000 2.200000 0.100000
v -1.000000 2.200000 0.100000
v -0.900000 2.200000 0.000000
v -0.200000 2.200000 0.000000
v -0.100000 2.200000 0.100000
v -0.200000 2.200000 0.100000
v -0.100000 2.200000 0.000000
v -0.600000 2.200000 -1.600000
v -0.500000 2.200000 -1.500000
v -0.600000 2.200000 -1.500000
v -0.500000 2.200000 -1.600000
v -1.200000 0.300000 0.900000
v -1.000000 0.300000 0.900000
v -1.200000 0.300000 0.600000
v -1.000000 0.300000 0.600000
v -0.100000 0.300000 0.900000
v 0.100000 0.300000 0.900000
v -0.100000 0.300000 0.600000
v 0.100000 0.300000 0.600000
v -1.200000 0.300000 -0.900000
v -1.000000 0.300000 -0.900000
v -1.200000 0.300000 -1.200000
v -1.000000 0.300000 -1.200000
v -0.100000 0.300000 -0.900000
v 0.100000 0.300000 -0.900000
v -0.100000 0.300000 -1.200000
v 0.100000 0.300000 -1.200000
v -1.200000 1.100000 0.900000
v -1.000000 1.100000 0.900000
v -1.200000 1.100000 0.600000
v -1.000000 1.100000 0.600000
v -0.100000 1.100000 0.900000
v 0.100000 1.100000 0.900000
v -0.100000 1.100000 0.600000
v 0.100000 1.100000 0.600000
v -1.200000 1.100000 0.500000
v -1.000000 1.100000 0.500000
v -0.100000 1.100000 0.500000
v 0.100000 1.100000 0.500000
v -1.200000 1.100000 -0.900000
v -1.000000 1.100000 -0.900000
v -1.200000 1.100000 -1.200000
v -1.000000 1.100000 -1.200000
v -0.100000 1.100000 -0.900000
v 0.100000 1.100000 -0.900000
v -0.100000 1.100000 -1.200000
v 0.100000 1.100000 -1.200000
v -1.200000 1.100000 -1.300000
v -1.000000 1.100000 -1.300000
v -0.100000 1.100000 -1.300000
v 0.100000 1.100000 -1.300000
v -0.700000 1.600000 -1.700000
v -0.600000 1.600000 -1.700000
v -0.700000 1.600000 -1.800000
v -0.600000 1.600000 -1.800000
v -0.500000 1.600000 -1.700000
v -0.400000 1.600000 -1.700000
v -0.500000 1.600000 -1.800000
v -0.400000 1.600000 -1.800000
v -0.700000 1.700000 -1.600000
v -0.600000 1.700000 -1.600000
v -0.700000 1.700000 -1.700000
v -0.600000 1.700000 -1.700000
v -0.500000 1.700000 -1.600000
v -0.400000 1.700000 -1.600000
v -0.500000 1.700000 -1.700000
v -0.400000 1.700000 -1.700000
v -0.600000 1.700000 -1.800000
v -0.500000 1.700000 -1.800000
v -0.900000 2.000000 3.000000
v -0.200000 2.000000 3.000000
v -0.900000 2.000000 2.900000
v -0.200000 2.000000 2.900000
v -1.200000 2.000000 0.500000
v -1.000000 2.000000 0.500000
v -1.200000 2.000000 0.400000
v -1.000000 2.000000 0.400000
v -0.100000 2.000000 0.500000
v 0.100000 2.000000 0.500000
v -0.100000 2.000000 0.400000
v 0.100000 2.000000 0.400000
v -0.900000 2.099999 2.900000
v -0.200000 2.099999 2.900000
v -0.900000 2.099999 2.800000
v -0.200000 2.099999 2.800000
v -1.000000 2.099999 2.600000
v -0.900000 2.099999 2.600000
v -1.000000 2.099999 2.500000
v -0.900000 2.099999 2.500000
v -0.200000 2.099999 2.600000
v -0.100000 2.099999 2.600000
v -0.200000 2.099999 2.500000
v -0.100000 2.099999 2.500000
v -1.200000 2.099999 0.900000
v -1.000000 2.099999 0.900000
v -1.200000 2.100000 0.600000
v -1.000000 2.100000 0.600000
v -0.100000 2.099999 0.900000
v 0.100000 2.099999 0.900000
v -0.100000 2.100000 0.600000
v 0.100000 2.100000 0.600000
v -1.200000 2.100000 0.500000
v -1.000000 2.100000 0.500000
v -0.100000 2.100000 0.500000
v 0.100000 2.100000 0.500000
v -0.900000 2.100000 -1.400000
v -0.200000 2.100000 -1.400000
v -0.900000 2.100000 -1.500000
v -0.200000 2.100000 -1.500000
v -1.200000 2.100000 -1.500000
v -1.000000 2.100000 -1.500000
v -1.200000 2.100000 -1.600000
v -1.000000 2.100000 -1.600000
v -0.100000 2.100000 -1.500000
v 0.100000 2.100000 -1.500000
v -0.100000 2.100000 -1.600000
v 0.100000 2.100000 -1.600000
v -0.900000 2.200000 2.800000
v -0.200000 2.200000 2.800000
v -0.900000 2.200000 2.700001
v -0.200000 2.200000 2.700001
v -1.200000 2.200000 2.400001
v -1.100000 2.200000 2.400001
v -1.200000 2.200000 2.300000
v -1.100000 2.200000 2.300000
v -1.000000 2.200000 2.500000
v -0.900000 2.200000 2.500000
v -1.000000 2.200000 2.300000
v -0.900000 2.200000 2.300000
v -0.200000 2.200000 2.500000
v -0.100000 2.200000 2.500000
v -0.200000 2.200000 2.300000
v -0.100000 2.200000 2.300000
v -0.000000 2.200000 2.400001
v 0.100000 2.200000 2.400001
v -0.000000 2.200000 2.300000
v 0.100000 2.200000 2.300000
v -0.900000 2.200000 -1.300000
v -0.200000 2.200000 -1.300000
v -0.900000 2.200000 -1.400000
v -0.200000 2.200000 -1.400000
v -1.200000 2.200001 -1.399999
v -1.000000 2.200001 -1.399999
v -1.200000 2.200001 -1.500000
v -1.000000 2.200001 -1.500000
v -0.100000 2.200001 -1.400000
v 0.100000 2.200001 -1.400000
v -0.100000 2.200001 -1.500000
v 0.100000 2.200001 -1.500000
v -1.200000 2.300000 2.300000
v -1.100000 2.300000 2.300000
v -1.200000 2.300000 2.200001
v -1.100000 2.300000 2.200001
v -0.000000 2.300000 2.300000
v 0.100000 2.300000 2.300000
v -0.000000 2.300000 2.200001
v 0.100000 2.300000 2.200001
v -1.000000 2.300000 2.200001
v -1.100000 2.300000 2.100000
v -1.000000 2.300000 2.100000
v -0.900000 2.300000 2.700001
v -0.200000 2.300000 2.700001
v -0.900000 2.300000 2.100000
v -0.700000 2.300000 2.100000
v -0.400000 2.300000 2.100000
v -0.200000 2.300000 2.100000
v -0.100000 2.300000 2.200001
v -0.100000 2.300000 2.100000
v -0.000000 2.300000 2.100000
v -0.700000 2.300000 2.000000
v -0.400000 2.300000 2.000000
v -1.200000 2.300000 2.000000
v -1.100000 2.300000 2.000000
v -1.200000 2.300000 1.900000
v -1.100000 2.300000 1.900000
v -0.300000 2.300000 2.000000
v -0.800000 2.300000 1.900000
v -0.800000 2.300000 2.000000
v -0.300000 2.300000 1.900000
v -0.000000 2.300000 2.000000
v 0.100000 2.300000 2.000000
v -0.000000 2.300000 1.900000
v 0.100000 2.300000 1.900000
v -0.800000 2.300000 1.800000
v -0.300000 2.300000 1.800000
v -0.800000 2.300000 1.100000
v -0.300000 2.300000 1.100000
v -0.900000 2.300000 1.000000
v -0.800000 2.300000 1.000000
v -0.900000 2.300000 0.900000
v -0.800000 2.300000 0.900000
v -0.300000 2.300000 1.000000
v -0.200000 2.300000 1.000000
v -0.300000 2.300000 0.900000
v -0.200000 2.300000 0.900000
v -1.000000 2.300000 0.900000
v -1.000000 2.300000 0.000000
v -0.900000 2.300000 0.000000
v -0.100000 2.300000 0.900000
v -0.200000 2.300000 0.000000
v -0.100000 2.300000 0.000000
v -1.200000 2.300000 -0.900000
v -1.000000 2.300000 -0.900000
v -1.200000 2.300000 -1.299999
v -1.000000 2.300000 -1.299999
v -0.800000 2.300000 0.000000
v -0.900000 2.300000 -1.300000
v -0.800000 2.300000 -1.300000
v -0.300000 2.300000 0.000000
v -0.300000 2.300000 -1.300000
v -0.200000 2.300000 -1.300000
v -0.100000 2.300000 -0.900000
v 0.100000 2.300000 -0.900000
v -0.100000 2.300000 -1.300000
v 0.100000 2.300000 -1.300000
v -1.200000 2.300000 -1.399999
v -1.000000 2.300000 -1.399999
v -0.100000 2.300000 -1.400000
v 0.100000 2.300000 -1.400000
v -0.600000 2.300000 -1.600000
v -0.500000 2.300000 -1.600000
v -0.600000 2.300000 -1.700000
v -0.500000 2.300000 -1.700000
v -1.200000 2.400000 2.200001
v -1.100000 2.400000 2.200001
v -1.100000 2.400000 2.100000
v -0.000000 2.400000 2.200001
v 0.100000 2.400000 2.200001
v -0.000000 2.400000 2.100000
v -0.700000 2.400000 2.100000
v -1.200000 2.400000 2.000000
v -1.100000 2.400000 2.000000
v -0.800000 2.400000 2.000000
v -0.700000 2.400000 2.000000
v -0.400000 2.400000 2.100000
v -0.400000 2.400000 2.000000
v -0.300000 2.400000 2.000000
v -0.000000 2.400000 2.000000
v 0.100000 2.400000 2.000000
v -1.100000 2.400000 1.900000
v -0.800000 2.400000 1.900000
v -0.300000 2.400000 1.900000
v -0.000000 2.400000 1.900000
v -0.800000 2.400000 1.000000
v -0.300000 2.400000 1.000000
v -0.800000 2.400000 0.900000
v -0.300000 2.400000 0.900000
v -0.900000 2.400000 0.900000
v -0.900000 2.400000 0.000000
v -0.200000 2.400000 0.900000
v -0.800000 2.400000 0.000000
v -0.300000 2.400000 0.000000
v -0.200000 2.400000 0.000000
v -0.800000 2.400000 -1.300000
v -0.300000 2.400000 -1.300000
v -0.600000 2.400000 -1.500000
v -0.500000 2.400000 -1.500000
v -0.600000 2.400000 -1.600000
v -0.500000 2.400000 -1.600000
vt 0.009766 0.500000
vt 0.009766 0.500000
vt 0.009766 0.500000
vt 0.009766 0.500000
vt 0.009766 0.500000
vt 0.009766 0.500000
vt 0.009766 0.500000
vt 0.009766 0.500000
vt 0.009766 0.500000
vt 0.037109 0.500000
vt 0.037109 0.500000
vt 0.037109 0.500000
vt 0.009766 0.500000
vt 0.037109 0.500000
vt 0.009766 0.500000
vt 0.037109 0.500000
vt 0.037109 0.500000
vt 0.037109 0.500000
vt 0.009766 0.500000
vt 0.037109 0.500000
vt 0.037109 0.500000
vt 0.037109 0.500000
vt 0.037109 0.500000
vt 0.037109 0.500000
vt 0.037109 0.500000
vt 0.037109 0.500000
vt 0.005859 0.500000
vt 0.005859 0.500000
vt 0.005859 0.500000
vt 0.037109 0.500000
vt 0.037109 0.500000
vt 0.037109 0.500000
vt 0.005859 0.500000
vt 0.037109 0.500000
vt 0.005859 0.500000
vt 0.005859 0.500000
vt 0.005859 0.500000
vt 0.037109 0.500000
vt 0.037109 0.500000
vt 0.037109 0.500000
vt 0.005859 0.500000
vt 0.037109 0.500000
vt 0.005859 0.500000
vt 0.005859 0.500000
vt 0.005859 0.500000
vt 0.037109 0.500000
vt 0.037109 0.500000
vt 0.037109 0.500000
vt 0.037109 0.500000
vt 0.037109 0.500000
vt 0.037109 0.500000
vt 0.037109 0.500000
vt 0.005859 0.500000
vt 0.005859 0.500000
vt 0.005859 0.500000
vt 0.037109 0.500000
vt 0.005859 0.500000
vt 0.005859 0.500000
vt 0.037109 0.500000
vt 0.037109 0.500000
vt 0.037109 0.500000
vt 0.005859 0.500000
vt 0.005859 0.500000
vt 0.037109 0.500000
vt 0.037109 0.500000
vt 0.037109 0.500000
vt 0.005859 0.500000
vt 0.005859 0.500000
vt 0.037109 0.500000
vt 0.037109 0.500000
vt 0.005859 0.500000
vt 0.037109 0.500000
vt 0.005859 0.500000
vt 0.037109 0.500000
vt 0.037109 0.500000
vt 0.005859 0.500000
vt 0.037109 0.500000
vt 0.005859 0.500000
vt 0.005859 0.500000
vt 0.037109 0.500000
vt 0.037109 0.500000
vt 0.005859 0.500000
vt 0.037109 0.500000
vt 0.033203 0.500000
vt 0.033203 0.500000
vt 0.033203 0.500000
vt 0.033203 0.500000
vt 0.033203 0.500000
vt 0.005859 0.500000
vt 0.005859 0.500000
vt 0.005859 0.500000
vt 0.005859 0.500000
vt 0.005859 0.500000
vt 0.037109 0.500000
vt 0.037109 0.500000
vt 0.005859 0.500000
vt 0.037109 0.500000
vt 0.033203 0.500000
vt 0.033203 0.500000
vt 0.033203 0.500000
vt 0.033203 0.500000
vt 0.033203 0.500000
vt 0.033203 0.500000
vt 0.005859 0.500000
vt 0.037109 0.500000
vt 0.037109 0.500000
vt 0.005859 0.500000
vt 0.037109 0.500000
vt 0.033203 0.500000
vt 0.033203 0.500000
vt 0.005859 0.500000
vt 0.005859 0.500000
vt 0.005859 0.500000
vt 0.005859 0.500000
vt 0.033203 0.500000
vt 0.033203 0.500000
vt 0.033203 0.500000
vt 0.033203 0.500000
vt 0.037109 0.500000
vt 0.037109 0.500000
vt 0.037109 0.500000
vt 0.037109 0.500000
vt 0.005859 0.500000
vt 0.005859 0.500000
vt 0.005859 0.500000
vt 0.005859 0.500000
vt 0.037109 0.500000
vt 0.037109 0.500000
vt 0.037109 0.500000
vt 0.005859 0.500000
vt 0.005859 0.500000
vt 0.005859 0.500000
vt 0.005859 0.500000
vt 0.005859 0.500000
vt 0.005859 0.500000
vt 0.005859 0.500000
vt 0.005859 0.500000
vt 0.005859 0.500000
vt 0.005859 0.500000
vt 0.005859 0.500000
vt 0.037109 0.500000
vt 0.037109 0.500000
vt 0.037109 0.500000
vt 0.005859 0.500000
vt 0.005859 0.500000
vt 0.005859 0.500000
vt 0.037109 0.500000
vt 0.005859 0.500000
vt 0.005859 0.500000
vt 0.037109 0.500000
vt 0.037109 0.500000
vt 0.005859 0.500000
vt 0.005859 0.500000
vt 0.037109 0.500000
vt 0.005859 0.500000
vt 0.005859 0.500000
vt 0.005859 0.500000
vt 0.037109 0.500000
vt 0.037109 0.500000
vt 0.005859 0.500000
vt 0.037109 0.500000
vt 0.005859 0.500000
vt 0.005859 0.500000
vt 0.005859 0.500000
vt 0.009766 0.500000
vt 0.009766 0.500000
vt 0.009766 0.500000
vt 0.005859 0.500000
vt 0.009766 0.500000
vt 0.005859 0.500000
vt 0.009766 0.500000
vt 0.005859 0.500000
vt 0.005859 0.500000
vt 0.005859 0.500000
vt 0.005859 0.500000
vt 0.005859 0.500000
vt 0.005859 0.500000
vt 0.005859 0.500000
vt 0.005859 0.500000
vt 0.005859 0.500000
vt 0.009766 0.500000
vt 0.029297 0.500000
vt 0.029297 0.500000
vt 0.029297 0.500000
vt 0.009766 0.500000
vt 0.005859 0.500000
vt 0.029297 0.500000
vt 0.005859 0.500000
vt 0.005859 0.500000
vt 0.005859 0.500000
vt 0.005859 0.500000
vt 0.005859 0.500000
vt 0.005859 0.500000
vt 0.005859 0.500000
vt 0.005859 0.500000
vt 0.005859 0.500000
vt 0.005859 0.500000
vt 0.005859 0.500000
vt 0.005859 0.500000
vt 0.005859 0.500000
vt 0.005859 0.500000
vt 0.005859 0.500000
vt 0.005859 0.500000
vt 0.005859 0.500000
vt 0.005859 0.500000
vt 0.005859 0.500000
vt 0.005859 0.500000
vt 0.005859 0.500000
vt 0.005859 0.500000
vt 0.005859 0.500000
vt 0.005859 0.500000
vt 0.005859 0.500000
vt 0.005859 0.500000
vt 0.005859 0.500000
vt 0.037109 0.500000
vt 0.037109 0.500000
vt 0.037109 0.500000
vt 0.037109 0.500000
vt 0.037109 0.500000
vt 0.037109 0.500000
vt 0.037109 0.500000
vt 0.037109 0.500000
vt 0.037109 0.500000
vt 0.005859 0.500000
vt 0.005859 0.500000
vt 0.005859 0.500000
vt 0.005859 0.500000
vt 0.005859 0.500000
vt 0.005859 0.500000
vt 0.005859 0.500000
vt 0.037109 0.500000
vt 0.037109 0.500000
vt 0.037109 0.500000
vt 0.005859 0.500000
vt 0.005859 0.500000
vt 0.005859 0.500000
vt 0.005859 0.500000
vt 0.005859 0.500000
vt 0.037109 0.500000
vt 0.037109 0.500000
vt 0.037109 0.500000
vt 0.005859 0.500000
vt 0.005859 0.500000
vt 0.005859 0.500000
vt 0.005859 0.500000
vt 0.005859 0.500000
vt 0.005859 0.500000
vt 0.005859 0.500000
vt 0.005859 0.500000
vt 0.005859 0.500000
vt 0.005859 0.500000
vt 0.005859 0.500000
vt 0.005859 0.500000
vt 0.005859 0.500000
vt 0.037109 0.500000
vt 0.037109 0.500000
vt 0.037109 0.500000
vt 0.037109 0.500000
vt 0.037109 0.500000
vt 0.037109 0.500000
vt 0.037109 0.500000
vt 0.037109 0.500000
vt 0.037109 0.500000
vt 0.037109 0.500000
vt 0.037109 0.500000
vt 0.037109 0.500000
vt 0.037109 0.500000
vt 0.037109 0.500000
vt 0.037109 0.500000
vt 0.037109 0.500000
vt 0.037109 0.500000
vt 0.037109 0.500000
vt 0.037109 0.500000
vt 0.037109 0.500000
vt 0.037109 0.500000
vt 0.037109 0.500000
vt 0.037109 0.500000
vt 0.037109 0.500000
vt 0.037109 0.500000
vt 0.037109 0.500000
vt 0.037109 0.500000
vt 0.037109 0.500000
vt 0.037109 0.500000
vt 0.037109 0.500000
vt 0.037109 0.500000
vt 0.037109 0.500000
vt 0.005859 0.500000
vt 0.005859 0.500000
vt 0.005859 0.500000
vt 0.005859 0.500000
vt 0.005859 0.500000
vt 0.005859 0.500000
vt 0.005859 0.500000
vt 0.005859 0.500000
vt 0.033203 0.500000
vt 0.033203 0.500000
vt 0.033203 0.500000
vt 0.033203 0.500000
vt 0.033203 0.500000
vt 0.033203 0.500000
vt 0.033203 0.500000
vt 0.033203 0.500000
vt 0.009766 0.500000
vt 0.009766 0.500000
vt 0.009766 0.500000
vt 0.009766 0.500000
vt 0.009766 0.500000
vt 0.009766 0.500000
vt 0.009766 0.500000
vt 0.009766 0.500000
vt 0.009766 0.500000
vt 0.037109 0.500000
vt 0.037109 0.500000
vt 0.037109 0.500000
vt 0.009766 0.500000
vt 0.037109 0.500000
vt 0.009766 0.500000
vt 0.037109 0.500000
vt 0.037109 0.500000
vt 0.037109 0.500000
vt 0.009766 0.500000
vt 0.037109 0.500000
vt 0.037109 0.500000
vt 0.037109 0.500000
vt 0.037109 0.500000
vt 0.037109 0.500000
vt 0.037109 0.500000
vt 0.037109 0.500000
vt 0.005859 0.500000
vt 0.005859 0.500000
vt 0.005859 0.500000
vt 0.037109 0.500000
vt 0.037109 0.500000
vt 0.037109 0.500000
vt 0.005859 0.500000
vt 0.037109 0.500000
vt 0.005859 0.500000
vt 0.005859 0.500000
vt 0.005859 0.500000
vt 0.037109 0.500000
vt 0.037109 0.500000
vt 0.037109 0.500000
vt 0.005859 0.500000
vt 0.037109 0.500000
vt 0.005859 0.500000
vt 0.005859 0.500000
vt 0.005859 0.500000
vt 0.037109 0.500000
vt 0.037109 0.500000
vt 0.037109 0.500000
vt 0.037109 0.500000
vt 0.037109 0.500000
vt 0.037109 0.500000
vt 0.037109 0.500000
vt 0.005859 0.500000
vt 0.005859 0.500000
vt 0.005859 0.500000
vt 0.037109 0.500000
vt 0.005859 0.500000
vt 0.005859 0.500000
vt 0.037109 0.500000
vt 0.037109 0.500000
vt 0.037109 0.500000
vt 0.005859 0.500000
vt 0.005859 0.500000
vt 0.037109 0.500000
vt 0.037109 0.500000
vt 0.037109 0.500000
vt 0.005859 0.500000
vt 0.005859 0.500000
vt 0.037109 0.500000
vt 0.037109 0.500000
vt 0.005859 0.500000
vt 0.037109 0.500000
vt 0.005859 0.500000
vt 0.037109 0.500000
vt 0.037109 0.500000
vt 0.005859 0.500000
vt 0.037109 0.500000
vt 0.005859 0.500000
vt 0.005859 0.500000
vt 0.037109 0.500000
vt 0.037109 0.500000
vt 0.005859 0.500000
vt 0.037109 0.500000
vt 0.005859 0.500000
vt 0.037109 0.500000
vt 0.037109 0.500000
vt 0.005859 0.500000
vt 0.037109 0.500000
vt 0.033203 0.500000
vt 0.033203 0.500000
vt 0.033203 0.500000
vt 0.033203 0.500000
vt 0.005859 0.500000
vt 0.037109 0.500000
vt 0.037109 0.500000
vt 0.005859 0.500000
vt 0.037109 0.500000
vt 0.033203 0.500000
vt 0.033203 0.500000
vt 0.033203 0.500000
vt 0.033203 0.500000
vt 0.033203 0.500000
vt 0.033203 0.500000
vt 0.033203 0.500000
vt 0.033203 0.500000
vt 0.033203 0.500000
vt 0.033203 0.500000
vt 0.033203 0.500000
vt 0.033203 0.500000
vt 0.033203 0.500000
vt 0.033203 0.500000
vt 0.033203 0.500000
vt 0.033203 0.500000
vt 0.033203 0.500000
vt 0.033203 0.500000
vt 0.033203 0.500000
vt 0.033203 0.500000
vt 0.009766 0.500000
vt 0.009766 0.500000
vt 0.009766 0.500000
vt 0.009766 0.500000
vt 0.009766 0.500000
vt 0.009766 0.500000
vt 0.009766 0.500000
vt 0.009766 0.500000
vt 0.009766 0.500000
vt 0.037109 0.500000
vt 0.037109 0.500000
vt 0.037109 0.500000
vt 0.009766 0.500000
vt 0.037109 0.500000
vt 0.009766 0.500000
vt 0.037109 0.500000
vt 0.037109 0.500000
vt 0.037109 0.500000
vt 0.009766 0.500000
vt 0.037109 0.500000
vt 0.037109 0.500000
vt 0.037109 0.500000
vt 0.037109 0.500000
vt 0.037109 0.500000
vt 0.037109 0.500000
vt 0.037109 0.500000
vt 0.005859 0.500000
vt 0.005859 0.500000
vt 0.005859 0.500000
vt 0.037109 0.500000
vt 0.037109 0.500000
vt 0.037109 0.500000
vt 0.005859 0.500000
vt 0.037109 0.500000
vt 0.005859 0.500000
vt 0.005859 0.500000
vt 0.005859 0.500000
vt 0.037109 0.500000
vt 0.037109 0.500000
vt 0.037109 0.500000
vt 0.005859 0.500000
vt 0.037109 0.500000
vt 0.005859 0.500000
vt 0.005859 0.500000
vt 0.005859 0.500000
vt 0.037109 0.500000
vt 0.037109 0.500000
vt 0.037109 0.500000
vt 0.037109 0.500000
vt 0.037109 0.500000
vt 0.037109 0.500000
vt 0.037109 0.500000
vt 0.005859 0.500000
vt 0.005859 0.500000
vt 0.005859 0.500000
vt 0.037109 0.500000
vt 0.005859 0.500000
vt 0.005859 0.500000
vt 0.037109 0.500000
vt 0.037109 0.500000
vt 0.037109 0.500000
vt 0.005859 0.500000
vt 0.005859 0.500000
vt 0.037109 0.500000
vt 0.037109 0.500000
vt 0.037109 0.500000
vt 0.005859 0.500000
vt 0.005859 0.500000
vt 0.037109 0.500000
vt 0.037109 0.500000
vt 0.005859 0.500000
vt 0.037109 0.500000
vt 0.005859 0.500000
vt 0.037109 0.500000
vt 0.037109 0.500000
vt 0.005859 0.500000
vt 0.037109 0.500000
vt 0.005859 0.500000
vt 0.005859 0.500000
vt 0.037109 0.500000
vt 0.037109 0.500000
vt 0.005859 0.500000
vt 0.037109 0.500000
vt 0.005859 0.500000
vt 0.037109 0.500000
vt 0.037109 0.500000
vt 0.005859 0.500000
vt 0.037109 0.500000
vt 0.033203 0.500000
vt 0.033203 0.500000
vt 0.033203 0.500000
vt 0.033203 0.500000
vt 0.005859 0.500000
vt 0.037109 0.500000
vt 0.037109 0.500000
vt 0.005859 0.500000
vt 0.037109 0.500000
vt 0.033203 0.500000
vt 0.033203 0.500000
vt 0.033203 0.500000
vt 0.033203 0.500000
vt 0.033203 0.500000
vt 0.033203 0.500000
vt 0.033203 0.500000
vt 0.033203 0.500000
vt 0.037109 0.500000
vt 0.037109 0.500000
vt 0.037109 0.500000
vt 0.037109 0.500000
vt 0.037109 0.500000
vt 0.037109 0.500000
vt 0.037109 0.500000
vt 0.037109 0.500000
vt 0.037109 0.500000
vt 0.037109 0.500000
vt 0.037109 0.500000
vt 0.005859 0.500000
vt 0.005859 0.500000
vt 0.005859 0.500000
vt 0.005859 0.500000
vt 0.005859 0.500000
vt 0.005859 0.500000
vt 0.005859 0.500000
vt 0.005859 0.500000
vt 0.037109 0.500000
vt 0.037109 0.500000
vt 0.037109 0.500000
vt 0.037109 0.500000
vt 0.037109 0.500000
vt 0.037109 0.500000
vt 0.037109 0.500000
vt 0.037109 0.500000
vt 0.037109 0.500000
vt 0.037109 0.500000
vt 0.037109 0.500000
vt 0.037109 0.500000
vt 0.037109 0.500000
vt 0.037109 0.500000
vt 0.037109 0.500000
vt 0.037109 0.500000
vt 0.037109 0.500000
vt 0.037109 0.500000
vt 0.037109 0.500000
vt 0.037109 0.500000
vt 0.037109 0.500000
vt 0.037109 0.500000
vt 0.037109 0.500000
vt 0.037109 0.500000
vt 0.037109 0.500000
vt 0.037109 0.500000
vt 0.037109 0.500000
vt 0.037109 0.500000
vt 0.037109 0.500000
vt 0.037109 0.500000
vt 0.005859 0.500000
vt 0.005859 0.500000
vt 0.005859 0.500000
vt 0.005859 0.500000
vt 0.005859 0.500000
vt 0.005859 0.500000
vt 0.005859 0.500000
vt 0.037109 0.500000
vt 0.037109 0.500000
vt 0.037109 0.500000
vt 0.005859 0.500000
vt 0.005859 0.500000
vt 0.005859 0.500000
vt 0.005859 0.500000
vt 0.005859 0.500000
vt 0.037109 0.500000
vt 0.037109 0.500000
vt 0.037109 0.500000
vt 0.005859 0.500000
vt 0.005859 0.500000
vt 0.005859 0.500000
vt 0.005859 0.500000
vt 0.005859 0.500000
vt 0.005859 0.500000
vt 0.005859 0.500000
vt 0.005859 0.500000
vt 0.005859 0.500000
vt 0.005859 0.500000
vt 0.005859 0.500000
vt 0.005859 0.500000
vt 0.005859 0.500000
vt 0.005859 0.500000
vt 0.005859 0.500000
vt 0.005859 0.500000
vt 0.037109 0.500000
vt 0.037109 0.500000
vt 0.037109 0.500000
vt 0.005859 0.500000
vt 0.005859 0.500000
vt 0.005859 0.500000
vt 0.037109 0.500000
vt 0.005859 0.500000
vt 0.005859 0.500000
vt 0.037109 0.500000
vt 0.037109 0.500000
vt 0.005859 0.500000
vt 0.005859 0.500000
vt 0.037109 0.500000
vt 0.005859 0.500000
vt 0.005859 0.500000
vt 0.005859 0.500000
vt 0.037109 0.500000
vt 0.037109 0.500000
vt 0.005859 0.500000
vt 0.037109 0.500000
vt 0.005859 0.500000
vt 0.005859 0.500000
vt 0.005859 0.500000
vt 0.009766 0.500000
vt 0.009766 0.500000
vt 0.009766 0.500000
vt 0.005859 0.500000
vt 0.009766 0.500000
vt 0.005859 0.500000
vt 0.009766 0.500000
vt 0.005859 0.500000
vt 0.005859 0.500000
vt 0.005859 0.500000
vt 0.005859 0.500000
vt 0.005859 0.500000
vt 0.005859 0.500000
vt 0.005859 0.500000
vt 0.005859 0.500000
vt 0.005859 0.500000
vt 0.009766 0.500000
vt 0.029297 0.500000
vt 0.029297 0.500000
vt 0.029297 0.500000
vt 0.009766 0.500000
vt 0.005859 0.500000
vt 0.029297 0.500000
vt 0.005859 0.500000
vt 0.005859 0.500000
vt 0.005859 0.500000
vt 0.005859 0.500000
vt 0.005859 0.500000
vt 0.005859 0.500000
vt 0.005859 0.500000
vt 0.005859 0.500000
vt 0.005859 0.500000
vt 0.005859 0.500000
vt 0.005859 0.500000
vt 0.005859 0.500000
vt 0.005859 0.500000
vt 0.005859 0.500000
vt 0.005859 0.500000
vt 0.005859 0.500000
vt 0.005859 0.500000
vt 0.005859 0.500000
vt 0.005859 0.500000
vt 0.005859 0.500000
vt 0.005859 0.500000
vt 0.005859 0.500000
vt 0.005859 0.500000
vt 0.005859 0.500000
vt 0.005859 0.500000
vt 0.005859 0.500000
vt 0.005859 0.500000
vt 0.037109 0.500000
vt 0.037109 0.500000
vt 0.037109 0.500000
vt 0.037109 0.500000
vt 0.005859 0.500000
vt 0.005859 0.500000
vt 0.005859 0.500000
vt 0.005859 0.500000
vt 0.037109 0.500000
vt 0.037109 0.500000
vt 0.037109 0.500000
vt 0.005859 0.500000
vt 0.005859 0.500000
vt 0.005859 0.500000
vt 0.005859 0.500000
vt 0.005859 0.500000
vt 0.005859 0.500000
vt 0.005859 0.500000
vt 0.005859 0.500000
vt 0.005859 0.500000
vt 0.005859 0.500000
vt 0.005859 0.500000
vt 0.005859 0.500000
vt 0.033203 0.500000
vt 0.033203 0.500000
vt 0.033203 0.500000
vt 0.033203 0.500000
vt 0.009766 0.500000
vt 0.009766 0.500000
vt 0.009766 0.500000
vt 0.009766 0.500000
vt 0.009766 0.500000
vt 0.009766 0.500000
vt 0.009766 0.500000
vt 0.009766 0.500000
vt 0.009766 0.500000
vt 0.037109 0.500000
vt 0.037109 0.500000
vt 0.037109 0.500000
vt 0.009766 0.500000
vt 0.037109 0.500000
vt 0.009766 0.500000
vt 0.037109 0.500000
vt 0.037109 0.500000
vt 0.037109 0.500000
vt 0.009766 0.500000
vt 0.037109 0.500000
vt 0.037109 0.500000
vt 0.037109 0.500000
vt 0.037109 0.500000
vt 0.037109 0.500000
vt 0.037109 0.500000
vt 0.037109 0.500000
vt 0.005859 0.500000
vt 0.005859 0.500000
vt 0.005859 0.500000
vt 0.037109 0.500000
vt 0.037109 0.500000
vt 0.037109 0.500000
vt 0.005859 0.500000
vt 0.037109 0.500000
vt 0.005859 0.500000
vt 0.005859 0.500000
vt 0.005859 0.500000
vt 0.037109 0.500000
vt 0.037109 0.500000
vt 0.037109 0.500000
vt 0.005859 0.500000
vt 0.037109 0.500000
vt 0.005859 0.500000
vt 0.005859 0.500000
vt 0.005859 0.500000
vt 0.037109 0.500000
vt 0.037109 0.500000
vt 0.037109 0.500000
vt 0.037109 0.500000
vt 0.037109 0.500000
vt 0.037109 0.500000
vt 0.037109 0.500000
vt 0.005859 0.500000
vt 0.005859 0.500000
vt 0.005859 0.500000
vt 0.037109 0.500000
vt 0.005859 0.500000
vt 0.005859 0.500000
vt 0.037109 0.500000
vt 0.037109 0.500000
vt 0.037109 0.500000
vt 0.005859 0.500000
vt 0.005859 0.500000
vt 0.037109 0.500000
vt 0.037109 0.500000
vt 0.037109 0.500000
vt 0.005859 0.500000
vt 0.005859 0.500000
vt 0.037109 0.500000
vt 0.037109 0.500000
vt 0.005859 0.500000
vt 0.037109 0.500000
vt 0.005859 0.500000
vt 0.037109 0.500000
vt 0.037109 0.500000
vt 0.005859 0.500000
vt 0.037109 0.500000
vt 0.005859 0.500000
vt 0.005859 0.500000
vt 0.037109 0.500000
vt 0.037109 0.500000
vt 0.005859 0.500000
vt 0.037109 0.500000
vt 0.033203 0.500000
vt 0.033203 0.500000
vt 0.033203 0.500000
vt 0.033203 0.500000
vt 0.033203 0.500000
vt 0.005859 0.500000
vt 0.005859 0.500000
vt 0.005859 0.500000
vt 0.005859 0.500000
vt 0.005859 0.500000
vt 0.037109 0.500000
vt 0.037109 0.500000
vt 0.005859 0.500000
vt 0.037109 0.500000
vt 0.033203 0.500000
vt 0.033203 0.500000
vt 0.033203 0.500000
vt 0.033203 0.500000
vt 0.033203 0.500000
vt 0.033203 0.500000
vt 0.005859 0.500000
vt 0.037109 0.500000
vt 0.037109 0.500000
vt 0.005859 0.500000
vt 0.037109 0.500000
vt 0.033203 0.500000
vt 0.033203 0.500000
vt 0.005859 0.500000
vt 0.005859 0.500000
vt 0.005859 0.500000
vt 0.005859 0.500000
vt 0.005859 0.500000
vt 0.037109 0.500000
vt 0.037109 0.500000
vt 0.037109 0.500000
vt 0.037109 0.500000
vt 0.009766 0.500000
vt 0.009766 0.500000
vt 0.009766 0.500000
vt 0.037109 0.500000
vt 0.009766 0.500000
vt 0.009766 0.500000
vt 0.009766 0.500000
vt 0.037109 0.500000
vt 0.037109 0.500000
vt 0.009766 0.500000
vt 0.037109 0.500000
vt 0.009766 0.500000
vt 0.009766 0.500000
vt 0.037109 0.500000
vt 0.009766 0.500000
vt 0.037109 0.500000
vt 0.037109 0.500000
vt 0.037109 0.500000
vt 0.009766 0.500000
vt 0.009766 0.500000
vt 0.037109 0.500000
vt 0.037109 0.500000
vt 0.037109 0.500000
vt 0.009766 0.500000
vt 0.037109 0.500000
vt 0.005859 0.500000
vt 0.009766 0.500000
vt 0.005859 0.500000
vt 0.005859 0.500000
vt 0.005859 0.500000
vt 0.005859 0.500000
vt 0.005859 0.500000
vt 0.005859 0.500000
vt 0.005859 0.500000
vt 0.005859 0.500000
vt 0.005859 0.500000
vt 0.005859 0.500000
vt 0.005859 0.500000
vt 0.005859 0.500000
vt 0.005859 0.500000
vt 0.005859 0.500000
vt 0.005859 0.500000
vt 0.005859 0.500000
vt 0.037109 0.500000
vt 0.037109 0.500000
vt 0.037109 0.500000
vt 0.037109 0.500000
vt 0.037109 0.500000
vt 0.037109 0.500000
vt 0.037109 0.500000
vt 0.037109 0.500000
vt 0.037109 0.500000
vt 0.037109 0.500000
vt 0.037109 0.500000
vt 0.037109 0.500000
vt 0.037109 0.500000
vt 0.037109 0.500000
vt 0.037109 0.500000
vt 0.037109 0.500000
vt 0.033203 0.500000
vt 0.033203 0.500000
vt 0.033203 0.500000
vt 0.033203 0.500000
vt 0.033203 0.500000
vt 0.033203 0.500000
vt 0.033203 0.500000
vt 0.033203 0.500000
vt 0.033203 0.500000
vt 0.033203 0.500000
vt 0.033203 0.500000
vt 0.033203 0.500000
vt 0.033203 0.500000
vt 0.033203 0.500000
vt 0.033203 0.500000
vt 0.033203 0.500000
vt 0.033203 0.500000
vt 0.033203 0.500000
vt 0.033203 0.500000
vt 0.033203 0.500000
vt 0.033203 0.500000
vt 0.033203 0.500000
vt 0.033203 0.500000
vt 0.033203 0.500000
vt 0.033203 0.500000
vt 0.033203 0.500000
vt 0.033203 0.500000
vt 0.033203 0.500000
vt 0.033203 0.500000
vt 0.033203 0.500000
vt 0.033203 0.500000
vt 0.033203 0.500000
vt 0.033203 0.500000
vt 0.033203 0.500000
vt 0.033203 0.500000
vt 0.033203 0.500000
vt 0.033203 0.500000
vt 0.033203 0.500000
vt 0.033203 0.500000
vt 0.033203 0.500000
vt 0.033203 0.500000
vt 0.033203 0.500000
vt 0.033203 0.500000
vt 0.033203 0.500000
vt 0.033203 0.500000
vt 0.033203 0.500000
vt 0.005859 0.500000
vt 0.005859 0.500000
vt 0.005859 0.500000
vt 0.005859 0.500000
vt 0.005859 0.500000
vt 0.005859 0.500000
vt 0.005859 0.500000
vt 0.005859 0.500000
vt 0.005859 0.500000
vt 0.005859 0.500000
vt 0.005859 0.500000
vt 0.005859 0.500000
vt 0.005859 0.500000
vt 0.005859 0.500000
vt 0.005859 0.500000
vt 0.037109 0.500000
vt 0.037109 0.500000
vt 0.037109 0.500000
vt 0.005859 0.500000
vt 0.037109 0.500000
vt 0.005859 0.500000
vt 0.005859 0.500000
vt 0.005859 0.500000
vt 0.005859 0.500000
vt 0.005859 0.500000
vt 0.005859 0.500000
vt 0.037109 0.500000
vt 0.037109 0.500000
vt 0.037109 0.500000
vt 0.037109 0.500000
vt 0.005859 0.500000
vt 0.005859 0.500000
vt 0.005859 0.500000
vt 0.005859 0.500000
vt 0.005859 0.500000
vt 0.005859 0.500000
vt 0.005859 0.500000
vt 0.005859 0.500000
vt 0.037109 0.500000
vt 0.037109 0.500000
vt 0.037109 0.500000
vt 0.037109 0.500000
vt 0.005859 0.500000
vt 0.005859 0.500000
vt 0.005859 0.500000
vt 0.005859 0.500000
vt 0.005859 0.500000
vt 0.005859 0.500000
vt 0.005859 0.500000
vt 0.005859 0.500000
vt 0.037109 0.500000
vt 0.037109 0.500000
vt 0.037109 0.500000
vt 0.037109 0.500000
vt 0.005859 0.500000
vt 0.005859 0.500000
vt 0.005859 0.500000
vt 0.005859 0.500000
vt 0.005859 0.500000
vt 0.005859 0.500000
vt 0.005859 0.500000
vt 0.005859 0.500000
vt 0.037109 0.500000
vt 0.037109 0.500000
vt 0.037109 0.500000
vt 0.005859 0.500000
vt 0.005859 0.500000
vt 0.037109 0.500000
vt 0.005859 0.500000
vt 0.005859 0.500000
vt 0.005859 0.500000
vt 0.005859 0.500000
vt 0.009766 0.500000
vt 0.009766 0.500000
vt 0.009766 0.500000
vt 0.037109 0.500000
vt 0.037109 0.500000
vt 0.037109 0.500000
vt 0.009766 0.500000
vt 0.037109 0.500000
vt 0.005859 0.500000
vt 0.005859 0.500000
vt 0.005859 0.500000
vt 0.005859 0.500000
vt 0.005859 0.500000
vt 0.005859 0.500000
vt 0.005859 0.500000
vt 0.005859 0.500000
vt 0.005859 0.500000
vt 0.005859 0.500000
vt 0.005859 0.500000
vt 0.005859 0.500000
vt 0.005859 0.500000
vt 0.005859 0.500000
vt 0.005859 0.500000
vt 0.005859 0.500000
vt 0.005859 0.500000
vt 0.005859 0.500000
vt 0.005859 0.500000
vt 0.005859 0.500000
vt 0.005859 0.500000
vt 0.005859 0.500000
vt 0.009766 0.500000
vt 0.009766 0.500000
vt 0.009766 0.500000
vt 0.037109 0.500000
vt 0.037109 0.500000
vt 0.037109 0.500000
vt 0.009766 0.500000
vt 0.037109 0.500000
vt 0.005859 0.500000
vt 0.005859 0.500000
vt 0.005859 0.500000
vt 0.005859 0.500000
vt 0.005859 0.500000
vt 0.005859 0.500000
vt 0.005859 0.500000
vt 0.005859 0.500000
vt 0.005859 0.500000
vt 0.005859 0.500000
vt 0.005859 0.500000
vt 0.005859 0.500000
vt 0.005859 0.500000
vt 0.005859 0.500000
vt 0.005859 0.500000
vt 0.005859 0.500000
vt 0.005859 0.500000
vt 0.005859 0.500000
vt 0.005859 0.500000
vt 0.005859 0.500000
vt 0.005859 0.500000
vt 0.005859 0.500000
vt 0.005859 0.500000
vt 0.005859 0.500000
vt 0.009766 0.500000
vt 0.009766 0.500000
vt 0.009766 0.500000
vt 0.037109 0.500000
vt 0.037109 0.500000
vt 0.037109 0.500000
vt 0.009766 0.500000
vt 0.037109 0.500000
vt 0.005859 0.500000
vt 0.005859 0.500000
vt 0.005859 0.500000
vt 0.005859 0.500000
vt 0.005859 0.500000
vt 0.005859 0.500000
vt 0.005859 0.500000
vt 0.005859 0.500000
vt 0.009766 0.500000
vt 0.009766 0.500000
vt 0.009766 0.500000
vt 0.037109 0.500000
vt 0.037109 0.500000
vt 0.037109 0.500000
vt 0.009766 0.500000
vt 0.037109 0.500000
vt 0.005859 0.500000
vt 0.005859 0.500000
vt 0.005859 0.500000
vt 0.005859 0.500000
vt 0.005859 0.500000
vt 0.005859 0.500000
vt 0.005859 0.500000
vt 0.005859 0.500000
vt 0.005859 0.500000
vt 0.005859 0.500000
vt 0.005859 0.500000
vt 0.005859 0.500000
vt 0.037109 0.500000
vt 0.037109 0.500000
vt 0.037109 0.500000
vt 0.037109 0.500000
vt 0.037109 0.500000
vt 0.037109 0.500000
vt 0.037109 0.500000
vt 0.037109 0.500000
vt 0.005859 0.500000
vt 0.005859 0.500000
vt 0.005859 0.500000
vt 0.037109 0.500000
vt 0.005859 0.500000
vt 0.005859 0.500000
vt 0.005859 0.500000
vt 0.037109 0.500000
vt 0.037109 0.500000
vt 0.037109 0.500000
vt 0.037109 0.500000
vt 0.037109 0.500000
vt 0.037109 0.500000
vt 0.037109 0.500000
vt 0.037109 0.500000
vt 0.037109 0.500000
vt 0.037109 0.500000
vt 0.037109 0.500000
vt 0.037109 0.500000
vt 0.037109 0.500000
vt 0.037109 0.500000
vt 0.037109 0.500000
vt 0.037109 0.500000
vt 0.037109 0.500000
vt 0.037109 0.500000
vt 0.037109 0.500000
vt 0.033203 0.500000
vt 0.033203 0.500000
vt 0.033203 0.500000
vt 0.033203 0.500000
vt 0.033203 0.500000
vt 0.033203 0.500000
vt 0.033203 0.500000
vt 0.033203 0.500000
vt 0.037109 0.500000
vt 0.037109 0.500000
vt 0.037109 0.500000
vt 0.037109 0.500000
vt 0.037109 0.500000
vt 0.037109 0.500000
vt 0.037109 0.500000
vt 0.037109 0.500000
vt 0.037109 0.500000
vt 0.037109 0.500000
vt 0.033203 0.500000
vt 0.033203 0.500000
vt 0.033203 0.500000
vt 0.033203 0.500000
vt 0.037109 0.500000
vt 0.037109 0.500000
vt 0.037109 0.500000
vt 0.037109 0.500000
vt 0.033203 0.500000
vt 0.033203 0.500000
vt 0.033203 0.500000
vt 0.033203 0.500000
vt 0.037109 0.500000
vt 0.037109 0.500000
vt 0.037109 0.500000
vt 0.033203 0.500000
vt 0.033203 0.500000
vt 0.033203 0.500000
vt 0.033203 0.500000
vt 0.037109 0.500000
vt 0.037109 0.500000
vt 0.037109 0.500000
vt 0.033203 0.500000
vt 0.033203 0.500000
vt 0.033203 0.500000
vt 0.033203 0.500000
vt 0.005859 0.500000
vt 0.005859 0.500000
vt 0.005859 0.500000
vt 0.033203 0.500000
vt 0.033203 0.500000
vt 0.033203 0.500000
vt 0.005859 0.500000
vt 0.033203 0.500000
vt 0.005859 0.500000
vt 0.005859 0.500000
vt 0.005859 0.500000
vt 0.037109 0.500000
vt 0.037109 0.500000
vt 0.037109 0.500000
vt 0.005859 0.500000
vt 0.005859 0.500000
vt 0.033203 0.500000
vt 0.033203 0.500000
vt 0.033203 0.500000
vt 0.037109 0.500000
vt 0.037109 0.500000
vt 0.037109 0.500000
vt 0.005859 0.500000
vt 0.037109 0.500000
vt 0.005859 0.500000
vt 0.037109 0.500000
vt 0.005859 0.500000
vt 0.005859 0.500000
vt 0.005859 0.500000
vt 0.005859 0.500000
vt 0.033203 0.500000
vt 0.033203 0.500000
vt 0.033203 0.500000
vt 0.005859 0.500000
vt 0.033203 0.500000
vt 0.005859 0.500000
vt 0.033203 0.500000
vt 0.033203 0.500000
vt 0.005859 0.500000
vt 0.033203 0.500000
vt 0.005859 0.500000
vt 0.005859 0.500000
vt 0.005859 0.500000
vt 0.037109 0.500000
vt 0.037109 0.500000
vt 0.037109 0.500000
vt 0.005859 0.500000
vt 0.037109 0.500000
vt 0.005859 0.500000
vt 0.005859 0.500000
vt 0.009766 0.500000
vt 0.009766 0.500000
vt 0.009766 0.500000
vt 0.009766 0.500000
vt 0.009766 0.500000
vt 0.009766 0.500000
vt 0.009766 0.500000
vt 0.009766 0.500000
vt 0.037109 0.500000
vt 0.037109 0.500000
vt 0.037109 0.500000
vt 0.037109 0.500000
vt 0.037109 0.500000
vt 0.037109 0.500000
vt 0.037109 0.500000
vt 0.037109 0.500000
vt 0.037109 0.500000
vt 0.037109 0.500000
vt 0.037109 0.500000
vt 0.037109 0.500000
vt 0.037109 0.500000
vt 0.037109 0.500000
vt 0.037109 0.500000
vt 0.037109 0.500000
vt 0.037109 0.500000
vt 0.037109 0.500000
vt 0.037109 0.500000
vt 0.037109 0.500000
vt 0.037109 0.500000
vt 0.037109 0.500000
vt 0.037109 0.500000
vt 0.037109 0.500000
vt 0.037109 0.500000
vt 0.037109 0.500000
vt 0.037109 0.500000
vt 0.037109 0.500000
vt 0.037109 0.500000
vt 0.037109 0.500000
vt 0.037109 0.500000
vt 0.037109 0.500000
vt 0.037109 0.500000
vt 0.037109 0.500000
vt 0.037109 0.500000
vt 0.037109 0.500000
vt 0.037109 0.500000
vt 0.037109 0.500000
vt 0.037109 0.500000
vt 0.037109 0.500000
vt 0.005859 0.500000
vt 0.005859 0.500000
vt 0.005859 0.500000
vt 0.005859 0.500000
vt 0.005859 0.500000
vt 0.005859 0.500000
vt 0.005859 0.500000
vt 0.005859 0.500000
vt 0.005859 0.500000
vt 0.005859 0.500000
vt 0.005859 0.500000
vt 0.005859 0.500000
vt 0.005859 0.500000
vt 0.005859 0.500000
vt 0.005859 0.500000
vt 0.005859 0.500000
vt 0.005859 0.500000
vt 0.005859 0.500000
vt 0.005859 0.500000
vt 0.005859 0.500000
vt 0.005859 0.500000
vt 0.005859 0.500000
vt 0.005859 0.500000
vt 0.005859 0.500000
vt 0.005859 0.500000
vt 0.005859 0.500000
vt 0.005859 0.500000
vt 0.005859 0.500000
vt 0.005859 0.500000
vt 0.005859 0.500000
vt 0.009766 0.500000
vt 0.009766 0.500000
vt 0.009766 0.500000
vt 0.009766 0.500000
vt 0.009766 0.500000
vt 0.009766 0.500000
vt 0.009766 0.500000
vt 0.009766 0.500000
vt 0.037109 0.500000
vt 0.037109 0.500000
vt 0.037109 0.500000
vt 0.037109 0.500000
vt 0.037109 0.500000
vt 0.037109 0.500000
vt 0.037109 0.500000
vt 0.037109 0.500000
vt 0.037109 0.500000
vt 0.037109 0.500000
vt 0.037109 0.500000
vt 0.037109 0.500000
vt 0.037109 0.500000
vt 0.037109 0.500000
vt 0.037109 0.500000
vt 0.037109 0.500000
vt 0.005859 0.500000
vt 0.005859 0.500000
vt 0.005859 0.500000
vt 0.005859 0.500000
vt 0.005859 0.500000
vt 0.005859 0.500000
vt 0.005859 0.500000
vt 0.005859 0.500000
vt 0.037109 0.500000
vt 0.037109 0.500000
vt 0.037109 0.500000
vt 0.005859 0.500000
vt 0.037109 0.500000
vt 0.005859 0.500000
vt 0.005859 0.500000
vt 0.005859 0.500000
vt 0.005859 0.500000
vt 0.005859 0.500000
vt 0.005859 0.500000
vt 0.005859 0.500000
vt 0.005859 0.500000
vt 0.005859 0.500000
vt 0.037109 0.500000
vt 0.037109 0.500000
vt 0.037109 0.500000
vt 0.037109 0.500000
vt 0.037109 0.500000
vt 0.037109 0.500000
vt 0.037109 0.500000
vt 0.037109 0.500000
vt 0.037109 0.500000
vt 0.037109 0.500000
vt 0.037109 0.500000
vt 0.037109 0.500000
vt 0.037109 0.500000
vt 0.037109 0.500000
vt 0.037109 0.500000
vt 0.037109 0.500000
vt 0.005859 0.500000
vt 0.005859 0.500000
vt 0.005859 0.500000
vt 0.005859 0.500000
vt 0.005859 0.500000
vt 0.005859 0.500000
vt 0.005859 0.500000
vt 0.005859 0.500000
vt 0.005859 0.500000
vt 0.005859 0.500000
vt 0.005859 0.500000
vt 0.005859 0.500000
vt 0.005859 0.500000
vt 0.005859 0.500000
vt 0.037109 0.500000
vt 0.037109 0.500000
vt 0.037109 0.500000
vt 0.037109 0.500000
vt 0.037109 0.500000
vt 0.037109 0.500000
vt 0.037109 0.500000
vt 0.037109 0.500000
vt 0.037109 0.500000
vt 0.037109 0.500000
vt 0.037109 0.500000
vt 0.037109 0.500000
vt 0.037109 0.500000
vt 0.037109 0.500000
vt 0.037109 0.500000
vt 0.037109 0.500000
vt 0.005859 0.500000
vt 0.005859 0.500000
vt 0.005859 0.500000
vt 0.005859 0.500000
vt 0.005859 0.500000
vt 0.005859 0.500000
vt 0.005859 0.500000
vt 0.005859 0.500000
vt 0.037109 0.500000
vt 0.037109 0.500000
vt 0.037109 0.500000
vt 0.037109 0.500000
vt 0.037109 0.500000
vt 0.037109 0.500000
vt 0.037109 0.500000
vt 0.037109 0.500000
vt 0.037109 0.500000
vt 0.037109 0.500000
vt 0.037109 0.500000
vt 0.037109 0.500000
vt 0.005859 0.500000
vt 0.005859 0.500000
vt 0.005859 0.500000
vt 0.005859 0.500000
vt 0.037109 0.500000
vt 0.037109 0.500000
vt 0.037109 0.500000
vt 0.037109 0.500000
vt 0.037109 0.500000
vt 0.037109 0.500000
vt 0.037109 0.500000
vt 0.037109 0.500000
vt 0.037109 0.500000
vt 0.037109 0.500000
vt 0.037109 0.500000
vt 0.037109 0.500000
vt 0.037109 0.500000
vt 0.037109 0.500000
vt 0.037109 0.500000
vt 0.005859 0.500000
vt 0.005859 0.500000
vt 0.005859 0.500000
vt 0.005859 0.500000
vt 0.037109 0.500000
vt 0.037109 0.500000
vt 0.037109 0.500000
vt 0.037109 0.500000
vt 0.037109 0.500000
vt 0.037109 0.500000
vt 0.037109 0.500000
vt 0.037109 0.500000
vt 0.037109 0.500000
vt 0.037109 0.500000
vt 0.037109 0.500000
vt 0.037109 0.500000
vt 0.037109 0.500000
vt 0.037109 0.500000
vt 0.037109 0.500000
vt 0.037109 0.500000
vt 0.037109 0.500000
vt 0.037109 0.500000
vt 0.037109 0.500000
vt 0.009766 0.500000
vt 0.009766 0.500000
vt 0.009766 0.500000
vt 0.009766 0.500000
vt 0.009766 0.500000
vt 0.009766 0.500000
vt 0.009766 0.500000
vt 0.009766 0.500000
vt 0.009766 0.500000
vt 0.009766 0.500000
vt 0.009766 0.500000
vt 0.009766 0.500000
vt 0.009766 0.500000
vt 0.009766 0.500000
vt 0.009766 0.500000
vt 0.009766 0.500000
vt 0.037109 0.500000
vt 0.037109 0.500000
vt 0.037109 0.500000
vt 0.037109 0.500000
vt 0.037109 0.500000
vt 0.037109 0.500000
vt 0.037109 0.500000
vt 0.037109 0.500000
vt 0.037109 0.500000
vt 0.037109 0.500000
vt 0.037109 0.500000
vt 0.037109 0.500000
vt 0.037109 0.500000
vt 0.037109 0.500000
vt 0.037109 0.500000
vt 0.037109 0.500000
vt 0.005859 0.500000
vt 0.005859 0.500000
vt 0.005859 0.500000
vt 0.005859 0.500000
vt 0.005859 0.500000
vt 0.005859 0.500000
vt 0.005859 0.500000
vt 0.005859 0.500000
vt 0.037109 0.500000
vt 0.037109 0.500000
vt 0.037109 0.500000
vt 0.037109 0.500000
vt 0.037109 0.500000
vt 0.037109 0.500000
vt 0.037109 0.500000
vt 0.037109 0.500000
vt 0.005859 0.500000
vt 0.005859 0.500000
vt 0.005859 0.500000
vt 0.005859 0.500000
vt 0.005859 0.500000
vt 0.005859 0.500000
vt 0.005859 0.500000
vt 0.005859 0.500000
vt 0.037109 0.500000
vt 0.037109 0.500000
vt 0.037109 0.500000
vt 0.037109 0.500000
vt 0.037109 0.500000
vt 0.037109 0.500000
vt 0.037109 0.500000
vt 0.037109 0.500000
vt 0.037109 0.500000
vt 0.037109 0.500000
vt 0.037109 0.500000
vt 0.037109 0.500000
vt 0.037109 0.500000
vt 0.037109 0.500000
vt 0.037109 0.500000
vt 0.037109 0.500000
vt 0.037109 0.500000
vt 0.037109 0.500000
vt 0.037109 0.500000
vt 0.037109 0.500000
vt 0.037109 0.500000
vt 0.037109 0.500000
vt 0.037109 0.500000
vt 0.037109 0.500000
vt 0.037109 0.500000
vt 0.037109 0.500000
vt 0.005859 0.500000
vt 0.005859 0.500000
vt 0.005859 0.500000
vt 0.005859 0.500000
vt 0.005859 0.500000
vt 0.005859 0.500000
vt 0.005859 0.500000
vt 0.005859 0.500000
vt 0.037109 0.500000
vt 0.037109 0.500000
vt 0.037109 0.500000
vt 0.037109 0.500000
vt 0.037109 0.500000
vt 0.037109 0.500000
vt 0.037109 0.500000
vt 0.037109 0.500000
vt 0.005859 0.500000
vt 0.005859 0.500000
vt 0.005859 0.500000
vt 0.005859 0.500000
vt 0.005859 0.500000
vt 0.005859 0.500000
vt 0.005859 0.500000
vt 0.005859 0.500000
vt 0.037109 0.500000
vt 0.037109 0.500000
vt 0.037109 0.500000
vt 0.037109 0.500000
vt 0.005859 0.500000
vt 0.005859 0.500000
vt 0.005859 0.500000
vt 0.005859 0.500000
vt 0.005859 0.500000
vt 0.005859 0.500000
vt 0.005859 0.500000
vt 0.005859 0.500000
vt 0.037109 0.500000
vt 0.037109 0.500000
vt 0.037109 0.500000
vt 0.037109 0.500000
vt 0.037109 0.500000
vt 0.037109 0.500000
vt 0.037109 0.500000
vt 0.037109 0.500000
vt 0.037109 0.500000
vt 0.037109 0.500000
vt 0.037109 0.500000
vt 0.037109 0.500000
vt 0.037109 0.500000
vt 0.037109 0.500000
vt 0.037109 0.500000
vt 0.037109 0.500000
vt 0.037109 0.500000
vt 0.037109 0.500000
vt 0.037109 0.500000
vt 0.037109 0.500000
vt 0.037109 0.500000
vt 0.037109 0.500000
vt 0.037109 0.500000
vt 0.037109 0.500000
vt 0.005859 0.500000
vt 0.005859 0.500000
vt 0.005859 0.500000
vt 0.005859 0.500000
vt 0.005859 0.500000
vt 0.005859 0.500000
vt 0.005859 0.500000
vt 0.005859 0.500000
vt 0.037109 0.500000
vt 0.037109 0.500000
vt 0.037109 0.500000
vt 0.037109 0.500000
vt 0.037109 0.500000
vt 0.037109 0.500000
vt 0.037109 0.500000
vt 0.037109 0.500000
vt 0.037109 0.500000
vt 0.037109 0.500000
vt 0.037109 0.500000
vt 0.037109 0.500000
vt 0.005859 0.500000
vt 0.005859 0.500000
vt 0.005859 0.500000
vt 0.005859 0.500000
vt 0.037109 0.500000
vt 0.037109 0.500000
vt 0.037109 0.500000
vt 0.037109 0.500000
vt 0.005859 0.500000
vt 0.005859 0.500000
vt 0.005859 0.500000
vt 0.005859 0.500000
vt 0.005859 0.500000
vt 0.005859 0.500000
vt 0.005859 0.500000
vt 0.005859 0.500000
vt 0.037109 0.500000
vt 0.037109 0.500000
vt 0.037109 0.500000
vt 0.037109 0.500000
vt 0.037109 0.500000
vt 0.037109 0.500000
vt 0.037109 0.500000
vt 0.037109 0.500000
vt 0.037109 0.500000
vt 0.037109 0.500000
vt 0.037109 0.500000
vt 0.037109 0.500000
vt 0.037109 0.500000
vt 0.037109 0.500000
vt 0.005859 0.500000
vt 0.005859 0.500000
vt 0.005859 0.500000
vt 0.005859 0.500000
vt 0.005859 0.500000
vt 0.005859 0.500000
vt 0.005859 0.500000
vt 0.005859 0.500000
vt 0.005859 0.500000
vt 0.005859 0.500000
vt 0.005859 0.500000
vt 0.005859 0.500000
vt 0.005859 0.500000
vt 0.005859 0.500000
vt 0.005859 0.500000
vt 0.005859 0.500000
vt 0.037109 0.500000
vt 0.037109 0.500000
vt 0.037109 0.500000
vt 0.037109 0.500000
vt 0.005859 0.500000
vt 0.005859 0.500000
vt 0.037109 0.500000
vt 0.037109 0.500000
vt 0.037109 0.500000
vt 0.037109 0.500000
vt 0.037109 0.500000
vt 0.037109 0.500000
vt 0.037109 0.500000
vt 0.037109 0.500000
vt 0.037109 0.500000
vt 0.037109 0.500000
vt 0.037109 0.500000
vt 0.037109 0.500000
vt 0.037109 0.500000
vt 0.037109 0.500000
vt 0.037109 0.500000
vt 0.037109 0.500000
vt 0.037109 0.500000
vt 0.037109 0.500000
vt 0.005859 0.500000
vt 0.005859 0.500000
vt 0.005859 0.500000
vt 0.005859 0.500000
vt 0.005859 0.500000
vt 0.005859 0.500000
vt 0.005859 0.500000
vt 0.005859 0.500000
vt 0.005859 0.500000
vt 0.005859 0.500000
vt 0.005859 0.500000
vt 0.005859 0.500000
vt 0.005859 0.500000
vt 0.005859 0.500000
vt 0.005859 0.500000
vt 0.005859 0.500000
vt 0.037109 0.500000
vt 0.037109 0.500000
vt 0.037109 0.500000
vt 0.037109 0.500000
vt 0.037109 0.500000
vt 0.037109 0.500000
vt 0.037109 0.500000
vt 0.037109 0.500000
vt 0.037109 0.500000
vt 0.037109 0.500000
vt 0.037109 0.500000
vt 0.037109 0.500000
vt 0.037109 0.500000
vt 0.037109 0.500000
vt 0.037109 0.500000
vt 0.037109 0.500000
vt 0.005859 0.500000
vt 0.005859 0.500000
vt 0.005859 0.500000
vt 0.005859 0.500000
vt 0.005859 0.500000
vt 0.005859 0.500000
vt 0.005859 0.500000
vt 0.005859 0.500000
vt 0.037109 0.500000
vt 0.037109 0.500000
vt 0.037109 0.500000
vt 0.037109 0.500000
vt 0.037109 0.500000
vt 0.037109 0.500000
vt 0.037109 0.500000
vt 0.037109 0.500000
vt 0.005859 0.500000
vt 0.005859 0.500000
vt 0.005859 0.500000
vt 0.005859 0.500000
vt 0.005859 0.500000
vt 0.005859 0.500000
vt 0.005859 0.500000
vt 0.005859 0.500000
vt 0.005859 0.500000
vt 0.005859 0.500000
vt 0.005859 0.500000
vt 0.005859 0.500000
vt 0.005859 0.500000
vt 0.005859 0.500000
vt 0.005859 0.500000
vt 0.005859 0.500000
vt 0.037109 0.500000
vt 0.037109 0.500000
vt 0.037109 0.500000
vt 0.037109 0.500000
vt 0.037109 0.500000
vt 0.037109 0.500000
vt 0.037109 0.500000
vt 0.037109 0.500000
vt 0.037109 0.500000
vt 0.037109 0.500000
vt 0.033203 0.500000
vt 0.033203 0.500000
vt 0.033203 0.500000
vt 0.033203 0.500000
vt 0.033203 0.500000
vt 0.033203 0.500000
vt 0.033203 0.500000
vt 0.033203 0.500000
vt 0.005859 0.500000
vt 0.005859 0.500000
vt 0.005859 0.500000
vt 0.005859 0.500000
vt 0.005859 0.500000
vt 0.005859 0.500000
vt 0.005859 0.500000
vt 0.005859 0.500000
vt 0.005859 0.500000
vt 0.005859 0.500000
vt 0.005859 0.500000
vt 0.005859 0.500000
vt 0.005859 0.500000
vt 0.005859 0.500000
vt 0.005859 0.500000
vt 0.005859 0.500000
vt 0.005859 0.500000
vt 0.005859 0.500000
vt 0.005859 0.500000
vt 0.005859 0.500000
vt 0.005859 0.500000
vt 0.005859 0.500000
vt 0.005859 0.500000
vt 0.005859 0.500000
vt 0.033203 0.500000
vt 0.033203 0.500000
vt 0.033203 0.500000
vt 0.033203 0.500000
vt 0.033203 0.500000
vt 0.033203 0.500000
vt 0.033203 0.500000
vt 0.033203 0.500000
vt 0.033203 0.500000
vt 0.033203 0.500000
vt 0.033203 0.500000
vt 0.033203 0.500000
vt 0.033203 0.500000
vt 0.033203 0.500000
vt 0.005859 0.500000
vt 0.005859 0.500000
vt 0.005859 0.500000
vt 0.005859 0.500000
vt 0.005859 0.500000
vt 0.005859 0.500000
vt 0.005859 0.500000
vt 0.005859 0.500000
vt 0.005859 0.500000
vt 0.005859 0.500000
vt 0.005859 0.500000
vt 0.005859 0.500000
vt 0.005859 0.500000
vt 0.005859 0.500000
vt 0.005859 0.500000
vt 0.005859 0.500000
vt 0.005859 0.500000
vt 0.005859 0.500000
vt 0.005859 0.500000
vt 0.005859 0.500000
vt 0.037109 0.500000
vt 0.037109 0.500000
vt 0.037109 0.500000
vt 0.037109 0.500000
vt 0.037109 0.500000
vt 0.037109 0.500000
vt 0.037109 0.500000
vt 0.037109 0.500000
vt 0.037109 0.500000
vt 0.037109 0.500000
vt 0.037109 0.500000
vt 0.037109 0.500000
vt 0.037109 0.500000
vt 0.037109 0.500000
vt 0.037109 0.500000
vt 0.037109 0.500000
vt 0.005859 0.500000
vt 0.005859 0.500000
vt 0.005859 0.500000
vt 0.005859 0.500000
vt 0.005859 0.500000
vt 0.005859 0.500000
vt 0.005859 0.500000
vt 0.005859 0.500000
vt 0.037109 0.500000
vt 0.037109 0.500000
vt 0.037109 0.500000
vt 0.037109 0.500000
vt 0.037109 0.500000
vt 0.037109 0.500000
vt 0.037109 0.500000
vt 0.037109 0.500000
vt 0.005859 0.500000
vt 0.005859 0.500000
vt 0.005859 0.500000
vt 0.005859 0.500000
vt 0.005859 0.500000
vt 0.005859 0.500000
vt 0.005859 0.500000
vt 0.005859 0.500000
vt 0.037109 0.500000
vt 0.037109 0.500000
vt 0.037109 0.500000
vt 0.037109 0.500000
vt 0.037109 0.500000
vt 0.037109 0.500000
vt 0.037109 0.500000
vt 0.037109 0.500000
vt 0.037109 0.500000
vt 0.037109 0.500000
vt 0.037109 0.500000
vt 0.037109 0.500000
vt 0.037109 0.500000
vt 0.037109 0.500000
vt 0.037109 0.500000
vt 0.037109 0.500000
vt 0.037109 0.500000
vt 0.037109 0.500000
vt 0.037109 0.500000
vt 0.037109 0.500000
vt 0.037109 0.500000
vt 0.037109 0.500000
vt 0.037109 0.500000
vt 0.037109 0.500000
vt 0.037109 0.500000
vt 0.037109 0.500000
vt 0.005859 0.500000
vt 0.005859 0.500000
vt 0.005859 0.500000
vt 0.005859 0.500000
vt 0.037109 0.500000
vt 0.037109 0.500000
vt 0.037109 0.500000
vt 0.037109 0.500000
vt 0.037109 0.500000
vt 0.037109 0.500000
vt 0.037109 0.500000
vt 0.037109 0.500000
vt 0.005859 0.500000
vt 0.005859 0.500000
vt 0.005859 0.500000
vt 0.005859 0.500000
vt 0.037109 0.500000
vt 0.037109 0.500000
vt 0.037109 0.500000
vt 0.037109 0.500000
vt 0.037109 0.500000
vt 0.037109 0.500000
vt 0.037109 0.500000
vt 0.037109 0.500000
vt 0.005859 0.500000
vt 0.005859 0.500000
vt 0.005859 0.500000
vt 0.005859 0.500000
vt 0.005859 0.500000
vt 0.005859 0.500000
vt 0.005859 0.500000
vt 0.005859 0.500000
vt 0.037109 0.500000
vt 0.037109 0.500000
vt 0.037109 0.500000
vt 0.037109 0.500000
vt 0.037109 0.500000
vt 0.037109 0.500000
vt 0.037109 0.500000
vt 0.037109 0.500000
vt 0.005859 0.500000
vt 0.005859 0.500000
vt 0.005859 0.500000
vt 0.005859 0.500000
vt 0.037109 0.500000
vt 0.037109 0.500000
vt 0.037109 0.500000
vt 0.037109 0.500000
vt 0.037109 0.500000
vt 0.037109 0.500000
vt 0.037109 0.500000
vt 0.037109 0.500000
vt 0.005859 0.500000
vt 0.005859 0.500000
vt 0.005859 0.500000
vt 0.005859 0.500000
vt 0.033203 0.500000
vt 0.033203 0.500000
vt 0.033203 0.500000
vt 0.033203 0.500000
vt 0.037109 0.500000
vt 0.037109 0.500000
vt 0.037109 0.500000
vt 0.037109 0.500000
vt 0.037109 0.500000
vt 0.037109 0.500000
vt 0.037109 0.500000
vt 0.037109 0.500000
vt 0.033203 0.500000
vt 0.033203 0.500000
vt 0.033203 0.500000
vt 0.033203 0.500000
vt 0.005859 0.500000
vt 0.005859 0.500000
vt 0.005859 0.500000
vt 0.005859 0.500000
vt 0.037109 0.500000
vt 0.037109 0.500000
vt 0.037109 0.500000
vt 0.037109 0.500000
vt 0.037109 0.500000
vt 0.037109 0.500000
vt 0.037109 0.500000
vt 0.037109 0.500000
vt 0.033203 0.500000
vt 0.033203 0.500000
vt 0.033203 0.500000
vt 0.033203 0.500000
vt 0.033203 0.500000
vt 0.033203 0.500000
vt 0.033203 0.500000
vt 0.033203 0.500000
vt 0.033203 0.500000
vt 0.033203 0.500000
vt 0.033203 0.500000
vt 0.005859 0.500000
vt 0.005859 0.500000
vt 0.005859 0.500000
vt 0.005859 0.500000
vt 0.005859 0.500000
vt 0.005859 0.500000
vt 0.033203 0.500000
vt 0.033203 0.500000
vt 0.033203 0.500000
vt 0.005859 0.500000
vt 0.005859 0.500000
vt 0.033203 0.500000
vt 0.033203 0.500000
vt 0.033203 0.500000
vt 0.033203 0.500000
vt 0.005859 0.500000
vt 0.005859 0.500000
vt 0.005859 0.500000
vt 0.005859 0.500000
vt 0.033203 0.500000
vt 0.033203 0.500000
vt 0.033203 0.500000
vt 0.033203 0.500000
vt 0.005859 0.500000
vt 0.005859 0.500000
vt 0.005859 0.500000
vt 0.005859 0.500000
vt 0.005859 0.500000
vt 0.005859 0.500000
vt 0.005859 0.500000
vt 0.005859 0.500000
vt 0.005859 0.500000
vt 0.005859 0.500000
vt 0.005859 0.500000
vt 0.005859 0.500000
vt 0.005859 0.500000
vt 0.005859 0.500000
vt 0.005859 0.500000
vt 0.005859 0.500000
vt 0.005859 0.500000
vt 0.005859 0.500000
vt 0.005859 0.500000
vt 0.005859 0.500000
vt 0.005859 0.500000
vt 0.005859 0.500000
vt 0.005859 0.500000
vt 0.005859 0.500000
vt 0.005859 0.500000
vt 0.005859 0.500000
vt 0.005859 0.500000
vt 0.005859 0.500000
vt 0.005859 0.500000
vt 0.005859 0.500000
vt 0.005859 0.500000
vt 0.005859 0.500000
vt 0.037109 0.500000
vt 0.037109 0.500000
vt 0.037109 0.500000
vt 0.037109 0.500000
vt 0.037109 0.500000
vt 0.037109 0.500000
vt 0.037109 0.500000
vt 0.037109 0.500000
vt 0.005859 0.500000
vt 0.005859 0.500000
vt 0.005859 0.500000
vt 0.005859 0.500000
vt 0.033203 0.500000
vt 0.033203 0.500000
vt 0.033203 0.500000
vt 0.033203 0.500000
vt 0.033203 0.500000
vt 0.033203 0.500000
vt 0.033203 0.500000
vt 0.033203 0.500000
vt 0.033203 0.500000
vt 0.033203 0.500000
vt 0.033203 0.500000
vt 0.033203 0.500000
vt 0.033203 0.500000
vt 0.033203 0.500000
vt 0.033203 0.500000
vt 0.033203 0.500000
vt 0.033203 0.500000
vt 0.033203 0.500000
vt 0.033203 0.500000
vt 0.033203 0.500000
vt 0.005859 0.500000
vt 0.005859 0.500000
vt 0.005859 0.500000
vt 0.005859 0.500000
vt 0.005859 0.500000
vt 0.005859 0.500000
vt 0.005859 0.500000
vt 0.005859 0.500000
vt 0.005859 0.500000
vt 0.005859 0.500000
vt 0.005859 0.500000
vt 0.005859 0.500000
vt 0.005859 0.500000
vt 0.005859 0.500000
vt 0.005859 0.500000
vt 0.005859 0.500000
vn -1.0000 0.0000 0.0000
vn 1.0000 0.0000 0.0000
vn 0.0000 0.0000 1.0000
vn 0.0000 0.0000 -1.0000
vn 0.0000 -1.0000 -0.0000
vn 0.0000 1.0000 0.0000
usemtl palette.002
s 1
f 1/1/1 2/2/1 3/3/1
f 4/4/1 2/2/1 1/1/1
f 5/5/1 6/6/1 7/7/1
f 8/8/1 6/6/1 5/5/1
f 9/9/1 1/1/1 3/3/1
f 10/10/1 11/11/1 4/12/1
f 10/13/1 1/1/1 9/9/1
f 10/10/1 4/12/1 1/14/1
f 12/15/1 5/5/1 7/7/1
f 13/16/1 14/17/1 8/18/1
f 13/19/1 5/5/1 12/15/1
f 13/16/1 8/18/1 5/20/1
f 15/21/1 10/10/1 9/22/1
f 16/23/1 11/11/1 10/10/1
f 16/23/1 10/10/1 15/21/1
f 17/24/1 13/16/1 12/25/1
f 18/26/1 14/17/1 13/16/1
f 18/26/1 13/16/1 17/24/1
f 19/27/1 20/28/1 21/29/1
f 22/30/1 23/31/1 20/32/1
f 22/33/1 20/28/1 19/27/1
f 24/34/1 23/31/1 22/30/1
f 25/35/1 26/36/1 27/37/1
f 28/38/1 29/39/1 26/40/1
f 28/41/1 26/36/1 25/35/1
f 30/42/1 29/39/1 28/38/1
f 31/43/1 32/44/1 33/45/1
f 31/46/1 34/47/1 32/48/1
f 35/49/1 34/47/1 31/46/1
f 36/50/1 37/51/1 38/52/1
f 36/53/1 38/54/1 39/55/1
f 40/56/1 37/51/1 36/50/1
f 41/57/1 40/58/1 36/53/1
f 41/59/1 42/60/1 40/56/1
f 43/61/1 42/60/1 41/59/1
f 44/62/1 43/63/1 41/57/1
f 44/64/1 45/65/1 43/61/1
f 46/66/1 45/65/1 44/64/1
f 47/67/1 35/68/1 31/43/1
f 47/67/1 31/43/1 33/45/1
f 48/69/1 49/70/1 35/49/1
f 48/71/1 35/68/1 47/67/1
f 50/72/1 49/70/1 48/69/1
f 51/73/1 47/67/1 33/45/1
f 52/74/1 48/69/1 47/75/1
f 52/76/1 47/67/1 51/73/1
f 53/77/1 48/69/1 52/74/1
f 54/78/1 46/79/1 44/62/1
f 54/78/1 44/62/1 41/57/1
f 55/80/1 56/81/1 46/66/1
f 55/82/1 46/79/1 54/78/1
f 57/83/1 56/81/1 55/80/1
f 58/84/1 59/85/1 60/86/1
f 61/87/1 59/85/1 58/84/1
f 62/88/1 59/85/1 61/87/1
f 63/89/1 64/90/1 65/91/1
f 66/92/1 64/90/1 63/89/1
f 67/93/1 54/78/1 41/57/1
f 67/93/1 41/57/1 36/53/1
f 68/94/1 55/80/1 54/95/1
f 68/96/1 54/78/1 67/93/1
f 69/97/1 55/80/1 68/94/1
f 70/98/1 62/88/1 61/87/1
f 70/98/1 66/99/1 63/100/1
f 70/98/1 63/100/1 62/88/1
f 71/101/1 66/99/1 70/98/1
f 72/102/1 66/99/1 71/101/1
f 73/103/1 66/99/1 72/102/1
f 74/104/1 36/53/1 39/55/1
f 74/104/1 67/93/1 36/53/1
f 75/105/1 68/94/1 67/106/1
f 75/107/1 67/93/1 74/104/1
f 76/108/1 68/94/1 75/105/1
f 77/109/1 72/102/1 71/101/1
f 78/110/1 72/102/1 77/109/1
f 79/111/1 80/112/1 81/113/1
f 82/114/1 80/112/1 79/111/1
f 83/115/1 84/116/1 85/117/1
f 86/118/1 84/116/1 83/115/1
f 87/119/1 88/120/1 89/121/1
f 90/122/1 88/120/1 87/119/1
f 91/123/1 92/124/1 93/125/1
f 94/126/1 92/124/1 91/123/1
f 95/127/1 96/128/1 90/122/1
f 97/129/1 96/128/1 95/127/1
f 98/130/1 99/131/1 94/126/1
f 98/130/1 94/126/1 91/123/1
f 98/130/1 91/123/1 100/132/1
f 101/133/1 99/131/1 98/130/1
f 102/134/1 103/135/1 101/133/1
f 102/134/1 101/133/1 98/130/1
f 102/134/1 98/130/1 104/136/1
f 105/137/1 103/135/1 102/134/1
f 106/138/1 107/139/1 108/140/1
f 109/141/1 110/142/1 111/143/1
f 109/144/1 111/145/1 112/146/1
f 113/147/1 110/142/1 109/141/1
f 114/148/1 115/149/1 106/138/1
f 116/150/1 117/151/1 113/147/1
f 116/152/1 113/153/1 109/144/1
f 118/154/1 117/151/1 116/150/1
f 119/155/1 109/144/1 112/146/1
f 119/155/1 116/152/1 109/144/1
f 119/155/1 118/156/1 116/152/1
f 120/157/1 118/156/1 119/155/1
f 121/158/1 122/159/1 118/154/1
f 121/160/1 118/156/1 120/157/1
f 123/161/1 122/159/1 121/158/1
f 124/162/1 119/155/1 112/146/1
f 125/163/1 119/155/1 124/162/1
f 126/164/1 119/155/1 125/163/1
f 127/165/1 120/166/1 119/167/1
f 127/168/1 119/155/1 126/164/1
f 128/169/1 120/166/1 127/165/1
f 129/170/1 121/160/1 120/157/1
f 129/171/1 120/166/1 128/169/1
f 129/170/1 123/172/1 121/160/1
f 130/173/1 123/172/1 129/170/1
f 131/174/1 123/172/1 130/173/1
f 132/175/1 133/176/1 114/148/1
f 132/175/1 106/138/1 108/140/1
f 132/175/1 114/148/1 106/138/1
f 134/177/1 133/176/1 132/175/1
f 135/178/1 126/164/1 125/163/1
f 136/179/1 126/164/1 135/178/1
f 137/180/1 126/164/1 136/179/1
f 138/181/1 128/169/1 127/165/1
f 139/182/1 129/183/1 128/184/1
f 139/185/1 128/169/1 138/181/1
f 140/186/1 130/173/1 129/170/1
f 140/187/1 129/183/1 139/182/1
f 141/188/1 132/175/1 108/140/1
f 142/189/1 132/175/1 141/188/1
f 143/190/1 133/176/1 134/177/1
f 144/191/1 133/176/1 143/190/1
f 145/192/1 133/176/1 144/191/1
f 146/193/1 133/176/1 145/192/1
f 147/194/1 138/195/1 137/180/1
f 147/194/1 137/180/1 136/179/1
f 148/196/1 138/195/1 147/194/1
f 149/197/1 138/195/1 148/196/1
f 150/198/1 130/173/1 140/186/1
f 151/199/1 130/173/1 150/198/1
f 152/200/1 130/173/1 151/199/1
f 153/201/1 141/188/1 108/140/1
f 154/202/1 141/188/1 153/201/1
f 155/203/1 145/192/1 144/191/1
f 156/204/1 145/192/1 155/203/1
f 157/205/1 145/192/1 156/204/1
f 158/206/1 145/192/1 157/205/1
f 159/207/1 149/197/1 148/196/1
f 159/207/1 150/198/1 149/197/1
f 159/207/1 151/199/1 150/198/1
f 160/208/1 151/199/1 159/207/1
f 161/209/1 153/201/1 108/140/1
f 162/210/1 153/201/1 161/209/1
f 163/211/1 157/205/1 156/204/1
f 164/212/1 157/205/1 163/211/1
f 165/213/1 163/211/1 162/210/1
f 166/214/1 163/211/1 165/213/1
f 167/215/1 168/216/1 169/217/1
f 170/218/1 168/216/1 167/215/1
f 171/219/1 172/220/1 173/221/1
f 174/222/1 172/220/1 171/219/1
f 175/223/1 172/220/1 174/222/1
f 176/224/1 177/225/1 178/226/1
f 179/227/1 180/228/1 181/229/1
f 182/230/1 180/228/1 179/227/1
f 183/231/1 184/232/1 175/223/1
f 185/233/1 184/232/1 183/231/1
f 186/234/1 176/224/1 187/235/1
f 188/236/1 189/237/1 182/230/1
f 190/238/1 189/237/1 188/236/1
f 191/239/1 192/240/1 185/233/1
f 193/241/1 192/240/1 191/239/1
f 194/242/1 186/234/1 195/243/1
f 196/244/1 194/242/1 197/245/1
f 198/246/1 186/234/1 194/242/1
f 198/246/1 194/242/1 196/244/1
f 198/246/1 177/225/1 176/224/1
f 198/246/1 176/224/1 186/234/1
f 199/247/1 200/248/1 201/249/1
f 202/250/1 200/248/1 199/247/1
f 203/251/1 204/252/1 205/253/1
f 206/254/1 204/252/1 203/251/1
f 207/255/1 208/256/1 209/257/1
f 210/258/1 211/259/1 212/260/1
f 213/261/1 211/259/1 210/258/1
f 214/262/1 210/258/1 215/263/1
f 216/264/1 210/258/1 214/262/1
f 217/265/1 207/255/1 209/257/1
f 217/265/1 218/266/1 207/255/1
f 219/267/1 218/266/1 217/265/1
f 220/268/1 214/262/1 221/269/1
f 222/270/1 214/262/1 220/268/1
f 223/271/1 217/265/1 209/257/1
f 224/272/1 217/265/1 223/271/1
f 225/273/1 220/268/1 226/274/1
f 227/275/1 220/268/1 225/273/1
f 228/276/1 229/277/1 230/278/1
f 231/279/1 229/277/1 228/276/1
f 232/280/1 233/281/1 231/279/1
f 234/282/1 233/281/1 232/280/1
f 235/283/1 236/284/1 237/285/1
f 238/286/1 236/284/1 235/283/1
f 239/287/1 235/288/1 240/289/1
f 241/290/1 235/288/1 239/287/1
f 241/290/1 239/287/1 242/291/1
f 243/292/1 235/288/1 241/290/1
f 244/293/1 241/290/1 242/291/1
f 245/294/1 241/290/1 244/293/1
f 246/295/1 247/296/1 248/297/1
f 249/298/1 247/296/1 246/295/1
f 250/299/1 251/300/1 252/301/1
f 253/302/1 251/300/1 250/299/1
f 254/303/1 255/304/1 256/305/1
f 257/306/1 255/304/1 254/303/1
f 258/307/1 259/308/1 260/309/1
f 261/310/1 259/308/1 258/307/1
f 262/311/1 254/303/1 256/305/1
f 263/312/1 264/313/1 257/314/1
f 263/315/1 254/303/1 262/311/1
f 263/312/1 257/314/1 254/316/1
f 265/317/1 258/307/1 260/309/1
f 266/318/1 267/319/1 261/320/1
f 266/321/1 258/307/1 265/317/1
f 266/318/1 261/320/1 258/322/1
f 268/323/1 263/312/1 262/324/1
f 269/325/1 264/313/1 263/312/1
f 269/325/1 263/312/1 268/323/1
f 270/326/1 266/318/1 265/327/1
f 271/328/1 267/319/1 266/318/1
f 271/328/1 266/318/1 270/326/1
f 272/329/1 273/330/1 274/331/1
f 275/332/1 276/333/1 273/334/1
f 275/335/1 273/330/1 272/329/1
f 277/336/1 276/333/1 275/332/1
f 278/337/1 279/338/1 280/339/1
f 281/340/1 282/341/1 279/342/1
f 281/343/1 279/338/1 278/337/1
f 283/344/1 282/341/1 281/340/1
f 284/345/1 285/346/1 286/347/1
f 284/348/1 287/349/1 285/350/1
f 288/351/1 287/349/1 284/348/1
f 289/352/1 290/353/1 291/354/1
f 289/355/1 291/356/1 292/357/1
f 293/358/1 290/353/1 289/352/1
f 294/359/1 293/360/1 289/355/1
f 294/361/1 295/362/1 293/358/1
f 296/363/1 295/362/1 294/361/1
f 297/364/1 296/365/1 294/359/1
f 297/366/1 298/367/1 296/363/1
f 299/368/1 298/367/1 297/366/1
f 300/369/1 288/370/1 284/345/1
f 300/369/1 284/345/1 286/347/1
f 301/371/1 302/372/1 288/351/1
f 301/373/1 288/370/1 300/369/1
f 303/374/1 302/372/1 301/371/1
f 304/375/1 300/369/1 286/347/1
f 305/376/1 301/371/1 300/377/1
f 305/378/1 300/369/1 304/375/1
f 306/379/1 301/371/1 305/376/1
f 307/380/1 299/381/1 297/364/1
f 307/380/1 297/364/1 294/359/1
f 308/382/1 309/383/1 299/368/1
f 308/384/1 299/381/1 307/380/1
f 310/385/1 309/383/1 308/382/1
f 311/386/1 307/380/1 294/359/1
f 311/386/1 294/359/1 289/355/1
f 312/387/1 308/382/1 307/388/1
f 312/389/1 307/380/1 311/386/1
f 313/390/1 308/382/1 312/387/1
f 314/391/1 315/392/1 316/393/1
f 317/394/1 315/392/1 314/391/1
f 318/395/1 289/355/1 292/357/1
f 318/395/1 311/386/1 289/355/1
f 319/396/1 312/387/1 311/397/1
f 319/398/1 311/386/1 318/395/1
f 320/399/1 312/387/1 319/396/1
f 321/400/1 322/401/1 323/402/1
f 324/403/1 322/401/1 321/400/1
f 325/404/1 322/401/1 324/403/1
f 326/405/1 325/404/1 324/403/1
f 327/406/1 325/404/1 326/405/1
f 328/407/1 329/408/1 327/406/1
f 330/409/1 329/408/1 328/407/1
f 331/410/2 332/411/2 333/412/2
f 333/412/2 332/411/2 334/413/2
f 334/413/2 332/411/2 335/414/2
f 334/413/2 335/414/2 336/415/2
f 336/415/2 335/414/2 337/416/2
f 337/416/2 338/417/2 339/418/2
f 339/418/2 338/417/2 340/419/2
f 341/420/2 342/421/2 343/422/2
f 343/422/2 342/421/2 344/423/2
f 345/424/2 346/425/2 347/426/2
f 347/426/2 346/425/2 348/427/2
f 341/420/2 343/422/2 349/428/2
f 344/429/2 350/430/2 351/431/2
f 349/428/2 343/422/2 351/432/2
f 343/433/2 344/429/2 351/431/2
f 345/424/2 347/426/2 352/434/2
f 348/435/2 353/436/2 354/437/2
f 352/434/2 347/426/2 354/438/2
f 347/439/2 348/435/2 354/437/2
f 349/440/2 351/431/2 355/441/2
f 351/431/2 350/430/2 356/442/2
f 355/441/2 351/431/2 356/442/2
f 352/443/2 354/437/2 357/444/2
f 354/437/2 353/436/2 358/445/2
f 357/444/2 354/437/2 358/445/2
f 359/446/2 360/447/2 361/448/2
f 360/449/2 362/450/2 363/451/2
f 361/448/2 360/447/2 363/452/2
f 363/451/2 362/450/2 364/453/2
f 365/454/2 366/455/2 367/456/2
f 366/457/2 368/458/2 369/459/2
f 367/456/2 366/455/2 369/460/2
f 369/459/2 368/458/2 370/461/2
f 371/462/2 372/463/2 373/464/2
f 372/465/2 374/466/2 373/467/2
f 373/467/2 374/466/2 375/468/2
f 376/469/2 377/470/2 378/471/2
f 379/472/2 376/473/2 378/474/2
f 378/471/2 377/470/2 380/475/2
f 378/474/2 380/476/2 381/477/2
f 380/475/2 382/478/2 381/479/2
f 381/479/2 382/478/2 383/480/2
f 381/477/2 383/481/2 384/482/2
f 383/480/2 385/483/2 384/484/2
f 384/484/2 385/483/2 386/485/2
f 373/464/2 375/486/2 387/487/2
f 371/462/2 373/464/2 387/487/2
f 375/468/2 388/488/2 389/489/2
f 387/487/2 375/486/2 389/490/2
f 389/489/2 388/488/2 390/491/2
f 371/462/2 387/487/2 391/492/2
f 387/493/2 389/489/2 392/494/2
f 391/492/2 387/487/2 392/495/2
f 392/494/2 389/489/2 393/496/2
f 384/482/2 386/497/2 394/498/2
f 381/477/2 384/482/2 394/498/2
f 386/485/2 395/499/2 396/500/2
f 394/498/2 386/497/2 396/501/2
f 396/500/2 395/499/2 397/502/2
f 381/477/2 394/498/2 398/503/2
f 378/474/2 381/477/2 398/503/2
f 394/504/2 396/500/2 399/505/2
f 398/503/2 394/498/2 399/506/2
f 399/505/2 396/500/2 400/507/2
f 401/508/2 402/509/2 403/510/2
f 403/510/2 402/509/2 404/511/2
f 379/472/2 378/474/2 405/512/2
f 378/474/2 398/503/2 405/512/2
f 398/513/2 399/505/2 406/514/2
f 405/512/2 398/503/2 406/515/2
f 406/514/2 399/505/2 407/516/2
f 408/517/2 409/518/2 410/519/2
f 410/519/2 409/518/2 411/520/2
f 412/521/2 413/522/2 414/523/2
f 414/523/2 413/522/2 415/524/2
f 416/525/2 417/526/2 418/527/2
f 418/527/2 417/526/2 419/528/2
f 419/528/2 420/529/2 421/530/2
f 421/530/2 420/529/2 422/531/2
f 423/532/2 424/533/2 425/534/2
f 425/534/2 424/533/2 426/535/2
f 427/536/2 425/537/2 428/538/2
f 428/538/2 425/537/2 429/539/2
f 430/540/2 428/538/2 429/539/2
f 429/539/2 425/537/2 431/541/2
f 430/540/2 429/539/2 432/542/2
f 432/542/2 429/539/2 433/543/2
f 434/544/2 435/545/2 436/546/2
f 437/547/2 438/548/2 439/549/2
f 439/549/2 438/548/2 440/550/2
f 441/551/2 439/549/2 442/552/2
f 442/552/2 439/549/2 443/553/2
f 434/544/2 436/546/2 444/554/2
f 436/546/2 445/555/2 444/554/2
f 444/554/2 445/555/2 446/556/2
f 447/557/2 442/552/2 448/558/2
f 448/558/2 442/552/2 449/559/2
f 434/544/2 444/554/2 450/560/2
f 450/560/2 444/554/2 451/561/2
f 452/562/2 448/558/2 453/563/2
f 453/563/2 448/558/2 454/564/2
f 455/565/2 456/566/2 457/567/2
f 457/567/2 456/566/2 458/568/2
f 459/569/2 460/570/2 461/571/2
f 461/571/2 460/570/2 462/572/2
f 462/572/2 460/570/2 463/573/2
f 464/574/2 465/575/2 466/576/2
f 467/577/2 468/578/2 469/579/2
f 469/579/2 468/578/2 470/580/2
f 463/573/2 471/581/2 472/582/2
f 472/582/2 471/581/2 473/583/2
f 474/584/2 466/576/2 475/585/2
f 470/580/2 476/586/2 477/587/2
f 477/587/2 476/586/2 478/588/2
f 473/583/2 479/589/2 480/590/2
f 480/590/2 479/589/2 481/591/2
f 482/592/2 475/585/2 483/593/2
f 484/594/2 483/593/2 485/595/2
f 483/593/2 475/585/2 486/596/2
f 485/595/2 483/593/2 486/596/2
f 466/576/2 465/575/2 486/596/2
f 475/585/2 466/576/2 486/596/2
f 487/597/2 488/598/2 489/599/2
f 489/599/2 488/598/2 490/600/2
f 491/601/2 492/602/2 493/603/2
f 493/603/2 492/602/2 494/604/2
f 495/605/2 496/606/2 497/607/2
f 498/608/2 499/609/2 500/610/2
f 501/611/2 498/612/2 500/613/2
f 500/610/2 499/609/2 502/614/2
f 497/607/2 503/615/2 504/616/2
f 502/614/2 505/617/2 506/618/2
f 500/613/2 502/619/2 506/620/2
f 506/618/2 505/617/2 507/621/2
f 501/611/2 500/613/2 508/622/2
f 500/613/2 506/620/2 508/622/2
f 506/620/2 507/623/2 508/622/2
f 508/622/2 507/623/2 509/624/2
f 507/621/2 510/625/2 511/626/2
f 509/624/2 507/623/2 511/627/2
f 511/626/2 510/625/2 512/628/2
f 501/611/2 508/622/2 513/629/2
f 513/629/2 508/622/2 514/630/2
f 514/630/2 508/622/2 515/631/2
f 508/632/2 509/633/2 516/634/2
f 515/631/2 508/622/2 516/635/2
f 516/634/2 509/633/2 517/636/2
f 509/624/2 511/627/2 518/637/2
f 517/636/2 509/633/2 518/638/2
f 511/627/2 512/639/2 518/637/2
f 518/637/2 512/639/2 519/640/2
f 519/640/2 512/639/2 520/641/2
f 504/616/2 521/642/2 522/643/2
f 495/605/2 497/607/2 522/643/2
f 497/607/2 504/616/2 522/643/2
f 522/643/2 521/642/2 523/644/2
f 514/630/2 515/631/2 524/645/2
f 524/645/2 515/631/2 525/646/2
f 525/646/2 515/631/2 526/647/2
f 516/634/2 517/636/2 527/648/2
f 517/649/2 518/650/2 528/651/2
f 527/648/2 517/636/2 528/652/2
f 518/637/2 519/640/2 529/653/2
f 528/651/2 518/650/2 529/654/2
f 495/605/2 522/643/2 530/655/2
f 530/655/2 522/643/2 531/656/2
f 523/644/2 521/642/2 532/657/2
f 532/657/2 521/642/2 533/658/2
f 533/658/2 521/642/2 534/659/2
f 534/659/2 521/642/2 535/660/2
f 526/647/2 527/661/2 536/662/2
f 525/646/2 526/647/2 536/662/2
f 536/662/2 527/661/2 537/663/2
f 537/663/2 527/661/2 538/664/2
f 529/653/2 519/640/2 539/665/2
f 539/665/2 519/640/2 540/666/2
f 540/666/2 519/640/2 541/667/2
f 495/605/2 530/655/2 542/668/2
f 542/668/2 530/655/2 543/669/2
f 533/658/2 534/659/2 544/670/2
f 544/670/2 534/659/2 545/671/2
f 545/671/2 534/659/2 546/672/2
f 546/672/2 534/659/2 547/673/2
f 537/663/2 538/664/2 548/674/2
f 538/664/2 539/665/2 548/674/2
f 539/665/2 540/666/2 548/674/2
f 548/674/2 540/666/2 549/675/2
f 495/605/2 542/668/2 550/676/2
f 550/676/2 542/668/2 551/677/2
f 545/671/2 546/672/2 552/678/2
f 552/678/2 546/672/2 553/679/2
f 551/677/2 552/678/2 554/680/2
f 554/680/2 552/678/2 555/681/2
f 556/682/2 557/683/2 558/684/2
f 558/684/2 557/683/2 559/685/2
f 560/686/2 561/687/2 562/688/2
f 562/688/2 561/687/2 563/689/2
f 559/685/2 564/690/2 565/691/2
f 565/691/2 564/690/2 566/692/2
f 563/689/2 567/693/2 568/694/2
f 562/688/2 563/689/2 568/694/2
f 569/695/2 562/688/2 568/694/2
f 568/694/2 567/693/2 570/696/2
f 570/696/2 571/697/2 572/698/2
f 568/694/2 570/696/2 572/698/2
f 573/699/2 568/694/2 572/698/2
f 572/698/2 571/697/2 574/700/2
f 575/701/2 576/702/2 577/703/2
f 577/703/2 576/702/2 578/704/2
f 579/705/2 580/706/2 581/707/2
f 581/707/2 580/706/2 582/708/2
f 583/709/2 584/710/2 585/711/2
f 585/711/2 584/710/2 586/712/2
f 587/713/2 588/714/2 589/715/2
f 589/715/2 588/714/2 590/716/2
f 583/709/2 585/711/2 591/717/2
f 586/718/2 592/719/2 593/720/2
f 591/717/2 585/711/2 593/721/2
f 585/722/2 586/718/2 593/720/2
f 587/713/2 589/715/2 594/723/2
f 590/724/2 595/725/2 596/726/2
f 594/723/2 589/715/2 596/727/2
f 589/728/2 590/724/2 596/726/2
f 591/729/2 593/720/2 597/730/2
f 593/720/2 592/719/2 598/731/2
f 597/730/2 593/720/2 598/731/2
f 594/732/2 596/726/2 599/733/2
f 596/726/2 595/725/2 600/734/2
f 599/733/2 596/726/2 600/734/2
f 601/735/2 602/736/2 603/737/2
f 602/738/2 604/739/2 605/740/2
f 603/737/2 602/736/2 605/741/2
f 605/740/2 604/739/2 606/742/2
f 607/743/2 608/744/2 609/745/2
f 608/746/2 610/747/2 611/748/2
f 609/745/2 608/744/2 611/749/2
f 611/748/2 610/747/2 612/750/2
f 613/751/2 614/752/2 615/753/2
f 614/754/2 616/755/2 615/756/2
f 615/756/2 616/755/2 617/757/2
f 618/758/2 619/759/2 620/760/2
f 621/761/2 618/762/2 620/763/2
f 620/760/2 619/759/2 622/764/2
f 620/763/2 622/765/2 623/766/2
f 622/764/2 624/767/2 623/768/2
f 623/768/2 624/767/2 625/769/2
f 623/766/2 625/770/2 626/771/2
f 625/769/2 627/772/2 626/773/2
f 626/773/2 627/772/2 628/774/2
f 615/753/2 617/775/2 629/776/2
f 613/751/2 615/753/2 629/776/2
f 617/757/2 630/777/2 631/778/2
f 629/776/2 617/775/2 631/779/2
f 631/778/2 630/777/2 632/780/2
f 613/751/2 629/776/2 633/781/2
f 629/782/2 631/778/2 634/783/2
f 633/781/2 629/776/2 634/784/2
f 634/783/2 631/778/2 635/785/2
f 626/771/2 628/786/2 636/787/2
f 623/766/2 626/771/2 636/787/2
f 628/774/2 637/788/2 638/789/2
f 636/787/2 628/786/2 638/790/2
f 638/789/2 637/788/2 639/791/2
f 640/792/2 641/793/2 642/794/2
f 642/794/2 641/793/2 643/795/2
f 643/795/2 641/793/2 644/796/2
f 645/797/2 646/798/2 647/799/2
f 647/799/2 646/798/2 648/800/2
f 623/766/2 636/787/2 649/801/2
f 620/763/2 623/766/2 649/801/2
f 636/802/2 638/789/2 650/803/2
f 649/801/2 636/787/2 650/804/2
f 650/803/2 638/789/2 651/805/2
f 643/795/2 644/796/2 652/806/2
f 647/807/2 648/808/2 652/806/2
f 644/796/2 647/807/2 652/806/2
f 652/806/2 648/808/2 653/809/2
f 653/809/2 648/808/2 654/810/2
f 654/810/2 648/808/2 655/811/2
f 621/761/2 620/763/2 656/812/2
f 620/763/2 649/801/2 656/812/2
f 649/813/2 650/803/2 657/814/2
f 656/812/2 649/801/2 657/815/2
f 657/814/2 650/803/2 658/816/2
f 653/809/2 654/810/2 659/817/2
f 659/817/2 654/810/2 660/818/2
f 661/819/3 662/820/3 663/821/3
f 664/822/3 662/820/3 661/819/3
f 665/823/3 662/820/3 664/822/3
f 666/824/3 661/825/3 667/826/3
f 666/824/3 664/827/3 661/825/3
f 668/828/3 665/829/3 664/830/3
f 668/831/3 664/827/3 666/824/3
f 669/832/3 665/829/3 668/828/3
f 670/833/3 668/828/3 666/834/3
f 670/835/3 669/836/3 668/831/3
f 671/837/3 665/829/3 669/832/3
f 671/838/3 669/836/3 670/835/3
f 672/839/3 670/833/3 666/834/3
f 672/839/3 671/837/3 670/833/3
f 673/840/3 665/829/3 671/837/3
f 673/840/3 671/837/3 672/839/3
f 674/841/3 666/824/3 667/826/3
f 674/842/3 672/839/3 666/834/3
f 675/843/3 673/844/3 672/845/3
f 675/846/3 672/839/3 674/842/3
f 676/847/3 665/829/3 673/840/3
f 676/848/3 673/844/3 675/843/3
f 677/849/3 675/843/3 674/841/3
f 677/849/3 674/841/3 667/826/3
f 678/850/3 675/843/3 677/849/3
f 679/851/3 676/847/3 675/846/3
f 679/852/3 675/843/3 678/850/3
f 680/853/3 662/820/3 665/823/3
f 680/854/3 676/847/3 679/851/3
f 680/854/3 665/829/3 676/847/3
f 681/855/3 679/856/3 678/857/3
f 681/855/3 680/853/3 679/856/3
f 682/858/3 662/820/3 680/853/3
f 682/858/3 680/853/3 681/855/3
f 683/859/3 684/860/3 685/861/3
f 686/862/3 684/860/3 683/859/3
f 687/863/3 688/864/3 689/865/3
f 690/866/3 688/864/3 687/863/3
f 691/867/3 692/868/3 693/869/3
f 694/870/3 692/868/3 691/867/3
f 695/871/3 696/872/3 697/873/3
f 698/874/3 696/872/3 695/871/3
f 699/875/3 700/876/3 701/877/3
f 702/878/3 700/876/3 699/875/3
f 703/879/3 704/880/3 705/881/3
f 706/882/3 704/880/3 703/879/3
f 707/883/3 708/884/3 709/885/3
f 710/886/3 708/884/3 707/883/3
f 711/887/3 712/888/3 713/889/3
f 714/890/3 712/888/3 711/887/3
f 715/891/3 716/892/3 717/893/3
f 718/894/3 716/892/3 715/891/3
f 719/895/3 720/896/3 721/897/3
f 722/898/3 720/896/3 719/895/3
f 723/899/3 724/900/3 725/901/3
f 726/902/3 724/900/3 723/899/3
f 727/903/3 728/904/3 729/905/3
f 730/906/3 728/904/3 727/903/3
f 731/907/3 727/903/3 732/908/3
f 733/909/3 727/903/3 731/907/3
f 734/910/3 735/911/3 736/912/3
f 737/913/3 735/911/3 734/910/3
f 738/914/3 739/915/3 737/913/3
f 740/916/3 739/915/3 738/914/3
f 741/917/3 742/918/3 743/919/3
f 744/920/3 741/917/3 745/921/3
f 746/922/3 742/918/3 741/917/3
f 746/922/3 741/917/3 744/920/3
f 747/923/3 742/918/3 746/922/3
f 748/924/3 742/918/3 747/923/3
f 749/925/3 750/926/3 751/927/3
f 752/928/3 749/925/3 753/929/3
f 754/930/3 750/926/3 749/925/3
f 754/930/3 749/925/3 752/928/3
f 755/931/3 750/926/3 754/930/3
f 756/932/3 750/926/3 755/931/3
f 757/933/3 758/934/3 759/935/3
f 760/936/3 757/933/3 761/937/3
f 762/938/3 758/934/3 757/933/3
f 762/938/3 757/933/3 760/936/3
f 763/939/3 764/940/3 765/941/3
f 766/942/3 764/940/3 763/939/3
f 767/943/3 764/940/3 766/942/3
f 768/944/3 764/940/3 767/943/3
f 769/945/3 770/946/3 771/947/3
f 772/948/3 769/949/3 773/950/3
f 774/951/3 770/946/3 769/945/3
f 774/952/3 769/949/3 772/948/3
f 775/953/3 770/946/3 774/951/3
f 776/954/3 770/946/3 775/953/3
f 777/955/3 778/956/3 779/957/3
f 780/958/3 778/956/3 777/955/3
f 781/959/3 777/960/3 782/961/3
f 783/962/3 777/960/3 781/959/3
f 784/963/3 785/964/3 783/965/3
f 786/966/3 785/964/3 784/963/3
f 787/967/3 788/968/3 789/969/3
f 790/970/3 788/968/3 787/967/3
f 791/971/3 787/972/3 792/973/3
f 793/974/3 787/972/3 791/971/3
f 794/975/3 795/976/3 793/977/3
f 796/978/3 795/976/3 794/975/3
f 797/979/3 798/980/3 799/981/3
f 800/982/3 798/980/3 797/979/3
f 801/983/3 797/984/3 802/985/3
f 803/986/3 797/984/3 801/983/3
f 804/987/3 805/988/3 803/989/3
f 806/990/3 805/988/3 804/987/3
f 807/991/3 808/992/3 809/993/3
f 810/994/3 808/992/3 807/991/3
f 811/995/3 807/996/3 812/997/3
f 813/998/3 814/999/3 810/994/3
f 813/1000/3 807/996/3 811/995/3
f 813/998/3 810/994/3 807/991/3
f 815/1001/3 814/999/3 813/998/3
f 816/1002/3 814/999/3 815/1001/3
f 817/1003/3 815/1001/3 813/998/3
f 818/1004/3 815/1001/3 817/1003/3
f 819/1005/3 820/1006/3 821/1007/3
f 822/1008/3 823/1009/3 820/1010/3
f 822/1011/3 820/1006/3 819/1005/3
f 824/1012/3 823/1009/3 822/1008/3
f 825/1013/3 826/1014/3 827/1015/3
f 828/1016/3 826/1014/3 825/1013/3
f 829/1017/3 830/1018/3 831/1019/3
f 832/1020/3 830/1018/3 829/1017/3
f 833/1021/3 834/1022/3 835/1023/3
f 836/1024/3 834/1022/3 833/1021/3
f 837/1025/3 838/1026/3 836/1024/3
f 839/1027/3 838/1026/3 837/1025/3
f 840/1028/3 841/1029/3 842/1030/3
f 843/1031/3 841/1029/3 840/1028/3
f 844/1032/3 840/1028/3 845/1033/3
f 846/1034/3 840/1028/3 844/1032/3
f 847/1035/3 848/1036/3 849/1037/3
f 850/1038/3 851/1039/3 848/1040/3
f 850/1041/3 848/1036/3 847/1035/3
f 852/1042/3 851/1039/3 850/1038/3
f 853/1043/3 854/1044/3 855/1045/3
f 856/1046/3 854/1044/3 853/1043/3
f 857/1047/3 858/1048/3 859/1049/3
f 860/1050/3 858/1048/3 857/1047/3
f 861/1051/3 862/1052/3 863/1053/3
f 864/1054/3 862/1052/3 861/1051/3
f 865/1055/3 866/1056/3 867/1057/3
f 868/1058/3 866/1056/3 865/1055/3
f 869/1059/3 870/1060/3 871/1061/3
f 872/1062/3 870/1060/3 869/1059/3
f 873/1063/3 874/1064/3 875/1065/3
f 876/1066/3 874/1064/3 873/1063/3
f 877/1067/3 878/1068/3 879/1069/3
f 880/1070/3 881/1071/3 878/1072/3
f 880/1073/3 878/1068/3 877/1067/3
f 882/1074/3 881/1071/3 880/1070/3
f 883/1075/3 884/1076/3 885/1077/3
f 886/1078/3 884/1076/3 883/1075/3
f 887/1079/3 888/1080/3 889/1081/3
f 890/1082/3 888/1080/3 887/1079/3
f 891/1083/3 892/1084/3 893/1085/3
f 894/1086/3 895/1087/3 892/1088/3
f 894/1089/3 892/1084/3 891/1083/3
f 896/1090/3 895/1087/3 894/1086/3
f 897/1091/3 898/1092/3 899/1093/3
f 900/1094/3 898/1092/3 897/1091/3
f 901/1095/3 902/1096/3 903/1097/3
f 904/1098/3 902/1096/3 901/1095/3
f 905/1099/3 906/1100/3 907/1101/3
f 908/1102/3 906/1100/3 905/1099/3
f 909/1103/3 910/1104/3 911/1105/3
f 912/1106/3 910/1104/3 909/1103/3
f 913/1107/3 910/1104/3 912/1106/3
f 914/1108/3 909/1103/3 915/1109/3
f 914/1108/3 912/1106/3 909/1103/3
f 916/1110/3 912/1106/3 914/1108/3
f 917/1111/3 918/1112/3 913/1113/3
f 917/1114/3 912/1106/3 916/1110/3
f 917/1111/3 913/1113/3 912/1115/3
f 919/1116/3 918/1112/3 917/1111/3
f 920/1117/3 918/1112/3 919/1116/3
f 921/1118/3 917/1114/3 916/1110/3
f 921/1118/3 919/1119/3 917/1114/3
f 922/1120/3 919/1119/3 921/1118/3
f 923/1121/4 924/1122/4 925/1123/4
f 925/1123/4 924/1122/4 926/1124/4
f 927/1125/4 928/1126/4 929/1127/4
f 929/1127/4 928/1126/4 930/1128/4
f 931/1129/4 932/1130/4 933/1131/4
f 933/1131/4 932/1130/4 934/1132/4
f 935/1133/4 936/1134/4 937/1135/4
f 937/1135/4 936/1134/4 938/1136/4
f 939/1137/4 940/1138/4 941/1139/4
f 941/1139/4 940/1138/4 942/1140/4
f 943/1141/4 944/1142/4 945/1143/4
f 945/1143/4 944/1142/4 946/1144/4
f 947/1145/4 948/1146/4 949/1147/4
f 949/1147/4 948/1146/4 950/1148/4
f 951/1149/4 949/1147/4 952/1150/4
f 952/1150/4 949/1147/4 953/1151/4
f 953/1151/4 954/1152/4 955/1153/4
f 955/1153/4 954/1152/4 956/1154/4
f 957/1155/4 958/1156/4 959/1157/4
f 959/1157/4 958/1156/4 960/1158/4
f 961/1159/4 962/1160/4 963/1161/4
f 963/1161/4 962/1160/4 964/1162/4
f 965/1163/4 966/1164/4 967/1165/4
f 967/1165/4 966/1164/4 968/1166/4
f 969/1167/4 963/1161/4 970/1168/4
f 970/1168/4 963/1161/4 971/1169/4
f 972/1170/4 973/1171/4 974/1172/4
f 974/1172/4 973/1171/4 975/1173/4
f 971/1169/4 976/1174/4 977/1175/4
f 977/1175/4 976/1174/4 978/1176/4
f 979/1177/4 980/1178/4 981/1179/4
f 981/1179/4 980/1178/4 982/1180/4
f 983/1181/4 984/1182/4 985/1183/4
f 984/1184/4 986/1185/4 987/1186/4
f 985/1183/4 984/1182/4 987/1187/4
f 987/1186/4 986/1185/4 988/1188/4
f 989/1189/4 985/1183/4 990/1190/4
f 985/1183/4 987/1187/4 990/1190/4
f 987/1187/4 988/1191/4 990/1190/4
f 991/1192/4 992/1193/4 993/1194/4
f 992/1195/4 990/1190/4 994/1196/4
f 988/1188/4 995/1197/4 994/1198/4
f 990/1190/4 988/1191/4 994/1196/4
f 994/1198/4 995/1197/4 996/1199/4
f 997/1200/4 993/1194/4 998/1201/4
f 993/1194/4 992/1193/4 999/1202/4
f 998/1201/4 993/1194/4 999/1202/4
f 992/1195/4 994/1196/4 1000/1203/4
f 999/1202/4 992/1193/4 1001/1204/4
f 992/1195/4 1000/1203/4 1002/1205/4
f 1001/1204/4 992/1193/4 1002/1206/4
f 1002/1205/4 1000/1203/4 1003/1207/4
f 1003/1207/4 1000/1203/4 1004/1208/4
f 1004/1208/4 1000/1203/4 1005/1209/4
f 1005/1209/4 1000/1203/4 1006/1210/4
f 1000/1211/4 1007/1212/4 1008/1213/4
f 1006/1210/4 1000/1203/4 1008/1214/4
f 1008/1213/4 1007/1212/4 1009/1215/4
f 1005/1209/4 1006/1210/4 1010/1216/4
f 1006/1217/4 1008/1213/4 1011/1218/4
f 1010/1216/4 1006/1210/4 1011/1219/4
f 1011/1218/4 1008/1213/4 1012/1220/4
f 1013/1221/4 1014/1222/4 1015/1223/4
f 1016/1224/4 1015/1225/4 1017/1226/4
f 1015/1223/4 1014/1222/4 1018/1227/4
f 1017/1226/4 1015/1225/4 1018/1228/4
f 1018/1227/4 1014/1222/4 1019/1229/4
f 1019/1229/4 1014/1222/4 1020/1230/4
f 1021/1231/4 1022/1232/4 1023/1233/4
f 1023/1233/4 1022/1232/4 1024/1234/4
f 1025/1235/4 1026/1236/4 1027/1237/4
f 1027/1237/4 1026/1236/4 1028/1238/4
f 1029/1239/4 1030/1240/4 1031/1241/4
f 1031/1241/4 1030/1240/4 1032/1242/4
f 1033/1243/4 1034/1244/4 1035/1245/4
f 1035/1245/4 1034/1244/4 1036/1246/4
f 1037/1247/4 1038/1248/4 1039/1249/4
f 1039/1249/4 1038/1248/4 1040/1250/4
f 1041/1251/4 1042/1252/4 1043/1253/4
f 1043/1253/4 1042/1252/4 1044/1254/4
f 1045/1255/4 1046/1256/4 1047/1257/4
f 1047/1257/4 1046/1256/4 1048/1258/4
f 1049/1259/4 1050/1260/4 1051/1261/4
f 1051/1261/4 1050/1260/4 1052/1262/4
f 1053/1263/4 1054/1264/4 1055/1265/4
f 1055/1265/4 1054/1264/4 1056/1266/4
f 1057/1267/4 1058/1268/4 1059/1269/4
f 1059/1269/4 1058/1268/4 1060/1270/4
f 1061/1271/4 1062/1272/4 1063/1273/4
f 1063/1273/4 1062/1272/4 1064/1274/4
f 1065/1275/4 1066/1276/4 1067/1277/4
f 1067/1277/4 1066/1276/4 1068/1278/4
f 1069/1279/4 1070/1280/4 1071/1281/4
f 1071/1281/4 1070/1280/4 1072/1282/4
f 1073/1283/4 1074/1284/4 1075/1285/4
f 1075/1285/4 1074/1284/4 1076/1286/4
f 1077/1287/4 1078/1288/4 1079/1289/4
f 1079/1289/4 1078/1288/4 1080/1290/4
f 1081/1291/4 1082/1292/4 1083/1293/4
f 1083/1293/4 1082/1292/4 1084/1294/4
f 1085/1295/4 1086/1296/4 1087/1297/4
f 1087/1297/4 1086/1296/4 1088/1298/4
f 1088/1298/4 1089/1299/4 1090/1300/4
f 1090/1300/4 1089/1299/4 1091/1301/4
f 1092/1302/4 1093/1303/4 1094/1304/4
f 1094/1304/4 1093/1303/4 1095/1305/4
f 1096/1306/4 1094/1304/4 1097/1307/4
f 1097/1307/4 1094/1304/4 1098/1308/4
f 1099/1309/4 1100/1310/4 1101/1311/4
f 1101/1311/4 1100/1310/4 1102/1312/4
f 1103/1313/4 1104/1314/4 1105/1315/4
f 1105/1315/4 1104/1314/4 1106/1316/4
f 1107/1317/4 1108/1318/4 1109/1319/4
f 1109/1319/4 1108/1318/4 1110/1320/4
f 1111/1321/4 1112/1322/4 1113/1323/4
f 1113/1323/4 1112/1322/4 1114/1324/4
f 1115/1325/4 1116/1326/4 1117/1327/4
f 1117/1327/4 1116/1326/4 1118/1328/4
f 1119/1329/4 1120/1330/4 1121/1331/4
f 1121/1331/4 1120/1330/4 1122/1332/4
f 1123/1333/4 1124/1334/4 1125/1335/4
f 1125/1335/4 1124/1334/4 1126/1336/4
f 1126/1336/4 1124/1334/4 1127/1337/4
f 1128/1338/4 1129/1339/4 1130/1340/4
f 1131/1341/4 1125/1342/4 1132/1343/4
f 1125/1335/4 1126/1336/4 1133/1344/4
f 1132/1343/4 1125/1342/4 1133/1345/4
f 1133/1344/4 1126/1336/4 1134/1346/4
f 1130/1340/4 1135/1347/4 1136/1348/4
f 1128/1338/4 1130/1340/4 1136/1348/4
f 1136/1348/4 1135/1347/4 1137/1349/4
f 1134/1346/4 1138/1350/4 1139/1351/4
f 1133/1344/4 1134/1346/4 1139/1351/4
f 1139/1351/4 1138/1350/4 1140/1352/4
f 1128/1338/4 1136/1348/4 1141/1353/4
f 1141/1353/4 1136/1348/4 1142/1354/4
f 1143/1355/4 1144/1356/4 1145/1357/4
f 1145/1357/4 1144/1356/4 1146/1358/4
f 1147/1359/4 1148/1360/4 1149/1361/4
f 1149/1361/4 1148/1360/4 1150/1362/4
f 1151/1363/4 1152/1364/4 1153/1365/4
f 1153/1365/4 1152/1364/4 1154/1366/4
f 1155/1367/4 1156/1368/4 1157/1369/4
f 1157/1369/4 1156/1368/4 1158/1370/4
f 1159/1371/4 1160/1372/4 1161/1373/4
f 1161/1373/4 1160/1372/4 1162/1374/4
f 1163/1375/4 1161/1373/4 1164/1376/4
f 1164/1376/4 1161/1373/4 1165/1377/4
f 1165/1377/4 1166/1378/4 1167/1379/4
f 1167/1379/4 1166/1378/4 1168/1380/4
f 1169/1381/4 1170/1382/4 1171/1383/4
f 1171/1383/4 1170/1382/4 1172/1384/4
f 1173/1385/4 1174/1386/4 1175/1387/4
f 1175/1387/4 1174/1386/4 1176/1388/4
f 1177/1389/4 1178/1390/4 1179/1391/4
f 1179/1391/4 1178/1390/4 1180/1392/4
f 1181/1393/4 1182/1394/4 1183/1395/4
f 1183/1395/4 1182/1394/4 1184/1396/4
f 1185/1397/4 1186/1398/4 1187/1399/4
f 1187/1399/4 1186/1398/4 1188/1400/4
f 1189/1401/4 1190/1402/4 1191/1403/4
f 1192/1404/4 1191/1403/4 1193/1405/4
f 1191/1403/4 1190/1402/4 1194/1406/4
f 1193/1405/4 1191/1403/4 1194/1406/4
f 1194/1406/4 1190/1402/4 1195/1407/4
f 1195/1407/4 1190/1402/4 1196/1408/4
f 1197/1409/4 1198/1410/4 1199/1411/4
f 1199/1411/4 1198/1410/4 1200/1412/4
f 1201/1413/4 1202/1414/4 1203/1415/4
f 1203/1415/4 1202/1414/4 1204/1416/4
f 1205/1417/4 1206/1418/4 1207/1419/4
f 1207/1419/4 1206/1418/4 1208/1420/4
f 1209/1421/4 1210/1422/4 1211/1423/4
f 1211/1423/4 1210/1422/4 1212/1424/4
f 1213/1425/4 1214/1426/4 1215/1427/4
f 1215/1427/4 1214/1426/4 1216/1428/4
f 1217/1429/4 1218/1430/4 1219/1431/4
f 1219/1431/4 1218/1430/4 1220/1432/4
f 1221/1433/4 1222/1434/4 1223/1435/4
f 1223/1435/4 1222/1434/4 1224/1436/4
f 1225/1437/4 1219/1431/4 1226/1438/4
f 1226/1438/4 1219/1431/4 1227/1439/4
f 1224/1440/4 1228/1441/4 1229/1442/4
f 1229/1442/4 1228/1441/4 1230/1443/4
f 1227/1439/4 1231/1444/4 1232/1445/4
f 1232/1445/4 1231/1444/4 1233/1446/4
f 1234/1447/4 1229/1448/4 1235/1449/4
f 1235/1449/4 1229/1448/4 1236/1450/4
f 1237/1451/4 1238/1452/4 1239/1453/4
f 1239/1453/4 1238/1452/4 1240/1454/4
f 1241/1455/4 1239/1453/4 1242/1456/4
f 1240/1454/4 1243/1457/4 1242/1456/4
f 1239/1453/4 1240/1454/4 1242/1456/4
f 1242/1456/4 1243/1457/4 1244/1458/4
f 1244/1458/4 1243/1457/4 1245/1459/4
f 1245/1459/4 1243/1457/4 1246/1460/4
f 1244/1458/4 1245/1459/4 1247/1461/4
f 1247/1461/4 1245/1459/4 1248/1462/4
f 1249/1463/5 1250/1464/5 1251/1465/5
f 1252/1466/5 1250/1464/5 1249/1463/5
f 1253/1467/5 1254/1468/5 1255/1469/5
f 1256/1470/5 1254/1468/5 1253/1467/5
f 1257/1471/5 1258/1472/5 1259/1473/5
f 1260/1474/5 1258/1472/5 1257/1471/5
f 1261/1475/5 1262/1476/5 1263/1477/5
f 1264/1478/5 1262/1476/5 1261/1475/5
f 1265/1479/5 1266/1480/5 1267/1481/5
f 1268/1482/5 1266/1480/5 1265/1479/5
f 1269/1483/5 1270/1484/5 1271/1485/5
f 1272/1486/5 1270/1484/5 1269/1483/5
f 1273/1487/5 1274/1488/5 1275/1489/5
f 1276/1490/5 1274/1488/5 1273/1487/5
f 1277/1491/5 1278/1492/5 1279/1493/5
f 1280/1494/5 1278/1492/5 1277/1491/5
f 1281/1495/5 1282/1496/5 1283/1497/5
f 1284/1498/5 1282/1496/5 1281/1495/5
f 1285/1499/5 1286/1500/5 1287/1501/5
f 1288/1502/5 1286/1500/5 1285/1499/5
f 1289/1503/5 1284/1504/5 1281/1505/5
f 1290/1506/5 1284/1504/5 1289/1503/5
f 1291/1507/5 1288/1508/5 1285/1509/5
f 1292/1510/5 1288/1508/5 1291/1507/5
f 1293/1511/5 1294/1512/5 1295/1513/5
f 1296/1514/5 1294/1512/5 1293/1511/5
f 1297/1515/5 1298/1516/5 1299/1517/5
f 1300/1518/5 1298/1516/5 1297/1515/5
f 1301/1519/5 1296/1520/5 1293/1521/5
f 1302/1522/5 1296/1520/5 1301/1519/5
f 1303/1523/5 1300/1524/5 1297/1525/5
f 1304/1526/5 1300/1524/5 1303/1523/5
f 1305/1527/5 1306/1528/5 1307/1529/5
f 1308/1530/5 1306/1528/5 1305/1527/5
f 1309/1531/5 1310/1532/5 1311/1533/5
f 1312/1534/5 1310/1532/5 1309/1531/5
f 1313/1535/5 1314/1536/5 1315/1537/5
f 1316/1538/5 1314/1536/5 1313/1535/5
f 1317/1539/5 1318/1540/5 1319/1541/5
f 1320/1542/5 1318/1540/5 1317/1539/5
f 1321/1543/5 1317/1539/5 1316/1538/5
f 1322/1544/5 1317/1539/5 1321/1543/5
f 1323/1545/5 1324/1546/5 1325/1547/5
f 1326/1548/5 1324/1546/5 1323/1545/5
f 1327/1549/5 1328/1550/5 1329/1551/5
f 1330/1552/5 1328/1550/5 1327/1549/5
f 1331/1553/5 1326/1554/5 1323/1555/5
f 1332/1556/5 1326/1554/5 1331/1553/5
f 1333/1557/5 1330/1558/5 1327/1559/5
f 1334/1560/5 1330/1558/5 1333/1557/5
f 1335/1561/5 1336/1562/5 1337/1563/5
f 1338/1564/5 1336/1562/5 1335/1561/5
f 1339/1565/5 1340/1566/5 1341/1567/5
f 1342/1568/5 1340/1566/5 1339/1565/5
f 1343/1569/5 1338/1570/5 1335/1571/5
f 1344/1572/5 1338/1570/5 1343/1569/5
f 1345/1573/5 1346/1574/5 1347/1575/5
f 1348/1576/5 1346/1574/5 1345/1573/5
f 1349/1577/5 1350/1578/5 1351/1579/5
f 1352/1580/5 1350/1578/5 1349/1577/5
f 1353/1581/5 1342/1582/5 1339/1583/5
f 1354/1584/5 1342/1582/5 1353/1581/5
f 1355/1585/5 1356/1586/5 1357/1587/5
f 1358/1588/5 1356/1586/5 1355/1585/5
f 1359/1589/5 1360/1590/5 1361/1591/5
f 1362/1592/5 1360/1590/5 1359/1589/5
f 1363/1593/5 1364/1594/5 1365/1595/5
f 1366/1596/5 1364/1594/5 1363/1593/5
f 1367/1597/5 1368/1598/5 1369/1599/5
f 1370/1600/5 1368/1598/5 1367/1597/5
f 1371/1601/5 1372/1602/5 1373/1603/5
f 1374/1604/5 1372/1602/5 1371/1601/5
f 1375/1605/5 1371/1606/5 1376/1607/5
f 1377/1608/5 1371/1606/5 1375/1605/5
f 1378/1609/5 1379/1610/5 1374/1611/5
f 1380/1612/5 1379/1610/5 1378/1609/5
f 1381/1613/5 1382/1614/5 1383/1615/5
f 1384/1616/5 1382/1614/5 1381/1613/5
f 1385/1617/5 1386/1618/5 1387/1619/5
f 1388/1620/5 1386/1618/5 1385/1617/5
f 1389/1621/5 1390/1622/5 1391/1623/5
f 1392/1624/5 1390/1622/5 1389/1621/5
f 1393/1625/5 1394/1626/5 1395/1627/5
f 1396/1628/5 1394/1626/5 1393/1625/5
f 1397/1629/5 1398/1630/5 1399/1631/5
f 1400/1632/5 1398/1630/5 1397/1629/5
f 1401/1633/5 1402/1634/5 1403/1635/5
f 1404/1636/5 1402/1634/5 1401/1633/5
f 1405/1637/5 1406/1638/5 1407/1639/5
f 1408/1640/5 1406/1638/5 1405/1637/5
f 1409/1641/5 1404/1642/5 1401/1643/5
f 1410/1644/5 1404/1642/5 1409/1641/5
f 1411/1645/5 1408/1646/5 1405/1647/5
f 1412/1648/5 1408/1646/5 1411/1645/5
f 1413/1649/5 1411/1645/5 1410/1644/5
f 1414/1650/5 1411/1645/5 1413/1649/5
f 1415/1651/5 1416/1652/5 1417/1653/5
f 1418/1654/5 1416/1652/5 1415/1651/5
f 1419/1655/5 1415/1656/5 1420/1657/5
f 1421/1658/5 1415/1656/5 1419/1655/5
f 1422/1659/5 1423/1660/5 1418/1661/5
f 1424/1662/5 1423/1660/5 1422/1659/5
f 1425/1663/5 1426/1664/5 1427/1665/5
f 1428/1666/5 1426/1664/5 1425/1663/5
f 1429/1667/5 1430/1668/5 1431/1669/5
f 1432/1670/5 1430/1668/5 1429/1667/5
f 1433/1671/5 1434/1672/5 1435/1673/5
f 1436/1674/5 1434/1672/5 1433/1671/5
f 1437/1675/5 1429/1667/5 1428/1666/5
f 1438/1676/5 1429/1667/5 1437/1675/5
f 1439/1677/5 1440/1678/5 1441/1679/5
f 1442/1680/5 1440/1678/5 1439/1677/5
f 1443/1681/5 1444/1682/5 1445/1683/5
f 1446/1684/5 1444/1682/5 1443/1681/5
f 1447/1685/5 1448/1686/5 1449/1687/5
f 1450/1688/5 1448/1686/5 1447/1685/5
f 1451/1689/5 1447/1685/5 1446/1684/5
f 1452/1690/5 1447/1685/5 1451/1689/5
f 1453/1691/5 1454/1692/5 1455/1693/5
f 1456/1694/5 1454/1692/5 1453/1691/5
f 1457/1695/5 1453/1696/5 1458/1697/5
f 1459/1698/5 1453/1696/5 1457/1695/5
f 1460/1699/5 1461/1700/5 1456/1701/5
f 1462/1702/5 1461/1700/5 1460/1699/5
f 1463/1703/5 1464/1704/5 1465/1705/5
f 1466/1706/5 1464/1704/5 1463/1703/5
f 1467/1707/5 1468/1708/5 1469/1709/5
f 1470/1710/5 1468/1708/5 1467/1707/5
f 1471/1711/5 1472/1712/5 1473/1713/5
f 1474/1714/5 1472/1712/5 1471/1711/5
f 1475/1715/5 1476/1716/5 1477/1717/5
f 1478/1718/5 1476/1716/5 1475/1715/5
f 1479/1719/5 1480/1720/5 1481/1721/5
f 1482/1722/5 1480/1720/5 1479/1719/5
f 1483/1723/5 1484/1724/5 1485/1725/5
f 1486/1726/5 1484/1724/5 1483/1723/5
f 1487/1727/5 1488/1728/5 1489/1729/5
f 1490/1730/5 1488/1728/5 1487/1727/5
f 1491/1731/5 1492/1732/5 1493/1733/5
f 1494/1734/5 1492/1732/5 1491/1731/5
f 1495/1735/5 1496/1736/5 1497/1737/5
f 1498/1738/5 1496/1736/5 1495/1735/5
f 1499/1739/5 1500/1740/5 1501/1741/5
f 1502/1742/5 1500/1740/5 1499/1739/5
f 1503/1743/5 1504/1744/5 1505/1745/5
f 1506/1746/5 1504/1744/5 1503/1743/5
f 1507/1747/5 1508/1748/5 1509/1749/5
f 1510/1750/5 1508/1748/5 1507/1747/5
f 1511/1751/5 1512/1752/5 1513/1753/5
f 1514/1754/5 1512/1752/5 1511/1751/5
f 1515/1755/5 1516/1756/5 1517/1757/5
f 1518/1758/5 1516/1756/5 1515/1755/5
f 1519/1759/5 1520/1760/5 1521/1761/5
f 1522/1762/5 1523/1763/5 1524/1764/5
f 1525/1765/5 1519/1759/5 1521/1761/5
f 1526/1766/5 1519/1759/5 1525/1765/5
f 1527/1767/5 1523/1763/5 1522/1762/5
f 1528/1768/5 1523/1763/5 1527/1767/5
f 1529/1769/5 1530/1770/5 1531/1771/5
f 1532/1772/5 1530/1770/5 1529/1769/5
f 1533/1773/5 1534/1774/5 1535/1775/5
f 1536/1776/5 1534/1774/5 1533/1773/5
f 1537/1777/5 1538/1778/5 1539/1779/5
f 1540/1780/5 1538/1778/5 1537/1777/5
f 1541/1781/5 1542/1782/5 1543/1783/5
f 1544/1784/5 1542/1782/5 1541/1781/5
f 1545/1785/5 1546/1786/5 1547/1787/5
f 1548/1788/5 1546/1786/5 1545/1785/5
f 1549/1789/5 1550/1790/5 1551/1791/5
f 1552/1792/5 1550/1790/5 1549/1789/5
f 1553/1793/5 1554/1794/5 1555/1795/5
f 1556/1796/5 1554/1794/5 1553/1793/5
f 1557/1797/5 1558/1798/5 1559/1799/5
f 1560/1800/5 1558/1798/5 1557/1797/5
f 1561/1801/5 1562/1802/5 1563/1803/5
f 1561/1801/5 1564/1804/5 1562/1802/5
f 1565/1805/5 1566/1806/5 1567/1807/5
f 1565/1805/5 1567/1807/5 1568/1808/5
f 1569/1809/5 1570/1810/5 1561/1801/5
f 1569/1809/5 1561/1801/5 1563/1803/5
f 1571/1811/5 1570/1810/5 1569/1809/5
f 1572/1812/5 1565/1805/5 1573/1813/5
f 1574/1814/5 1566/1806/5 1565/1805/5
f 1574/1814/5 1565/1805/5 1572/1812/5
f 1575/1815/5 1576/1816/5 1577/1817/5
f 1578/1818/5 1576/1816/5 1575/1815/5
f 1579/1819/5 1580/1820/5 1581/1821/5
f 1582/1822/5 1580/1820/5 1579/1819/5
f 1583/1823/5 1584/1824/5 1585/1825/5
f 1586/1826/5 1584/1824/5 1583/1823/5
f 1587/1827/5 1588/1828/5 1589/1829/5
f 1590/1830/5 1588/1828/5 1587/1827/5
f 1591/1831/5 1592/1832/5 1593/1833/5
f 1594/1834/5 1592/1832/5 1591/1831/5
f 1595/1835/6 1596/1836/6 1597/1837/6
f 1597/1837/6 1596/1836/6 1598/1838/6
f 1599/1839/6 1600/1840/6 1601/1841/6
f 1601/1841/6 1600/1840/6 1602/1842/6
f 1603/1843/6 1604/1844/6 1605/1845/6
f 1605/1845/6 1604/1844/6 1606/1846/6
f 1607/1847/6 1608/1848/6 1609/1849/6
f 1609/1849/6 1608/1848/6 1610/1850/6
f 1611/1851/6 1612/1852/6 1613/1853/6
f 1613/1853/6 1612/1852/6 1614/1854/6
f 1615/1855/6 1616/1856/6 1617/1857/6
f 1617/1857/6 1616/1856/6 1618/1858/6
f 1613/1859/6 1614/1860/6 1619/1861/6
f 1619/1861/6 1614/1860/6 1620/1862/6
f 1617/1863/6 1618/1864/6 1621/1865/6
f 1621/1865/6 1618/1864/6 1622/1866/6
f 1623/1867/6 1624/1868/6 1625/1869/6
f 1625/1869/6 1624/1868/6 1626/1870/6
f 1627/1871/6 1628/1872/6 1629/1873/6
f 1629/1873/6 1628/1872/6 1630/1874/6
f 1625/1875/6 1626/1876/6 1631/1877/6
f 1631/1877/6 1626/1876/6 1632/1878/6
f 1629/1879/6 1630/1880/6 1633/1881/6
f 1633/1881/6 1630/1880/6 1634/1882/6
f 1635/1883/6 1636/1884/6 1637/1885/6
f 1637/1885/6 1636/1884/6 1638/1886/6
f 1639/1887/6 1640/1888/6 1641/1889/6
f 1641/1889/6 1640/1888/6 1642/1890/6
f 1643/1891/6 1644/1892/6 1645/1893/6
f 1645/1893/6 1644/1892/6 1646/1894/6
f 1647/1895/6 1648/1896/6 1649/1897/6
f 1649/1897/6 1648/1896/6 1650/1898/6
f 1646/1894/6 1649/1897/6 1651/1899/6
f 1651/1899/6 1649/1897/6 1652/1900/6
f 1653/1901/6 1654/1902/6 1655/1903/6
f 1655/1903/6 1654/1902/6 1656/1904/6
f 1657/1905/6 1658/1906/6 1659/1907/6
f 1659/1907/6 1658/1906/6 1660/1908/6
f 1661/1909/6 1662/1910/6 1663/1911/6
f 1663/1911/6 1662/1910/6 1664/1912/6
f 1665/1913/6 1666/1914/6 1667/1915/6
f 1667/1915/6 1666/1914/6 1668/1916/6
f 1669/1917/6 1670/1918/6 1671/1919/6
f 1671/1919/6 1670/1918/6 1672/1920/6
f 1673/1921/6 1674/1922/6 1675/1923/6
f 1675/1923/6 1674/1922/6 1676/1924/6
f 1677/1925/6 1678/1926/6 1679/1927/6
f 1679/1927/6 1678/1926/6 1680/1928/6
f 1681/1929/6 1682/1930/6 1683/1931/6
f 1683/1931/6 1682/1930/6 1684/1932/6
f 1679/1933/6 1680/1934/6 1685/1935/6
f 1685/1935/6 1680/1934/6 1686/1936/6
f 1683/1937/6 1684/1938/6 1687/1939/6
f 1687/1939/6 1684/1938/6 1688/1940/6
f 1689/1941/6 1690/1942/6 1691/1943/6
f 1691/1943/6 1690/1942/6 1692/1944/6
f 1693/1945/6 1694/1946/6 1695/1947/6
f 1695/1947/6 1694/1946/6 1696/1948/6
f 1697/1949/6 1698/1950/6 1699/1951/6
f 1699/1951/6 1698/1950/6 1700/1952/6
f 1701/1953/6 1702/1954/6 1703/1955/6
f 1703/1955/6 1702/1954/6 1704/1956/6
f 1705/1957/6 1706/1958/6 1707/1959/6
f 1707/1959/6 1706/1958/6 1708/1960/6
f 1709/1961/6 1710/1962/6 1711/1963/6
f 1711/1963/6 1710/1962/6 1712/1964/6
f 1713/1965/6 1714/1966/6 1715/1967/6
f 1715/1967/6 1714/1966/6 1716/1968/6
f 1717/1969/6 1718/1970/6 1719/1971/6
f 1719/1971/6 1718/1970/6 1720/1972/6
f 1721/1973/6 1722/1974/6 1723/1975/6
f 1723/1975/6 1722/1974/6 1724/1976/6
f 1725/1977/6 1726/1978/6 1727/1979/6
f 1727/1979/6 1726/1978/6 1728/1980/6
f 1729/1981/6 1730/1982/6 1731/1983/6
f 1731/1983/6 1730/1982/6 1732/1984/6
f 1733/1985/6 1734/1986/6 1735/1987/6
f 1735/1987/6 1734/1986/6 1736/1988/6
f 1737/1989/6 1738/1990/6 1739/1991/6
f 1739/1991/6 1738/1990/6 1740/1992/6
f 1736/1988/6 1741/1993/6 1742/1994/6
f 1742/1994/6 1741/1993/6 1743/1995/6
f 1744/1996/6 1745/1997/6 1746/1998/6
f 1746/1998/6 1745/1997/6 1747/1999/6
f 1747/1999/6 1745/1997/6 1748/2000/6
f 1748/2000/6 1745/1997/6 1749/2001/6
f 1750/2002/6 1739/1991/6 1751/2003/6
f 1751/2003/6 1739/1991/6 1752/2004/6
f 1747/1999/6 1748/2000/6 1753/2005/6
f 1753/2005/6 1748/2000/6 1754/2006/6
f 1755/2007/6 1756/2008/6 1757/2009/6
f 1757/2009/6 1756/2008/6 1758/2010/6
f 1754/2006/6 1759/2011/6 1760/2012/6
f 1761/2013/6 1753/2005/6 1760/2012/6
f 1753/2005/6 1754/2006/6 1760/2012/6
f 1760/2012/6 1759/2011/6 1762/2014/6
f 1763/2015/6 1764/2016/6 1765/2017/6
f 1765/2017/6 1764/2016/6 1766/2018/6
f 1767/2019/6 1768/2020/6 1769/2021/6
f 1769/2021/6 1768/2020/6 1770/2022/6
f 1771/2023/6 1772/2024/6 1773/2025/6
f 1773/2025/6 1772/2024/6 1774/2026/6
f 1775/2027/6 1776/2028/6 1777/2029/6
f 1777/2029/6 1776/2028/6 1778/2030/6
f 1779/2031/6 1773/2025/6 1780/2032/6
f 1780/2032/6 1773/2025/6 1781/2033/6
f 1778/2030/6 1782/2034/6 1783/2035/6
f 1783/2035/6 1782/2034/6 1784/2036/6
f 1785/2037/6 1786/2038/6 1787/2039/6
f 1787/2039/6 1786/2038/6 1788/2040/6
f 1781/2033/6 1789/2041/6 1790/2042/6
f 1790/2042/6 1789/2041/6 1791/2043/6
f 1792/2044/6 1783/2035/6 1793/2045/6
f 1793/2045/6 1783/2035/6 1794/2046/6
f 1795/2047/6 1796/2048/6 1797/2049/6
f 1797/2049/6 1796/2048/6 1798/2050/6
f 1787/2051/6 1788/2052/6 1799/2053/6
f 1799/2053/6 1788/2052/6 1800/2054/6
f 1797/2055/6 1798/2056/6 1801/2057/6
f 1801/2057/6 1798/2056/6 1802/2058/6
f 1803/2059/6 1804/2060/6 1805/2061/6
f 1805/2061/6 1804/2060/6 1806/2062/6
f 1807/2063/6 1808/2064/6 1809/2065/6
f 1810/2066/6 1811/2067/6 1812/2068/6
f 1809/2065/6 1813/2069/6 1814/2070/6
f 1807/2063/6 1809/2065/6 1814/2070/6
f 1814/2070/6 1813/2069/6 1815/2071/6
f 1815/2071/6 1813/2069/6 1816/2072/6
f 1816/2072/6 1813/2069/6 1817/2073/6
f 1818/2074/6 1812/2068/6 1819/2075/6
f 1819/2075/6 1812/2068/6 1820/2076/6
f 1812/2068/6 1811/2067/6 1821/2077/6
f 1820/2076/6 1812/2068/6 1821/2077/6
f 1821/2077/6 1811/2067/6 1822/2078/6
f 1815/2071/6 1816/2072/6 1823/2079/6
f 1823/2079/6 1816/2072/6 1824/2080/6
f 1820/2076/6 1821/2077/6 1825/2081/6
f 1825/2081/6 1821/2077/6 1826/2082/6
f 1827/2083/6 1828/2084/6 1829/2085/6
f 1829/2085/6 1828/2084/6 1830/2086/6
f 1831/2087/6 1829/2085/6 1832/2088/6
f 1830/2086/6 1833/2089/6 1832/2088/6
f 1829/2085/6 1830/2086/6 1832/2088/6
f 1832/2088/6 1833/2089/6 1834/2090/6
f 1834/2090/6 1833/2089/6 1835/2091/6
f 1835/2091/6 1833/2089/6 1836/2092/6
f 1834/2090/6 1835/2091/6 1837/2093/6
f 1837/2093/6 1835/2091/6 1838/2094/6
f 1839/2095/6 1840/2096/6 1841/2097/6
f 1841/2097/6 1840/2096/6 1842/2098/6
