# Blender v2.93.0 OBJ File: 'Human_Base_Rig.blend'
# www.blender.org
mtllib TVS_VoxelFarm_FarmersDaughter.mtl
o VS_Farm_FarmersDaughter
v -1.705196 2.013325 -0.238101
v -1.706262 1.713327 -0.638101
v -1.706262 1.713327 -0.238101
v -1.705196 2.013325 -0.638101
v -1.605197 2.012969 -0.138101
v -1.606262 1.712972 -0.238101
v -1.606262 1.712972 -0.138101
v -1.605197 2.012969 -0.238101
v -1.604842 2.112969 -0.238101
v -1.605197 2.012969 -0.638101
v -1.604842 2.112969 -0.638101
v -0.603166 0.100000 0.061899
v -0.603166 0.000000 -0.738101
v -0.603166 0.000000 0.061899
v -0.603166 0.100000 -0.738101
v -0.603166 0.200000 0.061899
v -0.603166 0.200000 -0.038101
v -0.603166 0.300000 -0.038101
v -0.603166 0.300000 -0.238101
v -0.603166 0.400000 -0.238101
v -0.603166 0.400000 -0.738101
v -0.603166 2.000000 -0.238101
v -0.603166 1.900000 -0.638101
v -0.603166 1.900000 -0.238101
v -0.603166 2.000000 -0.638101
v -0.603166 2.100000 -0.238101
v -0.603166 2.100000 -0.638101
v -0.603166 2.500000 -0.138101
v -0.603166 2.400000 -0.338101
v -0.603166 2.400000 -0.138101
v -0.603166 2.600000 -0.038101
v -0.603166 2.500000 -0.038101
v -0.603166 2.600000 -0.638101
v -0.603166 2.400000 -0.638101
v -0.603166 2.400000 -0.538101
v -0.603166 2.400000 -0.738101
v -0.603166 2.600000 -0.738101
v -0.603166 2.700000 -0.338101
v -0.603166 2.700000 -0.538101
v -0.603166 2.900000 -0.038101
v -0.603166 2.600000 0.061899
v -0.603166 2.900000 -0.138101
v -0.603166 3.000000 -0.338101
v -0.603166 3.000000 -0.538101
v -0.603166 3.200000 0.061899
v -0.603166 3.200000 -0.738101
v -0.503166 2.000000 -0.138101
v -0.503166 1.900000 -0.238101
v -0.503166 1.900000 -0.138101
v -0.503166 2.000000 -0.238101
v -0.503166 2.000000 -0.638101
v -0.503166 1.900000 -0.738101
v -0.503166 1.900000 -0.638101
v -0.503166 2.000000 -0.738101
v -0.503166 2.100000 -0.238101
v -0.503166 2.100000 -0.638101
v -0.503166 2.200000 -0.138101
v -0.503166 2.200001 -0.738101
v -0.503166 2.600000 -0.738101
v -0.503166 2.400000 -0.838101
v -0.503166 2.400000 -0.738101
v -0.503166 2.700000 -0.338101
v -0.503166 2.600000 -0.538101
v -0.503166 2.600000 -0.338101
v -0.503166 2.700000 -0.538101
v -0.503166 3.200000 0.161899
v -0.503166 2.700000 0.061899
v -0.503166 2.700000 0.161899
v -0.503166 3.200000 0.061899
v -0.503166 3.200000 -0.738101
v -0.503166 3.200000 -0.838100
v -0.503166 3.300000 0.061899
v -0.503166 3.300000 -0.738101
v -0.403166 0.900000 -0.138101
v -0.403166 0.800000 -0.838101
v -0.403166 0.800000 -0.138101
v -0.403166 0.900000 -0.838101
v -0.403166 1.300000 -0.138101
v -0.403166 1.300000 -0.238101
v -0.403166 1.300000 -0.738101
v -0.403166 1.300000 -0.838101
v -0.403166 1.400000 -0.238101
v -0.403166 1.400000 -0.738101
v -0.403166 1.800000 -0.138101
v -0.403166 1.700000 -0.838101
v -0.403166 1.700000 -0.138101
v -0.403166 1.800000 -0.838101
v -0.403166 1.900000 -0.038101
v -0.403166 1.800000 -0.038101
v -0.403166 1.900000 -0.138101
v -0.403166 1.900000 -0.738101
v -0.403166 1.900000 -0.838101
v -0.403166 2.000000 -0.138101
v -0.403166 1.900000 0.061899
v -0.403166 2.000000 -0.738101
v -0.403166 2.200000 0.061899
v -0.403166 2.200000 -0.038101
v -0.403166 2.200000 -0.138101
v -0.403166 2.200001 -0.738101
v -0.403166 2.200001 -0.838101
v -0.403166 2.300000 -0.038101
v -0.403166 2.300000 -0.138101
v -0.403166 2.300000 -0.738101
v -0.403166 2.600000 0.061899
v -0.403166 2.500000 -0.738101
v -0.403166 2.500000 0.061899
v -0.403166 2.600000 -0.738101
v -0.403166 3.300000 0.161899
v -0.403166 3.200000 0.061899
v -0.403166 3.200000 0.161899
v -0.403166 3.300000 0.061899
v -0.403166 3.300000 -0.738101
v -0.403166 3.200000 -0.838100
v -0.403166 3.200000 -0.738101
v -0.403166 3.300000 -0.838100
v -0.403166 3.400000 0.061899
v -0.403166 3.400000 -0.738101
v -0.303166 0.300000 0.061899
v -0.303166 0.200000 -0.038101
v -0.303166 0.200000 0.061899
v -0.303166 0.300000 -0.038101
v -0.303166 1.400000 -0.138101
v -0.303166 1.300000 -0.238101
v -0.303166 1.300000 -0.138101
v -0.303166 1.400000 -0.238101
v -0.303166 1.400000 -0.738101
v -0.303166 1.300000 -0.838101
v -0.303166 1.300000 -0.738101
v -0.303166 1.400000 -0.838101
v -0.303166 1.500000 -0.138101
v -0.303166 1.500000 -0.838101
v -0.303166 1.700000 -0.138101
v -0.303166 1.700000 -0.838101
v -0.303166 1.800000 -0.038101
v -0.303166 1.700000 -0.038101
v -0.303166 1.800000 -0.138101
v -0.303166 1.900000 0.061899
v -0.303166 1.800000 0.061899
v -0.303166 1.900000 -0.038101
v -0.303166 2.300000 -0.738101
v -0.303166 2.200001 -0.838101
v -0.303166 2.200001 -0.738101
v -0.303166 2.300000 -0.838101
v 0.096834 0.100000 0.061899
v 0.096834 0.000000 -0.738101
v 0.096834 0.000000 0.061899
v 0.096834 0.100000 -0.738101
v 0.096834 0.300000 0.061899
v 0.096834 0.300000 -0.238101
v 0.096834 0.400000 -0.238101
v 0.096834 0.400000 -0.738101
v 0.296834 3.200000 0.161899
v 0.296834 3.099999 0.061899
v 0.296834 3.099999 0.161899
v 0.296834 3.200000 0.061899
v 0.396834 2.800000 0.061899
v 0.396834 2.700000 0.061899
v 0.396834 2.700000 0.161899
v 0.396834 2.900000 0.061899
v 0.396834 3.099999 0.161899
v 0.396834 3.099999 0.061899
v 0.496834 2.500000 -0.138101
v 0.496834 2.400000 -0.338101
v 0.496834 2.400000 -0.138101
v 0.496834 2.600000 -0.038101
v 0.496834 2.500000 -0.038101
v 0.496834 2.600000 -0.138101
v 0.496834 2.600000 -0.338101
v 0.496834 2.600000 -0.538101
v 0.496834 2.400000 -0.638101
v 0.496834 2.400000 -0.538101
v 0.496834 2.600000 -0.638101
v 0.496834 2.400000 -0.738101
v 0.496834 2.600000 -0.738101
v 1.096834 1.900000 -0.238101
v 1.096834 1.800000 -0.638101
v 1.096834 1.800000 -0.238101
v 1.096834 1.900000 -0.638101
v 1.196834 2.000000 -0.238101
v 1.196834 1.900000 -0.638101
v 1.196834 1.900000 -0.238101
v 1.196834 2.000000 -0.638101
v 1.296834 1.800000 -0.238101
v 1.296834 1.700000 -0.238101
v 1.296834 1.700000 -0.138101
v 1.296834 2.000000 -0.138101
v 1.296834 2.000000 -0.238101
v 1.296834 2.100000 -0.238101
v 1.296834 2.000000 -0.638101
v 1.296834 2.100000 -0.638101
v 1.396834 1.800000 -0.238101
v 1.396834 1.700000 -0.638101
v 1.396834 1.700000 -0.238101
v 1.396834 1.800000 -0.638101
v -1.406264 1.712261 -0.238101
v -1.406264 1.712262 -0.638101
v -1.405909 1.812261 -0.238101
v -1.405909 1.812261 -0.638101
v -1.306264 1.711906 -0.138101
v -1.306264 1.711906 -0.238101
v -1.305909 1.811905 -0.238101
v -1.305199 2.011904 -0.138101
v -1.305199 2.011904 -0.238101
v -1.305199 2.011904 -0.638101
v -1.304844 2.111903 -0.238101
v -1.304844 2.111903 -0.638101
v -1.205555 1.911550 -0.238101
v -1.205555 1.911550 -0.638101
v -1.205199 2.011549 -0.238101
v -1.205199 2.011549 -0.638101
v -1.105911 1.811195 -0.238101
v -1.105911 1.811195 -0.638101
v -1.105555 1.911194 -0.238101
v -1.105555 1.911195 -0.638101
v -0.503166 2.400000 -0.138101
v -0.503166 2.400000 -0.338101
v -0.503166 2.500000 -0.138101
v -0.503166 2.500000 -0.038101
v -0.503166 2.600000 -0.038101
v -0.503166 2.600000 -0.138101
v -0.503166 2.600000 -0.338101
v -0.503166 2.400000 -0.538101
v -0.503166 2.400000 -0.638101
v -0.503166 2.600000 -0.538101
v -0.503166 2.400000 -0.738101
v -0.503166 2.600000 -0.638101
v -0.503166 2.600000 -0.738101
v -0.403166 2.700000 0.161899
v -0.403166 2.700000 0.061899
v -0.403166 2.800000 0.061899
v -0.403166 2.900000 0.061899
v -0.403166 3.099999 0.161899
v -0.403166 3.099999 0.061899
v -0.303166 3.099999 0.161899
v -0.303166 3.099999 0.061899
v -0.303166 3.200000 0.161899
v -0.303166 3.200000 0.061899
v -0.103166 0.000000 0.061899
v -0.103166 0.000000 -0.738101
v -0.103166 0.100000 0.061899
v -0.103166 0.100000 -0.738101
v -0.103166 0.300000 0.061899
v -0.103166 0.300000 -0.238101
v -0.103166 0.400000 -0.238101
v -0.103166 0.400000 -0.738101
v 0.296834 0.200000 0.061899
v 0.296834 0.200000 -0.038101
v 0.296834 0.300000 0.061899
v 0.296834 0.300000 -0.038101
v 0.296834 1.300000 -0.138101
v 0.296834 1.300000 -0.238101
v 0.296834 1.400000 -0.138101
v 0.296834 1.400000 -0.238101
v 0.296834 1.300000 -0.738101
v 0.296834 1.300000 -0.838101
v 0.296834 1.400000 -0.738101
v 0.296834 1.400000 -0.838101
v 0.296834 1.500000 -0.138101
v 0.296834 1.500000 -0.838101
v 0.296834 1.700000 -0.138101
v 0.296834 1.700000 -0.838101
v 0.296834 1.700000 -0.038101
v 0.296834 1.800000 -0.038101
v 0.296834 1.800000 -0.138101
v 0.296834 1.800000 0.061899
v 0.296834 1.900000 0.061899
v 0.296834 1.900000 -0.038101
v 0.296834 2.200001 -0.738101
v 0.296834 2.200001 -0.838101
v 0.296834 2.300000 -0.738101
v 0.296834 2.300000 -0.838101
v 0.396834 0.800000 -0.138101
v 0.396834 0.800000 -0.838101
v 0.396834 0.900000 -0.138101
v 0.396834 0.900000 -0.838101
v 0.396834 1.300000 -0.138101
v 0.396834 1.300000 -0.238101
v 0.396834 1.300000 -0.738101
v 0.396834 1.300000 -0.838101
v 0.396834 1.400000 -0.238101
v 0.396834 1.400000 -0.738101
v 0.396834 1.700000 -0.138101
v 0.396834 1.700000 -0.838101
v 0.396834 1.800000 -0.138101
v 0.396834 1.800000 -0.838101
v 0.396834 1.800000 -0.038101
v 0.396834 1.900000 -0.038101
v 0.396834 1.900000 -0.138101
v 0.396834 1.900000 -0.738101
v 0.396834 1.900000 -0.838101
v 0.396834 1.900000 0.061899
v 0.396834 2.000000 -0.138101
v 0.396834 2.000000 -0.738101
v 0.396834 2.200000 0.061899
v 0.396834 2.200000 -0.038101
v 0.396834 2.200000 -0.138101
v 0.396834 2.200001 -0.738101
v 0.396834 2.200001 -0.838101
v 0.396834 2.300000 -0.038101
v 0.396834 2.300000 -0.138101
v 0.396834 2.300000 -0.738101
v 0.396834 2.500000 0.061899
v 0.396834 2.500000 -0.738101
v 0.396834 2.600000 0.061899
v 0.396834 2.600000 -0.738101
v 0.396834 3.200000 0.161899
v 0.396834 3.200000 0.061899
v 0.396834 3.300000 0.161899
v 0.396834 3.300000 0.061899
v 0.396834 3.200000 -0.738101
v 0.396834 3.200000 -0.838100
v 0.396834 3.300000 -0.738101
v 0.396834 3.300000 -0.838100
v 0.396834 3.400000 0.061899
v 0.396834 3.400000 -0.738101
v 0.496834 1.900000 -0.138101
v 0.496834 1.900000 -0.238101
v 0.496834 2.000000 -0.138101
v 0.496834 2.000000 -0.238101
v 0.496834 1.900000 -0.638101
v 0.496834 1.900000 -0.738101
v 0.496834 2.000000 -0.638101
v 0.496834 2.000000 -0.738101
v 0.496834 2.100000 -0.238101
v 0.496834 2.100000 -0.638101
v 0.496834 2.200000 -0.138101
v 0.496834 2.200001 -0.738101
v 0.496834 2.600000 -0.338101
v 0.496834 2.600000 -0.538101
v 0.496834 2.700000 -0.338101
v 0.496834 2.700000 -0.538101
v 0.496834 2.400000 -0.738101
v 0.496834 2.400000 -0.838101
v 0.496834 2.800000 -0.738101
v 0.496834 2.700000 0.161899
v 0.496834 2.700000 0.061899
v 0.496834 3.200000 0.161899
v 0.496834 3.200000 0.061899
v 0.496834 3.200000 -0.738101
v 0.496834 3.200000 -0.838100
v 0.496834 3.300000 0.061899
v 0.496834 3.300000 -0.738101
v 0.596834 0.000000 0.061899
v 0.596834 0.000000 -0.738101
v 0.596834 0.100000 0.061899
v 0.596834 0.100000 -0.738101
v 0.596834 0.200000 0.061899
v 0.596834 0.200000 -0.038101
v 0.596834 0.300000 -0.038101
v 0.596834 0.300000 -0.238101
v 0.596834 0.400000 -0.238101
v 0.596834 0.400000 -0.738101
v 0.596834 1.900000 -0.238101
v 0.596834 1.900000 -0.638101
v 0.596834 2.000000 -0.238101
v 0.596834 2.000000 -0.638101
v 0.596834 2.100000 -0.238101
v 0.596834 2.100000 -0.638101
v 0.596834 2.400000 -0.138101
v 0.596834 2.400000 -0.338101
v 0.596834 2.500000 -0.138101
v 0.596834 2.500000 -0.038101
v 0.596834 2.600000 -0.038101
v 0.596834 2.700000 -0.338101
v 0.596834 2.400000 -0.538101
v 0.596834 2.400000 -0.638101
v 0.596834 2.700000 -0.538101
v 0.596834 2.400000 -0.738101
v 0.596834 2.800000 -0.638101
v 0.596834 2.800000 -0.738101
v 0.596834 2.600000 0.061899
v 0.596834 2.900000 -0.038101
v 0.596834 2.900000 -0.138101
v 0.596834 3.000000 -0.338101
v 0.596834 3.000000 -0.538101
v 0.596834 3.200000 0.061899
v 0.596834 3.200000 -0.738101
v 1.596834 1.700000 -0.138101
v 1.596834 1.700000 -0.238101
v 1.596834 2.000000 -0.138101
v 1.596834 2.000000 -0.238101
v 1.596834 2.000000 -0.638101
v 1.596834 2.100000 -0.238101
v 1.596834 2.100000 -0.638101
v 1.696834 1.700000 -0.238101
v 1.696834 1.700000 -0.638101
v 1.696834 2.000000 -0.238101
v 1.696834 2.000000 -0.638101
v -0.403166 2.700000 0.161899
v -0.503166 3.200000 0.161899
v -0.503166 2.700000 0.161899
v -0.403166 3.099999 0.161899
v -0.403166 3.200000 0.161899
v -0.303166 3.099999 0.161899
v -0.403166 3.300000 0.161899
v -0.303166 3.200000 0.161899
v 0.296834 3.200000 0.161899
v 0.396834 3.099999 0.161899
v 0.296834 3.099999 0.161899
v 0.396834 3.200000 0.161899
v 0.396834 3.300000 0.161899
v 0.496834 2.700000 0.161899
v 0.396834 2.700000 0.161899
v 0.496834 3.200000 0.161899
v -0.503166 2.600000 0.061899
v -0.603166 3.200000 0.061899
v -0.603166 2.600000 0.061899
v -0.503166 2.700000 0.061899
v -0.503166 3.200000 0.061899
v -0.403166 2.600000 0.061899
v -0.403166 2.700000 0.061899
v -0.403166 3.200000 0.061899
v -0.503166 3.300000 0.061899
v -0.403166 3.300000 0.061899
v -0.303166 0.200000 0.061899
v -0.603166 0.200000 0.061899
v -0.603166 0.100000 0.061899
v -0.303166 1.900000 0.061899
v -0.403166 2.200000 0.061899
v -0.403166 1.900000 0.061899
v -0.303166 2.100000 0.061899
v -0.303166 2.200000 0.061899
v -0.303166 2.700000 0.061899
v -0.403166 2.500000 0.061899
v -0.403166 2.800000 0.061899
v -0.303166 2.800000 0.061899
v -0.403166 2.900000 0.061899
v -0.303166 2.900000 0.061899
v -0.403166 3.099999 0.061899
v -0.303166 3.000000 0.061899
v -0.303166 3.099999 0.061899
v -0.203166 1.800000 0.061899
v -0.303166 1.800000 0.061899
v -0.203166 1.900000 0.061899
v -0.203166 2.100000 0.061899
v -0.203166 2.200000 0.061899
v -0.103166 0.000000 0.061899
v -0.603166 0.000000 0.061899
v -0.103166 0.100000 0.061899
v -0.303166 0.300000 0.061899
v -0.103166 0.300000 0.061899
v -0.103166 2.100000 0.061899
v -0.103166 2.200000 0.061899
v -0.103166 2.700000 0.061899
v -0.103166 2.900000 0.061899
v -0.103166 3.000000 0.061899
v -0.303166 3.200000 0.061899
v 0.096834 2.100000 0.061899
v 0.096834 2.200000 0.061899
v 0.096834 2.700000 0.061899
v 0.096834 2.900000 0.061899
v 0.096834 3.000000 0.061899
v 0.196834 1.800000 0.061899
v 0.196834 1.900000 0.061899
v 0.196834 2.100000 0.061899
v 0.196834 2.200000 0.061899
v 0.296834 0.200000 0.061899
v 0.096834 0.300000 0.061899
v 0.096834 0.100000 0.061899
v 0.296834 0.300000 0.061899
v 0.296834 1.800000 0.061899
v 0.296834 1.900000 0.061899
v 0.296834 2.100000 0.061899
v 0.296834 2.200000 0.061899
v 0.296834 2.700000 0.061899
v 0.296834 2.800000 0.061899
v 0.296834 2.900000 0.061899
v 0.296834 3.000000 0.061899
v 0.296834 3.099999 0.061899
v 0.296834 3.200000 0.061899
v 0.396834 1.900000 0.061899
v 0.396834 2.200000 0.061899
v 0.396834 2.500000 0.061899
v 0.396834 2.600000 0.061899
v 0.396834 2.700000 0.061899
v 0.396834 2.800000 0.061899
v 0.396834 2.900000 0.061899
v 0.396834 3.099999 0.061899
v 0.396834 3.300000 0.061899
v -0.403166 3.400000 0.061899
v 0.396834 3.400000 0.061899
v 0.496834 2.600000 0.061899
v 0.496834 2.700000 0.061899
v 0.496834 3.200000 0.061899
v 0.396834 3.200000 0.061899
v 0.496834 3.300000 0.061899
v 0.596834 0.000000 0.061899
v 0.096834 0.000000 0.061899
v 0.596834 0.100000 0.061899
v 0.596834 0.200000 0.061899
v 0.596834 2.600000 0.061899
v 0.596834 3.200000 0.061899
v -0.503166 2.500000 -0.038101
v -0.603166 2.600000 -0.038101
v -0.603166 2.500000 -0.038101
v -0.503166 2.600000 -0.038101
v -0.303166 0.200000 -0.038101
v -0.603166 0.300000 -0.038101
v -0.603166 0.200000 -0.038101
v -0.303166 0.300000 -0.038101
v -0.303166 1.800000 -0.038101
v -0.403166 1.900000 -0.038101
v -0.403166 1.800000 -0.038101
v -0.303166 1.900000 -0.038101
v -0.303166 2.200000 -0.038101
v -0.403166 2.300000 -0.038101
v -0.403166 2.200000 -0.038101
v -0.303166 2.300000 -0.038101
v -0.203166 1.700000 -0.038101
v -0.303166 1.700000 -0.038101
v -0.203166 1.800000 -0.038101
v -0.203166 2.200000 -0.038101
v -0.203166 2.300000 -0.038101
v -0.103166 2.200000 -0.038101
v 0.096834 2.200000 -0.038101
v 0.196834 1.700000 -0.038101
v 0.196834 1.800000 -0.038101
v 0.196834 2.200000 -0.038101
v 0.196834 2.300000 -0.038101
v 0.296834 1.700000 -0.038101
v 0.296834 1.800000 -0.038101
v 0.296834 2.200000 -0.038101
v 0.296834 2.300000 -0.038101
v 0.396834 1.800000 -0.038101
v 0.296834 1.900000 -0.038101
v 0.396834 1.900000 -0.038101
v 0.396834 2.200000 -0.038101
v 0.396834 2.300000 -0.038101
v 0.596834 0.200000 -0.038101
v 0.296834 0.300000 -0.038101
v 0.296834 0.200000 -0.038101
v 0.596834 0.300000 -0.038101
v 0.596834 2.500000 -0.038101
v 0.496834 2.600000 -0.038101
v 0.496834 2.500000 -0.038101
v 0.596834 2.600000 -0.038101
v -1.306264 1.711906 -0.138101
v -1.605197 2.012969 -0.138101
v -1.606262 1.712972 -0.138101
v -1.305199 2.011904 -0.138101
v -0.503166 2.400000 -0.138101
v -0.603166 2.500000 -0.138101
v -0.603166 2.400000 -0.138101
v -0.503166 2.500000 -0.138101
v -0.403166 1.900000 -0.138101
v -0.503166 2.000000 -0.138101
v -0.503166 1.900000 -0.138101
v -0.403166 2.000000 -0.138101
v -0.503166 2.200000 -0.138101
v -0.403166 2.200000 -0.138101
v -0.303166 1.300000 -0.138101
v -0.403166 1.300000 -0.138101
v -0.403166 0.900000 -0.138101
v -0.303166 1.700000 -0.138101
v -0.403166 1.800000 -0.138101
v -0.403166 1.700000 -0.138101
v -0.303166 1.800000 -0.138101
v -0.203166 1.500000 -0.138101
v -0.303166 1.500000 -0.138101
v -0.303166 1.400000 -0.138101
v -0.203166 1.700000 -0.138101
v -0.103166 1.400000 -0.138101
v -0.103166 1.500000 -0.138101
v 0.096834 1.400000 -0.138101
v 0.096834 1.500000 -0.138101
v 0.196834 1.500000 -0.138101
v 0.196834 1.700000 -0.138101
v 0.296834 1.300000 -0.138101
v 0.296834 1.400000 -0.138101
v 0.296834 1.500000 -0.138101
v 0.296834 1.700000 -0.138101
v 0.396834 0.800000 -0.138101
v -0.403166 0.800000 -0.138101
v 0.396834 0.900000 -0.138101
v 0.396834 1.300000 -0.138101
v 0.396834 1.700000 -0.138101
v 0.296834 1.800000 -0.138101
v 0.396834 1.800000 -0.138101
v 0.496834 1.900000 -0.138101
v 0.396834 2.000000 -0.138101
v 0.396834 1.900000 -0.138101
v 0.496834 2.000000 -0.138101
v 0.396834 2.200000 -0.138101
v 0.496834 2.200000 -0.138101
v 0.596834 2.400000 -0.138101
v 0.496834 2.500000 -0.138101
v 0.496834 2.400000 -0.138101
v 0.596834 2.500000 -0.138101
v 1.596834 1.700000 -0.138101
v 1.296834 2.000000 -0.138101
v 1.296834 1.700000 -0.138101
v 1.596834 2.000000 -0.138101
v -1.606262 1.712972 -0.238101
v -1.705196 2.013325 -0.238101
v -1.706262 1.713327 -0.238101
v -1.605197 2.012969 -0.238101
v -1.305199 2.011904 -0.238101
v -1.604842 2.112969 -0.238101
v -1.304844 2.111903 -0.238101
v -1.205555 1.911550 -0.238101
v -1.305909 1.811905 -0.238101
v -1.205199 2.011549 -0.238101
v -1.105911 1.811195 -0.238101
v -1.105555 1.911194 -0.238101
v -0.503166 1.900000 -0.238101
v -0.603166 2.000000 -0.238101
v -0.603166 1.900000 -0.238101
v -0.503166 2.000000 -0.238101
v -0.603166 2.100000 -0.238101
v -0.503166 2.100000 -0.238101
v -0.403166 0.300000 -0.238101
v -0.603166 0.400000 -0.238101
v -0.603166 0.300000 -0.238101
v -0.403166 0.400000 -0.238101
v -0.303166 0.300000 -0.238101
v -0.303166 0.400000 -0.238101
v -0.303166 1.300000 -0.238101
v -0.403166 1.400000 -0.238101
v -0.403166 1.300000 -0.238101
v -0.303166 1.400000 -0.238101
v -0.103166 0.300000 -0.238101
v -0.103166 0.400000 -0.238101
v 0.296834 0.300000 -0.238101
v 0.096834 0.400000 -0.238101
v 0.096834 0.300000 -0.238101
v 0.296834 0.400000 -0.238101
v 0.396834 0.300000 -0.238101
v 0.396834 0.400000 -0.238101
v 0.396834 1.300000 -0.238101
v 0.296834 1.400000 -0.238101
v 0.296834 1.300000 -0.238101
v 0.396834 1.400000 -0.238101
v 0.596834 0.300000 -0.238101
v 0.596834 0.400000 -0.238101
v 0.596834 1.900000 -0.238101
v 0.496834 2.000000 -0.238101
v 0.496834 1.900000 -0.238101
v 0.596834 2.000000 -0.238101
v 0.496834 2.100000 -0.238101
v 0.596834 2.100000 -0.238101
v 1.196834 1.900000 -0.238101
v 1.096834 1.900000 -0.238101
v 1.096834 1.800000 -0.238101
v 1.296834 1.800000 -0.238101
v 1.196834 2.000000 -0.238101
v 1.296834 2.000000 -0.238101
v 1.596834 2.000000 -0.238101
v 1.296834 2.100000 -0.238101
v 1.596834 2.100000 -0.238101
v 1.696834 1.700000 -0.238101
v 1.596834 1.700000 -0.238101
v 1.696834 2.000000 -0.238101
v -0.503166 2.400000 -0.538101
v -0.603166 2.700000 -0.538101
v -0.603166 2.400000 -0.538101
v -0.503166 2.600000 -0.538101
v -0.503166 2.700000 -0.538101
v 0.596834 2.400000 -0.538101
v 0.496834 2.600000 -0.538101
v 0.496834 2.400000 -0.538101
v 0.496834 2.700000 -0.538101
v 0.596834 2.700000 -0.538101
v -0.403166 2.400000 -0.738101
v -0.503166 2.600000 -0.738101
v -0.503166 2.400000 -0.738101
v -0.403166 2.500000 -0.738101
v -0.403166 2.600000 -0.738101
v -0.303166 2.400000 -0.738101
v -0.303166 2.500000 -0.738101
v -0.203166 2.400000 -0.738101
v -0.203166 2.500000 -0.738101
v -0.103166 2.400000 -0.738101
v -0.103166 2.500000 -0.738101
v 0.096834 2.400000 -0.738101
v 0.096834 2.500000 -0.738101
v 0.196834 2.400000 -0.738101
v 0.196834 2.500000 -0.738101
v 0.296834 2.400000 -0.738101
v 0.296834 2.500000 -0.738101
v 0.396834 2.400000 -0.738101
v 0.396834 2.500000 -0.738101
v 0.496834 2.400000 -0.738101
v 0.396834 2.600000 -0.738101
v 0.496834 2.600000 -0.738101
v -1.406264 1.712261 -0.238101
v -1.405909 1.812261 -0.238101
v -1.306264 1.711906 -0.238101
v -1.305909 1.811905 -0.238101
v 1.296834 1.700000 -0.238101
v 1.296834 1.800000 -0.238101
v 1.396834 1.700000 -0.238101
v 1.396834 1.800000 -0.238101
v -0.603166 2.400000 -0.338101
v -0.603166 2.700000 -0.338101
v -0.503166 2.400000 -0.338101
v -0.503166 2.600000 -0.338101
v -0.503166 2.700000 -0.338101
v 0.496834 2.400000 -0.338101
v 0.496834 2.600000 -0.338101
v 0.596834 2.400000 -0.338101
v 0.496834 2.700000 -0.338101
v 0.596834 2.700000 -0.338101
v -1.706262 1.713327 -0.638101
v -1.705196 2.013325 -0.638101
v -1.605197 2.012969 -0.638101
v -1.406264 1.712262 -0.638101
v -1.604842 2.112969 -0.638101
v -1.405909 1.812261 -0.638101
v -1.305199 2.011904 -0.638101
v -1.304844 2.111903 -0.638101
v -1.205555 1.911550 -0.638101
v -1.205199 2.011549 -0.638101
v -1.105911 1.811195 -0.638101
v -1.105555 1.911195 -0.638101
v -0.603166 1.900000 -0.638101
v -0.603166 2.000000 -0.638101
v -0.503166 1.900000 -0.638101
v -0.603166 2.100000 -0.638101
v -0.503166 2.000000 -0.638101
v -0.503166 2.100000 -0.638101
v 0.496834 1.900000 -0.638101
v 0.496834 2.000000 -0.638101
v 0.596834 1.900000 -0.638101
v 0.496834 2.100000 -0.638101
v 0.596834 2.000000 -0.638101
v 0.596834 2.100000 -0.638101
v 1.096834 1.800000 -0.638101
v 1.096834 1.900000 -0.638101
v 1.196834 1.900000 -0.638101
v 1.196834 2.000000 -0.638101
v 1.296834 2.000000 -0.638101
v 1.396834 1.800000 -0.638101
v 1.296834 2.100000 -0.638101
v 1.596834 2.000000 -0.638101
v 1.396834 1.700000 -0.638101
v 1.596834 2.100000 -0.638101
v 1.696834 1.700000 -0.638101
v 1.696834 2.000000 -0.638101
v -0.603166 2.400000 -0.738101
v -0.603166 2.600000 -0.738101
v -0.503166 2.400000 -0.738101
v -0.603166 3.200000 -0.738101
v -0.503166 2.600000 -0.738101
v -0.503166 3.200000 -0.738101
v -0.503166 1.900000 -0.738101
v -0.503166 2.000000 -0.738101
v -0.403166 1.900000 -0.738101
v -0.503166 2.200001 -0.738101
v -0.403166 2.000000 -0.738101
v -0.403166 2.200001 -0.738101
v -0.503166 3.300000 -0.738101
v -0.403166 3.200000 -0.738101
v -0.403166 3.300000 -0.738101
v -0.403166 1.300000 -0.738101
v -0.403166 1.400000 -0.738101
v -0.303166 1.300000 -0.738101
v -0.303166 1.400000 -0.738101
v -0.403166 2.300000 -0.738101
v -0.303166 2.200001 -0.738101
v -0.303166 2.300000 -0.738101
v -0.603166 0.000000 -0.738101
v -0.603166 0.100000 -0.738101
v -0.103166 0.000000 -0.738101
v -0.603166 0.400000 -0.738101
v -0.103166 0.100000 -0.738101
v -0.103166 0.400000 -0.738101
v 0.296834 1.300000 -0.738101
v 0.296834 1.400000 -0.738101
v 0.396834 1.300000 -0.738101
v 0.396834 1.400000 -0.738101
v 0.296834 2.200001 -0.738101
v 0.296834 2.300000 -0.738101
v 0.396834 2.200001 -0.738101
v 0.396834 2.300000 -0.738101
v -0.403166 3.400000 -0.738101
v 0.396834 3.300000 -0.738101
v 0.396834 3.400000 -0.738101
v 0.396834 1.900000 -0.738101
v 0.396834 2.000000 -0.738101
v 0.496834 1.900000 -0.738101
v 0.496834 2.000000 -0.738101
v 0.496834 2.200001 -0.738101
v 0.396834 3.200000 -0.738101
v 0.496834 3.200000 -0.738101
v 0.496834 3.300000 -0.738101
v 0.096834 0.000000 -0.738101
v 0.096834 0.100000 -0.738101
v 0.596834 0.000000 -0.738101
v 0.096834 0.400000 -0.738101
v 0.596834 0.100000 -0.738101
v 0.596834 0.400000 -0.738101
v 0.496834 2.400000 -0.738101
v 0.496834 2.800000 -0.738101
v 0.596834 2.400000 -0.738101
v 0.596834 2.800000 -0.738101
v 0.596834 3.200000 -0.738101
v -0.503166 2.400000 -0.838101
v -0.503166 3.200000 -0.838100
v -0.403166 2.400000 -0.838101
v -0.403166 2.900000 -0.838101
v -0.403166 3.200000 -0.838100
v -0.403166 0.900000 -0.838101
v -0.403166 1.300000 -0.838101
v -0.303166 1.300000 -0.838101
v -0.403166 1.700000 -0.838101
v -0.403166 1.800000 -0.838101
v -0.303166 1.700000 -0.838101
v -0.403166 1.900000 -0.838101
v -0.303166 1.800000 -0.838101
v -0.403166 2.200001 -0.838101
v -0.303166 1.900000 -0.838101
v -0.303166 2.200001 -0.838101
v -0.303166 2.400000 -0.838101
v -0.403166 3.300000 -0.838100
v -0.303166 2.900000 -0.838101
v -0.203166 2.000000 -0.838101
v -0.303166 1.500000 -0.838101
v -0.303166 2.300000 -0.838101
v -0.203166 2.200001 -0.838101
v -0.203166 2.400000 -0.838101
v -0.203166 2.600000 -0.838101
v -0.103166 2.000000 -0.838101
v -0.103166 2.200001 -0.838101
v -0.103166 2.400000 -0.838101
v -0.103166 2.600000 -0.838101
v 0.096834 2.000000 -0.838101
v 0.096834 2.200001 -0.838101
v 0.096834 2.400000 -0.838101
v 0.096834 2.800000 -0.838101
v 0.196834 2.000000 -0.838101
v 0.196834 2.200001 -0.838101
v 0.196834 2.400000 -0.838101
v 0.196834 2.800000 -0.838101
v -0.303166 1.400000 -0.838101
v 0.296834 1.300000 -0.838101
v 0.296834 1.400000 -0.838101
v 0.296834 1.500000 -0.838101
v 0.296834 1.700000 -0.838101
v 0.296834 1.800000 -0.838101
v 0.296834 1.900000 -0.838101
v 0.296834 2.200001 -0.838101
v 0.296834 2.300000 -0.838101
v 0.296834 2.400000 -0.838101
v 0.296834 2.600000 -0.838101
v -0.403166 0.800000 -0.838101
v 0.396834 0.800000 -0.838101
v 0.396834 0.900000 -0.838101
v 0.396834 1.300000 -0.838101
v 0.396834 1.700000 -0.838101
v 0.396834 1.800000 -0.838101
v 0.396834 1.900000 -0.838101
v 0.396834 2.200001 -0.838101
v 0.396834 2.400000 -0.838101
v 0.396834 2.600000 -0.838101
v 0.396834 3.200000 -0.838100
v 0.396834 3.300000 -0.838100
v 0.496834 2.400000 -0.838101
v 0.496834 3.200000 -0.838100
v -0.603166 0.000000 -0.738101
v -0.103166 0.000000 0.061899
v -0.603166 0.000000 0.061899
v -0.103166 0.000000 -0.738101
v 0.096834 0.000000 -0.738101
v 0.596834 0.000000 0.061899
v 0.096834 0.000000 0.061899
v 0.596834 0.000000 -0.738101
v -0.403166 0.800000 -0.838101
v 0.396834 0.800000 -0.138101
v -0.403166 0.800000 -0.138101
v 0.396834 0.800000 -0.838101
v -0.303166 1.700000 -0.138101
v -0.203166 1.700000 -0.038101
v -0.303166 1.700000 -0.038101
v -0.203166 1.700000 -0.138101
v 0.196834 1.700000 -0.038101
v 0.196834 1.700000 -0.138101
v 0.296834 1.700000 -0.038101
v 0.296834 1.700000 -0.138101
v -1.606262 1.712972 -0.238101
v -1.306264 1.711906 -0.138101
v -1.606262 1.712972 -0.138101
v -1.406264 1.712261 -0.238101
v -1.306264 1.711906 -0.238101
v 1.296834 1.700000 -0.238101
v 1.596834 1.700000 -0.138101
v 1.296834 1.700000 -0.138101
v 1.396834 1.700000 -0.238101
v 1.596834 1.700000 -0.238101
v -1.706262 1.713327 -0.638101
v -1.706262 1.713327 -0.238101
v -1.406264 1.712262 -0.638101
v 1.396834 1.700000 -0.638101
v 1.696834 1.700000 -0.238101
v 1.696834 1.700000 -0.638101
v -0.403166 1.700000 -0.838101
v -0.403166 1.700000 -0.138101
v -0.303166 1.700000 -0.838101
v 0.296834 1.700000 -0.838101
v 0.396834 1.700000 -0.138101
v 0.396834 1.700000 -0.838101
v -0.303166 1.800000 -0.038101
v -0.203166 1.800000 0.061899
v -0.303166 1.800000 0.061899
v -0.203166 1.800000 -0.038101
v 0.196834 1.800000 0.061899
v 0.196834 1.800000 -0.038101
v 0.296834 1.800000 0.061899
v 0.296834 1.800000 -0.038101
v -0.403166 1.800000 -0.138101
v -0.403166 1.800000 -0.038101
v -0.303166 1.800000 -0.138101
v 0.296834 1.800000 -0.138101
v 0.396834 1.800000 -0.038101
v 0.396834 1.800000 -0.138101
v -1.405909 1.812261 -0.638101
v -1.105911 1.811195 -0.238101
v -1.305909 1.811905 -0.238101
v -1.405909 1.812261 -0.238101
v -1.105911 1.811195 -0.638101
v 1.096834 1.800000 -0.638101
v 1.396834 1.800000 -0.238101
v 1.296834 1.800000 -0.238101
v 1.096834 1.800000 -0.238101
v 1.396834 1.800000 -0.638101
v -0.403166 1.900000 -0.038101
v -0.303166 1.900000 0.061899
v -0.403166 1.900000 0.061899
v -0.303166 1.900000 -0.038101
v 0.296834 1.900000 -0.038101
v 0.396834 1.900000 0.061899
v 0.296834 1.900000 0.061899
v 0.396834 1.900000 -0.038101
v -0.503166 1.900000 -0.238101
v -0.403166 1.900000 -0.138101
v -0.503166 1.900000 -0.138101
v 0.496834 1.900000 -0.238101
v 0.496834 1.900000 -0.138101
v 0.396834 1.900000 -0.138101
v -0.603166 1.900000 -0.638101
v -0.603166 1.900000 -0.238101
v -0.503166 1.900000 -0.638101
v 0.496834 1.900000 -0.638101
v 0.596834 1.900000 -0.238101
v 0.596834 1.900000 -0.638101
v -0.503166 1.900000 -0.738101
v -0.403166 1.900000 -0.738101
v 0.396834 1.900000 -0.738101
v 0.496834 1.900000 -0.738101
v -0.603166 2.400000 -0.338101
v -0.503166 2.400000 -0.138101
v -0.603166 2.400000 -0.138101
v -0.503166 2.400000 -0.338101
v 0.496834 2.400000 -0.338101
v 0.596834 2.400000 -0.138101
v 0.496834 2.400000 -0.138101
v 0.596834 2.400000 -0.338101
v -0.603166 2.400000 -0.638101
v -0.503166 2.400000 -0.538101
v -0.603166 2.400000 -0.538101
v -0.503166 2.400000 -0.638101
v 0.496834 2.400000 -0.638101
v 0.596834 2.400000 -0.538101
v 0.496834 2.400000 -0.538101
v 0.596834 2.400000 -0.638101
v -0.603166 2.400000 -0.738101
v -0.503166 2.400000 -0.738101
v 0.496834 2.400000 -0.738101
v 0.596834 2.400000 -0.738101
v -0.503166 2.400000 -0.838101
v -0.403166 2.400000 -0.738101
v -0.403166 2.400000 -0.838101
v -0.303166 2.400000 -0.738101
v -0.303166 2.400000 -0.838101
v -0.203166 2.400000 -0.738101
v -0.203166 2.400000 -0.838101
v -0.103166 2.400000 -0.738101
v -0.103166 2.400000 -0.838101
v 0.096834 2.400000 -0.738101
v 0.096834 2.400000 -0.838101
v 0.196834 2.400000 -0.738101
v 0.196834 2.400000 -0.838101
v 0.296834 2.400000 -0.738101
v 0.296834 2.400000 -0.838101
v 0.396834 2.400000 -0.738101
v 0.396834 2.400000 -0.838101
v 0.496834 2.400000 -0.838101
v -0.603166 2.500000 -0.138101
v -0.503166 2.500000 -0.038101
v -0.603166 2.500000 -0.038101
v -0.503166 2.500000 -0.138101
v 0.496834 2.500000 -0.138101
v 0.596834 2.500000 -0.038101
v 0.496834 2.500000 -0.038101
v 0.596834 2.500000 -0.138101
v -0.403166 2.500000 -0.738101
v 0.396834 2.500000 0.061899
v -0.403166 2.500000 0.061899
v -0.303166 2.500000 -0.738101
v -0.203166 2.500000 -0.738101
v -0.103166 2.500000 -0.738101
v 0.096834 2.500000 -0.738101
v 0.196834 2.500000 -0.738101
v 0.296834 2.500000 -0.738101
v 0.396834 2.500000 -0.738101
v -0.603166 2.600000 -0.038101
v -0.503166 2.600000 0.061899
v -0.603166 2.600000 0.061899
v -0.503166 2.600000 -0.038101
v -0.403166 2.600000 0.061899
v 0.496834 2.600000 -0.038101
v 0.596834 2.600000 0.061899
v 0.496834 2.600000 0.061899
v 0.396834 2.600000 0.061899
v 0.596834 2.600000 -0.038101
v -0.503166 2.600000 -0.138101
v 0.496834 2.600000 -0.138101
v -0.503166 2.600000 -0.338101
v 0.496834 2.600000 -0.338101
v -0.503166 2.600000 -0.538101
v 0.496834 2.600000 -0.538101
v -0.503166 2.600000 -0.638101
v 0.496834 2.600000 -0.638101
v -0.503166 2.600000 -0.738101
v -0.403166 2.600000 -0.738101
v 0.396834 2.600000 -0.738101
v 0.496834 2.600000 -0.738101
v -0.503166 2.700000 0.061899
v -0.403166 2.700000 0.161899
v -0.503166 2.700000 0.161899
v -0.403166 2.700000 0.061899
v 0.396834 2.700000 0.061899
v 0.496834 2.700000 0.161899
v 0.396834 2.700000 0.161899
v 0.496834 2.700000 0.061899
v -0.603166 2.700000 -0.538101
v -0.503166 2.700000 -0.338101
v -0.603166 2.700000 -0.338101
v -0.503166 2.700000 -0.538101
v 0.496834 2.700000 -0.538101
v 0.596834 2.700000 -0.338101
v 0.496834 2.700000 -0.338101
v 0.596834 2.700000 -0.538101
v -0.403166 3.099999 0.061899
v -0.303166 3.099999 0.161899
v -0.403166 3.099999 0.161899
v -0.303166 3.099999 0.061899
v 0.296834 3.099999 0.061899
v 0.396834 3.099999 0.161899
v 0.296834 3.099999 0.161899
v 0.396834 3.099999 0.061899
v -0.303166 3.200000 0.061899
v 0.296834 3.200000 0.161899
v -0.303166 3.200000 0.161899
v 0.296834 3.200000 0.061899
v -0.603166 0.200000 0.061899
v -0.303166 0.200000 0.061899
v -0.603166 0.200000 -0.038101
v -0.303166 0.200000 -0.038101
v 0.296834 0.200000 0.061899
v 0.596834 0.200000 0.061899
v 0.296834 0.200000 -0.038101
v 0.596834 0.200000 -0.038101
v -0.303166 0.300000 0.061899
v -0.103166 0.300000 0.061899
v -0.303166 0.300000 -0.038101
v 0.096834 0.300000 0.061899
v 0.296834 0.300000 0.061899
v 0.296834 0.300000 -0.038101
v -0.603166 0.300000 -0.038101
v -0.603166 0.300000 -0.238101
v -0.403166 0.300000 -0.238101
v -0.303166 0.300000 -0.238101
v -0.103166 0.300000 -0.238101
v 0.596834 0.300000 -0.038101
v 0.096834 0.300000 -0.238101
v 0.296834 0.300000 -0.238101
v 0.396834 0.300000 -0.238101
v 0.596834 0.300000 -0.238101
v -0.603166 0.400000 -0.238101
v -0.403166 0.400000 -0.238101
v -0.503166 0.400000 -0.338101
v -0.303166 0.400000 -0.238101
v -0.403166 0.400000 -0.338101
v -0.103166 0.400000 -0.238101
v -0.303166 0.400000 -0.338101
v -0.203166 0.400000 -0.338101
v 0.096834 0.400000 -0.238101
v 0.296834 0.400000 -0.238101
v 0.196834 0.400000 -0.338101
v 0.396834 0.400000 -0.238101
v 0.296834 0.400000 -0.338101
v 0.596834 0.400000 -0.238101
v 0.396834 0.400000 -0.338101
v 0.496834 0.400000 -0.338101
v -0.503166 0.400000 -0.638101
v -0.203166 0.400000 -0.638101
v 0.196834 0.400000 -0.638101
v 0.496834 0.400000 -0.638101
v -0.603166 0.400000 -0.738101
v -0.103166 0.400000 -0.738101
v 0.096834 0.400000 -0.738101
v 0.596834 0.400000 -0.738101
v -0.403166 1.300000 -0.138101
v -0.303166 1.300000 -0.138101
v -0.403166 1.300000 -0.238101
v -0.303166 1.300000 -0.238101
v 0.296834 1.300000 -0.138101
v 0.396834 1.300000 -0.138101
v 0.296834 1.300000 -0.238101
v 0.396834 1.300000 -0.238101
v -0.403166 1.300000 -0.738101
v -0.303166 1.300000 -0.738101
v -0.403166 1.300000 -0.838101
v -0.303166 1.300000 -0.838101
v 0.296834 1.300000 -0.738101
v 0.396834 1.300000 -0.738101
v 0.296834 1.300000 -0.838101
v 0.396834 1.300000 -0.838101
v -0.403166 1.400000 -0.238101
v -0.303166 1.400000 -0.238101
v -0.403166 1.400000 -0.738101
v -0.303166 1.400000 -0.738101
v 0.296834 1.400000 -0.238101
v 0.396834 1.400000 -0.238101
v 0.296834 1.400000 -0.738101
v 0.396834 1.400000 -0.738101
v -1.205555 1.911550 -0.238101
v -1.105555 1.911194 -0.238101
v -1.205555 1.911550 -0.638101
v -1.105555 1.911195 -0.638101
v 1.096834 1.900000 -0.238101
v 1.196834 1.900000 -0.238101
v 1.096834 1.900000 -0.638101
v 1.196834 1.900000 -0.638101
v -1.605197 2.012969 -0.138101
v -1.305199 2.011904 -0.138101
v -1.605197 2.012969 -0.238101
v -1.305199 2.011904 -0.238101
v 1.296834 2.000000 -0.138101
v 1.596834 2.000000 -0.138101
v 1.296834 2.000000 -0.238101
v 1.596834 2.000000 -0.238101
v -1.705196 2.013325 -0.238101
v -1.705196 2.013325 -0.638101
v -1.605197 2.012969 -0.638101
v -1.205199 2.011549 -0.238101
v -1.305199 2.011904 -0.638101
v -1.205199 2.011549 -0.638101
v 1.196834 2.000000 -0.238101
v 1.196834 2.000000 -0.638101
v 1.296834 2.000000 -0.638101
v 1.696834 2.000000 -0.238101
v 1.596834 2.000000 -0.638101
v 1.696834 2.000000 -0.638101
v -1.604842 2.112969 -0.238101
v -1.304844 2.111903 -0.238101
v -1.604842 2.112969 -0.638101
v -1.304844 2.111903 -0.638101
v -0.603166 2.100000 -0.238101
v -0.503166 2.100000 -0.238101
v -0.603166 2.100000 -0.638101
v -0.503166 2.100000 -0.638101
v 0.496834 2.100000 -0.238101
v 0.596834 2.100000 -0.238101
v 0.496834 2.100000 -0.638101
v 0.596834 2.100000 -0.638101
v 1.296834 2.100000 -0.238101
v 1.596834 2.100000 -0.238101
v 1.296834 2.100000 -0.638101
v 1.596834 2.100000 -0.638101
v -0.403166 2.200000 0.061899
v -0.303166 2.200000 0.061899
v -0.403166 2.200000 -0.038101
v -0.203166 2.200000 0.061899
v -0.303166 2.200000 -0.038101
v -0.103166 2.200000 0.061899
v -0.203166 2.200000 -0.038101
v 0.096834 2.200000 0.061899
v -0.103166 2.200000 -0.038101
v 0.196834 2.200000 0.061899
v 0.096834 2.200000 -0.038101
v 0.296834 2.200000 0.061899
v 0.196834 2.200000 -0.038101
v 0.396834 2.200000 0.061899
v 0.296834 2.200000 -0.038101
v 0.396834 2.200000 -0.038101
v -0.503166 2.200000 -0.138101
v -0.403166 2.200000 -0.138101
v -0.503166 2.200001 -0.738101
v -0.403166 2.200001 -0.738101
v 0.396834 2.200000 -0.138101
v 0.496834 2.200000 -0.138101
v 0.396834 2.200001 -0.738101
v 0.496834 2.200001 -0.738101
v -0.303166 2.200001 -0.738101
v -0.403166 2.200001 -0.838101
v -0.303166 2.200001 -0.838101
v 0.296834 2.200001 -0.738101
v 0.296834 2.200001 -0.838101
v 0.396834 2.200001 -0.838101
v -0.403166 2.300000 -0.038101
v -0.303166 2.300000 -0.038101
v -0.403166 2.300000 -0.138101
v -0.203166 2.300000 -0.038101
v -0.303166 2.300000 -0.138101
v 0.196834 2.300000 -0.038101
v -0.203166 2.300000 -0.138101
v 0.296834 2.300000 -0.038101
v 0.196834 2.300000 -0.138101
v 0.396834 2.300000 -0.038101
v 0.296834 2.300000 -0.138101
v 0.396834 2.300000 -0.138101
v -0.403166 2.300000 -0.738101
v -0.303166 2.300000 -0.738101
v 0.296834 2.300000 -0.738101
v 0.396834 2.300000 -0.738101
v -0.303166 2.300000 -0.838101
v 0.296834 2.300000 -0.838101
v -0.503166 3.200000 0.161899
v -0.403166 3.200000 0.161899
v -0.503166 3.200000 0.061899
v -0.403166 3.200000 0.061899
v 0.396834 3.200000 0.161899
v 0.496834 3.200000 0.161899
v 0.396834 3.200000 0.061899
v 0.496834 3.200000 0.061899
v -0.603166 3.200000 0.061899
v -0.603166 3.200000 -0.738101
v -0.503166 3.200000 -0.738101
v 0.596834 3.200000 0.061899
v 0.496834 3.200000 -0.738101
v 0.596834 3.200000 -0.738101
v -0.403166 3.200000 -0.738101
v -0.503166 3.200000 -0.838100
v -0.403166 3.200000 -0.838100
v 0.396834 3.200000 -0.738101
v 0.396834 3.200000 -0.838100
v 0.496834 3.200000 -0.838100
v -0.403166 3.300000 0.161899
v 0.396834 3.300000 0.161899
v -0.403166 3.300000 0.061899
v 0.396834 3.300000 0.061899
v -0.503166 3.300000 0.061899
v -0.503166 3.300000 -0.738101
v -0.403166 3.300000 -0.738101
v 0.496834 3.300000 0.061899
v 0.396834 3.300000 -0.738101
v 0.496834 3.300000 -0.738101
v -0.403166 3.300000 -0.838100
v 0.396834 3.300000 -0.838100
v -0.403166 3.400000 0.061899
v 0.396834 3.400000 0.061899
v -0.403166 3.400000 -0.738101
v 0.396834 3.400000 -0.738101
vt 0.029297 0.500000
vt 0.029297 0.500000
vt 0.029297 0.500000
vt 0.029297 0.500000
vt 0.029297 0.500000
vt 0.029297 0.500000
vt 0.029297 0.500000
vt 0.029297 0.500000
vt 0.029297 0.500000
vt 0.029297 0.500000
vt 0.029297 0.500000
vt 0.005859 0.500000
vt 0.005859 0.500000
vt 0.005859 0.500000
vt 0.005859 0.500000
vt 0.009766 0.500000
vt 0.009766 0.500000
vt 0.009766 0.500000
vt 0.009766 0.500000
vt 0.009766 0.500000
vt 0.009766 0.500000
vt 0.009766 0.500000
vt 0.009766 0.500000
vt 0.099609 0.500000
vt 0.099609 0.500000
vt 0.099609 0.500000
vt 0.099609 0.500000
vt 0.095703 0.500000
vt 0.095703 0.500000
vt 0.095703 0.500000
vt 0.095703 0.500000
vt 0.052734 0.500000
vt 0.052734 0.500000
vt 0.052734 0.500000
vt 0.048828 0.500000
vt 0.048828 0.500000
vt 0.048828 0.500000
vt 0.052734 0.500000
vt 0.052734 0.500000
vt 0.052734 0.500000
vt 0.048828 0.500000
vt 0.048828 0.500000
vt 0.048828 0.500000
vt 0.048828 0.500000
vt 0.052734 0.500000
vt 0.052734 0.500000
vt 0.052734 0.500000
vt 0.052734 0.500000
vt 0.052734 0.500000
vt 0.052734 0.500000
vt 0.048828 0.500000
vt 0.052734 0.500000
vt 0.048828 0.500000
vt 0.029297 0.500000
vt 0.029297 0.500000
vt 0.029297 0.500000
vt 0.052734 0.500000
vt 0.052734 0.500000
vt 0.029297 0.500000
vt 0.052734 0.500000
vt 0.052734 0.500000
vt 0.099609 0.500000
vt 0.099609 0.500000
vt 0.099609 0.500000
vt 0.099609 0.500000
vt 0.099609 0.500000
vt 0.099609 0.500000
vt 0.099609 0.500000
vt 0.099609 0.500000
vt 0.095703 0.500000
vt 0.095703 0.500000
vt 0.095703 0.500000
vt 0.095703 0.500000
vt 0.095703 0.500000
vt 0.095703 0.500000
vt 0.095703 0.500000
vt 0.095703 0.500000
vt 0.052734 0.500000
vt 0.052734 0.500000
vt 0.052734 0.500000
vt 0.029297 0.500000
vt 0.029297 0.500000
vt 0.029297 0.500000
vt 0.029297 0.500000
vt 0.052734 0.500000
vt 0.052734 0.500000
vt 0.052734 0.500000
vt 0.052734 0.500000
vt 0.052734 0.500000
vt 0.052734 0.500000
vt 0.052734 0.500000
vt 0.052734 0.500000
vt 0.005859 0.500000
vt 0.005859 0.500000
vt 0.005859 0.500000
vt 0.005859 0.500000
vt 0.009766 0.500000
vt 0.009766 0.500000
vt 0.009766 0.500000
vt 0.009766 0.500000
vt 0.009766 0.500000
vt 0.009766 0.500000
vt 0.009766 0.500000
vt 0.009766 0.500000
vt 0.095703 0.500000
vt 0.095703 0.500000
vt 0.095703 0.500000
vt 0.095703 0.500000
vt 0.099609 0.500000
vt 0.099609 0.500000
vt 0.099609 0.500000
vt 0.099609 0.500000
vt 0.099609 0.500000
vt 0.099609 0.500000
vt 0.099609 0.500000
vt 0.095703 0.500000
vt 0.095703 0.500000
vt 0.095703 0.500000
vt 0.095703 0.500000
vt 0.095703 0.500000
vt 0.095703 0.500000
vt 0.095703 0.500000
vt 0.095703 0.500000
vt 0.095703 0.500000
vt 0.095703 0.500000
vt 0.095703 0.500000
vt 0.095703 0.500000
vt 0.099609 0.500000
vt 0.099609 0.500000
vt 0.099609 0.500000
vt 0.095703 0.500000
vt 0.099609 0.500000
vt 0.095703 0.500000
vt 0.029297 0.500000
vt 0.029297 0.500000
vt 0.029297 0.500000
vt 0.029297 0.500000
vt 0.052734 0.500000
vt 0.052734 0.500000
vt 0.052734 0.500000
vt 0.052734 0.500000
vt 0.052734 0.500000
vt 0.052734 0.500000
vt 0.052734 0.500000
vt 0.052734 0.500000
vt 0.052734 0.500000
vt 0.052734 0.500000
vt 0.009766 0.500000
vt 0.009766 0.500000
vt 0.009766 0.500000
vt 0.009766 0.500000
vt 0.009766 0.500000
vt 0.009766 0.500000
vt 0.009766 0.500000
vt 0.009766 0.500000
vt 0.009766 0.500000
vt 0.009766 0.500000
vt 0.009766 0.500000
vt 0.009766 0.500000
vt 0.005859 0.500000
vt 0.005859 0.500000
vt 0.005859 0.500000
vt 0.005859 0.500000
vt 0.005859 0.500000
vt 0.005859 0.500000
vt 0.095703 0.500000
vt 0.095703 0.500000
vt 0.095703 0.500000
vt 0.095703 0.500000
vt 0.095703 0.500000
vt 0.095703 0.500000
vt 0.095703 0.500000
vt 0.095703 0.500000
vt 0.095703 0.500000
vt 0.095703 0.500000
vt 0.095703 0.500000
vt 0.095703 0.500000
vt 0.095703 0.500000
vt 0.095703 0.500000
vt 0.005859 0.500000
vt 0.005859 0.500000
vt 0.005859 0.500000
vt 0.005859 0.500000
vt 0.009766 0.500000
vt 0.009766 0.500000
vt 0.009766 0.500000
vt 0.009766 0.500000
vt 0.009766 0.500000
vt 0.009766 0.500000
vt 0.052734 0.500000
vt 0.052734 0.500000
vt 0.052734 0.500000
vt 0.052734 0.500000
vt 0.052734 0.500000
vt 0.052734 0.500000
vt 0.052734 0.500000
vt 0.052734 0.500000
vt 0.052734 0.500000
vt 0.052734 0.500000
vt 0.052734 0.500000
vt 0.052734 0.500000
vt 0.052734 0.500000
vt 0.048828 0.500000
vt 0.048828 0.500000
vt 0.048828 0.500000
vt 0.052734 0.500000
vt 0.048828 0.500000
vt 0.052734 0.500000
vt 0.052734 0.500000
vt 0.052734 0.500000
vt 0.052734 0.500000
vt 0.048828 0.500000
vt 0.048828 0.500000
vt 0.048828 0.500000
vt 0.052734 0.500000
vt 0.048828 0.500000
vt 0.029297 0.500000
vt 0.029297 0.500000
vt 0.029297 0.500000
vt 0.029297 0.500000
vt 0.029297 0.500000
vt 0.029297 0.500000
vt 0.029297 0.500000
vt 0.029297 0.500000
vt 0.029297 0.500000
vt 0.029297 0.500000
vt 0.029297 0.500000
vt 0.029297 0.500000
vt 0.029297 0.500000
vt 0.029297 0.500000
vt 0.029297 0.500000
vt 0.029297 0.500000
vt 0.029297 0.500000
vt 0.029297 0.500000
vt 0.029297 0.500000
vt 0.029297 0.500000
vt 0.029297 0.500000
vt 0.029297 0.500000
vt 0.029297 0.500000
vt 0.029297 0.500000
vt 0.029297 0.500000
vt 0.029297 0.500000
vt 0.029297 0.500000
vt 0.029297 0.500000
vt 0.029297 0.500000
vt 0.029297 0.500000
vt 0.029297 0.500000
vt 0.029297 0.500000
vt 0.029297 0.500000
vt 0.029297 0.500000
vt 0.029297 0.500000
vt 0.029297 0.500000
vt 0.029297 0.500000
vt 0.029297 0.500000
vt 0.029297 0.500000
vt 0.029297 0.500000
vt 0.052734 0.500000
vt 0.052734 0.500000
vt 0.052734 0.500000
vt 0.048828 0.500000
vt 0.048828 0.500000
vt 0.048828 0.500000
vt 0.052734 0.500000
vt 0.048828 0.500000
vt 0.052734 0.500000
vt 0.052734 0.500000
vt 0.052734 0.500000
vt 0.052734 0.500000
vt 0.048828 0.500000
vt 0.048828 0.500000
vt 0.048828 0.500000
vt 0.052734 0.500000
vt 0.048828 0.500000
vt 0.052734 0.500000
vt 0.052734 0.500000
vt 0.052734 0.500000
vt 0.052734 0.500000
vt 0.052734 0.500000
vt 0.052734 0.500000
vt 0.052734 0.500000
vt 0.052734 0.500000
vt 0.052734 0.500000
vt 0.052734 0.500000
vt 0.005859 0.500000
vt 0.005859 0.500000
vt 0.005859 0.500000
vt 0.005859 0.500000
vt 0.009766 0.500000
vt 0.009766 0.500000
vt 0.009766 0.500000
vt 0.009766 0.500000
vt 0.009766 0.500000
vt 0.009766 0.500000
vt 0.009766 0.500000
vt 0.009766 0.500000
vt 0.009766 0.500000
vt 0.009766 0.500000
vt 0.009766 0.500000
vt 0.009766 0.500000
vt 0.009766 0.500000
vt 0.009766 0.500000
vt 0.009766 0.500000
vt 0.009766 0.500000
vt 0.009766 0.500000
vt 0.009766 0.500000
vt 0.005859 0.500000
vt 0.005859 0.500000
vt 0.005859 0.500000
vt 0.005859 0.500000
vt 0.005859 0.500000
vt 0.005859 0.500000
vt 0.095703 0.500000
vt 0.095703 0.500000
vt 0.095703 0.500000
vt 0.095703 0.500000
vt 0.095703 0.500000
vt 0.095703 0.500000
vt 0.095703 0.500000
vt 0.095703 0.500000
vt 0.095703 0.500000
vt 0.095703 0.500000
vt 0.095703 0.500000
vt 0.095703 0.500000
vt 0.095703 0.500000
vt 0.095703 0.500000
vt 0.005859 0.500000
vt 0.005859 0.500000
vt 0.005859 0.500000
vt 0.005859 0.500000
vt 0.009766 0.500000
vt 0.009766 0.500000
vt 0.009766 0.500000
vt 0.009766 0.500000
vt 0.009766 0.500000
vt 0.009766 0.500000
vt 0.009766 0.500000
vt 0.009766 0.500000
vt 0.095703 0.500000
vt 0.095703 0.500000
vt 0.095703 0.500000
vt 0.095703 0.500000
vt 0.099609 0.500000
vt 0.099609 0.500000
vt 0.099609 0.500000
vt 0.099609 0.500000
vt 0.099609 0.500000
vt 0.099609 0.500000
vt 0.099609 0.500000
vt 0.095703 0.500000
vt 0.095703 0.500000
vt 0.095703 0.500000
vt 0.095703 0.500000
vt 0.095703 0.500000
vt 0.095703 0.500000
vt 0.095703 0.500000
vt 0.095703 0.500000
vt 0.095703 0.500000
vt 0.095703 0.500000
vt 0.095703 0.500000
vt 0.095703 0.500000
vt 0.099609 0.500000
vt 0.099609 0.500000
vt 0.099609 0.500000
vt 0.095703 0.500000
vt 0.099609 0.500000
vt 0.095703 0.500000
vt 0.029297 0.500000
vt 0.029297 0.500000
vt 0.029297 0.500000
vt 0.029297 0.500000
vt 0.052734 0.500000
vt 0.052734 0.500000
vt 0.052734 0.500000
vt 0.052734 0.500000
vt 0.052734 0.500000
vt 0.052734 0.500000
vt 0.052734 0.500000
vt 0.052734 0.500000
vt 0.052734 0.500000
vt 0.052734 0.500000
vt 0.099609 0.500000
vt 0.099609 0.500000
vt 0.099609 0.500000
vt 0.099609 0.500000
vt 0.099609 0.500000
vt 0.099609 0.500000
vt 0.099609 0.500000
vt 0.099609 0.500000
vt 0.095703 0.500000
vt 0.095703 0.500000
vt 0.095703 0.500000
vt 0.095703 0.500000
vt 0.095703 0.500000
vt 0.095703 0.500000
vt 0.095703 0.500000
vt 0.095703 0.500000
vt 0.029297 0.500000
vt 0.029297 0.500000
vt 0.029297 0.500000
vt 0.029297 0.500000
vt 0.052734 0.500000
vt 0.052734 0.500000
vt 0.052734 0.500000
vt 0.052734 0.500000
vt 0.052734 0.500000
vt 0.052734 0.500000
vt 0.052734 0.500000
vt 0.052734 0.500000
vt 0.052734 0.500000
vt 0.052734 0.500000
vt 0.052734 0.500000
vt 0.005859 0.500000
vt 0.005859 0.500000
vt 0.005859 0.500000
vt 0.005859 0.500000
vt 0.009766 0.500000
vt 0.009766 0.500000
vt 0.009766 0.500000
vt 0.009766 0.500000
vt 0.009766 0.500000
vt 0.009766 0.500000
vt 0.009766 0.500000
vt 0.009766 0.500000
vt 0.099609 0.500000
vt 0.099609 0.500000
vt 0.099609 0.500000
vt 0.099609 0.500000
vt 0.095703 0.500000
vt 0.095703 0.500000
vt 0.095703 0.500000
vt 0.095703 0.500000
vt 0.052734 0.500000
vt 0.052734 0.500000
vt 0.052734 0.500000
vt 0.048828 0.500000
vt 0.048828 0.500000
vt 0.048828 0.500000
vt 0.052734 0.500000
vt 0.052734 0.500000
vt 0.052734 0.500000
vt 0.052734 0.500000
vt 0.048828 0.500000
vt 0.048828 0.500000
vt 0.048828 0.500000
vt 0.052734 0.500000
vt 0.048828 0.500000
vt 0.052734 0.500000
vt 0.052734 0.500000
vt 0.052734 0.500000
vt 0.048828 0.500000
vt 0.052734 0.500000
vt 0.048828 0.500000
vt 0.029297 0.500000
vt 0.029297 0.500000
vt 0.029297 0.500000
vt 0.052734 0.500000
vt 0.052734 0.500000
vt 0.029297 0.500000
vt 0.052734 0.500000
vt 0.052734 0.500000
vt 0.052734 0.500000
vt 0.029297 0.500000
vt 0.029297 0.500000
vt 0.029297 0.500000
vt 0.029297 0.500000
vt 0.029297 0.500000
vt 0.029297 0.500000
vt 0.029297 0.500000
vt 0.029297 0.500000
vt 0.029297 0.500000
vt 0.029297 0.500000
vt 0.029297 0.500000
vt 0.052734 0.500000
vt 0.052734 0.500000
vt 0.052734 0.500000
vt 0.052734 0.500000
vt 0.052734 0.500000
vt 0.052734 0.500000
vt 0.052734 0.500000
vt 0.052734 0.500000
vt 0.052734 0.500000
vt 0.052734 0.500000
vt 0.052734 0.500000
vt 0.052734 0.500000
vt 0.052734 0.500000
vt 0.052734 0.500000
vt 0.052734 0.500000
vt 0.052734 0.500000
vt 0.052734 0.500000
vt 0.052734 0.500000
vt 0.052734 0.500000
vt 0.052734 0.500000
vt 0.052734 0.500000
vt 0.029297 0.500000
vt 0.029297 0.500000
vt 0.029297 0.500000
vt 0.029297 0.500000
vt 0.052734 0.500000
vt 0.052734 0.500000
vt 0.052734 0.500000
vt 0.009766 0.500000
vt 0.009766 0.500000
vt 0.009766 0.500000
vt 0.095703 0.500000
vt 0.095703 0.500000
vt 0.095703 0.500000
vt 0.095703 0.500000
vt 0.095703 0.500000
vt 0.029297 0.500000
vt 0.029297 0.500000
vt 0.029297 0.500000
vt 0.001953 0.500000
vt 0.001953 0.500000
vt 0.001953 0.500000
vt 0.029297 0.500000
vt 0.029297 0.500000
vt 0.029297 0.500000
vt 0.029297 0.500000
vt 0.001953 0.500000
vt 0.029297 0.500000
vt 0.029297 0.500000
vt 0.095703 0.500000
vt 0.095703 0.500000
vt 0.958984 0.500000
vt 0.958984 0.500000
vt 0.958984 0.500000
vt 0.095703 0.500000
vt 0.099609 0.500000
vt 0.099609 0.500000
vt 0.099609 0.500000
vt 0.958984 0.500000
vt 0.099609 0.500000
vt 0.005859 0.500000
vt 0.005859 0.500000
vt 0.005859 0.500000
vt 0.009766 0.500000
vt 0.009766 0.500000
vt 0.005859 0.500000
vt 0.009766 0.500000
vt 0.958984 0.500000
vt 0.958984 0.500000
vt 0.958984 0.500000
vt 0.958984 0.500000
vt 0.001953 0.500000
vt 0.001953 0.500000
vt 0.029297 0.500000
vt 0.052734 0.500000
vt 0.052734 0.500000
vt 0.052734 0.500000
vt 0.001953 0.500000
vt 0.029297 0.500000
vt 0.029297 0.500000
vt 0.052734 0.500000
vt 0.029297 0.500000
vt 0.029297 0.500000
vt 0.029297 0.500000
vt 0.958984 0.500000
vt 0.029297 0.500000
vt 0.029297 0.500000
vt 0.029297 0.500000
vt 0.029297 0.500000
vt 0.029297 0.500000
vt 0.958984 0.500000
vt 0.958984 0.500000
vt 0.958984 0.500000
vt 0.958984 0.500000
vt 0.958984 0.500000
vt 0.009766 0.500000
vt 0.009766 0.500000
vt 0.009766 0.500000
vt 0.009766 0.500000
vt 0.095703 0.500000
vt 0.095703 0.500000
vt 0.095703 0.500000
vt 0.958984 0.500000
vt 0.095703 0.500000
vt 0.099609 0.500000
vt 0.099609 0.500000
vt 0.099609 0.500000
vt 0.958984 0.500000
vt 0.099609 0.500000
vt 0.001953 0.500000
vt 0.001953 0.500000
vt 0.001953 0.500000
vt 0.029297 0.500000
vt 0.001953 0.500000
vt 0.052734 0.500000
vt 0.052734 0.500000
vt 0.052734 0.500000
vt 0.001953 0.500000
vt 0.029297 0.500000
vt 0.052734 0.500000
vt 0.029297 0.500000
vt 0.029297 0.500000
vt 0.095703 0.500000
vt 0.095703 0.500000
vt 0.095703 0.500000
vt 0.095703 0.500000
vt 0.029297 0.500000
vt 0.029297 0.500000
vt 0.029297 0.500000
vt 0.029297 0.500000
vt 0.001953 0.500000
vt 0.029297 0.500000
vt 0.029297 0.500000
vt 0.001953 0.500000
vt 0.029297 0.500000
vt 0.029297 0.500000
vt 0.052734 0.500000
vt 0.052734 0.500000
vt 0.052734 0.500000
vt 0.029297 0.500000
vt 0.029297 0.500000
vt 0.052734 0.500000
vt 0.052734 0.500000
vt 0.052734 0.500000
vt 0.005859 0.500000
vt 0.005859 0.500000
vt 0.005859 0.500000
vt 0.009766 0.500000
vt 0.005859 0.500000
vt 0.009766 0.500000
vt 0.052734 0.500000
vt 0.052734 0.500000
vt 0.052734 0.500000
vt 0.052734 0.500000
vt 0.048828 0.500000
vt 0.048828 0.500000
vt 0.048828 0.500000
vt 0.048828 0.500000
vt 0.009766 0.500000
vt 0.009766 0.500000
vt 0.009766 0.500000
vt 0.009766 0.500000
vt 0.099609 0.500000
vt 0.099609 0.500000
vt 0.099609 0.500000
vt 0.099609 0.500000
vt 0.099609 0.500000
vt 0.099609 0.500000
vt 0.099609 0.500000
vt 0.099609 0.500000
vt 0.095703 0.500000
vt 0.095703 0.500000
vt 0.095703 0.500000
vt 0.095703 0.500000
vt 0.958984 0.500000
vt 0.958984 0.500000
vt 0.958984 0.500000
vt 0.958984 0.500000
vt 0.029297 0.500000
vt 0.029297 0.500000
vt 0.029297 0.500000
vt 0.029297 0.500000
vt 0.958984 0.500000
vt 0.958984 0.500000
vt 0.958984 0.500000
vt 0.958984 0.500000
vt 0.029297 0.500000
vt 0.029297 0.500000
vt 0.095703 0.500000
vt 0.095703 0.500000
vt 0.095703 0.500000
vt 0.095703 0.500000
vt 0.958984 0.500000
vt 0.958984 0.500000
vt 0.958984 0.500000
vt 0.958984 0.500000
vt 0.099609 0.500000
vt 0.099609 0.500000
vt 0.099609 0.500000
vt 0.099609 0.500000
vt 0.099609 0.500000
vt 0.099609 0.500000
vt 0.099609 0.500000
vt 0.099609 0.500000
vt 0.009766 0.500000
vt 0.009766 0.500000
vt 0.009766 0.500000
vt 0.009766 0.500000
vt 0.048828 0.500000
vt 0.048828 0.500000
vt 0.048828 0.500000
vt 0.048828 0.500000
vt 0.029297 0.500000
vt 0.029297 0.500000
vt 0.029297 0.500000
vt 0.029297 0.500000
vt 0.052734 0.500000
vt 0.052734 0.500000
vt 0.052734 0.500000
vt 0.052734 0.500000
vt 0.099609 0.500000
vt 0.099609 0.500000
vt 0.099609 0.500000
vt 0.095703 0.500000
vt 0.095703 0.500000
vt 0.095703 0.500000
vt 0.099609 0.500000
vt 0.095703 0.500000
vt 0.009766 0.500000
vt 0.009766 0.500000
vt 0.009766 0.500000
vt 0.095703 0.500000
vt 0.095703 0.500000
vt 0.095703 0.500000
vt 0.095703 0.500000
vt 0.005859 0.500000
vt 0.005859 0.500000
vt 0.005859 0.500000
vt 0.095703 0.500000
vt 0.095703 0.500000
vt 0.095703 0.500000
vt 0.009766 0.500000
vt 0.009766 0.500000
vt 0.005859 0.500000
vt 0.958984 0.500000
vt 0.958984 0.500000
vt 0.958984 0.500000
vt 0.005859 0.500000
vt 0.009766 0.500000
vt 0.033203 0.500000
vt 0.033203 0.500000
vt 0.033203 0.500000
vt 0.958984 0.500000
vt 0.033203 0.500000
vt 0.005859 0.500000
vt 0.005859 0.500000
vt 0.005859 0.500000
vt 0.958984 0.500000
vt 0.958984 0.500000
vt 0.009766 0.500000
vt 0.005859 0.500000
vt 0.009766 0.500000
vt 0.095703 0.500000
vt 0.095703 0.500000
vt 0.095703 0.500000
vt 0.005859 0.500000
vt 0.095703 0.500000
vt 0.005859 0.500000
vt 0.005859 0.500000
vt 0.005859 0.500000
vt 0.009766 0.500000
vt 0.005859 0.500000
vt 0.009766 0.500000
vt 0.095703 0.500000
vt 0.095703 0.500000
vt 0.095703 0.500000
vt 0.099609 0.500000
vt 0.099609 0.500000
vt 0.099609 0.500000
vt 0.095703 0.500000
vt 0.095703 0.500000
vt 0.095703 0.500000
vt 0.099609 0.500000
vt 0.095703 0.500000
vt 0.052734 0.500000
vt 0.052734 0.500000
vt 0.052734 0.500000
vt 0.052734 0.500000
vt 0.029297 0.500000
vt 0.029297 0.500000
vt 0.029297 0.500000
vt 0.029297 0.500000
vt 0.029297 0.500000
vt 0.029297 0.500000
vt 0.029297 0.500000
vt 0.029297 0.500000
vt 0.029297 0.500000
vt 0.029297 0.500000
vt 0.029297 0.500000
vt 0.029297 0.500000
vt 0.029297 0.500000
vt 0.029297 0.500000
vt 0.029297 0.500000
vt 0.029297 0.500000
vt 0.099609 0.500000
vt 0.099609 0.500000
vt 0.099609 0.500000
vt 0.095703 0.500000
vt 0.095703 0.500000
vt 0.095703 0.500000
vt 0.099609 0.500000
vt 0.095703 0.500000
vt 0.009766 0.500000
vt 0.009766 0.500000
vt 0.009766 0.500000
vt 0.009766 0.500000
vt 0.033203 0.500000
vt 0.033203 0.500000
vt 0.033203 0.500000
vt 0.033203 0.500000
vt 0.009766 0.500000
vt 0.009766 0.500000
vt 0.009766 0.500000
vt 0.009766 0.500000
vt 0.009766 0.500000
vt 0.009766 0.500000
vt 0.009766 0.500000
vt 0.009766 0.500000
vt 0.009766 0.500000
vt 0.009766 0.500000
vt 0.009766 0.500000
vt 0.009766 0.500000
vt 0.033203 0.500000
vt 0.033203 0.500000
vt 0.033203 0.500000
vt 0.033203 0.500000
vt 0.009766 0.500000
vt 0.009766 0.500000
vt 0.009766 0.500000
vt 0.009766 0.500000
vt 0.009766 0.500000
vt 0.009766 0.500000
vt 0.009766 0.500000
vt 0.009766 0.500000
vt 0.099609 0.500000
vt 0.099609 0.500000
vt 0.099609 0.500000
vt 0.095703 0.500000
vt 0.095703 0.500000
vt 0.095703 0.500000
vt 0.099609 0.500000
vt 0.095703 0.500000
vt 0.029297 0.500000
vt 0.029297 0.500000
vt 0.029297 0.500000
vt 0.029297 0.500000
vt 0.029297 0.500000
vt 0.029297 0.500000
vt 0.029297 0.500000
vt 0.029297 0.500000
vt 0.029297 0.500000
vt 0.029297 0.500000
vt 0.029297 0.500000
vt 0.029297 0.500000
vt 0.052734 0.500000
vt 0.052734 0.500000
vt 0.052734 0.500000
vt 0.052734 0.500000
vt 0.052734 0.500000
vt 0.052734 0.500000
vt 0.052734 0.500000
vt 0.052734 0.500000
vt 0.052734 0.500000
vt 0.052734 0.500000
vt 0.052734 0.500000
vt 0.052734 0.500000
vt 0.052734 0.500000
vt 0.052734 0.500000
vt 0.052734 0.500000
vt 0.048828 0.500000
vt 0.048828 0.500000
vt 0.048828 0.500000
vt 0.048828 0.500000
vt 0.052734 0.500000
vt 0.052734 0.500000
vt 0.052734 0.500000
vt 0.052734 0.500000
vt 0.048828 0.500000
vt 0.048828 0.500000
vt 0.048828 0.500000
vt 0.048828 0.500000
vt 0.052734 0.500000
vt 0.052734 0.500000
vt 0.052734 0.500000
vt 0.052734 0.500000
vt 0.048828 0.500000
vt 0.048828 0.500000
vt 0.048828 0.500000
vt 0.048828 0.500000
vt 0.052734 0.500000
vt 0.052734 0.500000
vt 0.052734 0.500000
vt 0.052734 0.500000
vt 0.048828 0.500000
vt 0.048828 0.500000
vt 0.048828 0.500000
vt 0.048828 0.500000
vt 0.052734 0.500000
vt 0.052734 0.500000
vt 0.052734 0.500000
vt 0.052734 0.500000
vt 0.052734 0.500000
vt 0.029297 0.500000
vt 0.029297 0.500000
vt 0.029297 0.500000
vt 0.029297 0.500000
vt 0.029297 0.500000
vt 0.029297 0.500000
vt 0.029297 0.500000
vt 0.029297 0.500000
vt 0.052734 0.500000
vt 0.052734 0.500000
vt 0.052734 0.500000
vt 0.052734 0.500000
vt 0.052734 0.500000
vt 0.052734 0.500000
vt 0.052734 0.500000
vt 0.052734 0.500000
vt 0.052734 0.500000
vt 0.052734 0.500000
vt 0.029297 0.500000
vt 0.029297 0.500000
vt 0.029297 0.500000
vt 0.029297 0.500000
vt 0.029297 0.500000
vt 0.029297 0.500000
vt 0.029297 0.500000
vt 0.029297 0.500000
vt 0.029297 0.500000
vt 0.029297 0.500000
vt 0.029297 0.500000
vt 0.029297 0.500000
vt 0.099609 0.500000
vt 0.099609 0.500000
vt 0.099609 0.500000
vt 0.095703 0.500000
vt 0.095703 0.500000
vt 0.095703 0.500000
vt 0.099609 0.500000
vt 0.095703 0.500000
vt 0.099609 0.500000
vt 0.099609 0.500000
vt 0.099609 0.500000
vt 0.095703 0.500000
vt 0.095703 0.500000
vt 0.095703 0.500000
vt 0.099609 0.500000
vt 0.095703 0.500000
vt 0.029297 0.500000
vt 0.029297 0.500000
vt 0.029297 0.500000
vt 0.029297 0.500000
vt 0.029297 0.500000
vt 0.029297 0.500000
vt 0.029297 0.500000
vt 0.029297 0.500000
vt 0.029297 0.500000
vt 0.029297 0.500000
vt 0.029297 0.500000
vt 0.029297 0.500000
vt 0.048828 0.500000
vt 0.048828 0.500000
vt 0.048828 0.500000
vt 0.052734 0.500000
vt 0.052734 0.500000
vt 0.052734 0.500000
vt 0.048828 0.500000
vt 0.052734 0.500000
vt 0.099609 0.500000
vt 0.099609 0.500000
vt 0.099609 0.500000
vt 0.095703 0.500000
vt 0.095703 0.500000
vt 0.095703 0.500000
vt 0.099609 0.500000
vt 0.095703 0.500000
vt 0.052734 0.500000
vt 0.052734 0.500000
vt 0.052734 0.500000
vt 0.009766 0.500000
vt 0.009766 0.500000
vt 0.009766 0.500000
vt 0.009766 0.500000
vt 0.095703 0.500000
vt 0.095703 0.500000
vt 0.095703 0.500000
vt 0.005859 0.500000
vt 0.005859 0.500000
vt 0.005859 0.500000
vt 0.009766 0.500000
vt 0.009766 0.500000
vt 0.009766 0.500000
vt 0.005859 0.500000
vt 0.009766 0.500000
vt 0.009766 0.500000
vt 0.009766 0.500000
vt 0.009766 0.500000
vt 0.009766 0.500000
vt 0.095703 0.500000
vt 0.095703 0.500000
vt 0.095703 0.500000
vt 0.095703 0.500000
vt 0.052734 0.500000
vt 0.052734 0.500000
vt 0.052734 0.500000
vt 0.099609 0.500000
vt 0.099609 0.500000
vt 0.099609 0.500000
vt 0.095703 0.500000
vt 0.095703 0.500000
vt 0.099609 0.500000
vt 0.095703 0.500000
vt 0.052734 0.500000
vt 0.052734 0.500000
vt 0.052734 0.500000
vt 0.005859 0.500000
vt 0.005859 0.500000
vt 0.005859 0.500000
vt 0.009766 0.500000
vt 0.009766 0.500000
vt 0.009766 0.500000
vt 0.005859 0.500000
vt 0.009766 0.500000
vt 0.048828 0.500000
vt 0.048828 0.500000
vt 0.048828 0.500000
vt 0.052734 0.500000
vt 0.052734 0.500000
vt 0.048828 0.500000
vt 0.052734 0.500000
vt 0.052734 0.500000
vt 0.052734 0.500000
vt 0.052734 0.500000
vt 0.052734 0.500000
vt 0.052734 0.500000
vt 0.009766 0.500000
vt 0.009766 0.500000
vt 0.009766 0.500000
vt 0.095703 0.500000
vt 0.095703 0.500000
vt 0.095703 0.500000
vt 0.099609 0.500000
vt 0.099609 0.500000
vt 0.099609 0.500000
vt 0.095703 0.500000
vt 0.095703 0.500000
vt 0.095703 0.500000
vt 0.095703 0.500000
vt 0.099609 0.500000
vt 0.095703 0.500000
vt 0.048828 0.500000
vt 0.048828 0.500000
vt 0.048828 0.500000
vt 0.052734 0.500000
vt 0.052734 0.500000
vt 0.048828 0.500000
vt 0.095703 0.500000
vt 0.095703 0.500000
vt 0.095703 0.500000
vt 0.095703 0.500000
vt 0.052734 0.500000
vt 0.052734 0.500000
vt 0.052734 0.500000
vt 0.095703 0.500000
vt 0.099609 0.500000
vt 0.099609 0.500000
vt 0.099609 0.500000
vt 0.095703 0.500000
vt 0.099609 0.500000
vt 0.048828 0.500000
vt 0.048828 0.500000
vt 0.048828 0.500000
vt 0.052734 0.500000
vt 0.048828 0.500000
vt 0.095703 0.500000
vt 0.095703 0.500000
vt 0.052734 0.500000
vt 0.052734 0.500000
vt 0.052734 0.500000
vt 0.095703 0.500000
vt 0.099609 0.500000
vt 0.099609 0.500000
vt 0.099609 0.500000
vt 0.095703 0.500000
vt 0.099609 0.500000
vt 0.048828 0.500000
vt 0.048828 0.500000
vt 0.048828 0.500000
vt 0.052734 0.500000
vt 0.048828 0.500000
vt 0.009766 0.500000
vt 0.009766 0.500000
vt 0.005859 0.500000
vt 0.005859 0.500000
vt 0.005859 0.500000
vt 0.009766 0.500000
vt 0.095703 0.500000
vt 0.005859 0.500000
vt 0.095703 0.500000
vt 0.095703 0.500000
vt 0.095703 0.500000
vt 0.095703 0.500000
vt 0.095703 0.500000
vt 0.052734 0.500000
vt 0.052734 0.500000
vt 0.052734 0.500000
vt 0.005859 0.500000
vt 0.005859 0.500000
vt 0.005859 0.500000
vt 0.009766 0.500000
vt 0.005859 0.500000
vt 0.009766 0.500000
vt 0.095703 0.500000
vt 0.099609 0.500000
vt 0.099609 0.500000
vt 0.099609 0.500000
vt 0.095703 0.500000
vt 0.095703 0.500000
vt 0.099609 0.500000
vt 0.095703 0.500000
vt 0.048828 0.500000
vt 0.048828 0.500000
vt 0.048828 0.500000
vt 0.052734 0.500000
vt 0.048828 0.500000
vt 0.052734 0.500000
vt 0.052734 0.500000
vt 0.052734 0.500000
vt 0.052734 0.500000
vt 0.052734 0.500000
vt 0.005859 0.500000
vt 0.005859 0.500000
vt 0.005859 0.500000
vt 0.005859 0.500000
vt 0.005859 0.500000
vt 0.005859 0.500000
vt 0.005859 0.500000
vt 0.005859 0.500000
vt 0.005859 0.500000
vt 0.005859 0.500000
vt 0.005859 0.500000
vt 0.005859 0.500000
vt 0.095703 0.500000
vt 0.095703 0.500000
vt 0.095703 0.500000
vt 0.958984 0.500000
vt 0.958984 0.500000
vt 0.958984 0.500000
vt 0.095703 0.500000
vt 0.095703 0.500000
vt 0.095703 0.500000
vt 0.095703 0.500000
vt 0.958984 0.500000
vt 0.095703 0.500000
vt 0.029297 0.500000
vt 0.029297 0.500000
vt 0.029297 0.500000
vt 0.029297 0.500000
vt 0.029297 0.500000
vt 0.029297 0.500000
vt 0.029297 0.500000
vt 0.029297 0.500000
vt 0.029297 0.500000
vt 0.029297 0.500000
vt 0.029297 0.500000
vt 0.029297 0.500000
vt 0.029297 0.500000
vt 0.029297 0.500000
vt 0.029297 0.500000
vt 0.029297 0.500000
vt 0.095703 0.500000
vt 0.095703 0.500000
vt 0.095703 0.500000
vt 0.095703 0.500000
vt 0.095703 0.500000
vt 0.095703 0.500000
vt 0.095703 0.500000
vt 0.095703 0.500000
vt 0.095703 0.500000
vt 0.958984 0.500000
vt 0.958984 0.500000
vt 0.958984 0.500000
vt 0.095703 0.500000
vt 0.095703 0.500000
vt 0.095703 0.500000
vt 0.095703 0.500000
vt 0.958984 0.500000
vt 0.095703 0.500000
vt 0.099609 0.500000
vt 0.099609 0.500000
vt 0.099609 0.500000
vt 0.099609 0.500000
vt 0.099609 0.500000
vt 0.099609 0.500000
vt 0.099609 0.500000
vt 0.099609 0.500000
vt 0.029297 0.500000
vt 0.029297 0.500000
vt 0.029297 0.500000
vt 0.029297 0.500000
vt 0.029297 0.500000
vt 0.029297 0.500000
vt 0.029297 0.500000
vt 0.029297 0.500000
vt 0.029297 0.500000
vt 0.029297 0.500000
vt 0.095703 0.500000
vt 0.095703 0.500000
vt 0.095703 0.500000
vt 0.095703 0.500000
vt 0.095703 0.500000
vt 0.095703 0.500000
vt 0.095703 0.500000
vt 0.095703 0.500000
vt 0.099609 0.500000
vt 0.099609 0.500000
vt 0.099609 0.500000
vt 0.099609 0.500000
vt 0.099609 0.500000
vt 0.099609 0.500000
vt 0.099609 0.500000
vt 0.099609 0.500000
vt 0.099609 0.500000
vt 0.099609 0.500000
vt 0.099609 0.500000
vt 0.099609 0.500000
vt 0.099609 0.500000
vt 0.099609 0.500000
vt 0.099609 0.500000
vt 0.099609 0.500000
vt 0.052734 0.500000
vt 0.052734 0.500000
vt 0.052734 0.500000
vt 0.052734 0.500000
vt 0.052734 0.500000
vt 0.052734 0.500000
vt 0.052734 0.500000
vt 0.052734 0.500000
vt 0.052734 0.500000
vt 0.052734 0.500000
vt 0.052734 0.500000
vt 0.052734 0.500000
vt 0.052734 0.500000
vt 0.052734 0.500000
vt 0.052734 0.500000
vt 0.052734 0.500000
vt 0.048828 0.500000
vt 0.048828 0.500000
vt 0.048828 0.500000
vt 0.048828 0.500000
vt 0.048828 0.500000
vt 0.048828 0.500000
vt 0.048828 0.500000
vt 0.048828 0.500000
vt 0.052734 0.500000
vt 0.052734 0.500000
vt 0.052734 0.500000
vt 0.048828 0.500000
vt 0.048828 0.500000
vt 0.048828 0.500000
vt 0.052734 0.500000
vt 0.052734 0.500000
vt 0.052734 0.500000
vt 0.052734 0.500000
vt 0.048828 0.500000
vt 0.048828 0.500000
vt 0.048828 0.500000
vt 0.048828 0.500000
vt 0.052734 0.500000
vt 0.052734 0.500000
vt 0.052734 0.500000
vt 0.052734 0.500000
vt 0.048828 0.500000
vt 0.048828 0.500000
vt 0.048828 0.500000
vt 0.048828 0.500000
vt 0.052734 0.500000
vt 0.052734 0.500000
vt 0.052734 0.500000
vt 0.052734 0.500000
vt 0.048828 0.500000
vt 0.048828 0.500000
vt 0.048828 0.500000
vt 0.048828 0.500000
vt 0.052734 0.500000
vt 0.052734 0.500000
vt 0.052734 0.500000
vt 0.052734 0.500000
vt 0.048828 0.500000
vt 0.052734 0.500000
vt 0.048828 0.500000
vt 0.048828 0.500000
vt 0.048828 0.500000
vt 0.048828 0.500000
vt 0.048828 0.500000
vt 0.048828 0.500000
vt 0.048828 0.500000
vt 0.048828 0.500000
vt 0.029297 0.500000
vt 0.029297 0.500000
vt 0.029297 0.500000
vt 0.029297 0.500000
vt 0.029297 0.500000
vt 0.029297 0.500000
vt 0.029297 0.500000
vt 0.029297 0.500000
vt 0.029297 0.500000
vt 0.029297 0.500000
vt 0.052734 0.500000
vt 0.052734 0.500000
vt 0.052734 0.500000
vt 0.029297 0.500000
vt 0.029297 0.500000
vt 0.029297 0.500000
vt 0.052734 0.500000
vt 0.052734 0.500000
vt 0.052734 0.500000
vt 0.052734 0.500000
vt 0.029297 0.500000
vt 0.029297 0.500000
vt 0.029297 0.500000
vt 0.052734 0.500000
vt 0.029297 0.500000
vt 0.029297 0.500000
vt 0.029297 0.500000
vt 0.029297 0.500000
vt 0.029297 0.500000
vt 0.029297 0.500000
vt 0.029297 0.500000
vt 0.029297 0.500000
vt 0.029297 0.500000
vt 0.029297 0.500000
vt 0.029297 0.500000
vt 0.029297 0.500000
vt 0.052734 0.500000
vt 0.052734 0.500000
vt 0.052734 0.500000
vt 0.052734 0.500000
vt 0.052734 0.500000
vt 0.052734 0.500000
vt 0.052734 0.500000
vt 0.052734 0.500000
vt 0.029297 0.500000
vt 0.029297 0.500000
vt 0.029297 0.500000
vt 0.029297 0.500000
vt 0.029297 0.500000
vt 0.029297 0.500000
vt 0.029297 0.500000
vt 0.029297 0.500000
vt 0.052734 0.500000
vt 0.052734 0.500000
vt 0.052734 0.500000
vt 0.052734 0.500000
vt 0.052734 0.500000
vt 0.052734 0.500000
vt 0.052734 0.500000
vt 0.052734 0.500000
vt 0.052734 0.500000
vt 0.052734 0.500000
vt 0.052734 0.500000
vt 0.052734 0.500000
vt 0.009766 0.500000
vt 0.009766 0.500000
vt 0.009766 0.500000
vt 0.009766 0.500000
vt 0.009766 0.500000
vt 0.009766 0.500000
vt 0.009766 0.500000
vt 0.009766 0.500000
vt 0.009766 0.500000
vt 0.009766 0.500000
vt 0.009766 0.500000
vt 0.009766 0.500000
vt 0.009766 0.500000
vt 0.009766 0.500000
vt 0.009766 0.500000
vt 0.009766 0.500000
vt 0.009766 0.500000
vt 0.009766 0.500000
vt 0.009766 0.500000
vt 0.009766 0.500000
vt 0.009766 0.500000
vt 0.009766 0.500000
vt 0.009766 0.500000
vt 0.009766 0.500000
vt 0.009766 0.500000
vt 0.009766 0.500000
vt 0.009766 0.500000
vt 0.033203 0.500000
vt 0.033203 0.500000
vt 0.033203 0.500000
vt 0.009766 0.500000
vt 0.009766 0.500000
vt 0.009766 0.500000
vt 0.009766 0.500000
vt 0.033203 0.500000
vt 0.009766 0.500000
vt 0.009766 0.500000
vt 0.009766 0.500000
vt 0.009766 0.500000
vt 0.033203 0.500000
vt 0.033203 0.500000
vt 0.033203 0.500000
vt 0.009766 0.500000
vt 0.009766 0.500000
vt 0.009766 0.500000
vt 0.009766 0.500000
vt 0.033203 0.500000
vt 0.009766 0.500000
vt 0.009766 0.500000
vt 0.029297 0.500000
vt 0.029297 0.500000
vt 0.029297 0.500000
vt 0.029297 0.500000
vt 0.029297 0.500000
vt 0.009766 0.500000
vt 0.029297 0.500000
vt 0.029297 0.500000
vt 0.029297 0.500000
vt 0.029297 0.500000
vt 0.029297 0.500000
vt 0.029297 0.500000
vt 0.009766 0.500000
vt 0.009766 0.500000
vt 0.029297 0.500000
vt 0.009766 0.500000
vt 0.009766 0.500000
vt 0.009766 0.500000
vt 0.009766 0.500000
vt 0.009766 0.500000
vt 0.009766 0.500000
vt 0.009766 0.500000
vt 0.009766 0.500000
vt 0.009766 0.500000
vt 0.009766 0.500000
vt 0.009766 0.500000
vt 0.009766 0.500000
vt 0.009766 0.500000
vt 0.009766 0.500000
vt 0.009766 0.500000
vt 0.009766 0.500000
vt 0.009766 0.500000
vt 0.009766 0.500000
vt 0.009766 0.500000
vt 0.009766 0.500000
vt 0.009766 0.500000
vt 0.009766 0.500000
vt 0.009766 0.500000
vt 0.009766 0.500000
vt 0.009766 0.500000
vt 0.009766 0.500000
vt 0.009766 0.500000
vt 0.009766 0.500000
vt 0.029297 0.500000
vt 0.029297 0.500000
vt 0.029297 0.500000
vt 0.029297 0.500000
vt 0.029297 0.500000
vt 0.029297 0.500000
vt 0.029297 0.500000
vt 0.029297 0.500000
vt 0.029297 0.500000
vt 0.029297 0.500000
vt 0.029297 0.500000
vt 0.029297 0.500000
vt 0.029297 0.500000
vt 0.029297 0.500000
vt 0.029297 0.500000
vt 0.029297 0.500000
vt 0.029297 0.500000
vt 0.029297 0.500000
vt 0.029297 0.500000
vt 0.029297 0.500000
vt 0.029297 0.500000
vt 0.029297 0.500000
vt 0.029297 0.500000
vt 0.029297 0.500000
vt 0.029297 0.500000
vt 0.029297 0.500000
vt 0.029297 0.500000
vt 0.029297 0.500000
vt 0.029297 0.500000
vt 0.029297 0.500000
vt 0.029297 0.500000
vt 0.029297 0.500000
vt 0.095703 0.500000
vt 0.095703 0.500000
vt 0.095703 0.500000
vt 0.095703 0.500000
vt 0.095703 0.500000
vt 0.095703 0.500000
vt 0.095703 0.500000
vt 0.095703 0.500000
vt 0.029297 0.500000
vt 0.029297 0.500000
vt 0.029297 0.500000
vt 0.029297 0.500000
vt 0.095703 0.500000
vt 0.095703 0.500000
vt 0.095703 0.500000
vt 0.099609 0.500000
vt 0.099609 0.500000
vt 0.099609 0.500000
vt 0.095703 0.500000
vt 0.958984 0.500000
vt 0.958984 0.500000
vt 0.958984 0.500000
vt 0.099609 0.500000
vt 0.029297 0.500000
vt 0.029297 0.500000
vt 0.029297 0.500000
vt 0.958984 0.500000
vt 0.958984 0.500000
vt 0.958984 0.500000
vt 0.958984 0.500000
vt 0.029297 0.500000
vt 0.099609 0.500000
vt 0.099609 0.500000
vt 0.099609 0.500000
vt 0.958984 0.500000
vt 0.095703 0.500000
vt 0.095703 0.500000
vt 0.095703 0.500000
vt 0.099609 0.500000
vt 0.095703 0.500000
vt 0.095703 0.500000
vt 0.095703 0.500000
vt 0.095703 0.500000
vt 0.095703 0.500000
vt 0.095703 0.500000
vt 0.095703 0.500000
vt 0.095703 0.500000
vt 0.095703 0.500000
vt 0.095703 0.500000
vt 0.095703 0.500000
vt 0.095703 0.500000
vt 0.095703 0.500000
vt 0.095703 0.500000
vt 0.095703 0.500000
vt 0.099609 0.500000
vt 0.099609 0.500000
vt 0.099609 0.500000
vt 0.958984 0.500000
vt 0.958984 0.500000
vt 0.958984 0.500000
vt 0.099609 0.500000
vt 0.029297 0.500000
vt 0.029297 0.500000
vt 0.029297 0.500000
vt 0.958984 0.500000
vt 0.958984 0.500000
vt 0.958984 0.500000
vt 0.958984 0.500000
vt 0.029297 0.500000
vt 0.099609 0.500000
vt 0.099609 0.500000
vt 0.099609 0.500000
vt 0.958984 0.500000
vt 0.099609 0.500000
vt 0.095703 0.500000
vt 0.095703 0.500000
vt 0.095703 0.500000
vt 0.029297 0.500000
vt 0.095703 0.500000
vt 0.029297 0.500000
vt 0.029297 0.500000
vt 0.095703 0.500000
vt 0.095703 0.500000
vt 0.095703 0.500000
vt 0.029297 0.500000
vt 0.095703 0.500000
vt 0.095703 0.500000
vt 0.095703 0.500000
vt 0.052734 0.500000
vt 0.052734 0.500000
vt 0.052734 0.500000
vt 0.052734 0.500000
vt 0.052734 0.500000
vt 0.052734 0.500000
vt 0.052734 0.500000
vt 0.052734 0.500000
vt 0.052734 0.500000
vt 0.052734 0.500000
vt 0.052734 0.500000
vt 0.052734 0.500000
vt 0.052734 0.500000
vt 0.052734 0.500000
vt 0.052734 0.500000
vt 0.052734 0.500000
vt 0.052734 0.500000
vt 0.052734 0.500000
vt 0.052734 0.500000
vt 0.052734 0.500000
vt 0.052734 0.500000
vt 0.052734 0.500000
vt 0.052734 0.500000
vt 0.052734 0.500000
vt 0.052734 0.500000
vt 0.052734 0.500000
vt 0.052734 0.500000
vt 0.052734 0.500000
vt 0.052734 0.500000
vt 0.052734 0.500000
vt 0.052734 0.500000
vt 0.052734 0.500000
vt 0.052734 0.500000
vt 0.052734 0.500000
vt 0.052734 0.500000
vt 0.052734 0.500000
vn -1.0000 0.0036 0.0000
vn -1.0000 0.0035 0.0000
vn -1.0000 -0.0000 0.0000
vn 1.0000 -0.0035 -0.0000
vn 1.0000 -0.0036 -0.0000
vn 1.0000 0.0000 0.0000
vn -0.0000 -0.0000 1.0000
vn 0.0000 0.0000 -1.0000
vn 0.0000 -1.0000 -0.0000
vn -0.0036 -1.0000 0.0000
vn 0.0000 1.0000 0.0000
vn 0.0036 1.0000 0.0000
usemtl palette
s 1
f 1/1/1 2/2/1 3/3/1
f 4/4/1 2/2/1 1/1/1
f 5/5/1 6/6/1 7/7/1
f 8/8/1 6/6/1 5/5/1
f 9/9/2 10/10/1 8/8/2
f 11/11/1 10/10/1 9/9/2
f 12/12/3 13/13/3 14/14/3
f 15/15/3 13/13/3 12/12/3
f 16/16/3 15/17/3 12/18/3
f 17/19/3 15/17/3 16/16/3
f 18/20/3 15/17/3 17/19/3
f 19/21/3 15/17/3 18/20/3
f 20/22/3 15/17/3 19/21/3
f 21/23/3 15/17/3 20/22/3
f 22/24/3 23/25/3 24/26/3
f 25/27/3 23/25/3 22/24/3
f 26/28/3 25/29/3 22/30/3
f 27/31/3 25/29/3 26/28/3
f 28/32/3 29/33/3 30/34/3
f 31/35/3 28/36/3 32/37/3
f 33/38/3 34/39/3 35/40/3
f 33/41/3 36/42/3 34/43/3
f 37/44/3 36/42/3 33/41/3
f 38/45/3 29/33/3 28/32/3
f 39/46/3 33/38/3 35/40/3
f 39/46/3 37/47/3 33/38/3
f 40/48/3 31/49/3 41/50/3
f 40/51/3 28/36/3 31/35/3
f 42/52/3 38/45/3 28/32/3
f 42/53/3 28/36/3 40/51/3
f 43/54/3 39/55/3 38/56/3
f 43/57/3 38/45/3 42/52/3
f 43/57/3 42/52/3 40/48/3
f 44/58/3 37/47/3 39/46/3
f 44/59/3 39/55/3 43/54/3
f 45/60/3 43/57/3 40/48/3
f 45/60/3 40/48/3 41/50/3
f 45/60/3 44/58/3 43/57/3
f 46/61/3 37/47/3 44/58/3
f 46/61/3 44/58/3 45/60/3
f 47/62/3 48/63/3 49/64/3
f 50/65/3 48/63/3 47/62/3
f 51/66/3 52/67/3 53/68/3
f 54/69/3 52/67/3 51/66/3
f 55/70/3 50/71/3 47/72/3
f 56/73/3 54/74/3 51/75/3
f 57/76/3 55/70/3 47/72/3
f 57/76/3 56/73/3 55/70/3
f 58/77/3 54/74/3 56/73/3
f 58/77/3 56/73/3 57/76/3
f 59/78/3 60/79/3 61/80/3
f 62/81/3 63/82/3 64/83/3
f 65/84/3 63/82/3 62/81/3
f 66/85/3 67/86/3 68/87/3
f 69/88/3 67/86/3 66/85/3
f 70/89/3 60/79/3 59/78/3
f 71/90/3 60/79/3 70/89/3
f 72/91/3 70/89/3 69/88/3
f 73/92/3 70/89/3 72/91/3
f 74/93/3 75/94/3 76/95/3
f 77/96/3 75/94/3 74/93/3
f 78/97/3 77/98/3 74/99/3
f 79/100/3 77/98/3 78/97/3
f 80/101/3 77/98/3 79/100/3
f 81/102/3 77/98/3 80/101/3
f 82/103/3 80/101/3 79/100/3
f 83/104/3 80/101/3 82/103/3
f 84/105/3 85/106/3 86/107/3
f 87/108/3 85/106/3 84/105/3
f 88/109/3 84/110/3 89/111/3
f 88/109/3 87/112/3 84/110/3
f 90/113/3 87/112/3 88/109/3
f 91/114/3 87/112/3 90/113/3
f 92/115/3 87/112/3 91/114/3
f 93/116/3 88/117/3 94/118/3
f 93/116/3 90/119/3 88/117/3
f 95/120/3 92/121/3 91/122/3
f 96/123/3 93/116/3 94/118/3
f 97/124/3 93/116/3 96/123/3
f 98/125/3 93/116/3 97/124/3
f 99/126/3 92/121/3 95/120/3
f 100/127/3 92/121/3 99/126/3
f 101/128/3 98/129/3 97/130/3
f 102/131/3 99/126/3 98/125/3
f 102/132/3 98/129/3 101/128/3
f 103/133/3 99/126/3 102/131/3
f 104/134/3 105/135/3 106/136/3
f 107/137/3 105/135/3 104/134/3
f 108/138/3 109/139/3 110/140/3
f 111/141/3 109/139/3 108/138/3
f 112/142/3 113/143/3 114/144/3
f 115/145/3 113/143/3 112/142/3
f 116/146/3 112/142/3 111/141/3
f 117/147/3 112/142/3 116/146/3
f 118/148/3 119/149/3 120/150/3
f 121/151/3 119/149/3 118/148/3
f 122/152/3 123/153/3 124/154/3
f 125/155/3 123/153/3 122/152/3
f 126/156/3 127/157/3 128/158/3
f 129/159/3 127/157/3 126/156/3
f 130/160/3 125/161/3 122/162/3
f 130/160/3 126/163/3 125/161/3
f 130/160/3 129/164/3 126/163/3
f 131/165/3 129/164/3 130/160/3
f 132/166/3 131/167/3 130/168/3
f 133/169/3 131/167/3 132/166/3
f 134/170/3 132/166/3 135/171/3
f 136/172/3 132/166/3 134/170/3
f 137/173/3 134/170/3 138/174/3
f 139/175/3 134/170/3 137/173/3
f 140/176/3 141/177/3 142/178/3
f 143/179/3 141/177/3 140/176/3
f 144/180/3 145/181/3 146/182/3
f 147/183/3 145/181/3 144/180/3
f 148/184/3 147/185/3 144/186/3
f 149/187/3 147/185/3 148/184/3
f 150/188/3 147/185/3 149/187/3
f 151/189/3 147/185/3 150/188/3
f 152/190/3 153/191/3 154/192/3
f 155/193/3 153/191/3 152/190/3
f 156/194/3 157/195/3 158/196/3
f 159/197/3 156/194/3 158/196/3
f 160/198/3 159/197/3 158/196/3
f 161/199/3 159/197/3 160/198/3
f 162/200/3 163/201/3 164/202/3
f 165/203/3 162/204/3 166/205/3
f 167/206/3 163/201/3 162/200/3
f 167/207/3 162/204/3 165/203/3
f 168/208/3 163/201/3 167/206/3
f 169/209/3 170/210/3 171/211/3
f 172/212/3 173/213/3 170/214/3
f 172/215/3 170/210/3 169/209/3
f 174/216/3 173/213/3 172/212/3
f 175/217/3 176/218/3 177/219/3
f 178/220/3 176/218/3 175/217/3
f 179/221/3 180/222/3 181/223/3
f 182/224/3 180/222/3 179/221/3
f 183/225/3 184/226/3 185/227/3
f 186/228/3 183/225/3 185/227/3
f 187/229/3 183/225/3 186/228/3
f 188/230/3 189/231/3 187/229/3
f 190/232/3 189/231/3 188/230/3
f 191/233/3 192/234/3 193/235/3
f 194/236/3 192/234/3 191/233/3
f 195/237/4 196/238/5 197/239/4
f 197/239/4 196/238/5 198/240/5
f 199/241/5 200/242/4 201/243/5
f 199/241/5 201/243/5 202/244/5
f 202/244/5 201/243/5 203/245/5
f 203/245/4 204/246/5 205/247/4
f 205/247/4 204/246/5 206/248/5
f 207/249/5 208/250/5 209/251/5
f 209/251/5 208/250/5 210/252/5
f 211/253/5 212/254/5 213/255/5
f 213/255/5 212/254/5 214/256/5
f 215/257/6 216/258/6 217/259/6
f 218/260/6 217/261/6 219/262/6
f 217/259/6 216/258/6 220/263/6
f 219/262/6 217/261/6 220/264/6
f 220/263/6 216/258/6 221/265/6
f 222/266/6 223/267/6 224/268/6
f 223/269/6 225/270/6 226/271/6
f 224/268/6 223/267/6 226/272/6
f 226/271/6 225/270/6 227/273/6
f 228/274/6 229/275/6 230/276/6
f 228/274/6 230/276/6 231/277/6
f 228/274/6 231/277/6 232/278/6
f 232/278/6 231/277/6 233/279/6
f 234/280/6 235/281/6 236/282/6
f 236/282/6 235/281/6 237/283/6
f 238/284/6 239/285/6 240/286/6
f 240/286/6 239/285/6 241/287/6
f 240/288/6 241/289/6 242/290/6
f 242/290/6 241/289/6 243/291/6
f 243/291/6 241/289/6 244/292/6
f 244/292/6 241/289/6 245/293/6
f 246/294/6 247/295/6 248/296/6
f 248/296/6 247/295/6 249/297/6
f 250/298/6 251/299/6 252/300/6
f 252/300/6 251/299/6 253/301/6
f 254/302/6 255/303/6 256/304/6
f 256/304/6 255/303/6 257/305/6
f 252/306/6 253/307/6 258/308/6
f 253/307/6 256/309/6 258/308/6
f 256/309/6 257/310/6 258/308/6
f 258/308/6 257/310/6 259/311/6
f 258/312/6 259/313/6 260/314/6
f 260/314/6 259/313/6 261/315/6
f 262/316/6 260/314/6 263/317/6
f 263/317/6 260/314/6 264/318/6
f 265/319/6 263/317/6 266/320/6
f 266/320/6 263/317/6 267/321/6
f 268/322/6 269/323/6 270/324/6
f 270/324/6 269/323/6 271/325/6
f 272/326/6 273/327/6 274/328/6
f 274/328/6 273/327/6 275/329/6
f 274/330/6 275/331/6 276/332/6
f 276/332/6 275/331/6 277/333/6
f 277/333/6 275/331/6 278/334/6
f 278/334/6 275/331/6 279/335/6
f 277/333/6 278/334/6 280/336/6
f 280/336/6 278/334/6 281/337/6
f 282/338/6 283/339/6 284/340/6
f 284/340/6 283/339/6 285/341/6
f 286/342/6 284/343/6 287/344/6
f 284/343/6 285/345/6 287/344/6
f 287/344/6 285/345/6 288/346/6
f 288/346/6 285/345/6 289/347/6
f 289/347/6 285/345/6 290/348/6
f 291/349/6 287/350/6 292/351/6
f 287/350/6 288/352/6 292/351/6
f 289/353/6 290/354/6 293/355/6
f 291/349/6 292/351/6 294/356/6
f 294/356/6 292/351/6 295/357/6
f 295/357/6 292/351/6 296/358/6
f 293/355/6 290/354/6 297/359/6
f 297/359/6 290/354/6 298/360/6
f 295/361/6 296/362/6 299/363/6
f 296/358/6 297/359/6 300/364/6
f 299/363/6 296/362/6 300/365/6
f 300/364/6 297/359/6 301/366/6
f 302/367/6 303/368/6 304/369/6
f 304/369/6 303/368/6 305/370/6
f 306/371/6 307/372/6 308/373/6
f 308/373/6 307/372/6 309/374/6
f 310/375/6 311/376/6 312/377/6
f 312/377/6 311/376/6 313/378/6
f 309/374/6 312/377/6 314/379/6
f 314/379/6 312/377/6 315/380/6
f 316/381/6 317/382/6 318/383/6
f 318/383/6 317/382/6 319/384/6
f 320/385/6 321/386/6 322/387/6
f 322/387/6 321/386/6 323/388/6
f 318/389/6 319/390/6 324/391/6
f 322/392/6 323/393/6 325/394/6
f 318/389/6 324/391/6 326/395/6
f 324/391/6 325/394/6 326/395/6
f 325/394/6 323/393/6 327/396/6
f 326/395/6 325/394/6 327/396/6
f 328/397/6 329/398/6 330/399/6
f 330/399/6 329/398/6 331/400/6
f 332/401/6 333/402/6 334/403/6
f 335/404/6 336/405/6 337/406/6
f 337/406/6 336/405/6 338/407/6
f 334/403/6 333/402/6 339/408/6
f 339/408/6 333/402/6 340/409/6
f 338/407/6 339/408/6 341/410/6
f 341/410/6 339/408/6 342/411/6
f 343/412/6 344/413/6 345/414/6
f 345/414/6 344/413/6 346/415/6
f 345/416/6 346/417/6 347/418/6
f 347/418/6 346/417/6 348/419/6
f 348/419/6 346/417/6 349/420/6
f 349/420/6 346/417/6 350/421/6
f 350/421/6 346/417/6 351/422/6
f 351/422/6 346/417/6 352/423/6
f 353/424/6 354/425/6 355/426/6
f 355/426/6 354/425/6 356/427/6
f 355/428/6 356/429/6 357/430/6
f 357/430/6 356/429/6 358/431/6
f 359/432/6 360/433/6 361/434/6
f 362/435/6 361/436/6 363/437/6
f 361/434/6 360/433/6 364/438/6
f 365/439/6 366/440/6 367/441/6
f 366/442/6 368/443/6 369/444/6
f 367/441/6 366/440/6 369/445/6
f 369/444/6 368/443/6 370/446/6
f 371/447/6 363/448/6 372/449/6
f 363/437/6 361/436/6 372/450/6
f 361/434/6 364/438/6 373/451/6
f 372/450/6 361/436/6 373/452/6
f 364/453/6 367/454/6 374/455/6
f 373/451/6 364/438/6 374/456/6
f 372/449/6 373/451/6 374/456/6
f 367/441/6 369/445/6 375/457/6
f 374/455/6 367/454/6 375/458/6
f 369/445/6 370/459/6 375/457/6
f 371/447/6 372/449/6 376/460/6
f 372/449/6 374/456/6 376/460/6
f 374/456/6 375/457/6 376/460/6
f 375/457/6 370/459/6 377/461/6
f 376/460/6 375/457/6 377/461/6
f 378/462/6 379/463/6 380/464/6
f 380/464/6 379/463/6 381/465/6
f 381/465/6 382/466/6 383/467/6
f 383/467/6 382/466/6 384/468/6
f 385/469/6 386/470/6 387/471/6
f 387/471/6 386/470/6 388/472/6
f 389/473/7 390/474/7 391/475/7
f 392/476/7 390/474/7 389/473/7
f 393/477/7 390/474/7 392/476/7
f 394/478/7 395/479/7 393/477/7
f 394/478/7 393/477/7 392/476/7
f 396/480/7 395/479/7 394/478/7
f 397/481/7 395/479/7 396/480/7
f 398/482/7 397/481/7 399/483/7
f 400/484/7 395/479/7 397/481/7
f 400/484/7 397/481/7 398/482/7
f 401/485/7 395/479/7 400/484/7
f 402/486/7 398/482/7 403/487/7
f 402/486/7 400/484/7 398/482/7
f 404/488/7 400/484/7 402/486/7
f 405/489/7 406/490/7 407/491/7
f 408/492/7 406/490/7 405/489/7
f 409/493/7 406/490/7 408/492/7
f 410/494/7 408/495/7 405/496/7
f 411/497/7 408/495/7 410/494/7
f 412/498/7 413/499/7 409/493/7
f 414/500/7 413/499/7 412/498/7
f 415/501/7 416/502/7 417/503/7
f 418/504/7 419/505/7 420/506/7
f 421/507/7 419/505/7 418/504/7
f 422/508/7 419/505/7 421/507/7
f 423/509/7 410/494/7 424/510/7
f 423/509/7 411/497/7 410/494/7
f 423/509/7 425/511/7 411/497/7
f 426/512/7 427/513/7 425/514/7
f 426/515/7 425/511/7 423/509/7
f 428/516/7 429/517/7 427/518/7
f 428/519/7 427/513/7 426/512/7
f 430/520/7 429/517/7 428/516/7
f 431/521/7 429/517/7 430/520/7
f 432/522/7 418/504/7 433/523/7
f 434/524/7 421/525/7 418/526/7
f 434/527/7 418/504/7 432/522/7
f 435/528/7 422/529/7 421/530/7
f 435/531/7 421/525/7 434/524/7
f 436/532/7 422/529/7 435/528/7
f 437/533/7 417/534/7 438/535/7
f 439/536/7 440/537/7 415/501/7
f 439/538/7 417/534/7 437/533/7
f 439/536/7 415/501/7 417/503/7
f 441/539/7 440/537/7 439/536/7
f 442/540/7 434/524/7 432/541/7
f 442/540/7 436/542/7 435/531/7
f 442/540/7 435/531/7 434/524/7
f 443/543/7 436/542/7 442/540/7
f 444/544/7 426/512/7 423/545/7
f 444/546/7 423/509/7 424/510/7
f 444/544/7 428/519/7 426/512/7
f 445/547/7 430/548/7 428/549/7
f 445/550/7 428/519/7 444/544/7
f 446/551/7 447/552/7 431/521/7
f 446/553/7 430/548/7 445/547/7
f 446/551/7 431/521/7 430/520/7
f 448/554/7 443/555/7 442/556/7
f 448/557/7 442/540/7 432/541/7
f 449/558/7 443/555/7 448/554/7
f 450/559/7 445/560/7 444/546/7
f 450/559/7 444/546/7 424/510/7
f 450/559/7 446/551/7 445/560/7
f 451/561/7 446/551/7 450/559/7
f 452/562/7 447/552/7 446/551/7
f 452/562/7 446/551/7 451/561/7
f 453/563/7 449/564/7 448/557/7
f 453/563/7 448/557/7 432/541/7
f 454/565/7 449/564/7 453/563/7
f 455/566/7 449/564/7 454/565/7
f 456/567/7 449/564/7 455/566/7
f 457/568/7 458/569/7 459/570/7
f 460/571/7 458/569/7 457/568/7
f 461/572/7 454/573/7 453/574/7
f 462/575/7 455/566/7 454/565/7
f 462/576/7 454/573/7 461/572/7
f 463/577/7 456/578/7 455/579/7
f 463/580/7 455/566/7 462/575/7
f 464/581/7 456/578/7 463/577/7
f 465/582/7 451/583/7 450/584/7
f 465/585/7 450/559/7 424/510/7
f 466/586/7 451/583/7 465/582/7
f 467/587/7 452/588/7 451/589/7
f 467/590/7 451/583/7 466/586/7
f 468/591/7 447/552/7 452/562/7
f 468/592/7 452/588/7 467/587/7
f 469/593/7 447/552/7 468/591/7
f 470/594/7 447/552/7 469/593/7
f 471/595/7 464/596/7 463/597/7
f 471/595/7 463/597/7 462/576/7
f 472/598/7 464/596/7 471/595/7
f 473/599/7 466/600/7 465/585/7
f 473/599/7 465/585/7 424/510/7
f 474/601/7 466/600/7 473/599/7
f 475/602/7 466/600/7 474/601/7
f 476/603/7 467/590/7 466/586/7
f 476/604/7 466/600/7 475/602/7
f 477/605/7 469/593/7 468/591/7
f 477/606/7 467/590/7 476/603/7
f 477/605/7 468/591/7 467/607/7
f 478/608/7 469/593/7 477/605/7
f 479/609/7 480/610/7 414/500/7
f 481/611/7 480/610/7 479/609/7
f 482/612/7 475/602/7 474/601/7
f 483/613/7 475/602/7 482/612/7
f 484/614/7 479/609/7 485/615/7
f 486/616/7 479/609/7 484/614/7
f 487/617/7 459/618/7 488/619/7
f 489/620/7 457/568/7 459/570/7
f 489/621/7 459/618/7 487/617/7
f 490/622/7 457/568/7 489/620/7
f 491/623/7 483/624/7 482/625/7
f 491/623/7 484/614/7 483/624/7
f 492/626/7 484/614/7 491/623/7
f 493/627/7 494/628/7 495/629/7
f 496/630/7 494/628/7 493/627/7
f 497/631/7 498/632/7 499/633/7
f 500/634/7 498/632/7 497/631/7
f 501/635/7 502/636/7 503/637/7
f 504/638/7 502/636/7 501/635/7
f 505/639/7 506/640/7 507/641/7
f 508/642/7 506/640/7 505/639/7
f 509/643/7 501/644/7 510/645/7
f 511/646/7 501/644/7 509/643/7
f 512/647/7 508/648/7 505/649/7
f 513/650/7 508/648/7 512/647/7
f 514/651/7 513/652/7 512/653/7
f 515/654/7 513/652/7 514/651/7
f 516/655/7 511/656/7 509/657/7
f 517/658/7 511/656/7 516/655/7
f 518/659/7 513/652/7 515/654/7
f 519/660/7 513/652/7 518/659/7
f 520/661/7 517/662/7 516/663/7
f 521/664/7 517/662/7 520/661/7
f 522/665/7 519/666/7 518/667/7
f 523/668/7 519/666/7 522/665/7
f 524/669/7 525/670/7 521/671/7
f 526/672/7 525/670/7 524/669/7
f 527/673/7 523/674/7 522/675/7
f 528/676/7 523/674/7 527/673/7
f 529/677/7 530/678/7 531/679/7
f 532/680/7 530/678/7 529/677/7
f 533/681/7 534/682/7 535/683/7
f 536/684/7 534/682/7 533/681/7
f 537/685/7 538/686/7 539/687/7
f 540/688/7 538/686/7 537/685/7
f 541/689/7 542/690/7 543/691/7
f 544/692/7 542/690/7 541/689/7
f 545/693/7 546/694/7 547/695/7
f 548/696/7 549/697/7 546/698/7
f 548/699/7 546/694/7 545/693/7
f 550/700/7 549/697/7 548/696/7
f 551/701/7 552/702/7 553/703/7
f 554/704/7 555/705/7 556/706/7
f 557/707/7 555/705/7 554/704/7
f 558/708/7 559/709/7 560/710/7
f 558/711/7 554/704/7 559/712/7
f 561/713/7 554/704/7 558/711/7
f 562/714/7 560/715/7 551/701/7
f 562/716/7 558/708/7 560/710/7
f 563/717/7 561/718/7 558/719/7
f 563/720/7 558/708/7 562/716/7
f 564/721/7 562/714/7 551/701/7
f 564/722/7 563/723/7 562/724/7
f 565/725/7 561/718/7 563/717/7
f 565/726/7 563/723/7 564/722/7
f 566/727/7 565/728/7 564/729/7
f 566/730/7 561/718/7 565/725/7
f 567/731/7 561/718/7 566/730/7
f 568/732/7 551/701/7 553/703/7
f 568/732/7 564/721/7 551/701/7
f 569/733/7 566/727/7 564/729/7
f 569/734/7 564/721/7 568/732/7
f 570/735/7 567/736/7 566/737/7
f 570/738/7 566/727/7 569/733/7
f 571/739/7 567/736/7 570/735/7
f 572/740/7 553/741/7 573/742/7
f 574/743/7 568/732/7 553/703/7
f 574/744/7 553/741/7 572/740/7
f 575/745/7 568/732/7 574/743/7
f 576/746/7 577/747/7 571/739/7
f 578/748/7 577/747/7 576/746/7
f 579/749/7 580/750/7 581/751/7
f 582/752/7 583/753/7 580/754/7
f 582/755/7 580/750/7 579/749/7
f 584/756/7 583/753/7 582/752/7
f 585/757/7 586/758/7 587/759/7
f 588/760/7 586/758/7 585/757/7
f 589/761/7 590/762/7 591/763/7
f 592/764/7 590/762/7 589/761/7
f 593/765/7 594/766/7 595/767/7
f 596/768/7 594/766/7 593/765/7
f 597/769/7 598/770/7 596/768/7
f 599/771/7 598/770/7 597/769/7
f 600/772/7 597/769/7 601/773/7
f 602/774/7 597/769/7 600/772/7
f 603/775/7 600/772/7 601/773/7
f 604/776/7 600/772/7 603/775/7
f 605/777/7 606/778/7 607/779/7
f 608/780/7 609/781/7 606/782/7
f 608/783/7 606/778/7 605/777/7
f 610/784/7 609/781/7 608/780/7
f 611/785/7 612/786/7 613/787/7
f 614/788/7 612/786/7 611/785/7
f 615/789/7 614/790/7 611/791/7
f 616/792/7 614/790/7 615/789/7
f 617/793/7 618/794/7 619/795/7
f 620/796/7 618/794/7 617/793/7
f 621/797/7 616/798/7 615/799/7
f 622/800/7 616/798/7 621/797/7
f 623/801/7 624/802/7 625/803/7
f 626/804/7 624/802/7 623/801/7
f 627/805/7 626/806/7 623/807/7
f 628/808/7 626/806/7 627/805/7
f 629/809/7 630/810/7 631/811/7
f 632/812/7 630/810/7 629/809/7
f 633/813/7 628/814/7 627/815/7
f 634/816/7 628/814/7 633/813/7
f 635/817/7 636/818/7 637/819/7
f 638/820/7 639/821/7 636/822/7
f 638/823/7 636/818/7 635/817/7
f 640/824/7 639/821/7 638/820/7
f 641/825/7 642/826/7 643/827/7
f 644/828/7 641/825/7 643/827/7
f 644/828/7 645/829/7 641/825/7
f 646/830/7 645/829/7 644/828/7
f 647/831/7 648/832/7 646/830/7
f 649/833/7 648/832/7 647/831/7
f 650/834/7 647/831/7 651/835/7
f 652/836/7 647/831/7 650/834/7
f 653/837/7 654/838/7 655/839/7
f 656/840/7 654/838/7 653/837/7
f 657/841/7 654/838/7 656/840/7
f 658/842/7 659/843/7 660/844/7
f 658/842/7 661/845/7 659/843/7
f 662/846/7 661/845/7 658/842/7
f 663/847/7 664/848/7 665/849/7
f 666/850/7 664/848/7 663/847/7
f 667/851/7 664/848/7 666/850/7
f 668/852/7 666/853/7 663/854/7
f 669/855/7 666/853/7 668/852/7
f 670/856/7 669/857/7 668/858/7
f 671/859/7 669/857/7 670/856/7
f 672/860/7 671/861/7 670/862/7
f 673/863/7 671/861/7 672/860/7
f 674/864/7 673/865/7 672/866/7
f 675/867/7 673/865/7 674/864/7
f 676/868/7 675/869/7 674/870/7
f 677/871/7 675/869/7 676/868/7
f 678/872/7 677/873/7 676/874/7
f 679/875/7 677/873/7 678/872/7
f 680/876/7 679/877/7 678/878/7
f 681/879/7 679/877/7 680/876/7
f 682/880/7 681/881/7 680/882/7
f 682/880/7 683/883/7 681/881/7
f 684/884/7 683/883/7 682/880/7
f 685/885/8 686/886/8 687/887/8
f 687/887/8 686/886/8 688/888/8
f 689/889/8 690/890/8 691/891/8
f 691/891/8 690/890/8 692/892/8
f 693/893/8 694/894/8 695/895/8
f 695/895/8 694/894/8 696/896/8
f 696/896/8 694/894/8 697/897/8
f 698/898/8 699/899/8 700/900/8
f 699/899/8 701/901/8 700/900/8
f 700/900/8 701/901/8 702/902/8
f 703/903/8 704/904/8 705/905/8
f 703/903/8 705/905/8 706/906/8
f 705/905/8 707/907/8 706/906/8
f 706/906/8 707/907/8 708/908/8
f 708/908/8 707/907/8 709/909/8
f 709/909/8 707/907/8 710/910/8
f 708/908/8 709/909/8 711/911/8
f 711/911/8 709/909/8 712/912/8
f 708/908/8 711/911/8 713/913/8
f 713/913/8 711/911/8 714/914/8
f 715/915/8 716/916/8 717/917/8
f 716/918/8 718/919/8 719/920/8
f 717/917/8 716/916/8 719/921/8
f 719/920/8 718/919/8 720/922/8
f 721/923/8 722/924/8 723/925/8
f 722/926/8 724/927/8 725/928/8
f 723/925/8 722/924/8 725/929/8
f 725/928/8 724/927/8 726/930/8
f 727/931/8 728/932/8 729/933/8
f 729/933/8 730/934/8 731/935/8
f 727/931/8 729/933/8 732/936/8
f 731/935/8 733/937/8 732/936/8
f 729/933/8 731/935/8 732/936/8
f 732/936/8 733/937/8 734/938/8
f 735/939/8 732/936/8 734/938/8
f 734/938/8 733/937/8 736/940/8
f 735/939/8 734/938/8 737/941/8
f 737/941/8 734/938/8 738/942/8
f 739/943/8 740/944/8 741/945/8
f 740/946/8 742/947/8 743/948/8
f 741/945/8 740/944/8 743/949/8
f 743/948/8 742/947/8 744/950/8
f 745/951/8 746/952/8 747/953/8
f 746/954/8 748/955/8 749/956/8
f 747/953/8 746/952/8 749/957/8
f 749/956/8 748/955/8 750/958/8
f 744/950/8 751/959/8 752/960/8
f 752/960/8 751/959/8 753/961/8
f 754/962/8 755/963/8 756/964/8
f 756/964/8 755/963/8 757/965/8
f 750/958/8 758/966/8 759/967/8
f 759/967/8 758/966/8 760/968/8
f 761/969/8 762/970/8 763/971/8
f 762/972/8 764/973/8 765/974/8
f 763/971/8 762/970/8 765/975/8
f 765/974/8 764/973/8 766/976/8
f 767/977/8 768/978/8 769/979/8
f 769/979/8 768/978/8 770/980/8
f 771/981/8 772/982/8 773/983/8
f 773/983/8 772/982/8 774/984/8
f 753/961/8 775/985/8 776/986/8
f 776/986/8 775/985/8 777/987/8
f 778/988/8 779/989/8 780/990/8
f 779/991/8 773/983/8 781/992/8
f 780/990/8 779/989/8 781/993/8
f 781/992/8 773/983/8 782/994/8
f 783/995/8 776/986/8 784/996/8
f 784/996/8 776/986/8 785/997/8
f 786/998/8 787/999/8 788/1000/8
f 787/1001/8 789/1002/8 790/1003/8
f 788/1000/8 787/999/8 790/1004/8
f 790/1003/8 789/1002/8 791/1005/8
f 792/1006/8 793/1007/8 794/1008/8
f 793/1009/8 784/996/8 795/1010/8
f 794/1008/8 793/1007/8 795/1011/8
f 795/1010/8 784/996/8 796/1012/8
f 797/1013/8 798/1014/8 799/1015/8
f 799/1015/8 798/1014/8 800/1016/8
f 800/1016/8 798/1014/8 801/1017/8
f 802/1018/8 803/1019/8 804/1020/8
f 805/1021/8 806/1022/8 807/1023/8
f 806/1024/8 808/1025/8 809/1026/8
f 807/1023/8 806/1022/8 809/1027/8
f 808/1028/8 810/1029/8 811/1030/8
f 809/1026/8 808/1025/8 811/1031/8
f 811/1030/8 810/1029/8 812/1032/8
f 799/1033/8 800/1034/8 813/1035/8
f 801/1017/8 814/1036/8 815/1037/8
f 813/1035/8 800/1034/8 815/1038/8
f 800/1016/8 801/1017/8 815/1037/8
f 807/1023/8 809/1027/8 816/1039/8
f 817/1040/8 807/1023/8 816/1039/8
f 812/1032/8 818/1041/8 816/1039/8
f 809/1027/8 811/1030/8 816/1039/8
f 811/1030/8 812/1032/8 816/1039/8
f 816/1039/8 818/1041/8 819/1042/8
f 813/1043/8 815/1037/8 820/1044/8
f 820/1044/8 815/1037/8 821/1045/8
f 817/1040/8 816/1039/8 822/1046/8
f 816/1047/8 819/1048/8 822/1049/8
f 819/1042/8 818/1041/8 823/1050/8
f 822/1049/8 819/1048/8 823/1051/8
f 820/1052/8 821/1053/8 824/1054/8
f 821/1045/8 815/1037/8 825/1055/8
f 824/1054/8 821/1053/8 825/1056/8
f 817/1040/8 822/1046/8 826/1057/8
f 822/1046/8 823/1050/8 826/1057/8
f 823/1050/8 818/1041/8 827/1058/8
f 826/1057/8 823/1050/8 827/1058/8
f 824/1059/8 825/1055/8 828/1060/8
f 825/1055/8 815/1037/8 829/1061/8
f 828/1060/8 825/1055/8 829/1061/8
f 817/1040/8 826/1057/8 830/1062/8
f 826/1063/8 827/1064/8 830/1065/8
f 827/1058/8 818/1041/8 831/1066/8
f 830/1065/8 827/1064/8 831/1067/8
f 828/1068/8 829/1069/8 832/1070/8
f 829/1061/8 815/1037/8 833/1071/8
f 832/1070/8 829/1069/8 833/1072/8
f 804/1020/8 834/1073/8 835/1074/8
f 802/1018/8 804/1020/8 835/1074/8
f 834/1075/8 817/1076/8 836/1077/8
f 835/1074/8 834/1073/8 836/1078/8
f 817/1040/8 830/1062/8 837/1079/8
f 836/1077/8 817/1076/8 837/1080/8
f 830/1062/8 831/1066/8 837/1079/8
f 837/1079/8 831/1066/8 838/1081/8
f 838/1081/8 831/1066/8 839/1082/8
f 839/1082/8 831/1066/8 840/1083/8
f 831/1066/8 818/1041/8 841/1084/8
f 840/1083/8 831/1066/8 841/1084/8
f 841/1084/8 818/1041/8 842/1085/8
f 832/1086/8 833/1071/8 843/1087/8
f 843/1087/8 833/1071/8 844/1088/8
f 845/1089/8 802/1090/8 846/1091/8
f 802/1018/8 835/1074/8 847/1092/8
f 846/1091/8 802/1090/8 847/1093/8
f 847/1092/8 835/1074/8 848/1094/8
f 838/1081/8 839/1082/8 849/1095/8
f 839/1096/8 840/1097/8 850/1098/8
f 849/1095/8 839/1082/8 850/1099/8
f 840/1083/8 841/1084/8 851/1100/8
f 850/1098/8 840/1097/8 851/1101/8
f 851/1100/8 841/1084/8 852/1102/8
f 843/1103/8 844/1104/8 853/1105/8
f 844/1088/8 833/1071/8 854/1106/8
f 853/1105/8 844/1104/8 854/1107/8
f 815/1037/8 814/1036/8 855/1108/8
f 854/1106/8 833/1071/8 855/1108/8
f 833/1071/8 815/1037/8 855/1108/8
f 855/1108/8 814/1036/8 856/1109/8
f 853/1110/8 854/1106/8 857/1111/8
f 854/1106/8 855/1108/8 857/1111/8
f 857/1111/8 855/1108/8 858/1112/8
f 859/1113/9 860/1114/9 861/1115/9
f 862/1116/9 860/1114/9 859/1113/9
f 863/1117/9 864/1118/9 865/1119/9
f 866/1120/9 864/1118/9 863/1117/9
f 867/1121/9 868/1122/9 869/1123/9
f 870/1124/9 868/1122/9 867/1121/9
f 871/1125/9 872/1126/9 873/1127/9
f 874/1128/9 875/1129/9 872/1130/9
f 874/1131/9 872/1126/9 871/1125/9
f 876/1132/9 877/1133/9 875/1134/9
f 876/1135/9 875/1129/9 874/1128/9
f 878/1136/9 877/1133/9 876/1132/9
f 879/1137/10 880/1138/10 881/1139/10
f 882/1140/10 880/1138/10 879/1137/10
f 883/1141/10 880/1138/10 882/1140/10
f 884/1142/9 885/1143/9 886/1144/9
f 887/1145/9 885/1143/9 884/1142/9
f 888/1146/9 885/1143/9 887/1145/9
f 889/1147/10 879/1137/10 890/1148/10
f 889/1147/10 882/1140/10 879/1137/10
f 891/1149/10 882/1140/10 889/1147/10
f 892/1150/9 893/1151/9 888/1146/9
f 892/1150/9 888/1146/9 887/1145/9
f 894/1152/9 893/1151/9 892/1150/9
f 895/1153/9 871/1125/9 896/1154/9
f 897/1155/9 871/1125/9 895/1153/9
f 898/1156/9 899/1157/9 878/1136/9
f 900/1158/9 899/1157/9 898/1156/9
f 901/1159/9 902/1160/9 903/1161/9
f 904/1162/9 905/1163/9 902/1164/9
f 904/1165/9 902/1160/9 901/1159/9
f 906/1166/9 907/1167/9 905/1168/9
f 906/1169/9 905/1163/9 904/1162/9
f 908/1170/9 907/1167/9 906/1166/9
f 909/1171/9 901/1172/9 910/1173/9
f 911/1174/9 901/1172/9 909/1171/9
f 912/1175/9 913/1176/9 908/1177/9
f 914/1178/9 913/1176/9 912/1175/9
f 915/1179/10 916/1180/10 917/1181/10
f 915/1179/10 917/1181/10 918/1182/10
f 919/1183/10 916/1180/10 915/1179/10
f 920/1184/9 921/1185/9 922/1186/9
f 920/1184/9 922/1186/9 923/1187/9
f 924/1188/9 921/1185/9 920/1184/9
f 925/1189/9 926/1190/9 927/1191/9
f 928/1192/9 926/1190/9 925/1189/9
f 929/1193/9 930/1194/9 931/1195/9
f 932/1196/9 930/1194/9 929/1193/9
f 933/1197/9 934/1198/9 935/1199/9
f 936/1200/9 937/1201/9 938/1202/9
f 939/1203/9 933/1197/9 940/1204/9
f 941/1205/9 934/1198/9 933/1197/9
f 941/1205/9 933/1197/9 939/1203/9
f 942/1206/9 943/1207/9 936/1200/9
f 942/1206/9 936/1200/9 938/1202/9
f 944/1208/9 943/1207/9 942/1206/9
f 945/1209/9 934/1198/9 941/1205/9
f 946/1210/9 934/1198/9 945/1209/9
f 947/1211/9 942/1206/9 938/1202/9
f 948/1212/9 942/1206/9 947/1211/9
f 949/1213/9 950/1214/9 951/1215/9
f 952/1216/9 950/1214/9 949/1213/9
f 953/1217/9 954/1218/9 955/1219/9
f 956/1220/9 954/1218/9 953/1217/9
f 957/1221/9 958/1222/9 959/1223/9
f 960/1224/9 958/1222/9 957/1221/9
f 961/1225/9 962/1226/9 963/1227/9
f 964/1228/9 962/1226/9 961/1225/9
f 965/1229/9 960/1230/9 957/1231/9
f 966/1232/9 960/1230/9 965/1229/9
f 967/1233/9 964/1234/9 961/1235/9
f 968/1236/9 964/1234/9 967/1233/9
f 969/1237/9 970/1238/9 966/1239/9
f 971/1240/9 972/1241/9 970/1242/9
f 971/1243/9 970/1238/9 969/1237/9
f 973/1244/9 974/1245/9 972/1246/9
f 973/1247/9 972/1241/9 971/1240/9
f 975/1248/9 976/1249/9 974/1250/9
f 975/1251/9 974/1245/9 973/1244/9
f 977/1252/9 978/1253/9 976/1254/9
f 977/1255/9 976/1249/9 975/1248/9
f 979/1256/9 980/1257/9 978/1258/9
f 979/1259/9 978/1253/9 977/1252/9
f 981/1260/9 982/1261/9 980/1262/9
f 981/1263/9 980/1257/9 979/1256/9
f 983/1264/9 984/1265/9 982/1266/9
f 983/1267/9 982/1261/9 981/1260/9
f 985/1268/9 967/1269/9 984/1270/9
f 985/1271/9 984/1265/9 983/1264/9
f 986/1272/9 967/1269/9 985/1268/9
f 987/1273/9 988/1274/9 989/1275/9
f 990/1276/9 988/1274/9 987/1273/9
f 991/1277/9 992/1278/9 993/1279/9
f 994/1280/9 992/1278/9 991/1277/9
f 995/1281/9 996/1282/9 997/1283/9
f 998/1284/9 996/1282/9 995/1281/9
f 999/1285/9 996/1282/9 998/1284/9
f 1000/1286/9 996/1282/9 999/1285/9
f 1001/1287/9 996/1282/9 1000/1286/9
f 1002/1288/9 996/1282/9 1001/1287/9
f 1003/1289/9 996/1282/9 1002/1288/9
f 1004/1290/9 996/1282/9 1003/1289/9
f 1005/1291/9 1006/1292/9 1007/1293/9
f 1008/1294/9 1009/1295/9 1006/1296/9
f 1008/1297/9 1006/1292/9 1005/1291/9
f 1010/1298/9 1011/1299/9 1012/1300/9
f 1010/1301/9 1012/1302/9 1013/1303/9
f 1014/1304/9 1011/1299/9 1010/1298/9
f 1015/1305/9 1009/1295/9 1008/1294/9
f 1016/1306/9 1010/1301/9 1013/1303/9
f 1017/1307/9 1009/1295/9 1015/1305/9
f 1018/1308/9 1016/1306/9 1013/1303/9
f 1019/1309/9 1009/1295/9 1017/1307/9
f 1020/1310/9 1018/1308/9 1013/1303/9
f 1021/1311/9 1009/1295/9 1019/1309/9
f 1022/1312/9 1020/1310/9 1013/1303/9
f 1023/1313/9 1009/1295/9 1021/1311/9
f 1024/1314/9 1009/1295/9 1023/1313/9
f 1025/1315/9 1022/1312/9 1013/1303/9
f 1026/1316/9 1022/1312/9 1025/1315/9
f 1027/1317/9 1028/1318/9 1029/1319/9
f 1030/1320/9 1028/1318/9 1027/1317/9
f 1031/1321/9 1032/1322/9 1033/1323/9
f 1034/1324/9 1032/1322/9 1031/1321/9
f 1035/1325/9 1036/1326/9 1037/1327/9
f 1038/1328/9 1036/1326/9 1035/1325/9
f 1039/1329/9 1040/1330/9 1041/1331/9
f 1042/1332/9 1040/1330/9 1039/1329/9
f 1043/1333/9 1044/1334/9 1045/1335/9
f 1046/1336/9 1044/1334/9 1043/1333/9
f 1047/1337/9 1048/1338/9 1049/1339/9
f 1050/1340/9 1048/1338/9 1047/1337/9
f 1051/1341/9 1052/1342/9 1053/1343/9
f 1054/1344/9 1052/1342/9 1051/1341/9
f 1055/1345/11 1056/1346/11 1057/1347/11
f 1057/1347/11 1056/1346/11 1058/1348/11
f 1059/1349/11 1060/1350/11 1061/1351/11
f 1061/1351/11 1060/1350/11 1062/1352/11
f 1063/1353/11 1064/1354/11 1065/1355/11
f 1066/1356/11 1067/1357/11 1068/1358/11
f 1069/1359/11 1065/1355/11 1070/1360/11
f 1070/1360/11 1065/1355/11 1071/1361/11
f 1065/1355/11 1064/1354/11 1072/1362/11
f 1071/1361/11 1065/1355/11 1072/1362/11
f 1072/1362/11 1064/1354/11 1073/1363/11
f 1068/1358/11 1074/1364/11 1075/1365/11
f 1066/1356/11 1068/1358/11 1075/1365/11
f 1075/1365/11 1074/1364/11 1076/1366/11
f 1076/1366/11 1074/1364/11 1077/1367/11
f 1077/1367/11 1074/1364/11 1078/1368/11
f 1079/1369/11 1080/1370/11 1081/1371/11
f 1080/1372/11 1082/1373/11 1083/1374/11
f 1081/1371/11 1080/1370/11 1083/1375/11
f 1082/1376/11 1084/1377/11 1085/1378/11
f 1083/1374/11 1082/1373/11 1085/1379/11
f 1085/1378/11 1084/1377/11 1086/1380/11
f 1087/1381/11 1088/1382/11 1089/1383/11
f 1088/1384/11 1090/1385/11 1091/1386/11
f 1089/1383/11 1088/1382/11 1091/1387/11
f 1090/1388/11 1092/1389/11 1093/1390/11
f 1091/1386/11 1090/1385/11 1093/1391/11
f 1093/1390/11 1092/1389/11 1094/1392/11
f 1079/1369/11 1081/1371/11 1095/1393/11
f 1081/1394/11 1083/1395/11 1095/1396/11
f 1083/1395/11 1085/1397/11 1095/1396/11
f 1085/1397/11 1086/1398/11 1095/1396/11
f 1086/1380/11 1084/1377/11 1096/1399/11
f 1095/1396/11 1086/1398/11 1096/1400/11
f 1089/1401/11 1091/1402/11 1097/1403/11
f 1093/1404/11 1094/1405/11 1097/1403/11
f 1087/1381/11 1089/1383/11 1097/1406/11
f 1091/1402/11 1093/1404/11 1097/1403/11
f 1094/1392/11 1092/1389/11 1098/1407/11
f 1097/1403/11 1094/1405/11 1098/1408/11
f 1095/1393/11 1096/1399/11 1099/1409/11
f 1079/1369/11 1095/1393/11 1099/1409/11
f 1096/1399/11 1084/1377/11 1100/1410/11
f 1099/1409/11 1096/1399/11 1100/1410/11
f 1087/1381/11 1097/1406/11 1101/1411/11
f 1097/1406/11 1098/1407/11 1101/1411/11
f 1098/1407/11 1092/1389/11 1102/1412/11
f 1101/1411/11 1098/1407/11 1102/1412/11
f 1103/1413/11 1104/1414/11 1105/1415/11
f 1105/1415/11 1104/1414/11 1106/1416/11
f 1107/1417/11 1108/1418/11 1109/1419/11
f 1109/1419/11 1108/1418/11 1110/1420/11
f 1111/1421/11 1112/1422/11 1113/1423/11
f 1113/1423/11 1112/1422/11 1114/1424/11
f 1115/1425/11 1116/1426/11 1117/1427/11
f 1117/1427/11 1116/1426/11 1118/1428/11
f 1119/1429/11 1120/1430/11 1121/1431/11
f 1121/1431/11 1120/1430/11 1122/1432/11
f 1123/1433/11 1124/1434/11 1125/1435/11
f 1125/1435/11 1124/1434/11 1126/1436/11
f 1127/1437/12 1128/1438/12 1129/1439/12
f 1129/1439/12 1128/1438/12 1130/1440/12
f 1131/1441/11 1132/1442/11 1133/1443/11
f 1133/1443/11 1132/1442/11 1134/1444/11
f 1135/1445/12 1136/1446/12 1137/1447/12
f 1137/1447/12 1136/1446/12 1138/1448/12
f 1139/1449/11 1140/1450/11 1141/1451/11
f 1141/1451/11 1140/1450/11 1142/1452/11
f 1143/1453/12 1137/1447/12 1144/1454/12
f 1144/1454/12 1137/1447/12 1145/1455/12
f 1138/1448/12 1146/1456/12 1147/1457/12
f 1147/1457/12 1146/1456/12 1148/1458/12
f 1149/1459/11 1141/1451/11 1150/1460/11
f 1150/1460/11 1141/1451/11 1151/1461/11
f 1142/1452/11 1152/1462/11 1153/1463/11
f 1153/1463/11 1152/1462/11 1154/1464/11
f 1155/1465/12 1156/1466/12 1157/1467/12
f 1157/1467/12 1156/1466/12 1158/1468/12
f 1159/1469/11 1160/1470/11 1161/1471/11
f 1161/1471/11 1160/1470/11 1162/1472/11
f 1163/1473/11 1164/1474/11 1165/1475/11
f 1165/1475/11 1164/1474/11 1166/1476/11
f 1167/1477/11 1168/1478/11 1169/1479/11
f 1169/1479/11 1168/1478/11 1170/1480/11
f 1171/1481/11 1172/1482/11 1173/1483/11
f 1172/1484/11 1174/1485/11 1175/1486/11
f 1173/1483/11 1172/1482/11 1175/1487/11
f 1174/1488/11 1176/1489/11 1177/1490/11
f 1175/1486/11 1174/1485/11 1177/1491/11
f 1176/1492/11 1178/1493/11 1179/1494/11
f 1177/1490/11 1176/1489/11 1179/1495/11
f 1178/1496/11 1180/1497/11 1181/1498/11
f 1179/1494/11 1178/1493/11 1181/1499/11
f 1180/1500/11 1182/1501/11 1183/1502/11
f 1181/1498/11 1180/1497/11 1183/1503/11
f 1182/1504/11 1184/1505/11 1185/1506/11
f 1183/1502/11 1182/1501/11 1185/1507/11
f 1185/1506/11 1184/1505/11 1186/1508/11
f 1187/1509/11 1188/1510/11 1189/1511/11
f 1189/1511/11 1188/1510/11 1190/1512/11
f 1191/1513/11 1192/1514/11 1193/1515/11
f 1193/1515/11 1192/1514/11 1194/1516/11
f 1190/1512/11 1195/1517/11 1196/1518/11
f 1196/1518/11 1195/1517/11 1197/1519/11
f 1198/1520/11 1193/1515/11 1199/1521/11
f 1199/1521/11 1193/1515/11 1200/1522/11
f 1201/1523/11 1202/1524/11 1203/1525/11
f 1202/1526/11 1204/1527/11 1205/1528/11
f 1203/1525/11 1202/1524/11 1205/1529/11
f 1204/1530/11 1206/1531/11 1207/1532/11
f 1205/1528/11 1204/1527/11 1207/1533/11
f 1206/1534/11 1208/1535/11 1209/1536/11
f 1207/1532/11 1206/1531/11 1209/1537/11
f 1208/1538/11 1210/1539/11 1211/1540/11
f 1209/1536/11 1208/1535/11 1211/1541/11
f 1211/1540/11 1210/1539/11 1212/1542/11
f 1203/1543/11 1205/1544/11 1213/1545/11
f 1207/1532/11 1209/1537/11 1214/1546/11
f 1213/1545/11 1205/1544/11 1214/1547/11
f 1205/1548/11 1207/1532/11 1214/1546/11
f 1209/1537/11 1211/1549/11 1214/1546/11
f 1211/1550/11 1212/1551/11 1215/1552/11
f 1214/1546/11 1211/1549/11 1215/1553/11
f 1215/1552/11 1212/1551/11 1216/1554/11
f 1214/1547/11 1215/1552/11 1217/1555/11
f 1217/1555/11 1215/1552/11 1218/1556/11
f 1219/1557/11 1220/1558/11 1221/1559/11
f 1221/1559/11 1220/1558/11 1222/1560/11
f 1223/1561/11 1224/1562/11 1225/1563/11
f 1225/1563/11 1224/1562/11 1226/1564/11
f 1227/1565/11 1221/1559/11 1228/1566/11
f 1228/1566/11 1221/1559/11 1229/1567/11
f 1226/1564/11 1230/1568/11 1231/1569/11
f 1231/1569/11 1230/1568/11 1232/1570/11
f 1229/1567/11 1233/1571/11 1234/1572/11
f 1234/1572/11 1233/1571/11 1235/1573/11
f 1236/1574/11 1231/1569/11 1237/1575/11
f 1237/1575/11 1231/1569/11 1238/1576/11
f 1239/1577/11 1240/1578/11 1241/1579/11
f 1241/1579/11 1240/1578/11 1242/1580/11
f 1243/1581/11 1241/1579/11 1244/1582/11
f 1244/1582/11 1241/1579/11 1245/1583/11
f 1242/1580/11 1246/1584/11 1247/1585/11
f 1247/1585/11 1246/1584/11 1248/1586/11
f 1245/1583/11 1247/1585/11 1249/1587/11
f 1249/1587/11 1247/1585/11 1250/1588/11
f 1251/1589/11 1252/1590/11 1253/1591/11
f 1253/1591/11 1252/1590/11 1254/1592/11
