# Blender v2.93.0 OBJ File: 'Human_Base_Rig.blend'
# www.blender.org
mtllib TVS_VoxelFarm_Farmer.mtl
o VS_Farm_Farmer
v -1.802030 2.013669 -0.100000
v -1.803095 1.713671 -0.500000
v -1.803095 1.713671 -0.100000
v -1.802030 2.013669 -0.500000
v -1.702030 2.013314 0.000000
v -1.702741 1.813315 -0.100000
v -1.702741 1.813315 0.000000
v -1.702030 2.013314 -0.100000
v -1.702030 2.013314 -0.500000
v -1.702741 1.813315 -0.600000
v -1.702741 1.813315 -0.500000
v -1.702030 2.013314 -0.600000
v -1.701675 2.113313 -0.100000
v -1.701675 2.113313 -0.500000
v -1.602741 1.812960 0.000000
v -1.603097 1.712960 -0.100000
v -1.603097 1.712960 0.000000
v -1.602741 1.812960 -0.100000
v -0.800000 3.012548 -0.400000
v -0.800000 2.912549 -0.600000
v -0.800000 2.912549 -0.400000
v -0.800000 3.012548 -0.600000
v -0.800000 3.112548 0.200000
v -0.800000 3.012548 0.200000
v -0.800000 3.112548 -0.400000
v -0.700000 2.912549 -0.600000
v -0.700000 2.812549 -0.699999
v -0.700000 2.812549 -0.600000
v -0.700000 2.912549 -0.700000
v -0.700000 3.112549 0.300000
v -0.700000 3.012548 0.200000
v -0.700000 3.012548 0.300000
v -0.700000 3.112548 0.200000
v -0.600000 0.100000 0.300000
v -0.600000 0.000000 -0.600000
v -0.600000 -0.000000 0.300000
v -0.600000 0.100000 -0.600000
v -0.600000 0.200000 0.300000
v -0.600000 0.200000 0.200000
v -0.600000 0.300000 0.200000
v -0.600000 0.300000 0.000000
v -0.600000 0.400000 0.000000
v -0.600000 0.400000 -0.600000
v -0.600000 2.100000 -0.100000
v -0.600000 1.900000 -0.500000
v -0.600000 1.900000 -0.100000
v -0.600000 2.100000 -0.500000
v -0.600000 2.912549 -0.400000
v -0.600000 2.712548 -0.400000
v -0.600000 2.712548 -0.200000
v -0.600000 2.912549 -0.700000
v -0.600000 2.812549 -0.799999
v -0.600000 2.812549 -0.699999
v -0.600000 2.912549 -0.799999
v -0.600000 3.012548 -0.200000
v -0.600000 3.012548 -0.400000
v -0.600000 3.112549 0.400000
v -0.600000 3.012548 0.300000
v -0.600000 3.012548 0.400000
v -0.600000 3.112549 0.300000
v -0.600000 3.112548 -0.400000
v -0.600000 3.012548 -0.600000
v -0.600000 3.112548 -0.599999
v -0.600000 3.212548 0.200000
v -0.600000 3.112548 0.200000
v -0.600000 3.212548 0.100000
v -0.600000 3.212548 -0.399999
v -0.600000 3.212548 -0.499999
v -0.600000 3.212548 -0.599999
v -0.600000 3.312549 0.100001
v -0.600000 3.312549 -0.499999
v -0.500000 1.200000 0.000000
v -0.500000 1.000000 -0.600000
v -0.500000 1.000000 0.000000
v -0.500000 1.200000 -0.600000
v -0.500000 2.100000 -0.100000
v -0.500000 1.900000 -0.100000
v -0.500000 1.900000 0.000000
v -0.500000 2.100000 -0.500000
v -0.500000 1.900000 -0.600000
v -0.500000 1.900000 -0.500000
v -0.500000 2.200000 0.000000
v -0.500000 2.200000 -0.600000
v -0.500000 2.712549 0.200000
v -0.500000 2.612549 -0.200000
v -0.500000 2.612549 0.200000
v -0.500000 2.712549 -0.100000
v -0.500000 2.712548 -0.200000
v -0.500000 2.612549 -0.400000
v -0.500000 2.712548 -0.400000
v -0.500000 2.612549 -0.600000
v -0.500000 2.812549 -0.600000
v -0.500000 2.912549 0.000000
v -0.500000 2.912549 -0.100000
v -0.500000 2.912549 -0.400000
v -0.500000 2.912549 -0.600000
v -0.500000 2.912549 -0.799999
v -0.500000 2.812549 -0.899999
v -0.500000 2.812549 -0.799999
v -0.500000 2.912549 -0.899999
v -0.500000 3.012548 0.200000
v -0.500000 3.012548 0.000000
v -0.500000 3.012548 -0.200000
v -0.500000 3.012548 -0.600000
v -0.500000 2.912549 -0.700000
v -0.500000 3.012548 -0.700000
v -0.500000 3.112549 0.500000
v -0.500000 3.012548 0.400000
v -0.500000 3.012548 0.500000
v -0.500000 3.112549 0.400000
v -0.500000 3.112548 -0.599999
v -0.500000 3.212549 0.300000
v -0.500000 3.112548 0.200000
v -0.500000 3.112549 0.300000
v -0.500000 3.212548 0.200000
v -0.500000 3.212548 -0.599999
v -0.500000 3.212548 -0.699999
v -0.500000 3.312549 0.200000
v -0.500000 3.212548 0.100000
v -0.500000 3.312549 0.100001
v -0.500000 3.312549 -0.499999
v -0.500000 3.212548 -0.499999
v -0.500000 3.312549 -0.599999
v -0.500000 3.412549 0.100001
v -0.500000 3.412549 -0.499999
v -0.400000 1.000000 0.000000
v -0.400000 0.800000 -0.600000
v -0.400000 0.800000 0.000000
v -0.400000 1.000000 -0.600000
v -0.400000 1.200000 0.000000
v -0.400000 1.100000 0.000000
v -0.400000 1.100000 0.100000
v -0.400000 1.200000 -0.600000
v -0.400000 1.100000 -0.700000
v -0.400000 1.100000 -0.600000
v -0.400000 1.300000 0.000000
v -0.400000 1.300000 -0.600000
v -0.400000 1.500000 0.000000
v -0.400000 1.500000 -0.600000
v -0.400000 1.700000 0.000000
v -0.400000 1.700000 -0.600000
v -0.400000 1.800000 0.100000
v -0.400000 1.800000 0.000000
v -0.400000 1.800000 -0.600000
v -0.400000 1.800000 -0.700000
v -0.400000 1.900000 0.000000
v -0.400000 1.900000 -0.600000
v -0.400000 2.200000 0.000000
v -0.400000 2.200000 -0.600000
v -0.400000 2.200000 -0.700000
v -0.400000 2.300000 0.100000
v -0.400000 2.300000 -0.600000
v -0.400000 2.612549 0.200000
v -0.400000 2.512548 -0.200000
v -0.400000 2.512548 0.200000
v -0.400000 2.612549 -0.200000
v -0.400000 2.512548 -0.500000
v -0.400000 2.612549 -0.400000
v -0.400000 2.612549 -0.500000
v -0.400000 2.512548 -0.600000
v -0.400000 2.612549 -0.600000
v -0.400000 3.312549 0.300000
v -0.400000 3.212548 0.200000
v -0.400000 3.212549 0.300000
v -0.400000 3.312549 0.200000
v -0.400000 3.312549 -0.599999
v -0.400000 3.212548 -0.699999
v -0.400000 3.212548 -0.599999
v -0.400000 3.312549 -0.699999
v -0.400000 3.412549 0.200001
v -0.400000 3.312549 0.100001
v -0.400000 3.412549 0.100001
v -0.400000 3.412549 -0.499999
v -0.400000 3.312549 -0.499999
v -0.400000 3.412549 -0.599999
v -0.300000 0.300000 0.300000
v -0.300000 0.200000 0.200000
v -0.300000 0.200000 0.300000
v -0.300000 0.300000 0.200000
v -0.300000 1.100000 0.100000
v -0.300000 0.800000 0.000000
v -0.300000 0.800000 0.100000
v -0.300000 1.100000 0.000000
v -0.300000 1.100000 -0.600000
v -0.300000 0.800000 -0.700000
v -0.300000 0.800000 -0.600000
v -0.300000 1.100000 -0.700000
v -0.300000 1.800000 0.200000
v -0.300000 1.200000 0.100000
v -0.300000 1.200000 0.200000
v -0.300000 1.800000 0.100000
v -0.300000 1.800000 -0.700000
v -0.300000 1.200000 -0.800000
v -0.300000 1.200000 -0.700000
v -0.300000 1.800000 -0.800000
v -0.100000 1.400000 0.200000
v -0.100000 1.300000 0.100000
v -0.100000 1.300000 0.200000
v -0.100000 1.400000 0.100000
v -0.100000 1.500000 0.200000
v -0.100000 1.500000 0.100000
v 0.100000 0.100000 0.300000
v 0.100000 0.000000 -0.600000
v 0.100000 -0.000000 0.300000
v 0.100000 0.100000 -0.600000
v 0.100000 0.300000 0.300000
v 0.100000 0.300000 0.000000
v 0.100000 0.400000 0.000000
v 0.100000 0.400000 -0.600000
v 0.100000 2.300000 0.100000
v 0.100000 2.000000 0.000000
v 0.100000 2.000000 0.100000
v 0.100000 2.300000 0.000000
v 0.100000 2.512549 0.600000
v 0.100000 2.412549 0.400000
v 0.100000 2.412549 0.600000
v 0.100000 2.512548 0.400000
v 0.100000 2.612549 0.400000
v 0.100000 2.512548 0.200000
v 0.100000 2.612549 0.200000
v 1.200000 1.900000 -0.100000
v 1.200000 1.800000 -0.500000
v 1.200000 1.800000 -0.100000
v 1.200000 1.900000 -0.500000
v 1.300000 2.000000 -0.100000
v 1.300000 1.900000 -0.500000
v 1.300000 1.900000 -0.100000
v 1.300000 2.000000 -0.500000
v 1.400000 1.800000 -0.100000
v 1.400000 1.700000 -0.100000
v 1.400000 1.700000 0.000000
v 1.400000 2.000000 0.000000
v 1.400000 2.000000 -0.100000
v 1.400000 2.000000 -0.500000
v 1.400000 1.800000 -0.600000
v 1.400000 1.800000 -0.500000
v 1.400000 2.000000 -0.600000
v 1.400000 2.100000 -0.100000
v 1.400000 2.100000 -0.500000
v 1.500000 1.800000 -0.100000
v 1.500000 1.700000 -0.500000
v 1.500000 1.700000 -0.100000
v 1.500000 1.800000 -0.500000
v -1.503097 1.712605 -0.100000
v -1.503097 1.712605 -0.500000
v -1.502742 1.812604 -0.100000
v -1.502742 1.812605 -0.500000
v -1.403098 1.712250 0.000000
v -1.403098 1.712250 -0.100000
v -1.402743 1.812249 -0.100000
v -1.402032 2.012248 0.000000
v -1.402032 2.012248 -0.100000
v -1.402743 1.812249 -0.500000
v -1.402743 1.812249 -0.600000
v -1.402032 2.012248 -0.500000
v -1.402032 2.012248 -0.600000
v -1.401677 2.112247 -0.100000
v -1.401677 2.112247 -0.500000
v -1.302388 1.911893 -0.100000
v -1.302388 1.911893 -0.500000
v -1.302033 2.011893 -0.100000
v -1.302033 2.011893 -0.500000
v -1.202744 1.811539 -0.100000
v -1.202744 1.811539 -0.500000
v -1.202389 1.911538 -0.100000
v -1.202389 1.911538 -0.500000
v -0.200000 1.200000 0.200000
v -0.200000 1.200000 0.100000
v -0.200000 1.300000 0.100000
v -0.200000 1.200000 -0.700000
v -0.200000 1.200000 -0.800000
v -0.200000 1.300000 -0.700000
v -0.200000 1.500000 0.100000
v -0.200000 1.500000 -0.700000
v -0.200000 1.800000 0.200000
v -0.200000 1.800000 0.100000
v -0.200000 1.800000 -0.700000
v -0.200000 1.800000 -0.800000
v -0.100000 -0.000000 0.300000
v -0.100000 0.000000 -0.600000
v -0.100000 0.100000 0.300000
v -0.100000 0.100000 -0.600000
v -0.100000 0.300000 0.300000
v -0.100000 0.300000 0.000000
v -0.100000 0.400000 0.000000
v -0.100000 0.400000 -0.600000
v -0.100000 2.100000 0.100000
v -0.100000 2.100000 0.000000
v -0.100000 2.300000 0.100000
v -0.100000 2.300000 0.000000
v -0.000000 2.000000 0.100000
v -0.000000 2.000000 0.000000
v -0.000000 2.100000 0.100000
v -0.000000 2.100000 0.000000
v 0.100000 1.300000 0.200000
v 0.100000 1.300000 0.100000
v 0.100000 1.400000 0.200000
v 0.100000 1.400000 0.100000
v 0.100000 1.500000 0.200000
v 0.100000 1.500000 0.100000
v 0.200000 2.412549 0.600000
v 0.200000 2.412549 0.400000
v 0.200000 2.512549 0.600000
v 0.200000 2.512548 0.400000
v 0.200000 2.512548 0.200000
v 0.200000 2.612549 0.400000
v 0.200000 2.612549 0.200000
v 0.300000 0.200000 0.300000
v 0.300000 0.200000 0.200000
v 0.300000 0.300000 0.300000
v 0.300000 0.300000 0.200000
v 0.300000 0.800000 0.100000
v 0.300000 0.800000 0.000000
v 0.300000 1.300000 0.100000
v 0.300000 1.300000 0.000000
v 0.300000 0.800000 -0.600000
v 0.300000 0.800000 -0.700000
v 0.300000 1.300000 -0.600000
v 0.300000 1.300000 -0.700000
v 0.300000 1.500000 0.100000
v 0.300000 1.500000 0.000000
v 0.300000 1.500000 -0.600000
v 0.300000 1.500000 -0.700000
v 0.300000 1.800000 0.100000
v 0.300000 1.800000 0.000000
v 0.300000 1.800000 -0.600000
v 0.300000 1.800000 -0.700000
v 0.400000 0.800000 0.000000
v 0.400000 0.800000 -0.600000
v 0.400000 1.300000 0.000000
v 0.400000 1.300000 -0.600000
v 0.400000 1.500000 0.000000
v 0.400000 1.500000 -0.600000
v 0.400000 1.800000 0.000000
v 0.400000 1.800000 -0.600000
v 0.400000 1.900000 0.000000
v 0.400000 1.800000 0.100000
v 0.400000 1.800000 -0.700000
v 0.400000 1.900000 -0.600000
v 0.400000 2.200000 0.000000
v 0.400000 2.200000 -0.600000
v 0.400000 2.200000 -0.700000
v 0.400000 2.300000 0.100000
v 0.400000 2.300000 -0.600000
v 0.400000 2.512548 0.200000
v 0.400000 2.512548 -0.200000
v 0.400000 2.612549 0.200000
v 0.400000 2.512548 -0.500000
v 0.400000 2.612549 -0.200000
v 0.400000 2.612549 -0.400000
v 0.400000 2.512548 -0.600000
v 0.400000 2.612549 -0.500000
v 0.400000 2.612549 -0.600000
v 0.400000 3.212549 0.300000
v 0.400000 3.212548 0.200000
v 0.400000 3.312549 0.300000
v 0.400000 3.312549 0.200000
v 0.400000 3.212548 -0.599999
v 0.400000 3.212548 -0.699999
v 0.400000 3.312549 -0.599999
v 0.400000 3.312549 -0.699999
v 0.400000 3.312549 0.100001
v 0.400000 3.412549 0.200001
v 0.400000 3.412549 0.100001
v 0.400000 3.312549 -0.499999
v 0.400000 3.412549 -0.499999
v 0.400000 3.412549 -0.599999
v 0.500000 1.900000 0.000000
v 0.500000 1.900000 -0.100000
v 0.500000 2.100000 -0.100000
v 0.500000 1.900000 -0.500000
v 0.500000 1.900000 -0.600000
v 0.500000 2.100000 -0.500000
v 0.500000 2.200000 0.000000
v 0.500000 2.200000 -0.600000
v 0.500000 2.612549 0.200000
v 0.500000 2.612549 -0.200000
v 0.500000 2.712549 0.200000
v 0.500000 2.712549 -0.100000
v 0.500000 2.612549 -0.400000
v 0.500000 2.712548 -0.200000
v 0.500000 2.612549 -0.600000
v 0.500000 2.712548 -0.400000
v 0.500000 2.812549 -0.600000
v 0.500000 2.912549 0.000000
v 0.500000 2.912549 -0.100000
v 0.500000 2.912549 -0.400000
v 0.500000 2.912549 -0.600000
v 0.500000 2.812549 -0.799999
v 0.500000 2.812549 -0.899999
v 0.500000 2.912549 -0.799999
v 0.500000 2.912549 -0.899999
v 0.500000 3.012548 0.200000
v 0.500000 3.012548 0.000000
v 0.500000 3.012548 -0.200000
v 0.500000 2.912549 -0.700000
v 0.500000 3.012548 -0.600000
v 0.500000 3.012548 -0.700000
v 0.500000 3.012548 0.500000
v 0.500000 3.012548 0.400000
v 0.500000 3.112549 0.500000
v 0.500000 3.112549 0.400000
v 0.500000 3.112548 -0.599999
v 0.500000 3.112549 0.300000
v 0.500000 3.112548 0.200000
v 0.500000 3.212549 0.300000
v 0.500000 3.212548 0.200000
v 0.500000 3.212548 -0.599999
v 0.500000 3.212548 -0.699999
v 0.500000 3.212548 0.100000
v 0.500000 3.312549 0.200000
v 0.500000 3.312549 0.100001
v 0.500000 3.212548 -0.499999
v 0.500000 3.312549 -0.499999
v 0.500000 3.312549 -0.599999
v 0.500000 3.412549 0.100001
v 0.500000 3.412549 -0.499999
v 0.600000 -0.000000 0.300000
v 0.600000 0.000000 -0.600000
v 0.600000 0.100000 0.300000
v 0.600000 0.100000 -0.600000
v 0.600000 0.200000 0.300000
v 0.600000 0.200000 0.200000
v 0.600000 0.300000 0.200000
v 0.600000 0.300000 0.000000
v 0.600000 0.400000 0.000000
v 0.600000 0.400000 -0.600000
v 0.600000 1.900000 -0.100000
v 0.600000 1.900000 -0.500000
v 0.600000 2.100000 -0.100000
v 0.600000 2.100000 -0.500000
v 0.600000 2.712548 -0.200000
v 0.600000 2.712548 -0.400000
v 0.600000 2.912549 -0.400000
v 0.600000 2.812549 -0.699999
v 0.600000 2.812549 -0.799999
v 0.600000 2.912549 -0.700000
v 0.600000 2.912549 -0.799999
v 0.600000 3.012548 -0.200000
v 0.600000 3.012548 -0.400000
v 0.600000 3.012548 0.400000
v 0.600000 3.012548 0.300000
v 0.600000 3.112549 0.400000
v 0.600000 3.112549 0.300000
v 0.600000 3.012548 -0.600000
v 0.600000 3.112548 -0.400000
v 0.600000 3.112548 -0.599999
v 0.600000 3.112548 0.200000
v 0.600000 3.212548 0.200000
v 0.600000 3.212548 0.100000
v 0.600000 3.212548 -0.399999
v 0.600000 3.212548 -0.499999
v 0.600000 3.212548 -0.599999
v 0.600000 3.312549 0.100001
v 0.600000 3.312549 -0.499999
v 0.700000 2.812549 -0.600000
v 0.700000 2.812549 -0.699999
v 0.700000 2.912549 -0.600000
v 0.700000 2.912549 -0.700000
v 0.700000 3.012548 0.300000
v 0.700000 3.012548 0.200000
v 0.700000 3.112549 0.300000
v 0.700000 3.112548 0.200000
v 0.800000 2.912549 -0.400000
v 0.800000 2.912549 -0.600000
v 0.800000 3.012548 -0.400000
v 0.800000 3.012548 -0.600000
v 0.800000 3.012548 0.200000
v 0.800000 3.112548 0.200000
v 0.800000 3.112548 -0.400000
v 1.600000 1.700000 0.000000
v 1.600000 1.700000 -0.100000
v 1.600000 1.800000 0.000000
v 1.600000 1.800000 -0.100000
v 1.700000 1.800000 0.000000
v 1.700000 1.800000 -0.100000
v 1.700000 2.000000 0.000000
v 1.700000 2.000000 -0.100000
v 1.700000 1.800000 -0.500000
v 1.700000 1.800000 -0.600000
v 1.700000 2.000000 -0.500000
v 1.700000 2.000000 -0.600000
v 1.700000 2.100000 -0.100000
v 1.700000 2.100000 -0.500000
v 1.800000 1.700000 -0.100000
v 1.800000 1.700000 -0.500000
v 1.800000 2.000000 -0.100000
v 1.800000 2.000000 -0.500000
v 0.200000 2.412549 0.600000
v 0.100000 2.512549 0.600000
v 0.100000 2.412549 0.600000
v 0.200000 2.512549 0.600000
v 0.500000 3.012548 0.500000
v -0.500000 3.112549 0.500000
v -0.500000 3.012548 0.500000
v 0.500000 3.112549 0.500000
v -0.500000 3.012548 0.400000
v -0.600000 3.112549 0.400000
v -0.600000 3.012548 0.400000
v -0.500000 3.112549 0.400000
v 0.200000 2.512548 0.400000
v 0.100000 2.612549 0.400000
v 0.100000 2.512548 0.400000
v 0.200000 2.612549 0.400000
v 0.600000 3.012548 0.400000
v 0.500000 3.112549 0.400000
v 0.500000 3.012548 0.400000
v 0.600000 3.112549 0.400000
v -0.600000 3.012548 0.300000
v -0.700000 3.112549 0.300000
v -0.700000 3.012548 0.300000
v -0.600000 3.112549 0.300000
v -0.400000 3.212549 0.300000
v -0.500000 3.212549 0.300000
v -0.500000 3.112549 0.300000
v -0.300000 0.200000 0.300000
v -0.600000 0.200000 0.300000
v -0.600000 0.100000 0.300000
v -0.100000 -0.000000 0.300000
v -0.600000 -0.000000 0.300000
v -0.100000 0.100000 0.300000
v -0.300000 0.300000 0.300000
v -0.100000 0.300000 0.300000
v 0.300000 0.200000 0.300000
v 0.100000 0.300000 0.300000
v 0.100000 0.100000 0.300000
v 0.300000 0.300000 0.300000
v 0.400000 3.212549 0.300000
v -0.400000 3.312549 0.300000
v 0.400000 3.312549 0.300000
v 0.500000 3.112549 0.300000
v 0.500000 3.212549 0.300000
v 0.600000 -0.000000 0.300000
v 0.100000 -0.000000 0.300000
v 0.600000 0.100000 0.300000
v 0.600000 0.200000 0.300000
v 0.700000 3.012548 0.300000
v 0.600000 3.112549 0.300000
v 0.600000 3.012548 0.300000
v 0.700000 3.112549 0.300000
v -0.700000 3.012548 0.200000
v -0.800000 3.112548 0.200000
v -0.800000 3.012548 0.200000
v -0.700000 3.112548 0.200000
v -0.500000 3.112548 0.200000
v -0.600000 3.212548 0.200000
v -0.600000 3.112548 0.200000
v -0.500000 3.212548 0.200000
v -0.400000 2.612549 0.200000
v -0.500000 2.712549 0.200000
v -0.500000 2.612549 0.200000
v -0.400000 2.712549 0.200000
v -0.500000 3.012548 0.200000
v -0.400000 3.212548 0.200000
v -0.500000 3.312549 0.200000
v -0.400000 3.312549 0.200000
v -0.300000 0.200000 0.200000
v -0.600000 0.300000 0.200000
v -0.600000 0.200000 0.200000
v -0.300000 0.300000 0.200000
v -0.300000 2.712549 0.200000
v -0.300000 2.912549 0.200000
v -0.300000 3.012548 0.200000
v -0.200000 1.200000 0.200000
v -0.300000 1.800000 0.200000
v -0.300000 1.200000 0.200000
v -0.200000 1.800000 0.200000
v -0.200000 2.612549 0.200000
v -0.400000 2.512548 0.200000
v -0.200000 2.712549 0.200000
v -0.100000 2.712549 0.200000
v -0.100000 2.912549 0.200000
v -0.100000 3.012548 0.200000
v 0.100000 1.300000 0.200000
v -0.100000 1.400000 0.200000
v -0.100000 1.300000 0.200000
v 0.100000 1.400000 0.200000
v -0.100000 1.500000 0.200000
v 0.100000 1.500000 0.200000
v 0.100000 2.512548 0.200000
v 0.100000 2.612549 0.200000
v 0.100000 2.712549 0.200000
v 0.100000 2.912549 0.200000
v 0.100000 3.012548 0.200000
v 0.200000 2.612549 0.200000
v 0.200000 2.712549 0.200000
v 0.300000 2.712549 0.200000
v 0.300000 2.912549 0.200000
v 0.300000 3.012548 0.200000
v 0.400000 2.512548 0.200000
v 0.200000 2.512548 0.200000
v 0.400000 2.612549 0.200000
v 0.400000 2.712549 0.200000
v 0.400000 3.312549 0.200000
v -0.400000 3.412549 0.200001
v 0.400000 3.412549 0.200001
v 0.500000 2.612549 0.200000
v 0.500000 2.712549 0.200000
v 0.500000 3.012548 0.200000
v 0.500000 3.212548 0.200000
v 0.400000 3.212548 0.200000
v 0.500000 3.312549 0.200000
v 0.600000 0.200000 0.200000
v 0.300000 0.300000 0.200000
v 0.300000 0.200000 0.200000
v 0.600000 0.300000 0.200000
v 0.600000 3.112548 0.200000
v 0.500000 3.112548 0.200000
v 0.600000 3.212548 0.200000
v 0.800000 3.012548 0.200000
v 0.700000 3.112548 0.200000
v 0.700000 3.012548 0.200000
v 0.800000 3.112548 0.200000
v -0.500000 3.212548 0.100000
v -0.600000 3.312549 0.100001
v -0.600000 3.212548 0.100000
v -0.500000 3.312549 0.100001
v -0.400000 3.312549 0.100001
v -0.500000 3.412549 0.100001
v -0.400000 3.412549 0.100001
v -0.300000 1.100000 0.100000
v -0.400000 1.800000 0.100000
v -0.400000 1.100000 0.100000
v -0.300000 1.200000 0.100000
v -0.300000 1.800000 0.100000
v -0.400000 2.300000 0.100000
v -0.200000 1.200000 0.100000
v -0.300000 0.800000 0.100000
v -0.200000 1.800000 0.100000
v -0.100000 1.200000 0.100000
v -0.200000 1.300000 0.100000
v -0.100000 1.300000 0.100000
v -0.200000 1.500000 0.100000
v -0.100000 1.400000 0.100000
v -0.100000 1.500000 0.100000
v -0.100000 2.100000 0.100000
v -0.100000 2.300000 0.100000
v -0.000000 0.800000 0.100000
v -0.000000 1.200000 0.100000
v -0.000000 2.000000 0.100000
v -0.000000 2.100000 0.100000
v 0.100000 0.800000 0.100000
v 0.100000 1.300000 0.100000
v 0.100000 1.500000 0.100000
v 0.100000 2.000000 0.100000
v 0.200000 1.800000 0.100000
v 0.100000 2.300000 0.100000
v 0.200000 2.300000 0.100000
v 0.300000 0.800000 0.100000
v 0.300000 1.300000 0.100000
v 0.100000 1.400000 0.100000
v 0.300000 1.500000 0.100000
v 0.300000 1.800000 0.100000
v 0.400000 1.800000 0.100000
v 0.400000 2.300000 0.100000
v 0.500000 3.312549 0.100001
v 0.400000 3.412549 0.100001
v 0.400000 3.312549 0.100001
v 0.500000 3.412549 0.100001
v 0.600000 3.212548 0.100000
v 0.500000 3.212548 0.100000
v 0.600000 3.312549 0.100001
v -1.602741 1.812960 0.000000
v -1.702030 2.013314 0.000000
v -1.702741 1.813315 0.000000
v -1.403098 1.712250 0.000000
v -1.603097 1.712960 0.000000
v -1.402032 2.012248 0.000000
v -0.500000 0.300000 0.000000
v -0.600000 0.400000 0.000000
v -0.600000 0.300000 0.000000
v -0.500000 0.400000 0.000000
v -0.400000 0.300000 0.000000
v -0.400000 0.400000 0.000000
v -0.400000 1.000000 0.000000
v -0.500000 1.200000 0.000000
v -0.500000 1.000000 0.000000
v -0.400000 1.100000 0.000000
v -0.400000 1.200000 0.000000
v -0.400000 1.900000 0.000000
v -0.500000 2.200000 0.000000
v -0.500000 1.900000 0.000000
v -0.400000 2.200000 0.000000
v -0.300000 0.300000 0.000000
v -0.300000 0.400000 0.000000
v -0.300000 0.800000 0.000000
v -0.400000 0.800000 0.000000
v -0.300000 1.100000 0.000000
v -0.200000 0.300000 0.000000
v -0.200000 0.400000 0.000000
v -0.100000 0.300000 0.000000
v -0.100000 0.400000 0.000000
v -0.000000 2.100000 0.000000
v -0.100000 2.300000 0.000000
v -0.100000 2.100000 0.000000
v 0.100000 2.000000 0.000000
v -0.000000 2.000000 0.000000
v 0.100000 2.300000 0.000000
v 0.200000 0.300000 0.000000
v 0.100000 0.400000 0.000000
v 0.100000 0.300000 0.000000
v 0.200000 0.400000 0.000000
v 0.300000 0.300000 0.000000
v 0.300000 0.400000 0.000000
v 0.400000 0.300000 0.000000
v 0.400000 0.400000 0.000000
v 0.400000 0.800000 0.000000
v 0.300000 1.300000 0.000000
v 0.300000 0.800000 0.000000
v 0.400000 1.300000 0.000000
v 0.300000 1.500000 0.000000
v 0.400000 1.500000 0.000000
v 0.300000 1.800000 0.000000
v 0.400000 1.800000 0.000000
v 0.500000 0.300000 0.000000
v 0.500000 0.400000 0.000000
v 0.500000 1.900000 0.000000
v 0.400000 2.200000 0.000000
v 0.400000 1.900000 0.000000
v 0.500000 2.200000 0.000000
v 0.600000 0.300000 0.000000
v 0.600000 0.400000 0.000000
v 1.600000 1.700000 0.000000
v 1.400000 2.000000 0.000000
v 1.400000 1.700000 0.000000
v 1.600000 1.800000 0.000000
v 1.700000 1.800000 0.000000
v 1.700000 2.000000 0.000000
v -1.702741 1.813315 -0.100000
v -1.802030 2.013669 -0.100000
v -1.803095 1.713671 -0.100000
v -1.702030 2.013314 -0.100000
v -1.603097 1.712960 -0.100000
v -1.602741 1.812960 -0.100000
v -1.402032 2.012248 -0.100000
v -1.701675 2.113313 -0.100000
v -1.401677 2.112247 -0.100000
v -1.302388 1.911893 -0.100000
v -1.402743 1.812249 -0.100000
v -1.302033 2.011893 -0.100000
v -1.202744 1.811539 -0.100000
v -1.202389 1.911538 -0.100000
v -0.500000 1.900000 -0.100000
v -0.600000 2.100000 -0.100000
v -0.600000 1.900000 -0.100000
v -0.500000 2.100000 -0.100000
v 0.600000 1.900000 -0.100000
v 0.500000 2.100000 -0.100000
v 0.500000 1.900000 -0.100000
v 0.600000 2.100000 -0.100000
v 1.300000 1.900000 -0.100000
v 1.200000 1.900000 -0.100000
v 1.200000 1.800000 -0.100000
v 1.400000 1.800000 -0.100000
v 1.300000 2.000000 -0.100000
v 1.400000 2.000000 -0.100000
v 1.700000 1.800000 -0.100000
v 1.600000 1.800000 -0.100000
v 1.600000 1.700000 -0.100000
v 1.700000 2.000000 -0.100000
v 1.400000 2.100000 -0.100000
v 1.700000 2.100000 -0.100000
v 1.800000 1.700000 -0.100000
v 1.800000 2.000000 -0.100000
v -0.500000 2.712548 -0.200000
v -0.600000 3.012548 -0.200000
v -0.600000 2.712548 -0.200000
v -0.500000 3.012548 -0.200000
v 0.600000 2.712548 -0.200000
v 0.500000 3.012548 -0.200000
v 0.500000 2.712548 -0.200000
v 0.600000 3.012548 -0.200000
v -0.600000 2.912549 -0.400000
v -0.800000 3.012548 -0.400000
v -0.800000 2.912549 -0.400000
v -0.600000 3.012548 -0.400000
v 0.800000 2.912549 -0.400000
v 0.600000 3.012548 -0.400000
v 0.600000 2.912549 -0.400000
v 0.800000 3.012548 -0.400000
v -0.500000 2.812549 -0.600000
v -0.700000 2.912549 -0.600000
v -0.700000 2.812549 -0.600000
v -0.500000 2.912549 -0.600000
v 0.700000 2.812549 -0.600000
v 0.500000 2.912549 -0.600000
v 0.500000 2.812549 -0.600000
v 0.700000 2.912549 -0.600000
v 0.100000 2.412549 0.400000
v 0.100000 2.512549 0.400000
v 0.200000 2.412549 0.400000
v 0.200000 2.512549 0.400000
v -1.503097 1.712605 -0.100000
v -1.502742 1.812604 -0.100000
v -1.403098 1.712250 -0.100000
v -1.402743 1.812249 -0.100000
v 1.400000 1.700000 -0.100000
v 1.400000 1.800000 -0.100000
v 1.500000 1.700000 -0.100000
v 1.500000 1.800000 -0.100000
v -0.800000 3.012548 -0.400000
v -0.800000 3.112548 -0.400000
v -0.600000 3.012548 -0.400000
v -0.600000 3.112548 -0.400000
v -0.600000 2.712548 -0.400000
v -0.600000 2.912549 -0.400000
v -0.500000 2.712548 -0.400000
v -0.500000 2.912549 -0.400000
v 0.500000 2.712548 -0.400000
v 0.500000 2.912549 -0.400000
v 0.600000 2.712548 -0.400000
v 0.600000 2.912549 -0.400000
v 0.600000 3.012548 -0.400000
v 0.600000 3.112548 -0.400000
v 0.800000 3.012548 -0.400000
v 0.800000 3.112548 -0.400000
v -1.803095 1.713671 -0.500000
v -1.802030 2.013669 -0.500000
v -1.702741 1.813315 -0.500000
v -1.702030 2.013314 -0.500000
v -1.503097 1.712605 -0.500000
v -1.502742 1.812605 -0.500000
v -1.701675 2.113313 -0.500000
v -1.402032 2.012248 -0.500000
v -1.401677 2.112247 -0.500000
v -1.402743 1.812249 -0.500000
v -1.302388 1.911893 -0.500000
v -1.302033 2.011893 -0.500000
v -1.202744 1.811539 -0.500000
v -1.202389 1.911538 -0.500000
v -0.600000 1.900000 -0.500000
v -0.600000 2.100000 -0.500000
v -0.500000 1.900000 -0.500000
v -0.500000 2.100000 -0.500000
v -0.600000 3.212548 -0.499999
v -0.600000 3.312549 -0.499999
v -0.500000 3.212548 -0.499999
v -0.500000 3.312549 -0.499999
v -0.500000 3.412549 -0.499999
v -0.400000 3.312549 -0.499999
v -0.400000 3.412549 -0.499999
v 0.400000 3.312549 -0.499999
v 0.400000 3.412549 -0.499999
v 0.500000 3.312549 -0.499999
v 0.500000 3.412549 -0.499999
v 0.500000 1.900000 -0.500000
v 0.500000 2.100000 -0.500000
v 0.600000 1.900000 -0.500000
v 0.600000 2.100000 -0.500000
v 0.500000 3.212548 -0.499999
v 0.600000 3.212548 -0.499999
v 0.600000 3.312549 -0.499999
v 1.200000 1.800000 -0.500000
v 1.200000 1.900000 -0.500000
v 1.300000 1.900000 -0.500000
v 1.400000 1.800000 -0.500000
v 1.300000 2.000000 -0.500000
v 1.400000 2.000000 -0.500000
v 1.500000 1.700000 -0.500000
v 1.500000 1.800000 -0.500000
v 1.700000 1.800000 -0.500000
v 1.400000 2.100000 -0.500000
v 1.700000 2.000000 -0.500000
v 1.700000 2.100000 -0.500000
v 1.800000 1.700000 -0.500000
v 1.800000 2.000000 -0.500000
v -1.702741 1.813315 -0.600000
v -1.702030 2.013314 -0.600000
v -1.402743 1.812249 -0.600000
v -1.402032 2.012248 -0.600000
v -0.800000 2.912549 -0.600000
v -0.800000 3.012548 -0.600000
v -0.700000 2.912549 -0.600000
v -0.600000 3.012548 -0.600000
v -0.500000 2.912549 -0.600000
v -0.600000 3.112548 -0.599999
v -0.500000 3.012548 -0.600000
v -0.600000 3.212548 -0.599999
v -0.500000 3.112548 -0.599999
v -0.500000 3.212548 -0.599999
v -0.500000 1.000000 -0.600000
v -0.500000 1.200000 -0.600000
v -0.400000 1.000000 -0.600000
v -0.400000 1.100000 -0.600000
v -0.400000 1.200000 -0.600000
v -0.500000 1.900000 -0.600000
v -0.500000 2.200000 -0.600000
v -0.400000 1.900000 -0.600000
v -0.400000 2.200000 -0.600000
v -0.500000 2.612549 -0.600000
v -0.500000 2.812549 -0.600000
v -0.400000 2.612549 -0.600000
v -0.500000 3.312549 -0.599999
v -0.400000 3.212548 -0.599999
v -0.400000 3.312549 -0.599999
v -0.400000 0.800000 -0.600000
v -0.300000 0.800000 -0.600000
v -0.300000 1.100000 -0.600000
v -0.600000 0.000000 -0.600000
v -0.600000 0.100000 -0.600000
v -0.100000 0.000000 -0.600000
v -0.600000 0.400000 -0.600000
v -0.100000 0.100000 -0.600000
v -0.100000 0.400000 -0.600000
v -0.400000 2.300000 -0.600000
v 0.200000 2.200000 -0.600000
v 0.200000 2.300000 -0.600000
v 0.300000 0.800000 -0.600000
v 0.300000 1.300000 -0.600000
v 0.400000 0.800000 -0.600000
v 0.300000 1.500000 -0.600000
v 0.400000 1.300000 -0.600000
v 0.300000 1.800000 -0.600000
v 0.400000 1.500000 -0.600000
v 0.400000 1.800000 -0.600000
v 0.400000 2.200000 -0.600000
v 0.400000 2.300000 -0.600000
v -0.400000 2.512548 -0.600000
v 0.400000 2.512548 -0.600000
v 0.400000 2.612549 -0.600000
v -0.400000 3.412549 -0.599999
v 0.400000 3.312549 -0.599999
v 0.400000 3.412549 -0.599999
v 0.400000 1.900000 -0.600000
v 0.500000 1.900000 -0.600000
v 0.500000 2.200000 -0.600000
v 0.500000 2.612549 -0.600000
v 0.500000 2.812549 -0.600000
v 0.400000 3.212548 -0.599999
v 0.500000 3.212548 -0.599999
v 0.500000 3.312549 -0.599999
v 0.100000 0.000000 -0.600000
v 0.100000 0.100000 -0.600000
v 0.600000 0.000000 -0.600000
v 0.100000 0.400000 -0.600000
v 0.600000 0.100000 -0.600000
v 0.600000 0.400000 -0.600000
v 0.500000 3.012548 -0.600000
v 0.500000 3.112548 -0.599999
v 0.600000 3.012548 -0.600000
v 0.500000 2.912549 -0.600000
v 0.600000 3.112548 -0.599999
v 0.600000 3.212548 -0.599999
v 0.700000 2.912549 -0.600000
v 0.800000 2.912549 -0.600000
v 0.800000 3.012548 -0.600000
v 1.400000 1.800000 -0.600000
v 1.400000 2.000000 -0.600000
v 1.700000 1.800000 -0.600000
v 1.700000 2.000000 -0.600000
v -0.700000 2.812549 -0.699999
v -0.700000 2.912549 -0.700000
v -0.600000 2.812549 -0.699999
v -0.600000 2.912549 -0.700000
v -0.500000 3.012548 -0.700000
v -0.500000 3.212548 -0.699999
v -0.400000 3.212548 -0.699999
v -0.400000 1.100000 -0.700000
v -0.400000 1.800000 -0.700000
v -0.300000 1.100000 -0.700000
v -0.300000 1.200000 -0.700000
v -0.400000 2.200000 -0.700000
v -0.300000 1.800000 -0.700000
v -0.200000 1.200000 -0.700000
v -0.300000 0.800000 -0.700000
v -0.200000 1.800000 -0.700000
v -0.100000 0.800000 -0.700000
v -0.200000 1.300000 -0.700000
v -0.200000 1.500000 -0.700000
v -0.100000 1.300000 -0.700000
v -0.000000 0.800000 -0.700000
v -0.000000 1.200000 -0.700000
v 0.100000 1.200000 -0.700000
v 0.100000 1.300000 -0.700000
v 0.200000 1.800000 -0.700000
v 0.200000 2.200000 -0.700000
v 0.300000 0.800000 -0.700000
v 0.300000 1.300000 -0.700000
v 0.300000 1.500000 -0.700000
v 0.300000 1.800000 -0.700000
v 0.400000 1.800000 -0.700000
v 0.400000 2.200000 -0.700000
v -0.400000 3.312549 -0.699999
v 0.400000 3.212548 -0.699999
v 0.400000 3.312549 -0.699999
v -0.500000 2.912549 -0.700000
v 0.500000 2.912549 -0.700000
v 0.500000 3.012548 -0.700000
v 0.500000 3.212548 -0.699999
v 0.600000 2.812549 -0.699999
v 0.600000 2.912549 -0.700000
v 0.700000 2.812549 -0.699999
v 0.700000 2.912549 -0.700000
v -0.600000 2.812549 -0.799999
v -0.600000 2.912549 -0.799999
v -0.500000 2.812549 -0.799999
v -0.500000 2.912549 -0.799999
v -0.300000 1.200000 -0.800000
v -0.300000 1.800000 -0.800000
v -0.200000 1.200000 -0.800000
v -0.200000 1.800000 -0.800000
v 0.500000 2.812549 -0.799999
v 0.500000 2.912549 -0.799999
v 0.600000 2.812549 -0.799999
v 0.600000 2.912549 -0.799999
v -0.500000 2.812549 -0.899999
v -0.500000 2.912549 -0.899999
v 0.500000 2.812549 -0.899999
v 0.500000 2.912549 -0.899999
v -0.600000 0.000000 -0.600000
v -0.100000 -0.000000 0.300000
v -0.600000 -0.000000 0.300000
v -0.100000 0.000000 -0.600000
v 0.100000 0.000000 -0.600000
v 0.600000 -0.000000 0.300000
v 0.100000 -0.000000 0.300000
v 0.600000 0.000000 -0.600000
v -0.300000 0.800000 0.000000
v -0.000000 0.800000 0.100000
v -0.300000 0.800000 0.100000
v -0.000000 0.800000 0.000000
v 0.100000 0.800000 0.100000
v 0.100000 0.800000 0.000000
v 0.300000 0.800000 0.100000
v 0.300000 0.800000 0.000000
v -0.400000 0.800000 -0.600000
v 0.400000 0.800000 0.000000
v -0.400000 0.800000 0.000000
v -0.300000 0.800000 -0.600000
v -0.100000 0.800000 -0.600000
v -0.000000 0.800000 -0.600000
v 0.300000 0.800000 -0.600000
v 0.400000 0.800000 -0.600000
v -0.300000 0.800000 -0.700000
v -0.100000 0.800000 -0.700000
v -0.000000 0.800000 -0.700000
v 0.300000 0.800000 -0.700000
v -0.500000 1.000000 -0.600000
v -0.400000 1.000000 0.000000
v -0.500000 1.000000 0.000000
v -0.400000 1.000000 -0.600000
v -0.400000 1.100000 0.000000
v -0.300000 1.100000 0.100000
v -0.400000 1.100000 0.100000
v -0.300000 1.100000 0.000000
v -0.400000 1.100000 -0.700000
v -0.300000 1.100000 -0.600000
v -0.400000 1.100000 -0.600000
v -0.300000 1.100000 -0.700000
v -0.300000 1.200000 0.100000
v -0.200000 1.200000 0.200000
v -0.300000 1.200000 0.200000
v -0.200000 1.200000 0.100000
v -0.300000 1.200000 -0.800000
v -0.200000 1.200000 -0.700000
v -0.300000 1.200000 -0.700000
v -0.200000 1.200000 -0.800000
v -0.100000 1.300000 0.100000
v 0.100000 1.300000 0.200000
v -0.100000 1.300000 0.200000
v 0.100000 1.300000 0.100000
v -1.603097 1.712960 -0.100000
v -1.403098 1.712250 0.000000
v -1.603097 1.712960 0.000000
v -1.503097 1.712605 -0.100000
v -1.403098 1.712250 -0.100000
v 1.400000 1.700000 -0.100000
v 1.600000 1.700000 0.000000
v 1.400000 1.700000 0.000000
v 1.500000 1.700000 -0.100000
v 1.600000 1.700000 -0.100000
v -1.803095 1.713671 -0.500000
v -1.803095 1.713671 -0.100000
v -1.503097 1.712605 -0.500000
v 1.500000 1.700000 -0.500000
v 1.800000 1.700000 -0.100000
v 1.800000 1.700000 -0.500000
v 0.300000 1.800000 0.000000
v 0.400000 1.800000 0.100000
v 0.300000 1.800000 0.100000
v 0.400000 1.800000 0.000000
v -1.702741 1.813315 -0.100000
v -1.602741 1.812960 0.000000
v -1.702741 1.813315 0.000000
v -1.602741 1.812960 -0.100000
v 1.600000 1.800000 -0.100000
v 1.700000 1.800000 0.000000
v 1.600000 1.800000 0.000000
v 1.700000 1.800000 -0.100000
v -1.502742 1.812605 -0.500000
v -1.402743 1.812249 -0.100000
v -1.502742 1.812604 -0.100000
v -1.202744 1.811539 -0.100000
v -1.402743 1.812249 -0.500000
v -1.202744 1.811539 -0.500000
v 1.200000 1.800000 -0.500000
v 1.500000 1.800000 -0.100000
v 1.400000 1.800000 -0.100000
v 1.200000 1.800000 -0.100000
v 1.400000 1.800000 -0.500000
v 1.500000 1.800000 -0.500000
v -1.702741 1.813315 -0.600000
v -1.702741 1.813315 -0.500000
v -1.402743 1.812249 -0.600000
v 1.400000 1.800000 -0.600000
v 1.700000 1.800000 -0.500000
v 1.700000 1.800000 -0.600000
v 0.300000 1.800000 -0.700000
v 0.400000 1.800000 -0.600000
v 0.300000 1.800000 -0.600000
v 0.400000 1.800000 -0.700000
v -0.500000 1.900000 -0.100000
v -0.400000 1.900000 0.000000
v -0.500000 1.900000 0.000000
v 0.500000 1.900000 -0.100000
v 0.500000 1.900000 0.000000
v 0.400000 1.900000 0.000000
v -0.600000 1.900000 -0.500000
v -0.600000 1.900000 -0.100000
v -0.500000 1.900000 -0.500000
v 0.500000 1.900000 -0.500000
v 0.600000 1.900000 -0.100000
v 0.600000 1.900000 -0.500000
v -0.500000 1.900000 -0.600000
v -0.400000 1.900000 -0.600000
v 0.400000 1.900000 -0.600000
v 0.500000 1.900000 -0.600000
v 0.100000 2.412549 0.400000
v 0.200000 2.412549 0.600000
v 0.100000 2.412549 0.600000
v 0.200000 2.412549 0.400000
v 0.100000 2.512548 0.200000
v 0.200000 2.512548 0.400000
v 0.100000 2.512548 0.400000
v 0.200000 2.512548 0.200000
v -0.300000 2.512548 0.100000
v -0.400000 2.512548 0.200000
v 0.400000 2.512548 0.200000
v 0.300000 2.512548 0.100000
v -0.400000 2.512548 -0.200000
v -0.300000 2.512548 -0.200000
v 0.300000 2.512548 -0.200000
v 0.400000 2.512548 -0.200000
v -0.400000 2.512548 -0.500000
v 0.400000 2.512548 -0.500000
v -0.400000 2.512548 -0.600000
v 0.400000 2.512548 -0.600000
v -0.500000 2.612549 -0.200000
v -0.400000 2.612549 0.200000
v -0.500000 2.612549 0.200000
v -0.400000 2.612549 -0.200000
v 0.400000 2.612549 -0.200000
v 0.500000 2.612549 0.200000
v 0.400000 2.612549 0.200000
v 0.500000 2.612549 -0.200000
v -0.500000 2.612549 -0.400000
v -0.400000 2.612549 -0.400000
v 0.400000 2.612549 -0.400000
v 0.500000 2.612549 -0.400000
v -0.400000 2.612549 -0.500000
v 0.400000 2.612549 -0.500000
v -0.500000 2.612549 -0.600000
v -0.400000 2.612549 -0.600000
v 0.400000 2.612549 -0.600000
v 0.500000 2.612549 -0.600000
v -0.600000 2.712548 -0.400000
v -0.500000 2.712548 -0.200000
v -0.600000 2.712548 -0.200000
v -0.500000 2.712548 -0.400000
v 0.500000 2.712548 -0.400000
v 0.600000 2.712548 -0.200000
v 0.500000 2.712548 -0.200000
v 0.600000 2.712548 -0.400000
v -0.700000 2.812549 -0.699999
v -0.500000 2.812549 -0.600000
v -0.700000 2.812549 -0.600000
v 0.700000 2.812549 -0.600000
v 0.500000 2.812549 -0.600000
v -0.600000 2.812549 -0.699999
v 0.600000 2.812549 -0.699999
v 0.700000 2.812549 -0.699999
v -0.600000 2.812549 -0.799999
v -0.500000 2.812549 -0.799999
v 0.500000 2.812549 -0.799999
v 0.600000 2.812549 -0.799999
v -0.500000 2.812549 -0.899999
v 0.500000 2.812549 -0.899999
v -0.800000 2.912549 -0.600000
v -0.600000 2.912549 -0.400000
v -0.800000 2.912549 -0.400000
v -0.500000 2.912549 -0.400000
v -0.700000 2.912549 -0.600000
v -0.500000 2.912549 -0.600000
v 0.500000 2.912549 -0.600000
v 0.800000 2.912549 -0.400000
v 0.600000 2.912549 -0.400000
v 0.500000 2.912549 -0.400000
v 0.700000 2.912549 -0.600000
v 0.800000 2.912549 -0.600000
v -0.500000 3.012548 0.400000
v 0.500000 3.012548 0.500000
v -0.500000 3.012548 0.500000
v 0.500000 3.012548 0.400000
v -0.600000 3.012548 0.300000
v -0.600000 3.012548 0.400000
v 0.600000 3.012548 0.400000
v 0.600000 3.012548 0.300000
v -0.700000 3.012548 0.200000
v -0.700000 3.012548 0.300000
v 0.700000 3.012548 0.300000
v -0.500000 3.012548 0.200000
v -0.300000 3.012548 0.200000
v -0.100000 3.012548 0.200000
v 0.100000 3.012548 0.200000
v 0.300000 3.012548 0.200000
v 0.500000 3.012548 0.200000
v 0.700000 3.012548 0.200000
v -0.500000 3.012548 0.000000
v -0.800000 3.012548 0.200000
v 0.500000 3.012548 0.000000
v 0.800000 3.012548 0.200000
v -0.600000 3.012548 -0.200000
v -0.500000 3.012548 -0.200000
v 0.500000 3.012548 -0.200000
v 0.600000 3.012548 -0.200000
v -0.800000 3.012548 -0.400000
v -0.600000 3.012548 -0.400000
v 0.600000 3.012548 -0.400000
v 0.800000 3.012548 -0.400000
v -0.600000 0.200000 0.300000
v -0.300000 0.200000 0.300000
v -0.600000 0.200000 0.200000
v -0.300000 0.200000 0.200000
v 0.300000 0.200000 0.300000
v 0.600000 0.200000 0.300000
v 0.300000 0.200000 0.200000
v 0.600000 0.200000 0.200000
v -0.300000 0.300000 0.300000
v -0.100000 0.300000 0.300000
v -0.300000 0.300000 0.200000
v 0.100000 0.300000 0.300000
v 0.300000 0.300000 0.300000
v 0.300000 0.300000 0.200000
v -0.600000 0.300000 0.200000
v -0.600000 0.300000 0.000000
v -0.500000 0.300000 0.000000
v -0.400000 0.300000 0.000000
v -0.300000 0.300000 0.000000
v -0.200000 0.300000 0.000000
v -0.100000 0.300000 0.000000
v 0.600000 0.300000 0.200000
v 0.100000 0.300000 0.000000
v 0.200000 0.300000 0.000000
v 0.300000 0.300000 0.000000
v 0.400000 0.300000 0.000000
v 0.500000 0.300000 0.000000
v 0.600000 0.300000 0.000000
v -0.600000 0.400000 0.000000
v -0.500000 0.400000 0.000000
v -0.500000 0.400000 -0.100000
v -0.400000 0.400000 0.000000
v -0.300000 0.400000 0.000000
v -0.400000 0.400000 -0.100000
v -0.200000 0.400000 0.000000
v -0.300000 0.400000 -0.100000
v -0.100000 0.400000 0.000000
v -0.200000 0.400000 -0.100000
v 0.100000 0.400000 0.000000
v 0.200000 0.400000 0.000000
v 0.200000 0.400000 -0.100000
v 0.300000 0.400000 0.000000
v 0.400000 0.400000 0.000000
v 0.300000 0.400000 -0.100000
v 0.500000 0.400000 0.000000
v 0.400000 0.400000 -0.100000
v 0.600000 0.400000 0.000000
v 0.500000 0.400000 -0.100000
v -0.500000 0.400000 -0.500000
v -0.200000 0.400000 -0.500000
v 0.200000 0.400000 -0.500000
v 0.500000 0.400000 -0.500000
v -0.600000 0.400000 -0.600000
v -0.100000 0.400000 -0.600000
v 0.100000 0.400000 -0.600000
v 0.600000 0.400000 -0.600000
v -0.500000 1.200000 0.000000
v -0.400000 1.200000 0.000000
v -0.500000 1.200000 -0.600000
v -0.400000 1.200000 -0.600000
v -0.100000 1.500000 0.200000
v 0.100000 1.500000 0.200000
v -0.100000 1.500000 0.100000
v 0.100000 1.500000 0.100000
v -0.300000 1.800000 0.200000
v -0.200000 1.800000 0.200000
v -0.300000 1.800000 0.100000
v -0.200000 1.800000 0.100000
v -0.300000 1.800000 -0.700000
v -0.200000 1.800000 -0.700000
v -0.300000 1.800000 -0.800000
v -0.200000 1.800000 -0.800000
v -1.302388 1.911893 -0.100000
v -1.202389 1.911538 -0.100000
v -1.302388 1.911893 -0.500000
v -1.202389 1.911538 -0.500000
v 1.200000 1.900000 -0.100000
v 1.300000 1.900000 -0.100000
v 1.200000 1.900000 -0.500000
v 1.300000 1.900000 -0.500000
v -0.000000 2.000000 0.100000
v 0.100000 2.000000 0.100000
v -0.000000 2.000000 0.000000
v 0.100000 2.000000 0.000000
v -1.702030 2.013314 0.000000
v -1.402032 2.012248 0.000000
v -1.702030 2.013314 -0.100000
v -1.402032 2.012248 -0.100000
v 1.400000 2.000000 0.000000
v 1.700000 2.000000 0.000000
v 1.400000 2.000000 -0.100000
v 1.700000 2.000000 -0.100000
v -1.802030 2.013669 -0.100000
v -1.802030 2.013669 -0.500000
v -1.702030 2.013314 -0.500000
v -1.302033 2.011893 -0.100000
v -1.402032 2.012248 -0.500000
v -1.302033 2.011893 -0.500000
v 1.300000 2.000000 -0.100000
v 1.300000 2.000000 -0.500000
v 1.400000 2.000000 -0.500000
v 1.800000 2.000000 -0.100000
v 1.700000 2.000000 -0.500000
v 1.800000 2.000000 -0.500000
v -1.702030 2.013314 -0.600000
v -1.402032 2.012248 -0.600000
v 1.400000 2.000000 -0.600000
v 1.700000 2.000000 -0.600000
v -0.100000 2.100000 0.100000
v -0.000000 2.100000 0.100000
v -0.100000 2.100000 0.000000
v -0.000000 2.100000 0.000000
v -1.701675 2.113313 -0.100000
v -1.401677 2.112247 -0.100000
v -1.701675 2.113313 -0.500000
v -1.401677 2.112247 -0.500000
v -0.600000 2.100000 -0.100000
v -0.500000 2.100000 -0.100000
v -0.600000 2.100000 -0.500000
v -0.500000 2.100000 -0.500000
v 0.500000 2.100000 -0.100000
v 0.600000 2.100000 -0.100000
v 0.500000 2.100000 -0.500000
v 0.600000 2.100000 -0.500000
v 1.400000 2.100000 -0.100000
v 1.700000 2.100000 -0.100000
v 1.400000 2.100000 -0.500000
v 1.700000 2.100000 -0.500000
v -0.500000 2.200000 0.000000
v -0.400000 2.200000 0.000000
v -0.500000 2.200000 -0.600000
v -0.400000 2.200000 -0.600000
v 0.400000 2.200000 0.000000
v 0.500000 2.200000 0.000000
v 0.400000 2.200000 -0.600000
v 0.500000 2.200000 -0.600000
v 0.200000 2.200000 -0.600000
v -0.400000 2.200000 -0.700000
v 0.200000 2.200000 -0.700000
v 0.400000 2.200000 -0.700000
v -0.400000 2.300000 0.100000
v -0.100000 2.300000 0.100000
v -0.200000 2.300000 0.000000
v -0.100000 2.300000 0.000000
v 0.100000 2.300000 0.100000
v 0.200000 2.300000 0.100000
v 0.100000 2.300000 0.000000
v 0.400000 2.300000 0.100000
v 0.200000 2.300000 0.000000
v -0.200000 2.300000 -0.500000
v 0.200000 2.300000 -0.500000
v -0.400000 2.300000 -0.600000
v 0.200000 2.300000 -0.600000
v 0.400000 2.300000 -0.600000
v 0.100000 2.512549 0.600000
v 0.200000 2.512549 0.600000
v 0.100000 2.512548 0.400000
v 0.200000 2.512548 0.400000
v 0.100000 2.612549 0.400000
v 0.200000 2.612549 0.400000
v 0.100000 2.612549 0.200000
v 0.200000 2.612549 0.200000
v -0.700000 2.912549 -0.600000
v -0.500000 2.912549 -0.600000
v -0.700000 2.912549 -0.700000
v -0.600000 2.912549 -0.700000
v -0.500000 2.912549 -0.700000
v 0.500000 2.912549 -0.600000
v 0.700000 2.912549 -0.600000
v 0.500000 2.912549 -0.700000
v 0.600000 2.912549 -0.700000
v 0.700000 2.912549 -0.700000
v -0.600000 2.912549 -0.799999
v -0.500000 2.912549 -0.799999
v 0.500000 2.912549 -0.799999
v 0.600000 2.912549 -0.799999
v -0.500000 2.912549 -0.899999
v 0.500000 2.912549 -0.899999
v -0.800000 3.012548 -0.400000
v -0.600000 3.012548 -0.400000
v -0.800000 3.012548 -0.600000
v -0.600000 3.012548 -0.600000
v 0.600000 3.012548 -0.400000
v 0.800000 3.012548 -0.400000
v 0.600000 3.012548 -0.600000
v 0.800000 3.012548 -0.600000
v -0.500000 3.112549 0.500000
v 0.500000 3.112549 0.500000
v -0.500000 3.112549 0.400000
v 0.500000 3.112549 0.400000
v -0.600000 3.112549 0.400000
v -0.600000 3.112549 0.300000
v 0.600000 3.112549 0.400000
v -0.500000 3.112549 0.300000
v 0.500000 3.112549 0.300000
v 0.600000 3.112549 0.300000
v -0.700000 3.112549 0.300000
v -0.700000 3.112548 0.200000
v -0.600000 3.112548 0.200000
v -0.500000 3.112548 0.200000
v 0.500000 3.112548 0.200000
v 0.700000 3.112549 0.300000
v 0.600000 3.112548 0.200000
v 0.700000 3.112548 0.200000
v -0.800000 3.112548 -0.400000
v -0.800000 3.112548 0.200000
v -0.600000 3.112548 -0.400000
v 0.800000 3.112548 0.200000
v 0.600000 3.112548 -0.400000
v 0.800000 3.112548 -0.400000
v -0.500000 3.212549 0.300000
v -0.400000 3.212549 0.300000
v -0.500000 3.212548 0.200000
v -0.400000 3.212548 0.200000
v 0.400000 3.212549 0.300000
v 0.500000 3.212549 0.300000
v 0.400000 3.212548 0.200000
v 0.500000 3.212548 0.200000
v -0.600000 3.212548 0.200000
v -0.600000 3.212548 0.100000
v -0.500000 3.212548 0.100000
v 0.600000 3.212548 0.200000
v 0.500000 3.212548 0.100000
v 0.600000 3.212548 0.100000
v -0.600000 3.212548 -0.499999
v -0.500000 3.212548 -0.499999
v -0.600000 3.212548 -0.599999
v -0.500000 3.212548 -0.599999
v 0.500000 3.212548 -0.499999
v 0.600000 3.212548 -0.499999
v 0.500000 3.212548 -0.599999
v 0.600000 3.212548 -0.599999
v -0.400000 3.212548 -0.599999
v -0.500000 3.212548 -0.699999
v -0.400000 3.212548 -0.699999
v 0.400000 3.212548 -0.599999
v 0.400000 3.212548 -0.699999
v 0.500000 3.212548 -0.699999
v -0.400000 3.312549 0.300000
v 0.400000 3.312549 0.300000
v -0.400000 3.312549 0.200000
v 0.400000 3.312549 0.200000
v -0.500000 3.312549 0.200000
v -0.500000 3.312549 0.100001
v -0.400000 3.312549 0.100001
v 0.500000 3.312549 0.200000
v 0.400000 3.312549 0.100001
v 0.500000 3.312549 0.100001
v -0.600000 3.312549 0.100001
v -0.600000 3.312549 -0.499999
v -0.500000 3.312549 -0.499999
v 0.600000 3.312549 0.100001
v 0.500000 3.312549 -0.499999
v 0.600000 3.312549 -0.499999
v -0.400000 3.312549 -0.499999
v -0.500000 3.312549 -0.599999
v -0.400000 3.312549 -0.599999
v 0.400000 3.312549 -0.499999
v 0.400000 3.312549 -0.599999
v 0.500000 3.312549 -0.599999
v -0.400000 3.312549 -0.699999
v 0.400000 3.312549 -0.699999
v -0.400000 3.412549 0.200001
v 0.400000 3.412549 0.200001
v -0.400000 3.412549 0.100001
v 0.400000 3.412549 0.100001
v -0.500000 3.412549 0.100001
v -0.500000 3.412549 -0.499999
v 0.500000 3.412549 0.100001
v -0.400000 3.412549 -0.499999
v 0.400000 3.412549 -0.499999
v 0.500000 3.412549 -0.499999
v -0.400000 3.412549 -0.599999
v 0.400000 3.412549 -0.599999
vt 0.287109 0.500000
vt 0.287109 0.500000
vt 0.287109 0.500000
vt 0.287109 0.500000
vt 0.287109 0.500000
vt 0.287109 0.500000
vt 0.287109 0.500000
vt 0.287109 0.500000
vt 0.287109 0.500000
vt 0.287109 0.500000
vt 0.287109 0.500000
vt 0.287109 0.500000
vt 0.287109 0.500000
vt 0.287109 0.500000
vt 0.287109 0.500000
vt 0.287109 0.500000
vt 0.287109 0.500000
vt 0.287109 0.500000
vt 0.435547 0.500000
vt 0.435547 0.500000
vt 0.435547 0.500000
vt 0.435547 0.500000
vt 0.435547 0.500000
vt 0.435547 0.500000
vt 0.435547 0.500000
vt 0.435547 0.500000
vt 0.435547 0.500000
vt 0.435547 0.500000
vt 0.435547 0.500000
vt 0.435547 0.500000
vt 0.435547 0.500000
vt 0.435547 0.500000
vt 0.435547 0.500000
vt 0.009766 0.500000
vt 0.009766 0.500000
vt 0.009766 0.500000
vt 0.009766 0.500000
vt 0.005859 0.500000
vt 0.005859 0.500000
vt 0.005859 0.500000
vt 0.005859 0.500000
vt 0.005859 0.500000
vt 0.005859 0.500000
vt 0.005859 0.500000
vt 0.005859 0.500000
vt 0.001953 0.500000
vt 0.001953 0.500000
vt 0.001953 0.500000
vt 0.001953 0.500000
vt 0.287109 0.500000
vt 0.287109 0.500000
vt 0.287109 0.500000
vt 0.435547 0.500000
vt 0.435547 0.500000
vt 0.435547 0.500000
vt 0.435547 0.500000
vt 0.287109 0.500000
vt 0.287109 0.500000
vt 0.435547 0.500000
vt 0.435547 0.500000
vt 0.435547 0.500000
vt 0.435547 0.500000
vt 0.775391 0.500000
vt 0.775391 0.500000
vt 0.775391 0.500000
vt 0.775391 0.500000
vt 0.775391 0.500000
vt 0.775391 0.500000
vt 0.775391 0.500000
vt 0.435547 0.500000
vt 0.435547 0.500000
vt 0.435547 0.500000
vt 0.775391 0.500000
vt 0.435547 0.500000
vt 0.435547 0.500000
vt 0.435547 0.500000
vt 0.435547 0.500000
vt 0.435547 0.500000
vt 0.779297 0.500000
vt 0.779297 0.500000
vt 0.779297 0.500000
vt 0.779297 0.500000
vt 0.001953 0.500000
vt 0.001953 0.500000
vt 0.001953 0.500000
vt 0.001953 0.500000
vt 0.001953 0.500000
vt 0.001953 0.500000
vt 0.001953 0.500000
vt 0.001953 0.500000
vt 0.283203 0.500000
vt 0.283203 0.500000
vt 0.283203 0.500000
vt 0.283203 0.500000
vt 0.287109 0.500000
vt 0.287109 0.500000
vt 0.287109 0.500000
vt 0.283203 0.500000
vt 0.978516 0.500000
vt 0.978516 0.500000
vt 0.978516 0.500000
vt 0.287109 0.500000
vt 0.978516 0.500000
vt 0.287109 0.500000
vt 0.287109 0.500000
vt 0.287109 0.500000
vt 0.978516 0.500000
vt 0.978516 0.500000
vt 0.978516 0.500000
vt 0.287109 0.500000
vt 0.978516 0.500000
vt 0.978516 0.500000
vt 0.435547 0.500000
vt 0.435547 0.500000
vt 0.435547 0.500000
vt 0.435547 0.500000
vt 0.287109 0.500000
vt 0.978516 0.500000
vt 0.978516 0.500000
vt 0.287109 0.500000
vt 0.978516 0.500000
vt 0.775391 0.500000
vt 0.775391 0.500000
vt 0.775391 0.500000
vt 0.775391 0.500000
vt 0.435547 0.500000
vt 0.435547 0.500000
vt 0.435547 0.500000
vt 0.435547 0.500000
vt 0.435547 0.500000
vt 0.435547 0.500000
vt 0.435547 0.500000
vt 0.775391 0.500000
vt 0.775391 0.500000
vt 0.775391 0.500000
vt 0.775391 0.500000
vt 0.435547 0.500000
vt 0.435547 0.500000
vt 0.435547 0.500000
vt 0.435547 0.500000
vt 0.435547 0.500000
vt 0.435547 0.500000
vt 0.435547 0.500000
vt 0.435547 0.500000
vt 0.435547 0.500000
vt 0.435547 0.500000
vt 0.435547 0.500000
vt 0.775391 0.500000
vt 0.775391 0.500000
vt 0.775391 0.500000
vt 0.775391 0.500000
vt 0.779297 0.500000
vt 0.779297 0.500000
vt 0.779297 0.500000
vt 0.779297 0.500000
vt 0.779297 0.500000
vt 0.779297 0.500000
vt 0.779297 0.500000
vt 0.775391 0.500000
vt 0.775391 0.500000
vt 0.775391 0.500000
vt 0.779297 0.500000
vt 0.775391 0.500000
vt 0.779297 0.500000
vt 0.009766 0.500000
vt 0.009766 0.500000
vt 0.009766 0.500000
vt 0.779297 0.500000
vt 0.009766 0.500000
vt 0.779297 0.500000
vt 0.775391 0.500000
vt 0.775391 0.500000
vt 0.775391 0.500000
vt 0.779297 0.500000
vt 0.775391 0.500000
vt 0.779297 0.500000
vt 0.001953 0.500000
vt 0.001953 0.500000
vt 0.001953 0.500000
vt 0.779297 0.500000
vt 0.779297 0.500000
vt 0.001953 0.500000
vt 0.779297 0.500000
vt 0.001953 0.500000
vt 0.001953 0.500000
vt 0.001953 0.500000
vt 0.001953 0.500000
vt 0.001953 0.500000
vt 0.001953 0.500000
vt 0.001953 0.500000
vt 0.001953 0.500000
vt 0.001953 0.500000
vt 0.283203 0.500000
vt 0.283203 0.500000
vt 0.283203 0.500000
vt 0.287109 0.500000
vt 0.287109 0.500000
vt 0.287109 0.500000
vt 0.283203 0.500000
vt 0.287109 0.500000
vt 0.978516 0.500000
vt 0.978516 0.500000
vt 0.978516 0.500000
vt 0.287109 0.500000
vt 0.978516 0.500000
vt 0.435547 0.500000
vt 0.435547 0.500000
vt 0.435547 0.500000
vt 0.435547 0.500000
vt 0.435547 0.500000
vt 0.435547 0.500000
vt 0.435547 0.500000
vt 0.435547 0.500000
vt 0.435547 0.500000
vt 0.435547 0.500000
vt 0.435547 0.500000
vt 0.435547 0.500000
vt 0.435547 0.500000
vt 0.435547 0.500000
vt 0.005859 0.500000
vt 0.005859 0.500000
vt 0.005859 0.500000
vt 0.005859 0.500000
vt 0.775391 0.500000
vt 0.775391 0.500000
vt 0.775391 0.500000
vt 0.775391 0.500000
vt 0.775391 0.500000
vt 0.775391 0.500000
vt 0.775391 0.500000
vt 0.775391 0.500000
vt 0.779297 0.500000
vt 0.779297 0.500000
vt 0.779297 0.500000
vt 0.779297 0.500000
vt 0.779297 0.500000
vt 0.779297 0.500000
vt 0.779297 0.500000
vt 0.779297 0.500000
vt 0.427734 0.500000
vt 0.427734 0.500000
vt 0.427734 0.500000
vt 0.427734 0.500000
vt 0.431641 0.500000
vt 0.431641 0.500000
vt 0.431641 0.500000
vt 0.431641 0.500000
vt 0.009766 0.500000
vt 0.009766 0.500000
vt 0.009766 0.500000
vt 0.009766 0.500000
vt 0.005859 0.500000
vt 0.005859 0.500000
vt 0.005859 0.500000
vt 0.005859 0.500000
vt 0.005859 0.500000
vt 0.005859 0.500000
vt 0.001953 0.500000
vt 0.001953 0.500000
vt 0.001953 0.500000
vt 0.001953 0.500000
vt 0.431641 0.500000
vt 0.431641 0.500000
vt 0.431641 0.500000
vt 0.431641 0.500000
vt 0.431641 0.500000
vt 0.431641 0.500000
vt 0.431641 0.500000
vt 0.287109 0.500000
vt 0.287109 0.500000
vt 0.287109 0.500000
vt 0.287109 0.500000
vt 0.287109 0.500000
vt 0.287109 0.500000
vt 0.287109 0.500000
vt 0.287109 0.500000
vt 0.287109 0.500000
vt 0.287109 0.500000
vt 0.287109 0.500000
vt 0.287109 0.500000
vt 0.287109 0.500000
vt 0.287109 0.500000
vt 0.287109 0.500000
vt 0.287109 0.500000
vt 0.287109 0.500000
vt 0.287109 0.500000
vt 0.287109 0.500000
vt 0.287109 0.500000
vt 0.287109 0.500000
vt 0.287109 0.500000
vt 0.287109 0.500000
vt 0.287109 0.500000
vt 0.287109 0.500000
vt 0.287109 0.500000
vt 0.287109 0.500000
vt 0.287109 0.500000
vt 0.287109 0.500000
vt 0.287109 0.500000
vt 0.287109 0.500000
vt 0.287109 0.500000
vt 0.287109 0.500000
vt 0.287109 0.500000
vt 0.287109 0.500000
vt 0.287109 0.500000
vt 0.287109 0.500000
vt 0.287109 0.500000
vt 0.287109 0.500000
vt 0.287109 0.500000
vt 0.287109 0.500000
vt 0.287109 0.500000
vt 0.287109 0.500000
vt 0.287109 0.500000
vt 0.287109 0.500000
vt 0.287109 0.500000
vt 0.779297 0.500000
vt 0.779297 0.500000
vt 0.779297 0.500000
vt 0.779297 0.500000
vt 0.779297 0.500000
vt 0.779297 0.500000
vt 0.779297 0.500000
vt 0.779297 0.500000
vt 0.779297 0.500000
vt 0.779297 0.500000
vt 0.779297 0.500000
vt 0.779297 0.500000
vt 0.009766 0.500000
vt 0.009766 0.500000
vt 0.009766 0.500000
vt 0.009766 0.500000
vt 0.005859 0.500000
vt 0.005859 0.500000
vt 0.005859 0.500000
vt 0.005859 0.500000
vt 0.005859 0.500000
vt 0.005859 0.500000
vt 0.001953 0.500000
vt 0.001953 0.500000
vt 0.001953 0.500000
vt 0.001953 0.500000
vt 0.001953 0.500000
vt 0.001953 0.500000
vt 0.001953 0.500000
vt 0.001953 0.500000
vt 0.427734 0.500000
vt 0.427734 0.500000
vt 0.427734 0.500000
vt 0.427734 0.500000
vt 0.431641 0.500000
vt 0.431641 0.500000
vt 0.431641 0.500000
vt 0.431641 0.500000
vt 0.431641 0.500000
vt 0.431641 0.500000
vt 0.431641 0.500000
vt 0.431641 0.500000
vt 0.431641 0.500000
vt 0.431641 0.500000
vt 0.431641 0.500000
vt 0.005859 0.500000
vt 0.005859 0.500000
vt 0.005859 0.500000
vt 0.005859 0.500000
vt 0.775391 0.500000
vt 0.775391 0.500000
vt 0.775391 0.500000
vt 0.775391 0.500000
vt 0.775391 0.500000
vt 0.775391 0.500000
vt 0.775391 0.500000
vt 0.775391 0.500000
vt 0.009766 0.500000
vt 0.009766 0.500000
vt 0.009766 0.500000
vt 0.009766 0.500000
vt 0.009766 0.500000
vt 0.009766 0.500000
vt 0.009766 0.500000
vt 0.009766 0.500000
vt 0.775391 0.500000
vt 0.775391 0.500000
vt 0.775391 0.500000
vt 0.775391 0.500000
vt 0.775391 0.500000
vt 0.775391 0.500000
vt 0.775391 0.500000
vt 0.775391 0.500000
vt 0.775391 0.500000
vt 0.775391 0.500000
vt 0.775391 0.500000
vt 0.775391 0.500000
vt 0.009766 0.500000
vt 0.009766 0.500000
vt 0.009766 0.500000
vt 0.009766 0.500000
vt 0.775391 0.500000
vt 0.775391 0.500000
vt 0.775391 0.500000
vt 0.775391 0.500000
vt 0.001953 0.500000
vt 0.001953 0.500000
vt 0.001953 0.500000
vt 0.775391 0.500000
vt 0.775391 0.500000
vt 0.775391 0.500000
vt 0.775391 0.500000
vt 0.001953 0.500000
vt 0.775391 0.500000
vt 0.775391 0.500000
vt 0.775391 0.500000
vt 0.775391 0.500000
vt 0.775391 0.500000
vt 0.283203 0.500000
vt 0.283203 0.500000
vt 0.283203 0.500000
vt 0.287109 0.500000
vt 0.287109 0.500000
vt 0.287109 0.500000
vt 0.283203 0.500000
vt 0.287109 0.500000
vt 0.978516 0.500000
vt 0.978516 0.500000
vt 0.978516 0.500000
vt 0.287109 0.500000
vt 0.978516 0.500000
vt 0.435547 0.500000
vt 0.435547 0.500000
vt 0.435547 0.500000
vt 0.435547 0.500000
vt 0.435547 0.500000
vt 0.435547 0.500000
vt 0.435547 0.500000
vt 0.435547 0.500000
vt 0.435547 0.500000
vt 0.435547 0.500000
vt 0.435547 0.500000
vt 0.435547 0.500000
vt 0.435547 0.500000
vt 0.435547 0.500000
vt 0.001953 0.500000
vt 0.001953 0.500000
vt 0.001953 0.500000
vt 0.001953 0.500000
vt 0.001953 0.500000
vt 0.001953 0.500000
vt 0.001953 0.500000
vt 0.001953 0.500000
vt 0.283203 0.500000
vt 0.283203 0.500000
vt 0.283203 0.500000
vt 0.283203 0.500000
vt 0.287109 0.500000
vt 0.287109 0.500000
vt 0.287109 0.500000
vt 0.283203 0.500000
vt 0.978516 0.500000
vt 0.978516 0.500000
vt 0.978516 0.500000
vt 0.287109 0.500000
vt 0.978516 0.500000
vt 0.287109 0.500000
vt 0.287109 0.500000
vt 0.287109 0.500000
vt 0.978516 0.500000
vt 0.978516 0.500000
vt 0.978516 0.500000
vt 0.287109 0.500000
vt 0.978516 0.500000
vt 0.978516 0.500000
vt 0.435547 0.500000
vt 0.435547 0.500000
vt 0.435547 0.500000
vt 0.435547 0.500000
vt 0.287109 0.500000
vt 0.978516 0.500000
vt 0.978516 0.500000
vt 0.287109 0.500000
vt 0.978516 0.500000
vt 0.775391 0.500000
vt 0.775391 0.500000
vt 0.775391 0.500000
vt 0.775391 0.500000
vt 0.435547 0.500000
vt 0.435547 0.500000
vt 0.435547 0.500000
vt 0.435547 0.500000
vt 0.435547 0.500000
vt 0.435547 0.500000
vt 0.435547 0.500000
vt 0.775391 0.500000
vt 0.775391 0.500000
vt 0.775391 0.500000
vt 0.775391 0.500000
vt 0.435547 0.500000
vt 0.435547 0.500000
vt 0.435547 0.500000
vt 0.435547 0.500000
vt 0.435547 0.500000
vt 0.435547 0.500000
vt 0.435547 0.500000
vt 0.435547 0.500000
vt 0.435547 0.500000
vt 0.435547 0.500000
vt 0.435547 0.500000
vt 0.009766 0.500000
vt 0.009766 0.500000
vt 0.009766 0.500000
vt 0.009766 0.500000
vt 0.005859 0.500000
vt 0.005859 0.500000
vt 0.005859 0.500000
vt 0.005859 0.500000
vt 0.005859 0.500000
vt 0.005859 0.500000
vt 0.005859 0.500000
vt 0.005859 0.500000
vt 0.001953 0.500000
vt 0.001953 0.500000
vt 0.001953 0.500000
vt 0.001953 0.500000
vt 0.287109 0.500000
vt 0.287109 0.500000
vt 0.287109 0.500000
vt 0.435547 0.500000
vt 0.435547 0.500000
vt 0.435547 0.500000
vt 0.435547 0.500000
vt 0.287109 0.500000
vt 0.287109 0.500000
vt 0.435547 0.500000
vt 0.435547 0.500000
vt 0.435547 0.500000
vt 0.435547 0.500000
vt 0.775391 0.500000
vt 0.775391 0.500000
vt 0.775391 0.500000
vt 0.775391 0.500000
vt 0.775391 0.500000
vt 0.775391 0.500000
vt 0.775391 0.500000
vt 0.435547 0.500000
vt 0.435547 0.500000
vt 0.435547 0.500000
vt 0.775391 0.500000
vt 0.435547 0.500000
vt 0.435547 0.500000
vt 0.435547 0.500000
vt 0.435547 0.500000
vt 0.435547 0.500000
vt 0.435547 0.500000
vt 0.435547 0.500000
vt 0.435547 0.500000
vt 0.435547 0.500000
vt 0.435547 0.500000
vt 0.435547 0.500000
vt 0.435547 0.500000
vt 0.435547 0.500000
vt 0.435547 0.500000
vt 0.435547 0.500000
vt 0.435547 0.500000
vt 0.435547 0.500000
vt 0.435547 0.500000
vt 0.435547 0.500000
vt 0.435547 0.500000
vt 0.287109 0.500000
vt 0.287109 0.500000
vt 0.287109 0.500000
vt 0.287109 0.500000
vt 0.287109 0.500000
vt 0.287109 0.500000
vt 0.287109 0.500000
vt 0.287109 0.500000
vt 0.287109 0.500000
vt 0.287109 0.500000
vt 0.287109 0.500000
vt 0.287109 0.500000
vt 0.287109 0.500000
vt 0.287109 0.500000
vt 0.287109 0.500000
vt 0.287109 0.500000
vt 0.287109 0.500000
vt 0.287109 0.500000
vt 0.431641 0.500000
vt 0.431641 0.500000
vt 0.431641 0.500000
vt 0.431641 0.500000
vt 0.435547 0.500000
vt 0.435547 0.500000
vt 0.435547 0.500000
vt 0.435547 0.500000
vt 0.435547 0.500000
vt 0.435547 0.500000
vt 0.435547 0.500000
vt 0.435547 0.500000
vt 0.431641 0.500000
vt 0.431641 0.500000
vt 0.431641 0.500000
vt 0.431641 0.500000
vt 0.435547 0.500000
vt 0.435547 0.500000
vt 0.435547 0.500000
vt 0.435547 0.500000
vt 0.435547 0.500000
vt 0.435547 0.500000
vt 0.435547 0.500000
vt 0.435547 0.500000
vt 0.775391 0.500000
vt 0.775391 0.500000
vt 0.775391 0.500000
vt 0.005859 0.500000
vt 0.005859 0.500000
vt 0.005859 0.500000
vt 0.009766 0.500000
vt 0.009766 0.500000
vt 0.009766 0.500000
vt 0.005859 0.500000
vt 0.005859 0.500000
vt 0.009766 0.500000
vt 0.005859 0.500000
vt 0.005859 0.500000
vt 0.005859 0.500000
vt 0.005859 0.500000
vt 0.005859 0.500000
vt 0.435547 0.500000
vt 0.435547 0.500000
vt 0.435547 0.500000
vt 0.775391 0.500000
vt 0.435547 0.500000
vt 0.775391 0.500000
vt 0.775391 0.500000
vt 0.009766 0.500000
vt 0.009766 0.500000
vt 0.009766 0.500000
vt 0.005859 0.500000
vt 0.009766 0.500000
vt 0.005859 0.500000
vt 0.435547 0.500000
vt 0.435547 0.500000
vt 0.435547 0.500000
vt 0.435547 0.500000
vt 0.435547 0.500000
vt 0.435547 0.500000
vt 0.435547 0.500000
vt 0.435547 0.500000
vt 0.775391 0.500000
vt 0.775391 0.500000
vt 0.775391 0.500000
vt 0.775391 0.500000
vt 0.283203 0.500000
vt 0.283203 0.500000
vt 0.283203 0.500000
vt 0.287109 0.500000
vt 0.287109 0.500000
vt 0.287109 0.500000
vt 0.283203 0.500000
vt 0.435547 0.500000
vt 0.435547 0.500000
vt 0.435547 0.500000
vt 0.435547 0.500000
vt 0.005859 0.500000
vt 0.005859 0.500000
vt 0.005859 0.500000
vt 0.005859 0.500000
vt 0.287109 0.500000
vt 0.287109 0.500000
vt 0.287109 0.500000
vt 0.287109 0.500000
vt 0.779297 0.500000
vt 0.779297 0.500000
vt 0.779297 0.500000
vt 0.779297 0.500000
vt 0.283203 0.500000
vt 0.283203 0.500000
vt 0.287109 0.500000
vt 0.994141 0.500000
vt 0.994141 0.500000
vt 0.994141 0.500000
vt 0.287109 0.500000
vt 0.994141 0.500000
vt 0.283203 0.500000
vt 0.283203 0.500000
vt 0.978516 0.500000
vt 0.978516 0.500000
vt 0.978516 0.500000
vt 0.994141 0.500000
vt 0.978516 0.500000
vt 0.427734 0.500000
vt 0.427734 0.500000
vt 0.427734 0.500000
vt 0.431641 0.500000
vt 0.431641 0.500000
vt 0.431641 0.500000
vt 0.427734 0.500000
vt 0.431641 0.500000
vt 0.283203 0.500000
vt 0.283203 0.500000
vt 0.287109 0.500000
vt 0.287109 0.500000
vt 0.287109 0.500000
vt 0.283203 0.500000
vt 0.287109 0.500000
vt 0.287109 0.500000
vt 0.287109 0.500000
vt 0.283203 0.500000
vt 0.994141 0.500000
vt 0.994141 0.500000
vt 0.994141 0.500000
vt 0.283203 0.500000
vt 0.287109 0.500000
vt 0.287109 0.500000
vt 0.287109 0.500000
vt 0.994141 0.500000
vt 0.978516 0.500000
vt 0.978516 0.500000
vt 0.978516 0.500000
vt 0.994141 0.500000
vt 0.978516 0.500000
vt 0.283203 0.500000
vt 0.283203 0.500000
vt 0.287109 0.500000
vt 0.283203 0.500000
vt 0.287109 0.500000
vt 0.287109 0.500000
vt 0.287109 0.500000
vt 0.435547 0.500000
vt 0.435547 0.500000
vt 0.435547 0.500000
vt 0.283203 0.500000
vt 0.283203 0.500000
vt 0.287109 0.500000
vt 0.283203 0.500000
vt 0.287109 0.500000
vt 0.435547 0.500000
vt 0.435547 0.500000
vt 0.435547 0.500000
vt 0.005859 0.500000
vt 0.005859 0.500000
vt 0.005859 0.500000
vt 0.005859 0.500000
vt 0.775391 0.500000
vt 0.775391 0.500000
vt 0.775391 0.500000
vt 0.775391 0.500000
vt 0.435547 0.500000
vt 0.435547 0.500000
vt 0.435547 0.500000
vt 0.435547 0.500000
vt 0.435547 0.500000
vt 0.435547 0.500000
vt 0.435547 0.500000
vt 0.435547 0.500000
vt 0.435547 0.500000
vt 0.435547 0.500000
vt 0.435547 0.500000
vt 0.779297 0.500000
vt 0.779297 0.500000
vt 0.779297 0.500000
vt 0.779297 0.500000
vt 0.001953 0.500000
vt 0.001953 0.500000
vt 0.001953 0.500000
vt 0.779297 0.500000
vt 0.775391 0.500000
vt 0.775391 0.500000
vt 0.775391 0.500000
vt 0.775391 0.500000
vt 0.001953 0.500000
vt 0.775391 0.500000
vt 0.775391 0.500000
vt 0.009766 0.500000
vt 0.009766 0.500000
vt 0.009766 0.500000
vt 0.775391 0.500000
vt 0.009766 0.500000
vt 0.775391 0.500000
vt 0.775391 0.500000
vt 0.775391 0.500000
vt 0.009766 0.500000
vt 0.001953 0.500000
vt 0.001953 0.500000
vt 0.775391 0.500000
vt 0.779297 0.500000
vt 0.779297 0.500000
vt 0.779297 0.500000
vt 0.775391 0.500000
vt 0.001953 0.500000
vt 0.001953 0.500000
vt 0.779297 0.500000
vt 0.779297 0.500000
vt 0.779297 0.500000
vt 0.775391 0.500000
vt 0.001953 0.500000
vt 0.001953 0.500000
vt 0.001953 0.500000
vt 0.775391 0.500000
vt 0.001953 0.500000
vt 0.775391 0.500000
vt 0.775391 0.500000
vt 0.775391 0.500000
vt 0.009766 0.500000
vt 0.009766 0.500000
vt 0.009766 0.500000
vt 0.775391 0.500000
vt 0.009766 0.500000
vt 0.775391 0.500000
vt 0.775391 0.500000
vt 0.009766 0.500000
vt 0.775391 0.500000
vt 0.775391 0.500000
vt 0.775391 0.500000
vt 0.435547 0.500000
vt 0.435547 0.500000
vt 0.435547 0.500000
vt 0.435547 0.500000
vt 0.435547 0.500000
vt 0.435547 0.500000
vt 0.435547 0.500000
vt 0.287109 0.500000
vt 0.287109 0.500000
vt 0.287109 0.500000
vt 0.287109 0.500000
vt 0.287109 0.500000
vt 0.287109 0.500000
vt 0.005859 0.500000
vt 0.005859 0.500000
vt 0.005859 0.500000
vt 0.005859 0.500000
vt 0.427734 0.500000
vt 0.427734 0.500000
vt 0.427734 0.500000
vt 0.427734 0.500000
vt 0.779297 0.500000
vt 0.779297 0.500000
vt 0.779297 0.500000
vt 0.779297 0.500000
vt 0.779297 0.500000
vt 0.001953 0.500000
vt 0.001953 0.500000
vt 0.001953 0.500000
vt 0.001953 0.500000
vt 0.431641 0.500000
vt 0.431641 0.500000
vt 0.431641 0.500000
vt 0.431641 0.500000
vt 0.775391 0.500000
vt 0.775391 0.500000
vt 0.775391 0.500000
vt 0.775391 0.500000
vt 0.775391 0.500000
vt 0.427734 0.500000
vt 0.427734 0.500000
vt 0.427734 0.500000
vt 0.427734 0.500000
vt 0.005859 0.500000
vt 0.005859 0.500000
vt 0.005859 0.500000
vt 0.005859 0.500000
vt 0.287109 0.500000
vt 0.287109 0.500000
vt 0.287109 0.500000
vt 0.287109 0.500000
vt 0.287109 0.500000
vt 0.287109 0.500000
vt 0.005859 0.500000
vt 0.005859 0.500000
vt 0.005859 0.500000
vt 0.005859 0.500000
vt 0.427734 0.500000
vt 0.427734 0.500000
vt 0.427734 0.500000
vt 0.427734 0.500000
vt 0.431641 0.500000
vt 0.431641 0.500000
vt 0.431641 0.500000
vt 0.431641 0.500000
vt 0.775391 0.500000
vt 0.775391 0.500000
vt 0.775391 0.500000
vt 0.009766 0.500000
vt 0.009766 0.500000
vt 0.009766 0.500000
vt 0.775391 0.500000
vt 0.775391 0.500000
vt 0.775391 0.500000
vt 0.775391 0.500000
vt 0.009766 0.500000
vt 0.775391 0.500000
vt 0.427734 0.500000
vt 0.427734 0.500000
vt 0.427734 0.500000
vt 0.427734 0.500000
vt 0.001953 0.500000
vt 0.001953 0.500000
vt 0.001953 0.500000
vt 0.001953 0.500000
vt 0.005859 0.500000
vt 0.005859 0.500000
vt 0.005859 0.500000
vt 0.005859 0.500000
vt 0.287109 0.500000
vt 0.287109 0.500000
vt 0.287109 0.500000
vt 0.287109 0.500000
vt 0.287109 0.500000
vt 0.287109 0.500000
vt 0.287109 0.500000
vt 0.287109 0.500000
vt 0.287109 0.500000
vt 0.287109 0.500000
vt 0.287109 0.500000
vt 0.287109 0.500000
vt 0.287109 0.500000
vt 0.287109 0.500000
vt 0.287109 0.500000
vt 0.287109 0.500000
vt 0.287109 0.500000
vt 0.287109 0.500000
vt 0.287109 0.500000
vt 0.287109 0.500000
vt 0.001953 0.500000
vt 0.001953 0.500000
vt 0.001953 0.500000
vt 0.001953 0.500000
vt 0.001953 0.500000
vt 0.001953 0.500000
vt 0.001953 0.500000
vt 0.001953 0.500000
vt 0.287109 0.500000
vt 0.287109 0.500000
vt 0.287109 0.500000
vt 0.287109 0.500000
vt 0.287109 0.500000
vt 0.287109 0.500000
vt 0.287109 0.500000
vt 0.287109 0.500000
vt 0.287109 0.500000
vt 0.287109 0.500000
vt 0.287109 0.500000
vt 0.287109 0.500000
vt 0.287109 0.500000
vt 0.287109 0.500000
vt 0.287109 0.500000
vt 0.287109 0.500000
vt 0.287109 0.500000
vt 0.287109 0.500000
vt 0.287109 0.500000
vt 0.287109 0.500000
vt 0.287109 0.500000
vt 0.287109 0.500000
vt 0.435547 0.500000
vt 0.435547 0.500000
vt 0.435547 0.500000
vt 0.435547 0.500000
vt 0.435547 0.500000
vt 0.435547 0.500000
vt 0.435547 0.500000
vt 0.435547 0.500000
vt 0.435547 0.500000
vt 0.435547 0.500000
vt 0.435547 0.500000
vt 0.435547 0.500000
vt 0.435547 0.500000
vt 0.435547 0.500000
vt 0.435547 0.500000
vt 0.435547 0.500000
vt 0.431641 0.500000
vt 0.431641 0.500000
vt 0.431641 0.500000
vt 0.431641 0.500000
vt 0.287109 0.500000
vt 0.287109 0.500000
vt 0.287109 0.500000
vt 0.287109 0.500000
vt 0.287109 0.500000
vt 0.287109 0.500000
vt 0.287109 0.500000
vt 0.287109 0.500000
vt 0.435547 0.500000
vt 0.435547 0.500000
vt 0.435547 0.500000
vt 0.435547 0.500000
vt 0.287109 0.500000
vt 0.287109 0.500000
vt 0.287109 0.500000
vt 0.287109 0.500000
vt 0.287109 0.500000
vt 0.287109 0.500000
vt 0.287109 0.500000
vt 0.287109 0.500000
vt 0.435547 0.500000
vt 0.435547 0.500000
vt 0.435547 0.500000
vt 0.435547 0.500000
vt 0.287109 0.500000
vt 0.287109 0.500000
vt 0.287109 0.500000
vt 0.287109 0.500000
vt 0.287109 0.500000
vt 0.287109 0.500000
vt 0.287109 0.500000
vt 0.287109 0.500000
vt 0.287109 0.500000
vt 0.287109 0.500000
vt 0.287109 0.500000
vt 0.287109 0.500000
vt 0.287109 0.500000
vt 0.287109 0.500000
vt 0.001953 0.500000
vt 0.001953 0.500000
vt 0.001953 0.500000
vt 0.001953 0.500000
vt 0.435547 0.500000
vt 0.435547 0.500000
vt 0.435547 0.500000
vt 0.435547 0.500000
vt 0.435547 0.500000
vt 0.435547 0.500000
vt 0.435547 0.500000
vt 0.435547 0.500000
vt 0.435547 0.500000
vt 0.435547 0.500000
vt 0.435547 0.500000
vt 0.001953 0.500000
vt 0.001953 0.500000
vt 0.001953 0.500000
vt 0.001953 0.500000
vt 0.435547 0.500000
vt 0.435547 0.500000
vt 0.435547 0.500000
vt 0.287109 0.500000
vt 0.287109 0.500000
vt 0.287109 0.500000
vt 0.287109 0.500000
vt 0.287109 0.500000
vt 0.287109 0.500000
vt 0.287109 0.500000
vt 0.287109 0.500000
vt 0.287109 0.500000
vt 0.287109 0.500000
vt 0.287109 0.500000
vt 0.287109 0.500000
vt 0.287109 0.500000
vt 0.287109 0.500000
vt 0.287109 0.500000
vt 0.287109 0.500000
vt 0.287109 0.500000
vt 0.287109 0.500000
vt 0.435547 0.500000
vt 0.435547 0.500000
vt 0.435547 0.500000
vt 0.435547 0.500000
vt 0.435547 0.500000
vt 0.775391 0.500000
vt 0.775391 0.500000
vt 0.775391 0.500000
vt 0.435547 0.500000
vt 0.435547 0.500000
vt 0.435547 0.500000
vt 0.435547 0.500000
vt 0.775391 0.500000
vt 0.435547 0.500000
vt 0.779297 0.500000
vt 0.779297 0.500000
vt 0.779297 0.500000
vt 0.779297 0.500000
vt 0.779297 0.500000
vt 0.001953 0.500000
vt 0.001953 0.500000
vt 0.001953 0.500000
vt 0.001953 0.500000
vt 0.978516 0.500000
vt 0.978516 0.500000
vt 0.978516 0.500000
vt 0.435547 0.500000
vt 0.435547 0.500000
vt 0.435547 0.500000
vt 0.775391 0.500000
vt 0.775391 0.500000
vt 0.775391 0.500000
vt 0.775391 0.500000
vt 0.775391 0.500000
vt 0.009766 0.500000
vt 0.009766 0.500000
vt 0.009766 0.500000
vt 0.005859 0.500000
vt 0.005859 0.500000
vt 0.005859 0.500000
vt 0.009766 0.500000
vt 0.005859 0.500000
vt 0.001953 0.500000
vt 0.001953 0.500000
vt 0.001953 0.500000
vt 0.775391 0.500000
vt 0.775391 0.500000
vt 0.775391 0.500000
vt 0.009766 0.500000
vt 0.009766 0.500000
vt 0.009766 0.500000
vt 0.775391 0.500000
vt 0.775391 0.500000
vt 0.775391 0.500000
vt 0.775391 0.500000
vt 0.009766 0.500000
vt 0.775391 0.500000
vt 0.775391 0.500000
vt 0.775391 0.500000
vt 0.775391 0.500000
vt 0.775391 0.500000
vt 0.978516 0.500000
vt 0.978516 0.500000
vt 0.978516 0.500000
vt 0.435547 0.500000
vt 0.435547 0.500000
vt 0.435547 0.500000
vt 0.001953 0.500000
vt 0.001953 0.500000
vt 0.001953 0.500000
vt 0.001953 0.500000
vt 0.978516 0.500000
vt 0.978516 0.500000
vt 0.435547 0.500000
vt 0.435547 0.500000
vt 0.435547 0.500000
vt 0.009766 0.500000
vt 0.009766 0.500000
vt 0.009766 0.500000
vt 0.005859 0.500000
vt 0.005859 0.500000
vt 0.005859 0.500000
vt 0.009766 0.500000
vt 0.005859 0.500000
vt 0.775391 0.500000
vt 0.775391 0.500000
vt 0.775391 0.500000
vt 0.435547 0.500000
vt 0.435547 0.500000
vt 0.435547 0.500000
vt 0.435547 0.500000
vt 0.435547 0.500000
vt 0.775391 0.500000
vt 0.435547 0.500000
vt 0.435547 0.500000
vt 0.435547 0.500000
vt 0.435547 0.500000
vt 0.287109 0.500000
vt 0.287109 0.500000
vt 0.287109 0.500000
vt 0.287109 0.500000
vt 0.435547 0.500000
vt 0.435547 0.500000
vt 0.435547 0.500000
vt 0.435547 0.500000
vt 0.435547 0.500000
vt 0.435547 0.500000
vt 0.435547 0.500000
vt 0.779297 0.500000
vt 0.779297 0.500000
vt 0.779297 0.500000
vt 0.779297 0.500000
vt 0.001953 0.500000
vt 0.001953 0.500000
vt 0.001953 0.500000
vt 0.779297 0.500000
vt 0.775391 0.500000
vt 0.775391 0.500000
vt 0.775391 0.500000
vt 0.775391 0.500000
vt 0.001953 0.500000
vt 0.775391 0.500000
vt 0.775391 0.500000
vt 0.009766 0.500000
vt 0.009766 0.500000
vt 0.009766 0.500000
vt 0.775391 0.500000
vt 0.779297 0.500000
vt 0.779297 0.500000
vt 0.779297 0.500000
vt 0.779297 0.500000
vt 0.775391 0.500000
vt 0.775391 0.500000
vt 0.775391 0.500000
vt 0.779297 0.500000
vt 0.009766 0.500000
vt 0.779297 0.500000
vt 0.775391 0.500000
vt 0.775391 0.500000
vt 0.775391 0.500000
vt 0.001953 0.500000
vt 0.001953 0.500000
vt 0.775391 0.500000
vt 0.775391 0.500000
vt 0.009766 0.500000
vt 0.775391 0.500000
vt 0.775391 0.500000
vt 0.775391 0.500000
vt 0.009766 0.500000
vt 0.775391 0.500000
vt 0.775391 0.500000
vt 0.775391 0.500000
vt 0.435547 0.500000
vt 0.435547 0.500000
vt 0.435547 0.500000
vt 0.775391 0.500000
vt 0.775391 0.500000
vt 0.775391 0.500000
vt 0.435547 0.500000
vt 0.775391 0.500000
vt 0.435547 0.500000
vt 0.435547 0.500000
vt 0.435547 0.500000
vt 0.435547 0.500000
vt 0.435547 0.500000
vt 0.435547 0.500000
vt 0.435547 0.500000
vt 0.435547 0.500000
vt 0.435547 0.500000
vt 0.779297 0.500000
vt 0.779297 0.500000
vt 0.779297 0.500000
vt 0.779297 0.500000
vt 0.435547 0.500000
vt 0.435547 0.500000
vt 0.435547 0.500000
vt 0.435547 0.500000
vt 0.435547 0.500000
vt 0.435547 0.500000
vt 0.435547 0.500000
vt 0.435547 0.500000
vt 0.009766 0.500000
vt 0.009766 0.500000
vt 0.009766 0.500000
vt 0.009766 0.500000
vt 0.009766 0.500000
vt 0.009766 0.500000
vt 0.009766 0.500000
vt 0.009766 0.500000
vt 0.775391 0.500000
vt 0.775391 0.500000
vt 0.775391 0.500000
vt 0.779297 0.500000
vt 0.779297 0.500000
vt 0.779297 0.500000
vt 0.775391 0.500000
vt 0.775391 0.500000
vt 0.775391 0.500000
vt 0.775391 0.500000
vt 0.779297 0.500000
vt 0.775391 0.500000
vt 0.775391 0.500000
vt 0.775391 0.500000
vt 0.775391 0.500000
vt 0.775391 0.500000
vt 0.775391 0.500000
vt 0.775391 0.500000
vt 0.775391 0.500000
vt 0.775391 0.500000
vt 0.775391 0.500000
vt 0.779297 0.500000
vt 0.779297 0.500000
vt 0.779297 0.500000
vt 0.775391 0.500000
vt 0.775391 0.500000
vt 0.779297 0.500000
vt 0.775391 0.500000
vt 0.779297 0.500000
vt 0.779297 0.500000
vt 0.779297 0.500000
vt 0.779297 0.500000
vt 0.779297 0.500000
vt 0.779297 0.500000
vt 0.779297 0.500000
vt 0.779297 0.500000
vt 0.779297 0.500000
vt 0.779297 0.500000
vt 0.779297 0.500000
vt 0.779297 0.500000
vt 0.779297 0.500000
vt 0.779297 0.500000
vt 0.779297 0.500000
vt 0.779297 0.500000
vt 0.779297 0.500000
vt 0.779297 0.500000
vt 0.779297 0.500000
vt 0.779297 0.500000
vt 0.427734 0.500000
vt 0.427734 0.500000
vt 0.427734 0.500000
vt 0.427734 0.500000
vt 0.287109 0.500000
vt 0.287109 0.500000
vt 0.287109 0.500000
vt 0.287109 0.500000
vt 0.287109 0.500000
vt 0.287109 0.500000
vt 0.287109 0.500000
vt 0.287109 0.500000
vt 0.287109 0.500000
vt 0.287109 0.500000
vt 0.287109 0.500000
vt 0.287109 0.500000
vt 0.287109 0.500000
vt 0.287109 0.500000
vt 0.287109 0.500000
vt 0.287109 0.500000
vt 0.775391 0.500000
vt 0.775391 0.500000
vt 0.775391 0.500000
vt 0.775391 0.500000
vt 0.287109 0.500000
vt 0.287109 0.500000
vt 0.287109 0.500000
vt 0.287109 0.500000
vt 0.287109 0.500000
vt 0.287109 0.500000
vt 0.287109 0.500000
vt 0.287109 0.500000
vt 0.287109 0.500000
vt 0.287109 0.500000
vt 0.287109 0.500000
vt 0.287109 0.500000
vt 0.287109 0.500000
vt 0.287109 0.500000
vt 0.287109 0.500000
vt 0.287109 0.500000
vt 0.287109 0.500000
vt 0.287109 0.500000
vt 0.287109 0.500000
vt 0.287109 0.500000
vt 0.287109 0.500000
vt 0.287109 0.500000
vt 0.287109 0.500000
vt 0.287109 0.500000
vt 0.287109 0.500000
vt 0.287109 0.500000
vt 0.775391 0.500000
vt 0.775391 0.500000
vt 0.775391 0.500000
vt 0.775391 0.500000
vt 0.001953 0.500000
vt 0.001953 0.500000
vt 0.001953 0.500000
vt 0.001953 0.500000
vt 0.001953 0.500000
vt 0.001953 0.500000
vt 0.001953 0.500000
vt 0.001953 0.500000
vt 0.001953 0.500000
vt 0.001953 0.500000
vt 0.001953 0.500000
vt 0.001953 0.500000
vt 0.001953 0.500000
vt 0.001953 0.500000
vt 0.001953 0.500000
vt 0.001953 0.500000
vt 0.431641 0.500000
vt 0.431641 0.500000
vt 0.431641 0.500000
vt 0.431641 0.500000
vt 0.431641 0.500000
vt 0.431641 0.500000
vt 0.431641 0.500000
vt 0.431641 0.500000
vt 0.283203 0.500000
vt 0.283203 0.500000
vt 0.283203 0.500000
vt 0.283203 0.500000
vt 0.283203 0.500000
vt 0.283203 0.500000
vt 0.283203 0.500000
vt 0.287109 0.500000
vt 0.287109 0.500000
vt 0.287109 0.500000
vt 0.283203 0.500000
vt 0.283203 0.500000
vt 0.287109 0.500000
vt 0.283203 0.500000
vt 0.287109 0.500000
vt 0.287109 0.500000
vt 0.287109 0.500000
vt 0.287109 0.500000
vt 0.978516 0.500000
vt 0.978516 0.500000
vt 0.978516 0.500000
vt 0.978516 0.500000
vt 0.283203 0.500000
vt 0.283203 0.500000
vt 0.283203 0.500000
vt 0.283203 0.500000
vt 0.283203 0.500000
vt 0.283203 0.500000
vt 0.283203 0.500000
vt 0.283203 0.500000
vt 0.287109 0.500000
vt 0.287109 0.500000
vt 0.287109 0.500000
vt 0.287109 0.500000
vt 0.287109 0.500000
vt 0.287109 0.500000
vt 0.287109 0.500000
vt 0.287109 0.500000
vt 0.978516 0.500000
vt 0.978516 0.500000
vt 0.978516 0.500000
vt 0.978516 0.500000
vt 0.978516 0.500000
vt 0.978516 0.500000
vt 0.978516 0.500000
vt 0.978516 0.500000
vt 0.978516 0.500000
vt 0.978516 0.500000
vt 0.287109 0.500000
vt 0.287109 0.500000
vt 0.287109 0.500000
vt 0.287109 0.500000
vt 0.287109 0.500000
vt 0.287109 0.500000
vt 0.287109 0.500000
vt 0.287109 0.500000
vt 0.435547 0.500000
vt 0.435547 0.500000
vt 0.435547 0.500000
vt 0.435547 0.500000
vt 0.435547 0.500000
vt 0.435547 0.500000
vt 0.435547 0.500000
vt 0.435547 0.500000
vt 0.435547 0.500000
vt 0.435547 0.500000
vt 0.435547 0.500000
vt 0.435547 0.500000
vt 0.435547 0.500000
vt 0.435547 0.500000
vt 0.435547 0.500000
vt 0.435547 0.500000
vt 0.435547 0.500000
vt 0.435547 0.500000
vt 0.435547 0.500000
vt 0.435547 0.500000
vt 0.435547 0.500000
vt 0.435547 0.500000
vt 0.435547 0.500000
vt 0.435547 0.500000
vt 0.435547 0.500000
vt 0.435547 0.500000
vt 0.435547 0.500000
vt 0.435547 0.500000
vt 0.435547 0.500000
vt 0.435547 0.500000
vt 0.435547 0.500000
vt 0.435547 0.500000
vt 0.435547 0.500000
vt 0.435547 0.500000
vt 0.435547 0.500000
vt 0.435547 0.500000
vt 0.435547 0.500000
vt 0.435547 0.500000
vt 0.435547 0.500000
vt 0.435547 0.500000
vt 0.435547 0.500000
vt 0.435547 0.500000
vt 0.435547 0.500000
vt 0.435547 0.500000
vt 0.435547 0.500000
vt 0.435547 0.500000
vt 0.435547 0.500000
vt 0.435547 0.500000
vt 0.435547 0.500000
vt 0.435547 0.500000
vt 0.435547 0.500000
vt 0.435547 0.500000
vt 0.435547 0.500000
vt 0.435547 0.500000
vt 0.435547 0.500000
vt 0.435547 0.500000
vt 0.005859 0.500000
vt 0.005859 0.500000
vt 0.005859 0.500000
vt 0.005859 0.500000
vt 0.005859 0.500000
vt 0.005859 0.500000
vt 0.005859 0.500000
vt 0.005859 0.500000
vt 0.005859 0.500000
vt 0.005859 0.500000
vt 0.005859 0.500000
vt 0.005859 0.500000
vt 0.005859 0.500000
vt 0.005859 0.500000
vt 0.005859 0.500000
vt 0.005859 0.500000
vt 0.005859 0.500000
vt 0.005859 0.500000
vt 0.005859 0.500000
vt 0.005859 0.500000
vt 0.005859 0.500000
vt 0.005859 0.500000
vt 0.005859 0.500000
vt 0.005859 0.500000
vt 0.005859 0.500000
vt 0.005859 0.500000
vt 0.005859 0.500000
vt 0.005859 0.500000
vt 0.005859 0.500000
vt 0.005859 0.500000
vt 0.005859 0.500000
vt 0.427734 0.500000
vt 0.427734 0.500000
vt 0.427734 0.500000
vt 0.431641 0.500000
vt 0.431641 0.500000
vt 0.431641 0.500000
vt 0.427734 0.500000
vt 0.427734 0.500000
vt 0.427734 0.500000
vt 0.427734 0.500000
vt 0.431641 0.500000
vt 0.005859 0.500000
vt 0.005859 0.500000
vt 0.005859 0.500000
vt 0.427734 0.500000
vt 0.005859 0.500000
vt 0.005859 0.500000
vt 0.005859 0.500000
vt 0.427734 0.500000
vt 0.427734 0.500000
vt 0.427734 0.500000
vt 0.431641 0.500000
vt 0.431641 0.500000
vt 0.431641 0.500000
vt 0.427734 0.500000
vt 0.427734 0.500000
vt 0.427734 0.500000
vt 0.427734 0.500000
vt 0.431641 0.500000
vt 0.005859 0.500000
vt 0.005859 0.500000
vt 0.005859 0.500000
vt 0.427734 0.500000
vt 0.005859 0.500000
vt 0.287109 0.500000
vt 0.287109 0.500000
vt 0.287109 0.500000
vt 0.287109 0.500000
vt 0.287109 0.500000
vt 0.005859 0.500000
vt 0.287109 0.500000
vt 0.287109 0.500000
vt 0.287109 0.500000
vt 0.287109 0.500000
vt 0.287109 0.500000
vt 0.287109 0.500000
vt 0.005859 0.500000
vt 0.005859 0.500000
vt 0.287109 0.500000
vt 0.005859 0.500000
vt 0.005859 0.500000
vt 0.005859 0.500000
vt 0.005859 0.500000
vt 0.779297 0.500000
vt 0.779297 0.500000
vt 0.779297 0.500000
vt 0.779297 0.500000
vt 0.431641 0.500000
vt 0.431641 0.500000
vt 0.431641 0.500000
vt 0.431641 0.500000
vt 0.779297 0.500000
vt 0.779297 0.500000
vt 0.779297 0.500000
vt 0.779297 0.500000
vt 0.779297 0.500000
vt 0.779297 0.500000
vt 0.779297 0.500000
vt 0.779297 0.500000
vt 0.287109 0.500000
vt 0.287109 0.500000
vt 0.287109 0.500000
vt 0.287109 0.500000
vt 0.287109 0.500000
vt 0.287109 0.500000
vt 0.287109 0.500000
vt 0.287109 0.500000
vt 0.001953 0.500000
vt 0.001953 0.500000
vt 0.001953 0.500000
vt 0.001953 0.500000
vt 0.287109 0.500000
vt 0.287109 0.500000
vt 0.287109 0.500000
vt 0.287109 0.500000
vt 0.287109 0.500000
vt 0.287109 0.500000
vt 0.287109 0.500000
vt 0.287109 0.500000
vt 0.287109 0.500000
vt 0.287109 0.500000
vt 0.287109 0.500000
vt 0.287109 0.500000
vt 0.287109 0.500000
vt 0.287109 0.500000
vt 0.287109 0.500000
vt 0.287109 0.500000
vt 0.287109 0.500000
vt 0.287109 0.500000
vt 0.287109 0.500000
vt 0.287109 0.500000
vt 0.287109 0.500000
vt 0.287109 0.500000
vt 0.287109 0.500000
vt 0.287109 0.500000
vt 0.001953 0.500000
vt 0.001953 0.500000
vt 0.001953 0.500000
vt 0.001953 0.500000
vt 0.287109 0.500000
vt 0.287109 0.500000
vt 0.287109 0.500000
vt 0.287109 0.500000
vt 0.001953 0.500000
vt 0.001953 0.500000
vt 0.001953 0.500000
vt 0.001953 0.500000
vt 0.001953 0.500000
vt 0.001953 0.500000
vt 0.001953 0.500000
vt 0.001953 0.500000
vt 0.287109 0.500000
vt 0.287109 0.500000
vt 0.287109 0.500000
vt 0.287109 0.500000
vt 0.001953 0.500000
vt 0.001953 0.500000
vt 0.001953 0.500000
vt 0.001953 0.500000
vt 0.001953 0.500000
vt 0.001953 0.500000
vt 0.001953 0.500000
vt 0.001953 0.500000
vt 0.001953 0.500000
vt 0.001953 0.500000
vt 0.775391 0.500000
vt 0.775391 0.500000
vt 0.775391 0.500000
vt 0.001953 0.500000
vt 0.775391 0.500000
vt 0.001953 0.500000
vt 0.001953 0.500000
vt 0.001953 0.500000
vt 0.001953 0.500000
vt 0.001953 0.500000
vt 0.001953 0.500000
vt 0.001953 0.500000
vt 0.775391 0.500000
vt 0.775391 0.500000
vt 0.775391 0.500000
vt 0.001953 0.500000
vt 0.287109 0.500000
vt 0.287109 0.500000
vt 0.287109 0.500000
vt 0.287109 0.500000
vt 0.287109 0.500000
vt 0.001953 0.500000
vt 0.775391 0.500000
vt 0.287109 0.500000
vt 0.001953 0.500000
vt 0.001953 0.500000
vt 0.775391 0.500000
vt 0.001953 0.500000
vt 0.775391 0.500000
vt 0.431641 0.500000
vt 0.431641 0.500000
vt 0.431641 0.500000
vt 0.431641 0.500000
vt 0.431641 0.500000
vt 0.431641 0.500000
vt 0.431641 0.500000
vt 0.431641 0.500000
vt 0.435547 0.500000
vt 0.435547 0.500000
vt 0.435547 0.500000
vt 0.435547 0.500000
vt 0.435547 0.500000
vt 0.435547 0.500000
vt 0.435547 0.500000
vt 0.435547 0.500000
vt 0.435547 0.500000
vt 0.435547 0.500000
vt 0.435547 0.500000
vt 0.435547 0.500000
vt 0.435547 0.500000
vt 0.435547 0.500000
vt 0.435547 0.500000
vt 0.435547 0.500000
vt 0.435547 0.500000
vt 0.435547 0.500000
vt 0.435547 0.500000
vt 0.435547 0.500000
vt 0.435547 0.500000
vt 0.435547 0.500000
vt 0.435547 0.500000
vt 0.435547 0.500000
vt 0.435547 0.500000
vt 0.435547 0.500000
vt 0.435547 0.500000
vt 0.435547 0.500000
vt 0.435547 0.500000
vt 0.435547 0.500000
vt 0.435547 0.500000
vt 0.435547 0.500000
vt 0.435547 0.500000
vt 0.435547 0.500000
vt 0.435547 0.500000
vt 0.435547 0.500000
vt 0.435547 0.500000
vt 0.435547 0.500000
vt 0.435547 0.500000
vt 0.435547 0.500000
vt 0.435547 0.500000
vt 0.435547 0.500000
vt 0.435547 0.500000
vt 0.435547 0.500000
vt 0.435547 0.500000
vt 0.435547 0.500000
vt 0.435547 0.500000
vt 0.435547 0.500000
vt 0.775391 0.500000
vt 0.775391 0.500000
vt 0.775391 0.500000
vt 0.775391 0.500000
vt 0.775391 0.500000
vt 0.775391 0.500000
vt 0.775391 0.500000
vt 0.775391 0.500000
vt 0.775391 0.500000
vt 0.775391 0.500000
vt 0.775391 0.500000
vt 0.775391 0.500000
vt 0.775391 0.500000
vt 0.775391 0.500000
vt 0.435547 0.500000
vt 0.435547 0.500000
vt 0.435547 0.500000
vt 0.435547 0.500000
vt 0.435547 0.500000
vt 0.435547 0.500000
vt 0.435547 0.500000
vt 0.435547 0.500000
vt 0.435547 0.500000
vt 0.435547 0.500000
vt 0.435547 0.500000
vt 0.435547 0.500000
vt 0.435547 0.500000
vt 0.435547 0.500000
vt 0.435547 0.500000
vt 0.435547 0.500000
vt 0.435547 0.500000
vt 0.435547 0.500000
vt 0.435547 0.500000
vt 0.435547 0.500000
vt 0.435547 0.500000
vt 0.435547 0.500000
vt 0.435547 0.500000
vt 0.435547 0.500000
vt 0.435547 0.500000
vt 0.435547 0.500000
vt 0.435547 0.500000
vt 0.435547 0.500000
vt 0.435547 0.500000
vt 0.435547 0.500000
vt 0.435547 0.500000
vt 0.435547 0.500000
vt 0.435547 0.500000
vt 0.435547 0.500000
vt 0.435547 0.500000
vt 0.435547 0.500000
vt 0.435547 0.500000
vt 0.435547 0.500000
vt 0.435547 0.500000
vt 0.435547 0.500000
vt 0.435547 0.500000
vt 0.435547 0.500000
vt 0.435547 0.500000
vt 0.435547 0.500000
vt 0.435547 0.500000
vt 0.435547 0.500000
vt 0.435547 0.500000
vt 0.435547 0.500000
vt 0.435547 0.500000
vt 0.435547 0.500000
vn -1.0000 0.0036 0.0000
vn -1.0000 0.0035 0.0000
vn -1.0000 0.0000 0.0000
vn 1.0000 -0.0036 -0.0000
vn 1.0000 -0.0000 0.0000
vn 0.0000 0.0000 1.0000
vn 0.0000 0.0000 -1.0000
vn 0.0000 -1.0000 -0.0000
vn -0.0036 -1.0000 -0.0000
vn 0.0000 1.0000 0.0000
vn 0.0036 1.0000 0.0000
usemtl palette
s 1
f 1/1/1 2/2/1 3/3/1
f 4/4/1 2/2/1 1/1/1
f 5/5/1 6/6/1 7/7/1
f 8/8/1 6/6/1 5/5/1
f 9/9/1 10/10/1 11/11/1
f 12/12/1 10/10/1 9/9/1
f 13/13/1 9/9/1 8/8/1
f 14/14/1 9/9/1 13/13/1
f 15/15/1 16/16/1 17/17/2
f 18/18/1 16/16/1 15/15/1
f 19/19/3 20/20/3 21/21/3
f 22/22/3 20/20/3 19/19/3
f 23/23/3 19/19/3 24/24/3
f 25/25/3 19/19/3 23/23/3
f 26/26/3 27/27/3 28/28/3
f 29/29/3 27/27/3 26/26/3
f 30/30/3 31/31/3 32/32/3
f 33/33/3 31/31/3 30/30/3
f 34/34/3 35/35/3 36/36/3
f 37/37/3 35/35/3 34/34/3
f 38/38/3 37/39/3 34/40/3
f 39/41/3 37/39/3 38/38/3
f 40/42/3 37/39/3 39/41/3
f 41/43/3 37/39/3 40/42/3
f 42/44/3 37/39/3 41/43/3
f 43/45/3 37/39/3 42/44/3
f 44/46/3 45/47/3 46/48/3
f 47/49/3 45/47/3 44/46/3
f 48/50/3 49/51/3 50/52/3
f 51/53/3 52/54/3 53/55/3
f 54/56/3 52/54/3 51/53/3
f 55/57/3 48/50/3 50/52/3
f 56/58/3 48/50/3 55/57/3
f 57/59/3 58/60/3 59/61/3
f 60/62/3 58/60/3 57/59/3
f 61/63/3 62/64/3 56/65/3
f 63/66/3 62/64/3 61/63/3
f 64/67/3 61/63/3 65/68/3
f 66/69/3 61/63/3 64/67/3
f 67/70/3 63/71/3 61/72/3
f 67/73/3 61/63/3 66/69/3
f 68/74/3 63/71/3 67/70/3
f 69/75/3 63/71/3 68/74/3
f 70/76/3 67/70/3 66/77/3
f 70/76/3 68/74/3 67/70/3
f 71/78/3 68/74/3 70/76/3
f 72/79/3 73/80/3 74/81/3
f 75/82/3 73/80/3 72/79/3
f 76/83/3 77/84/3 78/85/3
f 79/86/3 80/87/3 81/88/3
f 82/89/3 76/83/3 78/85/3
f 82/89/3 79/86/3 76/83/3
f 83/90/3 80/87/3 79/86/3
f 83/90/3 79/86/3 82/89/3
f 84/91/3 85/92/3 86/93/3
f 87/94/3 85/92/3 84/91/3
f 88/95/3 89/96/3 85/97/3
f 88/98/3 85/92/3 87/94/3
f 90/99/3 91/100/3 89/101/3
f 90/102/3 89/96/3 88/95/3
f 92/103/3 91/100/3 90/99/3
f 93/104/3 87/105/3 84/106/3
f 94/107/3 88/108/3 87/109/3
f 94/110/3 87/105/3 93/104/3
f 95/111/3 92/103/3 90/99/3
f 96/112/3 92/103/3 95/111/3
f 97/113/3 98/114/3 99/115/3
f 100/116/3 98/114/3 97/113/3
f 101/117/3 93/104/3 84/106/3
f 102/118/3 94/107/3 93/119/3
f 102/120/3 93/104/3 101/117/3
f 103/121/3 88/108/3 94/107/3
f 103/121/3 94/107/3 102/118/3
f 104/122/3 105/123/3 96/124/3
f 106/125/3 105/123/3 104/122/3
f 107/126/3 108/127/3 109/128/3
f 110/129/3 108/127/3 107/126/3
f 111/130/3 106/131/3 104/132/3
f 112/133/3 113/134/3 114/135/3
f 115/136/3 113/134/3 112/133/3
f 116/137/3 106/131/3 111/130/3
f 117/138/3 106/131/3 116/137/3
f 118/139/3 119/140/3 115/141/3
f 120/142/3 119/140/3 118/139/3
f 121/143/3 116/137/3 122/144/3
f 123/145/3 116/137/3 121/143/3
f 124/146/3 121/143/3 120/142/3
f 125/147/3 121/143/3 124/146/3
f 126/148/3 127/149/3 128/150/3
f 129/151/3 127/149/3 126/148/3
f 130/152/3 131/153/3 132/154/3
f 133/155/3 134/156/3 135/157/3
f 136/158/3 130/152/3 132/154/3
f 136/159/3 133/160/3 130/161/3
f 137/162/3 134/156/3 133/155/3
f 137/163/3 133/160/3 136/159/3
f 138/164/3 136/158/3 132/154/3
f 138/165/3 137/166/3 136/167/3
f 139/168/3 134/156/3 137/162/3
f 139/169/3 137/166/3 138/165/3
f 140/170/3 138/164/3 132/154/3
f 140/171/3 139/172/3 138/173/3
f 141/174/3 134/156/3 139/168/3
f 141/175/3 139/172/3 140/171/3
f 142/176/3 140/170/3 132/154/3
f 143/177/3 141/178/3 140/179/3
f 143/180/3 140/170/3 142/176/3
f 144/181/3 134/156/3 141/174/3
f 144/182/3 141/178/3 143/177/3
f 145/183/3 134/156/3 144/181/3
f 146/184/3 143/177/3 142/185/3
f 146/184/3 144/182/3 143/177/3
f 146/184/3 145/186/3 144/182/3
f 147/187/3 145/186/3 146/184/3
f 148/188/3 146/184/3 142/185/3
f 149/189/3 145/186/3 147/187/3
f 150/190/3 145/186/3 149/189/3
f 151/191/3 148/188/3 142/185/3
f 151/191/3 149/189/3 148/188/3
f 152/192/3 149/189/3 151/191/3
f 153/193/3 154/194/3 155/195/3
f 156/196/3 157/197/3 154/198/3
f 156/199/3 154/194/3 153/193/3
f 158/200/3 157/197/3 156/196/3
f 159/201/3 160/202/3 157/203/3
f 159/204/3 157/197/3 158/200/3
f 161/205/3 160/202/3 159/201/3
f 162/206/3 163/207/3 164/208/3
f 165/209/3 163/207/3 162/206/3
f 166/210/3 167/211/3 168/212/3
f 169/213/3 167/211/3 166/210/3
f 170/214/3 171/215/3 165/209/3
f 172/216/3 171/215/3 170/214/3
f 173/217/3 166/210/3 174/218/3
f 175/219/3 166/210/3 173/217/3
f 176/220/3 177/221/3 178/222/3
f 179/223/3 177/221/3 176/220/3
f 180/224/3 181/225/3 182/226/3
f 183/227/3 181/225/3 180/224/3
f 184/228/3 185/229/3 186/230/3
f 187/231/3 185/229/3 184/228/3
f 188/232/3 189/233/3 190/234/3
f 191/235/3 189/233/3 188/232/3
f 192/236/3 193/237/3 194/238/3
f 195/239/3 193/237/3 192/236/3
f 196/240/3 197/241/3 198/242/3
f 199/243/3 197/241/3 196/240/3
f 200/244/3 199/245/3 196/246/3
f 201/247/3 199/245/3 200/244/3
f 202/248/3 203/249/3 204/250/3
f 205/251/3 203/249/3 202/248/3
f 206/252/3 205/253/3 202/254/3
f 207/255/3 205/253/3 206/252/3
f 208/256/3 205/253/3 207/255/3
f 209/257/3 205/253/3 208/256/3
f 210/258/3 211/259/3 212/260/3
f 213/261/3 211/259/3 210/258/3
f 214/262/3 215/263/3 216/264/3
f 217/265/3 215/263/3 214/262/3
f 218/266/3 219/267/3 217/265/3
f 220/268/3 219/267/3 218/266/3
f 221/269/3 222/270/3 223/271/3
f 224/272/3 222/270/3 221/269/3
f 225/273/3 226/274/3 227/275/3
f 228/276/3 226/274/3 225/273/3
f 229/277/3 230/278/3 231/279/3
f 232/280/3 229/277/3 231/279/3
f 233/281/3 229/277/3 232/280/3
f 234/282/3 235/283/3 236/284/3
f 237/285/3 235/283/3 234/282/3
f 238/286/3 234/282/3 233/281/3
f 239/287/3 234/282/3 238/286/3
f 240/288/3 241/289/3 242/290/3
f 243/291/3 241/289/3 240/288/3
f 244/292/4 245/293/4 246/294/4
f 246/294/4 245/293/4 247/295/4
f 248/296/4 249/297/4 250/298/4
f 248/296/4 250/298/4 251/299/4
f 251/299/4 250/298/4 252/300/4
f 253/301/4 254/302/4 255/303/4
f 255/303/4 254/302/4 256/304/4
f 252/300/4 255/303/4 257/305/4
f 257/305/4 255/303/4 258/306/4
f 259/307/4 260/308/4 261/309/4
f 261/309/4 260/308/4 262/310/4
f 263/311/4 264/312/4 265/313/4
f 265/313/4 264/312/4 266/314/4
f 267/315/5 268/316/5 269/317/5
f 270/318/5 271/319/5 272/320/5
f 267/315/5 269/317/5 273/321/5
f 272/320/5 271/319/5 274/322/5
f 267/315/5 273/321/5 275/323/5
f 275/323/5 273/321/5 276/324/5
f 274/322/5 271/319/5 277/325/5
f 277/325/5 271/319/5 278/326/5
f 279/327/5 280/328/5 281/329/5
f 281/329/5 280/328/5 282/330/5
f 281/331/5 282/332/5 283/333/5
f 283/333/5 282/332/5 284/334/5
f 284/334/5 282/332/5 285/335/5
f 285/335/5 282/332/5 286/336/5
f 287/337/5 288/338/5 289/339/5
f 289/339/5 288/338/5 290/340/5
f 291/341/5 292/342/5 293/343/5
f 293/343/5 292/342/5 294/344/5
f 295/345/5 296/346/5 297/347/5
f 297/347/5 296/346/5 298/348/5
f 297/349/5 298/350/5 299/351/5
f 299/351/5 298/350/5 300/352/5
f 301/353/5 302/354/5 303/355/5
f 303/355/5 302/354/5 304/356/5
f 304/356/5 305/357/5 306/358/5
f 306/358/5 305/357/5 307/359/5
f 308/360/5 309/361/5 310/362/5
f 310/362/5 309/361/5 311/363/5
f 312/364/5 313/365/5 314/366/5
f 314/366/5 313/365/5 315/367/5
f 316/368/5 317/369/5 318/370/5
f 318/370/5 317/369/5 319/371/5
f 314/372/5 315/373/5 320/374/5
f 320/374/5 315/373/5 321/375/5
f 318/376/5 319/377/5 322/378/5
f 322/378/5 319/377/5 323/379/5
f 320/380/5 321/381/5 324/382/5
f 324/382/5 321/381/5 325/383/5
f 322/384/5 323/385/5 326/386/5
f 326/386/5 323/385/5 327/387/5
f 328/388/5 329/389/5 330/390/5
f 330/390/5 329/389/5 331/391/5
f 330/392/5 331/393/5 332/394/5
f 332/394/5 331/393/5 333/395/5
f 332/396/5 333/397/5 334/398/5
f 334/398/5 333/397/5 335/399/5
f 334/400/5 335/401/5 336/402/5
f 337/403/5 334/398/5 336/404/5
f 335/399/5 338/405/5 339/406/5
f 336/402/5 335/401/5 339/407/5
f 337/403/5 336/404/5 340/408/5
f 339/406/5 338/405/5 341/409/5
f 341/409/5 338/405/5 342/410/5
f 337/403/5 340/408/5 343/411/5
f 340/408/5 341/409/5 343/411/5
f 343/411/5 341/409/5 344/412/5
f 345/413/5 346/414/5 347/415/5
f 346/416/5 348/417/5 349/418/5
f 347/415/5 346/414/5 349/419/5
f 349/418/5 348/417/5 350/420/5
f 348/421/5 351/422/5 352/423/5
f 350/420/5 348/417/5 352/424/5
f 352/423/5 351/422/5 353/425/5
f 354/426/5 355/427/5 356/428/5
f 356/428/5 355/427/5 357/429/5
f 358/430/5 359/431/5 360/432/5
f 360/432/5 359/431/5 361/433/5
f 357/429/5 362/434/5 363/435/5
f 363/435/5 362/434/5 364/436/5
f 365/437/5 360/432/5 366/438/5
f 366/438/5 360/432/5 367/439/5
f 368/440/5 369/441/5 370/442/5
f 371/443/5 372/444/5 373/445/5
f 368/440/5 370/442/5 374/446/5
f 370/442/5 373/445/5 374/446/5
f 373/445/5 372/444/5 375/447/5
f 374/446/5 373/445/5 375/447/5
f 376/448/5 377/449/5 378/450/5
f 378/450/5 377/449/5 379/451/5
f 377/452/5 380/453/5 381/454/5
f 379/451/5 377/449/5 381/455/5
f 380/456/5 382/457/5 383/458/5
f 381/454/5 380/453/5 383/459/5
f 383/458/5 382/457/5 384/460/5
f 378/461/5 379/462/5 385/463/5
f 379/464/5 381/465/5 386/466/5
f 385/463/5 379/462/5 386/467/5
f 383/458/5 384/460/5 387/468/5
f 387/468/5 384/460/5 388/469/5
f 389/470/5 390/471/5 391/472/5
f 391/472/5 390/471/5 392/473/5
f 378/461/5 385/463/5 393/474/5
f 385/475/5 386/466/5 394/476/5
f 393/474/5 385/463/5 394/477/5
f 386/466/5 381/465/5 395/478/5
f 394/476/5 386/466/5 395/478/5
f 388/479/5 396/480/5 397/481/5
f 397/481/5 396/480/5 398/482/5
f 399/483/5 400/484/5 401/485/5
f 401/485/5 400/484/5 402/486/5
f 397/487/5 398/488/5 403/489/5
f 404/490/5 405/491/5 406/492/5
f 406/492/5 405/491/5 407/493/5
f 403/489/5 398/488/5 408/494/5
f 408/494/5 398/488/5 409/495/5
f 407/496/5 410/497/5 411/498/5
f 411/498/5 410/497/5 412/499/5
f 413/500/5 408/494/5 414/501/5
f 414/501/5 408/494/5 415/502/5
f 412/499/5 414/501/5 416/503/5
f 416/503/5 414/501/5 417/504/5
f 418/505/5 419/506/5 420/507/5
f 420/507/5 419/506/5 421/508/5
f 420/509/5 421/510/5 422/511/5
f 422/511/5 421/510/5 423/512/5
f 423/512/5 421/510/5 424/513/5
f 424/513/5 421/510/5 425/514/5
f 425/514/5 421/510/5 426/515/5
f 426/515/5 421/510/5 427/516/5
f 428/517/5 429/518/5 430/519/5
f 430/519/5 429/518/5 431/520/5
f 432/521/5 433/522/5 434/523/5
f 435/524/5 436/525/5 437/526/5
f 437/526/5 436/525/5 438/527/5
f 432/521/5 434/523/5 439/528/5
f 439/528/5 434/523/5 440/529/5
f 441/530/5 442/531/5 443/532/5
f 443/532/5 442/531/5 444/533/5
f 440/534/5 445/535/5 446/536/5
f 446/536/5 445/535/5 447/537/5
f 448/538/5 446/536/5 449/539/5
f 449/539/5 446/536/5 450/540/5
f 446/541/5 447/542/5 451/543/5
f 450/540/5 446/536/5 451/544/5
f 451/543/5 447/542/5 452/545/5
f 452/545/5 447/542/5 453/546/5
f 450/547/5 451/543/5 454/548/5
f 451/543/5 452/545/5 454/548/5
f 454/548/5 452/545/5 455/549/5
f 456/550/5 457/551/5 458/552/5
f 458/552/5 457/551/5 459/553/5
f 460/554/5 461/555/5 462/556/5
f 462/556/5 461/555/5 463/557/5
f 464/558/5 465/559/5 466/560/5
f 466/560/5 465/559/5 467/561/5
f 468/562/5 466/560/5 469/563/5
f 469/563/5 466/560/5 470/564/5
f 471/565/5 472/566/5 473/567/5
f 473/567/5 472/566/5 474/568/5
f 475/569/5 476/570/5 477/571/5
f 477/571/5 476/570/5 478/572/5
f 479/573/5 480/574/5 481/575/5
f 481/575/5 480/574/5 482/576/5
f 478/572/5 481/575/5 483/577/5
f 483/577/5 481/575/5 484/578/5
f 485/579/5 486/580/5 487/581/5
f 487/581/5 486/580/5 488/582/5
f 489/583/6 490/584/6 491/585/6
f 492/586/6 490/584/6 489/583/6
f 493/587/6 494/588/6 495/589/6
f 496/590/6 494/588/6 493/587/6
f 497/591/6 498/592/6 499/593/6
f 500/594/6 498/592/6 497/591/6
f 501/595/6 502/596/6 503/597/6
f 504/598/6 502/596/6 501/595/6
f 505/599/6 506/600/6 507/601/6
f 508/602/6 506/600/6 505/599/6
f 509/603/6 510/604/6 511/605/6
f 512/606/6 510/604/6 509/603/6
f 513/607/6 514/608/6 515/609/6
f 516/610/6 517/611/6 518/612/6
f 519/613/6 518/614/6 520/615/6
f 521/616/6 522/617/6 516/610/6
f 521/618/6 518/614/6 519/613/6
f 521/616/6 516/610/6 518/612/6
f 523/619/6 522/617/6 521/616/6
f 524/620/6 525/621/6 526/622/6
f 527/623/6 525/621/6 524/620/6
f 528/624/6 529/625/6 513/626/6
f 528/627/6 513/607/6 515/609/6
f 530/628/6 529/625/6 528/624/6
f 531/629/6 528/627/6 515/609/6
f 532/630/6 528/627/6 531/629/6
f 533/631/6 526/632/6 534/633/6
f 535/634/6 524/620/6 526/622/6
f 535/635/6 526/632/6 533/631/6
f 536/636/6 524/620/6 535/634/6
f 537/637/6 538/638/6 539/639/6
f 540/640/6 538/638/6 537/637/6
f 541/641/6 542/642/6 543/643/6
f 544/644/6 542/642/6 541/641/6
f 545/645/6 546/646/6 547/647/6
f 548/648/6 546/646/6 545/645/6
f 549/649/6 550/650/6 551/651/6
f 552/652/6 553/653/6 550/654/6
f 552/655/6 550/650/6 549/649/6
f 554/656/6 555/657/6 548/658/6
f 556/659/6 555/657/6 554/656/6
f 557/660/6 558/661/6 559/662/6
f 560/663/6 558/661/6 557/660/6
f 561/664/6 553/653/6 552/652/6
f 561/664/6 552/652/6 549/665/6
f 562/666/6 553/653/6 561/664/6
f 563/667/6 553/653/6 562/666/6
f 564/668/6 565/669/6 566/670/6
f 567/671/6 565/669/6 564/668/6
f 568/672/6 549/649/6 569/673/6
f 568/674/6 561/664/6 549/665/6
f 570/675/6 562/676/6 561/677/6
f 570/678/6 561/664/6 568/674/6
f 571/679/6 562/676/6 570/675/6
f 571/680/6 570/681/6 568/672/6
f 572/682/6 563/683/6 562/684/6
f 572/685/6 562/676/6 571/679/6
f 573/686/6 563/683/6 572/682/6
f 574/687/6 575/688/6 576/689/6
f 577/690/6 578/691/6 575/692/6
f 577/693/6 575/688/6 574/687/6
f 579/694/6 578/691/6 577/690/6
f 580/695/6 571/680/6 568/672/6
f 580/695/6 568/672/6 569/673/6
f 581/696/6 571/680/6 580/695/6
f 582/697/6 572/698/6 571/699/6
f 582/700/6 571/680/6 581/696/6
f 582/697/6 573/701/6 572/698/6
f 583/702/6 573/701/6 582/697/6
f 584/703/6 573/701/6 583/702/6
f 585/704/6 582/700/6 581/696/6
f 586/705/6 583/706/6 582/707/6
f 586/708/6 582/700/6 585/704/6
f 587/709/6 586/710/6 585/711/6
f 587/712/6 583/706/6 586/705/6
f 588/713/6 584/714/6 583/715/6
f 588/716/6 583/706/6 587/712/6
f 589/717/6 584/714/6 588/713/6
f 590/718/6 585/704/6 591/719/6
f 592/720/6 587/709/6 585/711/6
f 592/721/6 585/704/6 590/718/6
f 592/720/6 588/722/6 587/709/6
f 592/720/6 589/723/6 588/722/6
f 593/724/6 589/723/6 592/720/6
f 594/725/6 595/726/6 556/659/6
f 596/727/6 595/726/6 594/725/6
f 597/728/6 593/729/6 592/721/6
f 598/730/6 589/723/6 593/724/6
f 598/731/6 593/729/6 597/728/6
f 599/732/6 589/723/6 598/730/6
f 600/733/6 594/725/6 601/734/6
f 602/735/6 594/725/6 600/733/6
f 603/736/6 604/737/6 605/738/6
f 606/739/6 604/737/6 603/736/6
f 607/740/6 600/741/6 608/742/6
f 609/743/6 600/741/6 607/740/6
f 610/744/6 611/745/6 612/746/6
f 613/747/6 611/745/6 610/744/6
f 614/748/6 615/749/6 616/750/6
f 617/751/6 615/749/6 614/748/6
f 618/752/6 619/753/6 617/751/6
f 620/754/6 619/753/6 618/752/6
f 621/755/6 622/756/6 623/757/6
f 624/758/6 622/756/6 621/755/6
f 625/759/6 626/760/6 622/761/6
f 625/762/6 622/756/6 624/758/6
f 627/763/6 624/764/6 621/765/6
f 627/763/6 621/765/6 628/766/6
f 629/767/6 626/760/6 625/759/6
f 630/768/6 627/763/6 628/766/6
f 630/768/6 631/769/6 627/763/6
f 632/770/6 633/771/6 631/772/6
f 632/773/6 631/769/6 630/768/6
f 634/774/6 633/771/6 632/770/6
f 635/775/6 629/776/6 633/777/6
f 635/778/6 633/771/6 634/774/6
f 636/779/6 626/760/6 629/767/6
f 637/780/6 626/760/6 636/779/6
f 638/781/6 630/768/6 628/766/6
f 639/782/6 632/783/6 630/784/6
f 639/785/6 630/768/6 638/781/6
f 640/786/6 636/779/6 629/767/6
f 641/787/6 636/779/6 640/786/6
f 642/788/6 639/782/6 638/789/6
f 643/790/6 632/783/6 639/782/6
f 643/790/6 639/782/6 642/788/6
f 644/791/6 629/776/6 635/775/6
f 645/792/6 640/786/6 629/767/6
f 646/793/6 645/792/6 629/767/6
f 646/793/6 647/794/6 645/792/6
f 646/795/6 629/776/6 644/791/6
f 648/796/6 647/794/6 646/793/6
f 649/797/6 643/798/6 642/799/6
f 650/800/6 651/801/6 643/802/6
f 650/803/6 643/798/6 649/797/6
f 650/800/6 644/804/6 651/801/6
f 652/805/6 648/806/6 646/795/6
f 652/807/6 644/804/6 650/800/6
f 652/805/6 646/795/6 644/791/6
f 653/808/6 648/806/6 652/805/6
f 654/809/6 648/806/6 653/808/6
f 655/810/6 648/806/6 654/809/6
f 656/811/6 657/812/6 658/813/6
f 659/814/6 657/812/6 656/811/6
f 660/815/6 656/811/6 661/816/6
f 662/817/6 656/811/6 660/815/6
f 663/818/6 664/819/6 665/820/6
f 666/821/6 663/818/6 667/822/6
f 668/823/6 664/819/6 663/818/6
f 668/823/6 663/818/6 666/821/6
f 669/824/6 670/825/6 671/826/6
f 672/827/6 670/825/6 669/824/6
f 673/828/6 672/829/6 669/830/6
f 674/831/6 672/829/6 673/828/6
f 675/832/6 676/833/6 677/834/6
f 678/835/6 676/833/6 675/832/6
f 679/836/6 676/833/6 678/835/6
f 680/837/6 681/838/6 682/839/6
f 683/840/6 681/838/6 680/837/6
f 684/841/6 674/842/6 673/843/6
f 685/844/6 674/842/6 684/841/6
f 686/845/6 675/846/6 687/847/6
f 686/845/6 678/848/6 675/846/6
f 688/849/6 678/848/6 686/845/6
f 689/850/6 685/851/6 684/852/6
f 690/853/6 685/851/6 689/850/6
f 691/854/6 690/855/6 689/856/6
f 692/857/6 690/855/6 691/854/6
f 693/858/6 694/859/6 695/860/6
f 696/861/6 693/858/6 697/862/6
f 698/863/6 694/859/6 693/858/6
f 698/863/6 693/858/6 696/861/6
f 699/864/6 700/865/6 701/866/6
f 702/867/6 700/865/6 699/864/6
f 703/868/6 702/869/6 699/870/6
f 704/871/6 702/869/6 703/868/6
f 705/872/6 704/873/6 703/874/6
f 706/875/6 704/873/6 705/872/6
f 707/876/6 708/877/6 709/878/6
f 710/879/6 711/880/6 708/881/6
f 710/882/6 708/877/6 707/876/6
f 712/883/6 713/884/6 711/885/6
f 712/886/6 711/880/6 710/879/6
f 714/887/6 713/884/6 712/883/6
f 715/888/6 706/889/6 705/890/6
f 716/891/6 706/889/6 715/888/6
f 717/892/6 718/893/6 719/894/6
f 720/895/6 718/893/6 717/892/6
f 721/896/6 716/897/6 715/898/6
f 722/899/6 716/897/6 721/896/6
f 723/900/6 724/901/6 725/902/6
f 726/903/6 724/901/6 723/900/6
f 727/904/6 724/901/6 726/903/6
f 728/905/6 724/901/6 727/904/6
f 729/906/6 730/907/6 731/908/6
f 732/909/6 730/907/6 729/906/6
f 733/910/6 729/906/6 731/908/6
f 734/911/6 729/906/6 733/910/6
f 735/912/6 736/913/6 732/909/6
f 737/914/6 736/913/6 735/912/6
f 738/915/6 735/912/6 739/916/6
f 740/917/6 735/912/6 738/915/6
f 741/918/6 738/915/6 739/916/6
f 742/919/6 738/915/6 741/918/6
f 743/920/6 744/921/6 745/922/6
f 746/923/6 744/921/6 743/920/6
f 747/924/6 748/925/6 749/926/6
f 750/927/6 748/925/6 747/924/6
f 751/928/6 752/929/6 753/930/6
f 754/931/6 751/928/6 753/930/6
f 754/931/6 755/932/6 751/928/6
f 756/933/6 755/932/6 754/931/6
f 757/934/6 758/935/6 759/936/6
f 760/937/6 761/938/6 756/933/6
f 762/939/6 761/938/6 760/937/6
f 763/940/6 757/934/6 759/936/6
f 763/940/6 760/937/6 757/934/6
f 764/941/6 760/937/6 763/940/6
f 765/942/6 766/943/6 767/944/6
f 768/945/6 766/943/6 765/942/6
f 769/946/6 770/947/6 771/948/6
f 772/949/6 770/947/6 769/946/6
f 773/950/6 774/951/6 775/952/6
f 776/953/6 774/951/6 773/950/6
f 777/954/6 778/955/6 779/956/6
f 780/957/6 778/955/6 777/954/6
f 781/958/6 782/959/6 783/960/6
f 784/961/6 782/959/6 781/958/6
f 785/962/6 786/963/6 787/964/6
f 788/965/6 786/963/6 785/962/6
f 789/966/7 790/967/7 791/968/7
f 791/968/7 790/967/7 792/969/7
f 793/970/7 794/971/7 795/972/7
f 795/972/7 794/971/7 796/973/7
f 797/974/7 798/975/7 799/976/7
f 799/976/7 798/975/7 800/977/7
f 801/978/7 802/979/7 803/980/7
f 803/980/7 802/979/7 804/981/7
f 805/982/7 806/983/7 807/984/7
f 807/984/7 806/983/7 808/985/7
f 809/986/7 810/987/7 811/988/7
f 811/988/7 810/987/7 812/989/7
f 813/990/7 814/991/7 815/992/7
f 815/992/7 814/991/7 816/993/7
f 817/994/7 818/995/7 819/996/7
f 819/996/7 818/995/7 820/997/7
f 817/994/7 819/996/7 821/998/7
f 821/998/7 819/996/7 822/999/7
f 820/997/7 823/1000/7 824/1001/7
f 824/1001/7 823/1000/7 825/1002/7
f 826/1003/7 824/1001/7 827/1004/7
f 827/1004/7 824/1001/7 828/1005/7
f 826/1003/7 827/1004/7 829/1006/7
f 829/1006/7 827/1004/7 830/1007/7
f 831/1008/7 832/1009/7 833/1010/7
f 833/1010/7 832/1009/7 834/1011/7
f 835/1012/7 836/1013/7 837/1014/7
f 837/1014/7 836/1013/7 838/1015/7
f 838/1015/7 839/1016/7 840/1017/7
f 840/1017/7 839/1016/7 841/1018/7
f 842/1019/7 843/1020/7 844/1021/7
f 844/1021/7 843/1020/7 845/1022/7
f 846/1023/7 847/1024/7 848/1025/7
f 848/1025/7 847/1024/7 849/1026/7
f 850/1027/7 844/1021/7 851/1028/7
f 851/1028/7 844/1021/7 852/1029/7
f 853/1030/7 854/1031/7 855/1032/7
f 853/1030/7 855/1032/7 856/1033/7
f 855/1032/7 857/1034/7 856/1033/7
f 856/1033/7 857/1034/7 858/1035/7
f 859/1036/7 860/1037/7 861/1038/7
f 858/1035/7 862/1039/7 863/1040/7
f 863/1040/7 862/1039/7 864/1041/7
f 859/1036/7 861/1038/7 865/1042/7
f 861/1038/7 863/1040/7 865/1042/7
f 865/1042/7 863/1040/7 866/1043/7
f 867/1044/7 868/1045/7 869/1046/7
f 869/1046/7 868/1045/7 870/1047/7
f 871/1048/7 872/1049/7 873/1050/7
f 873/1050/7 872/1049/7 874/1051/7
f 873/1050/7 874/1051/7 875/1052/7
f 874/1053/7 876/1054/7 877/1055/7
f 875/1052/7 874/1051/7 877/1056/7
f 876/1057/7 878/1058/7 879/1059/7
f 877/1055/7 876/1054/7 879/1060/7
f 879/1059/7 878/1058/7 880/1061/7
f 881/1062/7 882/1063/7 883/1064/7
f 883/1064/7 882/1063/7 884/1065/7
f 884/1065/7 882/1063/7 885/1066/7
f 886/1067/7 887/1068/7 888/1069/7
f 888/1069/7 887/1068/7 889/1070/7
f 890/1071/7 891/1072/7 892/1073/7
f 880/1061/7 893/1074/7 894/1075/7
f 894/1075/7 893/1074/7 895/1076/7
f 896/1077/7 883/1078/7 897/1079/7
f 883/1078/7 884/1080/7 897/1079/7
f 897/1079/7 884/1080/7 898/1081/7
f 899/1082/7 900/1083/7 901/1084/7
f 900/1085/7 902/1086/7 903/1087/7
f 901/1084/7 900/1083/7 903/1088/7
f 903/1087/7 902/1086/7 904/1089/7
f 889/1070/7 905/1090/7 906/1091/7
f 906/1091/7 905/1090/7 907/1092/7
f 908/1093/7 909/1094/7 910/1095/7
f 909/1096/7 911/1097/7 912/1098/7
f 910/1095/7 909/1094/7 912/1099/7
f 911/1100/7 913/1101/7 914/1102/7
f 912/1098/7 911/1097/7 914/1103/7
f 914/1102/7 913/1101/7 915/1104/7
f 906/1105/7 907/1106/7 916/1107/7
f 916/1107/7 907/1106/7 917/1108/7
f 918/1109/7 892/1073/7 919/1110/7
f 892/1073/7 891/1072/7 920/1111/7
f 919/1110/7 892/1073/7 920/1111/7
f 895/1076/7 921/1112/7 922/1113/7
f 922/1113/7 921/1112/7 923/1114/7
f 924/1115/7 916/1116/7 925/1117/7
f 925/1117/7 916/1116/7 926/1118/7
f 920/1111/7 891/1072/7 927/1119/7
f 927/1119/7 891/1072/7 928/1120/7
f 929/1121/7 922/1113/7 930/1122/7
f 930/1122/7 922/1113/7 931/1123/7
f 932/1124/7 933/1125/7 934/1126/7
f 933/1127/7 935/1128/7 936/1129/7
f 934/1126/7 933/1125/7 936/1130/7
f 936/1129/7 935/1128/7 937/1131/7
f 938/1132/7 939/1133/7 940/1134/7
f 941/1135/7 938/1136/7 940/1137/7
f 939/1138/7 930/1122/7 942/1139/7
f 940/1134/7 939/1133/7 942/1140/7
f 942/1139/7 930/1122/7 943/1141/7
f 941/1135/7 940/1137/7 944/1142/7
f 944/1142/7 940/1137/7 945/1143/7
f 945/1143/7 940/1137/7 946/1144/7
f 947/1145/7 948/1146/7 949/1147/7
f 949/1147/7 948/1146/7 950/1148/7
f 951/1149/7 952/1150/7 953/1151/7
f 953/1151/7 952/1150/7 954/1152/7
f 955/1153/7 956/1154/7 957/1155/7
f 958/1156/7 959/1157/7 960/1158/7
f 960/1158/7 959/1157/7 961/1159/7
f 959/1160/7 962/1161/7 963/1162/7
f 961/1159/7 959/1157/7 963/1163/7
f 960/1164/7 961/1165/7 964/1166/7
f 965/1167/7 960/1164/7 964/1166/7
f 963/1162/7 962/1161/7 966/1168/7
f 965/1167/7 964/1166/7 967/1169/7
f 964/1166/7 968/1170/7 967/1169/7
f 968/1171/7 969/1172/7 970/1173/7
f 967/1169/7 968/1170/7 970/1174/7
f 967/1175/7 970/1176/7 971/1177/7
f 971/1177/7 970/1176/7 972/1178/7
f 971/1179/7 972/1180/7 973/1181/7
f 972/1178/7 970/1176/7 973/1182/7
f 970/1173/7 969/1172/7 974/1183/7
f 973/1182/7 970/1176/7 974/1184/7
f 969/1185/7 966/1186/7 975/1187/7
f 966/1168/7 962/1161/7 975/1188/7
f 975/1188/7 962/1161/7 976/1189/7
f 973/1181/7 974/1190/7 977/1191/7
f 971/1179/7 973/1181/7 977/1191/7
f 974/1183/7 969/1172/7 978/1192/7
f 977/1191/7 974/1190/7 978/1193/7
f 975/1187/7 976/1194/7 979/1195/7
f 978/1192/7 969/1172/7 979/1196/7
f 969/1185/7 975/1187/7 979/1195/7
f 979/1195/7 976/1194/7 980/1197/7
f 980/1197/7 976/1194/7 981/1198/7
f 981/1198/7 976/1194/7 982/1199/7
f 957/1155/7 983/1200/7 984/1201/7
f 955/1153/7 957/1155/7 984/1201/7
f 984/1201/7 983/1200/7 985/1202/7
f 986/1203/7 955/1204/7 987/1205/7
f 955/1153/7 984/1201/7 988/1206/7
f 987/1205/7 955/1204/7 988/1207/7
f 988/1206/7 984/1201/7 989/1208/7
f 990/1209/7 991/1210/7 992/1211/7
f 992/1211/7 991/1210/7 993/1212/7
f 994/1213/7 995/1214/7 996/1215/7
f 996/1215/7 995/1214/7 997/1216/7
f 998/1217/7 999/1218/7 1000/1219/7
f 1000/1219/7 999/1218/7 1001/1220/7
f 1002/1221/7 1003/1222/7 1004/1223/7
f 1004/1223/7 1003/1222/7 1005/1224/7
f 1006/1225/7 1007/1226/7 1008/1227/7
f 1008/1227/7 1007/1226/7 1009/1228/7
f 1010/1229/8 1011/1230/8 1012/1231/8
f 1013/1232/8 1011/1230/8 1010/1229/8
f 1014/1233/8 1015/1234/8 1016/1235/8
f 1017/1236/8 1015/1234/8 1014/1233/8
f 1018/1237/8 1019/1238/8 1020/1239/8
f 1021/1240/8 1022/1241/8 1019/1242/8
f 1021/1243/8 1019/1238/8 1018/1237/8
f 1023/1244/8 1024/1245/8 1022/1246/8
f 1023/1247/8 1022/1241/8 1021/1240/8
f 1025/1248/8 1024/1245/8 1023/1244/8
f 1026/1249/8 1021/1243/8 1018/1237/8
f 1026/1249/8 1027/1250/8 1025/1248/8
f 1026/1249/8 1025/1248/8 1023/1244/8
f 1026/1249/8 1023/1244/8 1021/1243/8
f 1026/1249/8 1018/1237/8 1028/1251/8
f 1029/1252/8 1027/1250/8 1026/1249/8
f 1030/1253/8 1027/1250/8 1029/1252/8
f 1031/1254/8 1027/1250/8 1030/1253/8
f 1032/1255/8 1027/1250/8 1031/1254/8
f 1033/1256/8 1027/1250/8 1032/1255/8
f 1034/1257/8 1030/1253/8 1029/1252/8
f 1035/1258/8 1031/1259/8 1030/1260/8
f 1035/1261/8 1030/1253/8 1034/1257/8
f 1036/1262/8 1032/1255/8 1031/1254/8
f 1036/1263/8 1031/1259/8 1035/1258/8
f 1037/1264/8 1032/1255/8 1036/1262/8
f 1038/1265/8 1039/1266/8 1040/1267/8
f 1041/1268/8 1039/1266/8 1038/1265/8
f 1042/1269/8 1043/1270/8 1044/1271/8
f 1045/1272/8 1043/1270/8 1042/1269/8
f 1046/1273/8 1047/1274/8 1048/1275/8
f 1049/1276/8 1047/1274/8 1046/1273/8
f 1050/1277/8 1051/1278/8 1052/1279/8
f 1053/1280/8 1051/1278/8 1050/1277/8
f 1054/1281/8 1055/1282/8 1056/1283/8
f 1057/1284/8 1055/1282/8 1054/1281/8
f 1058/1285/8 1059/1286/8 1060/1287/8
f 1061/1288/8 1059/1286/8 1058/1285/8
f 1062/1289/9 1063/1290/9 1064/1291/9
f 1065/1292/9 1063/1290/9 1062/1289/9
f 1066/1293/9 1063/1290/9 1065/1292/9
f 1067/1294/8 1068/1295/8 1069/1296/8
f 1070/1297/8 1068/1295/8 1067/1294/8
f 1071/1298/8 1068/1295/8 1070/1297/8
f 1072/1299/9 1062/1289/9 1073/1300/9
f 1072/1299/9 1065/1292/9 1062/1289/9
f 1074/1301/9 1065/1292/9 1072/1299/9
f 1075/1302/8 1076/1303/8 1071/1298/8
f 1075/1302/8 1071/1298/8 1070/1297/8
f 1077/1304/8 1076/1303/8 1075/1302/8
f 1078/1305/8 1079/1306/8 1080/1307/8
f 1081/1308/8 1079/1306/8 1078/1305/8
f 1082/1309/9 1083/1310/9 1084/1311/9
f 1085/1312/9 1083/1310/9 1082/1309/9
f 1086/1313/8 1087/1314/8 1088/1315/8
f 1089/1316/8 1087/1314/8 1086/1313/8
f 1090/1317/9 1091/1318/9 1092/1319/9
f 1090/1317/9 1093/1320/9 1091/1318/9
f 1094/1321/9 1093/1320/9 1090/1317/9
f 1095/1322/9 1093/1320/9 1094/1321/9
f 1096/1323/8 1097/1324/8 1098/1325/8
f 1096/1323/8 1098/1325/8 1099/1326/8
f 1100/1327/8 1097/1324/8 1096/1323/8
f 1101/1328/8 1097/1324/8 1100/1327/8
f 1102/1329/9 1094/1321/9 1090/1317/9
f 1102/1329/9 1090/1317/9 1103/1330/9
f 1104/1331/9 1094/1321/9 1102/1329/9
f 1105/1332/8 1106/1333/8 1101/1328/8
f 1105/1332/8 1101/1328/8 1100/1327/8
f 1107/1334/8 1106/1333/8 1105/1332/8
f 1108/1335/8 1109/1336/8 1110/1337/8
f 1111/1338/8 1109/1336/8 1108/1335/8
f 1112/1339/8 1113/1340/8 1114/1341/8
f 1115/1342/8 1116/1343/8 1117/1344/8
f 1118/1345/8 1112/1339/8 1119/1346/8
f 1120/1347/8 1113/1340/8 1112/1339/8
f 1120/1347/8 1112/1339/8 1118/1345/8
f 1121/1348/8 1122/1349/8 1115/1342/8
f 1121/1348/8 1115/1342/8 1117/1344/8
f 1123/1350/8 1122/1349/8 1121/1348/8
f 1124/1351/8 1113/1340/8 1120/1347/8
f 1125/1352/8 1113/1340/8 1124/1351/8
f 1126/1353/8 1121/1348/8 1117/1344/8
f 1127/1354/8 1121/1348/8 1126/1353/8
f 1128/1355/8 1129/1356/8 1130/1357/8
f 1131/1358/8 1129/1356/8 1128/1355/8
f 1132/1359/8 1133/1360/8 1134/1361/8
f 1135/1362/8 1133/1360/8 1132/1359/8
f 1136/1363/8 1132/1364/8 1137/1365/8
f 1136/1363/8 1138/1366/8 1135/1367/8
f 1136/1363/8 1135/1367/8 1132/1364/8
f 1139/1368/8 1138/1366/8 1136/1363/8
f 1140/1369/8 1136/1363/8 1137/1365/8
f 1141/1370/8 1139/1371/8 1136/1372/8
f 1141/1373/8 1136/1363/8 1140/1369/8
f 1142/1374/8 1138/1366/8 1139/1368/8
f 1142/1375/8 1139/1371/8 1141/1370/8
f 1143/1376/8 1138/1366/8 1142/1374/8
f 1144/1377/8 1141/1370/8 1140/1378/8
f 1144/1377/8 1142/1375/8 1141/1370/8
f 1144/1377/8 1143/1379/8 1142/1375/8
f 1145/1380/8 1143/1379/8 1144/1377/8
f 1146/1381/8 1145/1382/8 1144/1383/8
f 1147/1384/8 1145/1382/8 1146/1381/8
f 1148/1385/8 1149/1386/8 1150/1387/8
f 1151/1388/8 1149/1386/8 1148/1385/8
f 1152/1389/8 1153/1390/8 1154/1391/8
f 1155/1392/8 1153/1390/8 1152/1389/8
f 1156/1393/8 1151/1394/8 1148/1395/8
f 1157/1396/8 1151/1394/8 1156/1393/8
f 1158/1397/8 1155/1398/8 1152/1399/8
f 1159/1400/8 1155/1398/8 1158/1397/8
f 1160/1401/8 1157/1402/8 1156/1403/8
f 1161/1404/8 1159/1405/8 1158/1406/8
f 1162/1407/8 1160/1401/8 1156/1403/8
f 1163/1408/8 1160/1401/8 1162/1407/8
f 1164/1409/8 1159/1405/8 1161/1404/8
f 1165/1410/8 1159/1405/8 1164/1409/8
f 1166/1411/8 1167/1412/8 1168/1413/8
f 1169/1414/8 1167/1412/8 1166/1411/8
f 1170/1415/8 1171/1416/8 1172/1417/8
f 1173/1418/8 1171/1416/8 1170/1415/8
f 1174/1419/8 1175/1420/8 1176/1421/8
f 1174/1419/8 1177/1422/8 1178/1423/8
f 1174/1419/8 1178/1423/8 1175/1420/8
f 1179/1424/8 1177/1422/8 1174/1419/8
f 1180/1425/8 1177/1422/8 1179/1424/8
f 1181/1426/8 1177/1422/8 1180/1425/8
f 1182/1427/8 1180/1425/8 1179/1424/8
f 1183/1428/8 1180/1425/8 1182/1427/8
f 1184/1429/8 1180/1425/8 1183/1428/8
f 1185/1430/8 1180/1425/8 1184/1429/8
f 1186/1431/8 1184/1429/8 1183/1428/8
f 1187/1432/8 1184/1429/8 1186/1431/8
f 1188/1433/8 1189/1434/8 1190/1435/8
f 1188/1433/8 1191/1436/8 1189/1434/8
f 1192/1437/8 1191/1436/8 1188/1433/8
f 1193/1438/8 1191/1436/8 1192/1437/8
f 1194/1439/8 1195/1440/8 1196/1441/8
f 1194/1439/8 1196/1441/8 1197/1442/8
f 1198/1443/8 1195/1440/8 1194/1439/8
f 1199/1444/8 1195/1440/8 1198/1443/8
f 1200/1445/8 1201/1446/8 1202/1447/8
f 1203/1448/8 1201/1446/8 1200/1445/8
f 1204/1449/8 1200/1445/8 1205/1450/8
f 1204/1449/8 1206/1451/8 1203/1448/8
f 1204/1449/8 1203/1448/8 1200/1445/8
f 1207/1452/8 1206/1451/8 1204/1449/8
f 1208/1453/8 1204/1449/8 1209/1454/8
f 1208/1453/8 1210/1455/8 1207/1452/8
f 1208/1453/8 1207/1452/8 1204/1449/8
f 1211/1456/8 1210/1455/8 1208/1453/8
f 1212/1457/8 1210/1455/8 1211/1456/8
f 1213/1458/8 1210/1455/8 1212/1457/8
f 1214/1459/8 1210/1455/8 1213/1458/8
f 1215/1460/8 1210/1455/8 1214/1459/8
f 1216/1461/8 1210/1455/8 1215/1460/8
f 1217/1462/8 1210/1455/8 1216/1461/8
f 1218/1463/8 1208/1453/8 1219/1464/8
f 1218/1463/8 1211/1456/8 1208/1453/8
f 1220/1465/8 1221/1466/8 1217/1462/8
f 1220/1465/8 1217/1462/8 1216/1461/8
f 1222/1467/8 1218/1463/8 1219/1464/8
f 1223/1468/8 1218/1463/8 1222/1467/8
f 1224/1469/8 1221/1466/8 1220/1465/8
f 1225/1470/8 1221/1466/8 1224/1469/8
f 1226/1471/8 1222/1467/8 1219/1464/8
f 1227/1472/8 1222/1467/8 1226/1471/8
f 1228/1473/8 1221/1466/8 1225/1470/8
f 1229/1474/8 1221/1466/8 1228/1473/8
f 1230/1475/10 1231/1476/10 1232/1477/10
f 1232/1477/10 1231/1476/10 1233/1478/10
f 1234/1479/10 1235/1480/10 1236/1481/10
f 1236/1481/10 1235/1480/10 1237/1482/10
f 1238/1483/10 1239/1484/10 1240/1485/10
f 1241/1486/10 1242/1487/10 1243/1488/10
f 1244/1489/10 1240/1485/10 1245/1490/10
f 1245/1490/10 1240/1485/10 1246/1491/10
f 1246/1491/10 1240/1485/10 1247/1492/10
f 1240/1485/10 1239/1484/10 1248/1493/10
f 1247/1492/10 1240/1485/10 1248/1493/10
f 1248/1493/10 1239/1484/10 1249/1494/10
f 1249/1494/10 1239/1484/10 1250/1495/10
f 1243/1488/10 1251/1496/10 1252/1497/10
f 1241/1486/10 1243/1488/10 1252/1497/10
f 1252/1497/10 1251/1496/10 1253/1498/10
f 1253/1498/10 1251/1496/10 1254/1499/10
f 1254/1499/10 1251/1496/10 1255/1500/10
f 1255/1500/10 1251/1496/10 1256/1501/10
f 1256/1501/10 1251/1496/10 1257/1502/10
f 1258/1503/10 1259/1504/10 1260/1505/10
f 1259/1506/10 1261/1507/10 1260/1508/10
f 1261/1509/10 1262/1510/10 1263/1511/10
f 1260/1508/10 1261/1507/10 1263/1512/10
f 1262/1513/10 1264/1514/10 1265/1515/10
f 1263/1511/10 1262/1510/10 1265/1516/10
f 1264/1517/10 1266/1518/10 1267/1519/10
f 1265/1515/10 1264/1514/10 1267/1520/10
f 1268/1521/10 1269/1522/10 1270/1523/10
f 1269/1524/10 1271/1525/10 1270/1526/10
f 1271/1527/10 1272/1528/10 1273/1529/10
f 1270/1526/10 1271/1525/10 1273/1530/10
f 1272/1531/10 1274/1532/10 1275/1533/10
f 1273/1529/10 1272/1528/10 1275/1534/10
f 1274/1535/10 1276/1536/10 1277/1537/10
f 1275/1533/10 1274/1532/10 1277/1538/10
f 1258/1503/10 1260/1505/10 1278/1539/10
f 1260/1540/10 1263/1541/10 1278/1542/10
f 1263/1541/10 1265/1543/10 1278/1542/10
f 1265/1543/10 1267/1544/10 1278/1542/10
f 1267/1519/10 1266/1518/10 1279/1545/10
f 1278/1542/10 1267/1544/10 1279/1546/10
f 1273/1547/10 1275/1548/10 1280/1549/10
f 1270/1550/10 1273/1547/10 1280/1549/10
f 1275/1548/10 1277/1551/10 1280/1549/10
f 1268/1521/10 1270/1523/10 1280/1552/10
f 1277/1537/10 1276/1536/10 1281/1553/10
f 1280/1549/10 1277/1551/10 1281/1554/10
f 1278/1539/10 1279/1545/10 1282/1555/10
f 1258/1503/10 1278/1539/10 1282/1555/10
f 1279/1545/10 1266/1518/10 1283/1556/10
f 1282/1555/10 1279/1545/10 1283/1556/10
f 1268/1521/10 1280/1552/10 1284/1557/10
f 1280/1552/10 1281/1553/10 1284/1557/10
f 1281/1553/10 1276/1536/10 1285/1558/10
f 1284/1557/10 1281/1553/10 1285/1558/10
f 1286/1559/10 1287/1560/10 1288/1561/10
f 1288/1561/10 1287/1560/10 1289/1562/10
f 1290/1563/10 1291/1564/10 1292/1565/10
f 1292/1565/10 1291/1564/10 1293/1566/10
f 1294/1567/10 1295/1568/10 1296/1569/10
f 1296/1569/10 1295/1568/10 1297/1570/10
f 1298/1571/10 1299/1572/10 1300/1573/10
f 1300/1573/10 1299/1572/10 1301/1574/10
f 1302/1575/11 1303/1576/11 1304/1577/11
f 1304/1577/11 1303/1576/11 1305/1578/11
f 1306/1579/10 1307/1580/10 1308/1581/10
f 1308/1581/10 1307/1580/10 1309/1582/10
f 1310/1583/10 1311/1584/10 1312/1585/10
f 1312/1585/10 1311/1584/10 1313/1586/10
f 1314/1587/11 1315/1588/11 1316/1589/11
f 1316/1589/11 1315/1588/11 1317/1590/11
f 1318/1591/10 1319/1592/10 1320/1593/10
f 1320/1593/10 1319/1592/10 1321/1594/10
f 1322/1595/11 1316/1589/11 1323/1596/11
f 1323/1596/11 1316/1589/11 1324/1597/11
f 1317/1590/11 1325/1598/11 1326/1599/11
f 1326/1599/11 1325/1598/11 1327/1600/11
f 1328/1601/10 1320/1593/10 1329/1602/10
f 1329/1602/10 1320/1593/10 1330/1603/10
f 1321/1594/10 1331/1604/10 1332/1605/10
f 1332/1605/10 1331/1604/10 1333/1606/10
f 1324/1597/11 1326/1599/11 1334/1607/11
f 1334/1607/11 1326/1599/11 1335/1608/11
f 1330/1603/10 1332/1605/10 1336/1609/10
f 1336/1609/10 1332/1605/10 1337/1610/10
f 1338/1611/10 1339/1612/10 1340/1613/10
f 1340/1613/10 1339/1612/10 1341/1614/10
f 1342/1615/11 1343/1616/11 1344/1617/11
f 1344/1617/11 1343/1616/11 1345/1618/11
f 1346/1619/10 1347/1620/10 1348/1621/10
f 1348/1621/10 1347/1620/10 1349/1622/10
f 1350/1623/10 1351/1624/10 1352/1625/10
f 1352/1625/10 1351/1624/10 1353/1626/10
f 1354/1627/10 1355/1628/10 1356/1629/10
f 1356/1629/10 1355/1628/10 1357/1630/10
f 1358/1631/10 1359/1632/10 1360/1633/10
f 1360/1633/10 1359/1632/10 1361/1634/10
f 1362/1635/10 1363/1636/10 1364/1637/10
f 1364/1637/10 1363/1636/10 1365/1638/10
f 1361/1634/10 1366/1639/10 1367/1640/10
f 1366/1641/10 1364/1642/10 1368/1643/10
f 1367/1640/10 1366/1639/10 1368/1644/10
f 1368/1643/10 1364/1642/10 1369/1645/10
f 1370/1646/10 1371/1647/10 1372/1648/10
f 1372/1648/10 1371/1647/10 1373/1649/10
f 1374/1650/10 1375/1651/10 1376/1652/10
f 1375/1653/10 1377/1654/10 1378/1655/10
f 1376/1652/10 1375/1651/10 1378/1656/10
f 1373/1657/10 1376/1658/10 1379/1659/10
f 1372/1660/10 1373/1657/10 1379/1659/10
f 1376/1658/10 1378/1661/10 1379/1659/10
f 1370/1646/10 1372/1648/10 1379/1662/10
f 1378/1655/10 1377/1654/10 1380/1663/10
f 1379/1659/10 1378/1661/10 1380/1664/10
f 1370/1646/10 1379/1662/10 1381/1665/10
f 1379/1662/10 1380/1666/10 1381/1665/10
f 1380/1663/10 1377/1654/10 1382/1667/10
f 1381/1665/10 1380/1666/10 1382/1668/10
f 1382/1667/10 1377/1654/10 1383/1669/10
f 1384/1670/10 1385/1671/10 1386/1672/10
f 1386/1672/10 1385/1671/10 1387/1673/10
f 1388/1674/10 1389/1675/10 1390/1676/10
f 1390/1676/10 1389/1675/10 1391/1677/10
f 1392/1678/10 1393/1679/10 1394/1680/10
f 1394/1680/10 1393/1679/10 1395/1681/10
f 1395/1681/10 1393/1679/10 1396/1682/10
f 1397/1683/10 1398/1684/10 1399/1685/10
f 1399/1685/10 1398/1684/10 1400/1686/10
f 1400/1686/10 1398/1684/10 1401/1687/10
f 1395/1681/10 1396/1682/10 1402/1688/10
f 1399/1685/10 1400/1686/10 1402/1688/10
f 1396/1682/10 1399/1685/10 1402/1688/10
f 1402/1688/10 1400/1686/10 1403/1689/10
f 1403/1689/10 1400/1686/10 1404/1690/10
f 1404/1690/10 1400/1686/10 1405/1691/10
f 1403/1689/10 1404/1690/10 1406/1692/10
f 1406/1692/10 1404/1690/10 1407/1693/10
f 1408/1694/10 1409/1695/10 1410/1696/10
f 1410/1696/10 1409/1695/10 1411/1697/10
f 1412/1698/10 1413/1699/10 1414/1700/10
f 1414/1700/10 1413/1699/10 1415/1701/10
f 1416/1702/10 1417/1703/10 1418/1704/10
f 1418/1704/10 1417/1703/10 1419/1705/10
f 1420/1706/10 1418/1704/10 1421/1707/10
f 1419/1705/10 1422/1708/10 1421/1707/10
f 1418/1704/10 1419/1705/10 1421/1707/10
f 1421/1707/10 1422/1708/10 1423/1709/10
f 1423/1709/10 1422/1708/10 1424/1710/10
f 1424/1710/10 1422/1708/10 1425/1711/10
f 1426/1712/10 1421/1707/10 1427/1713/10
f 1421/1707/10 1423/1709/10 1427/1713/10
f 1427/1713/10 1423/1709/10 1428/1714/10
f 1428/1714/10 1423/1709/10 1429/1715/10
f 1424/1710/10 1425/1711/10 1430/1716/10
f 1425/1711/10 1431/1717/10 1430/1716/10
f 1430/1716/10 1431/1717/10 1432/1718/10
f 1432/1718/10 1431/1717/10 1433/1719/10
f 1427/1713/10 1428/1714/10 1434/1720/10
f 1435/1721/10 1427/1713/10 1434/1720/10
f 1434/1720/10 1428/1714/10 1436/1722/10
f 1433/1719/10 1437/1723/10 1438/1724/10
f 1432/1718/10 1433/1719/10 1438/1724/10
f 1438/1724/10 1437/1723/10 1439/1725/10
f 1440/1726/10 1441/1727/10 1442/1728/10
f 1442/1728/10 1441/1727/10 1443/1729/10
f 1444/1730/10 1445/1731/10 1446/1732/10
f 1446/1732/10 1445/1731/10 1447/1733/10
f 1448/1734/10 1442/1728/10 1449/1735/10
f 1449/1735/10 1442/1728/10 1450/1736/10
f 1447/1733/10 1451/1737/10 1452/1738/10
f 1452/1738/10 1451/1737/10 1453/1739/10
f 1454/1740/10 1455/1741/10 1456/1742/10
f 1456/1742/10 1455/1741/10 1457/1743/10
f 1458/1744/10 1459/1745/10 1460/1746/10
f 1460/1746/10 1459/1745/10 1461/1747/10
f 1457/1743/10 1462/1748/10 1463/1749/10
f 1463/1749/10 1462/1748/10 1464/1750/10
f 1465/1751/10 1460/1746/10 1466/1752/10
f 1466/1752/10 1460/1746/10 1467/1753/10
f 1468/1754/10 1469/1755/10 1470/1756/10
f 1470/1756/10 1469/1755/10 1471/1757/10
f 1472/1758/10 1470/1756/10 1473/1759/10
f 1473/1759/10 1470/1756/10 1474/1760/10
f 1471/1757/10 1475/1761/10 1476/1762/10
f 1476/1762/10 1475/1761/10 1477/1763/10
f 1478/1764/10 1473/1759/10 1479/1765/10
f 1479/1765/10 1473/1759/10 1480/1766/10
f 1477/1763/10 1481/1767/10 1482/1768/10
f 1482/1768/10 1481/1767/10 1483/1769/10
f 1480/1766/10 1484/1770/10 1485/1771/10
f 1485/1771/10 1484/1770/10 1486/1772/10
f 1487/1773/10 1482/1768/10 1488/1774/10
f 1488/1774/10 1482/1768/10 1489/1775/10
f 1486/1772/10 1488/1774/10 1490/1776/10
f 1490/1776/10 1488/1774/10 1491/1777/10
f 1492/1778/10 1493/1779/10 1494/1780/10
f 1494/1780/10 1493/1779/10 1495/1781/10
f 1496/1782/10 1494/1780/10 1497/1783/10
f 1495/1781/10 1498/1784/10 1497/1783/10
f 1494/1780/10 1495/1781/10 1497/1783/10
f 1497/1783/10 1498/1784/10 1499/1785/10
f 1499/1785/10 1498/1784/10 1500/1786/10
f 1500/1786/10 1498/1784/10 1501/1787/10
f 1499/1785/10 1500/1786/10 1502/1788/10
f 1502/1788/10 1500/1786/10 1503/1789/10
