# Blender v2.93.0 OBJ File: ''
# www.blender.org
mtllib TVS_VoxelFarm_AppleTree.mtl
o VS_Farm_Apple_Tree
v -0.800000 2.000000 0.333292
v -0.800000 1.900000 0.133292
v -0.800000 1.900000 0.333292
v -0.800000 2.000000 0.133292
v -0.800000 2.100000 0.333292
v -0.800000 2.100000 0.133292
v -0.800000 2.300000 -0.266708
v -0.800000 2.200000 -0.466708
v -0.800000 2.200000 -0.266708
v -0.800000 2.300000 -0.466708
v -0.800000 2.400000 -0.266708
v -0.800000 2.400000 -0.466708
v -0.700000 1.600000 0.533292
v -0.700000 1.500000 -0.466708
v -0.700000 1.500000 0.533292
v -0.700000 1.600000 -0.466708
v -0.700000 1.700000 0.633292
v -0.700000 1.600000 0.633292
v -0.700000 1.600000 -0.566708
v -0.700000 1.700000 0.333292
v -0.700000 1.700000 0.233292
v -0.700000 1.700000 0.133292
v -0.700000 1.700000 0.033292
v -0.700000 1.700000 -0.166708
v -0.700000 1.700000 -0.266708
v -0.700000 1.700000 -0.366708
v -0.700000 1.700000 -0.466708
v -0.700000 1.700000 -0.566708
v -0.700000 1.800000 0.733292
v -0.700000 1.700000 0.733292
v -0.700000 1.800000 0.533292
v -0.700000 1.800000 0.433292
v -0.700000 1.800000 0.333292
v -0.700000 1.800000 0.233292
v -0.700000 1.800000 0.133292
v -0.700000 1.800000 -0.066708
v -0.700000 1.800000 -0.166708
v -0.700000 1.800000 -0.266708
v -0.700000 1.800000 -0.366708
v -0.700000 1.800000 -0.466708
v -0.700000 1.700000 -0.666708
v -0.700000 1.800000 -0.566708
v -0.700000 1.900000 0.533292
v -0.700000 1.900000 0.433292
v -0.700000 1.900000 0.333292
v -0.700000 1.900000 0.133292
v -0.700000 1.900000 0.033292
v -0.700000 1.900000 -0.066708
v -0.700000 1.900000 -0.566708
v -0.700000 1.900000 -0.666708
v -0.700000 2.000000 0.333292
v -0.700000 2.000000 0.133292
v -0.700000 2.100000 0.333292
v -0.700000 2.100000 0.133292
v -0.700000 2.200000 -0.266708
v -0.700000 2.200000 -0.466708
v -0.700000 2.300000 -0.266708
v -0.700000 2.300000 -0.466708
v -0.700000 2.400000 -0.266708
v -0.700000 2.400000 -0.466708
v -0.700000 2.600000 0.533292
v -0.700000 2.600000 0.433292
v -0.700000 2.600000 0.033292
v -0.700000 2.600000 -0.066708
v -0.700000 2.600000 -0.566708
v -0.700000 2.600000 -0.666708
v -0.700000 2.700000 0.733292
v -0.700000 2.700000 0.533292
v -0.700000 2.700000 0.433292
v -0.700000 2.700000 0.333292
v -0.700000 2.700000 0.233292
v -0.700000 2.700000 0.133292
v -0.700000 2.700000 -0.066708
v -0.700000 2.700000 -0.166708
v -0.700000 2.700000 -0.266708
v -0.700000 2.700000 -0.366708
v -0.700000 2.700000 -0.466708
v -0.700000 2.700000 -0.566708
v -0.700000 2.800000 0.733292
v -0.700000 2.800000 0.633292
v -0.700000 2.800000 0.333292
v -0.700000 2.800000 0.233292
v -0.700000 2.800000 0.133292
v -0.700000 2.800000 0.033292
v -0.700000 2.800000 -0.166708
v -0.700000 2.800000 -0.266708
v -0.700000 2.800000 -0.366708
v -0.700000 2.800000 -0.466708
v -0.700000 2.800000 -0.566708
v -0.700000 2.800000 -0.666708
v -0.700000 2.900000 0.633292
v -0.700000 2.900000 0.533292
v -0.700000 2.900000 -0.466708
v -0.700000 2.900000 -0.566708
v -0.700000 3.000000 0.533292
v -0.700000 3.000000 -0.466708
v -0.600000 0.200000 0.333291
v -0.600000 0.000000 -0.266709
v -0.600000 0.000000 0.333291
v -0.600000 0.200000 -0.266709
v -0.600000 1.500000 0.433292
v -0.600000 1.400000 -0.366708
v -0.600000 1.400000 0.433292
v -0.600000 1.500000 -0.366708
v -0.600000 1.600000 0.633292
v -0.600000 1.500000 0.533292
v -0.600000 1.500000 0.633292
v -0.600000 1.600000 0.533292
v -0.600000 1.600000 -0.466708
v -0.600000 1.500000 -0.566708
v -0.600000 1.500000 -0.466708
v -0.600000 1.600000 -0.566708
v -0.600000 1.700000 0.733292
v -0.600000 1.600000 0.733292
v -0.600000 1.700000 0.633292
v -0.600000 1.700000 -0.566708
v -0.600000 1.600000 -0.666708
v -0.600000 1.700000 -0.666708
v -0.600000 2.900000 0.733292
v -0.600000 2.800000 0.633292
v -0.600000 2.800000 0.733292
v -0.600000 2.900000 0.633292
v -0.600000 2.900000 -0.566708
v -0.600000 2.800000 -0.666708
v -0.600000 2.800000 -0.566708
v -0.600000 2.900000 -0.666708
v -0.600000 3.000000 0.633292
v -0.600000 2.900000 0.533292
v -0.600000 3.000000 0.533292
v -0.600000 3.000000 -0.466708
v -0.600000 2.900000 -0.466708
v -0.600000 3.000000 -0.566708
v -0.600000 3.100000 0.433292
v -0.600000 3.000000 -0.366708
v -0.600000 3.000000 0.433292
v -0.600000 3.100000 -0.366708
v -0.500000 1.500000 0.533292
v -0.500000 1.400000 0.433292
v -0.500000 1.400000 0.533292
v -0.500000 1.500000 0.433292
v -0.500000 1.500000 -0.366708
v -0.500000 1.400000 -0.466708
v -0.500000 1.400000 -0.366708
v -0.500000 1.500000 -0.466708
v -0.500000 1.600000 0.733292
v -0.500000 1.500000 0.633292
v -0.500000 1.500000 0.733292
v -0.500000 1.600000 0.633292
v -0.500000 1.600000 -0.566708
v -0.500000 1.500000 -0.666708
v -0.500000 1.500000 -0.566708
v -0.500000 1.600000 -0.666708
v -0.500000 3.000000 0.733292
v -0.500000 2.900000 0.633292
v -0.500000 2.900000 0.733292
v -0.500000 3.000000 0.633292
v -0.500000 3.000000 -0.566708
v -0.500000 2.900000 -0.666708
v -0.500000 2.900000 -0.566708
v -0.500000 3.000000 -0.666708
v -0.500000 3.100000 0.533292
v -0.500000 3.000000 0.433292
v -0.500000 3.000000 0.533292
v -0.500000 3.100000 0.433292
v -0.500000 3.100000 -0.366708
v -0.500000 3.000000 -0.466708
v -0.500000 3.000000 -0.366708
v -0.500000 3.100000 -0.466708
v -0.400000 1.500000 0.633292
v -0.400000 1.400000 0.533292
v -0.400000 1.400000 0.633292
v -0.400000 1.500000 0.533292
v -0.400000 1.500000 -0.466708
v -0.400000 1.400000 -0.566708
v -0.400000 1.400000 -0.466708
v -0.400000 1.500000 -0.566708
v -0.400000 2.200000 0.833292
v -0.400000 2.100000 0.733292
v -0.400000 2.100000 0.833292
v -0.400000 2.200000 0.733292
v -0.400000 2.300000 0.833292
v -0.400000 2.300000 0.733292
v -0.400000 2.400000 -0.666708
v -0.400000 2.300000 -0.766708
v -0.400000 2.300000 -0.666708
v -0.400000 2.400001 -0.766708
v -0.400000 2.500000 -0.666708
v -0.400000 2.500000 -0.766708
v -0.400000 3.100000 0.633292
v -0.400000 3.000000 0.533292
v -0.400000 3.000000 0.633292
v -0.400000 3.100000 0.533292
v -0.400000 3.100000 -0.466708
v -0.400000 3.000000 -0.566708
v -0.400000 3.000000 -0.466708
v -0.400000 3.100000 -0.566708
v -0.300000 0.200000 0.633291
v -0.300000 0.000000 0.333291
v -0.300000 0.000000 0.633291
v -0.300000 0.200000 0.333291
v -0.300000 0.200000 -0.266709
v -0.300000 0.000000 -0.566709
v -0.300000 0.000000 -0.266709
v -0.300000 0.200000 -0.566709
v -0.300000 0.800000 0.133291
v -0.300000 0.800000 0.033291
v -0.300000 0.900000 0.233291
v -0.300000 0.900000 0.133292
v -0.300000 0.900000 0.033291
v -0.300000 0.900000 -0.066708
v -0.300000 1.000000 0.233291
v -0.300000 1.000000 0.133292
v -0.300000 1.000000 0.033292
v -0.300000 1.000000 -0.066708
v -0.300000 1.100000 0.133292
v -0.300000 1.100000 0.033292
v -0.300000 1.400000 0.333292
v -0.300000 1.400000 -0.266708
v 0.200000 2.000000 0.833292
v 0.200000 1.900000 0.733292
v 0.200000 1.900000 0.833292
v 0.200000 2.000000 0.733292
v 0.200000 2.100000 0.833292
v 0.200000 2.100000 0.733292
v 0.200000 2.100000 -0.666708
v 0.200000 2.000000 -0.766708
v 0.200000 2.000000 -0.666708
v 0.200000 2.100000 -0.766708
v 0.200000 2.200000 -0.666708
v 0.200000 2.200001 -0.766708
v -0.200000 2.100000 0.833292
v -0.200000 2.100000 0.733292
v -0.200000 2.200000 0.833292
v -0.200000 2.200000 0.733292
v -0.200000 2.300000 0.833292
v -0.200000 2.300000 0.733292
v -0.200000 2.300000 -0.666708
v -0.200000 2.300000 -0.766708
v -0.200000 2.400000 -0.666708
v -0.200000 2.400001 -0.766708
v -0.200000 2.500000 -0.666708
v -0.200000 2.500000 -0.766708
v 0.300000 0.000000 0.633291
v 0.300000 0.000000 0.333291
v 0.300000 0.200000 0.633291
v 0.300000 0.200000 0.333291
v 0.300000 0.000000 -0.266709
v 0.300000 0.000000 -0.566709
v 0.300000 0.200000 -0.266709
v 0.300000 0.200000 -0.566709
v 0.300000 0.200000 0.133291
v 0.300000 0.300000 0.233291
v 0.300000 0.200000 0.033291
v 0.300000 0.300000 0.133291
v 0.300000 0.300000 -0.066709
v 0.300000 0.300000 -0.166709
v 0.300000 0.400000 0.233291
v 0.300000 0.400000 0.133291
v 0.300000 0.500000 0.233291
v 0.300000 0.500000 0.133291
v 0.300000 0.500000 0.033291
v 0.300000 0.500000 -0.066709
v 0.300000 0.500000 -0.166709
v 0.300000 0.500000 -0.266709
v 0.300000 0.600000 0.233291
v 0.300000 0.600000 0.133291
v 0.300000 0.600000 0.033291
v 0.300000 0.600000 -0.066709
v 0.300000 0.600000 -0.166709
v 0.300000 0.600000 -0.266709
v 0.300000 0.700000 0.133291
v 0.300000 0.700000 0.033291
v 0.300000 0.700000 -0.066709
v 0.300000 0.700000 -0.166709
v 0.300000 1.400000 0.333292
v 0.300000 1.400000 -0.266708
v 0.400000 1.400000 0.633292
v 0.400000 1.400000 0.533292
v 0.400000 1.500000 0.633292
v 0.400000 1.500000 0.533292
v 0.400000 1.400000 -0.466708
v 0.400000 1.400000 -0.566708
v 0.400000 1.500000 -0.466708
v 0.400000 1.500000 -0.566708
v 0.400000 1.900000 0.833292
v 0.400000 1.900000 0.733292
v 0.400000 2.000000 0.833292
v 0.400000 2.000000 0.733292
v 0.400000 2.100000 0.833292
v 0.400000 2.100000 0.733292
v 0.400000 2.000000 -0.666708
v 0.400000 2.000000 -0.766708
v 0.400000 2.100000 -0.666708
v 0.400000 2.100000 -0.766708
v 0.400000 2.200000 -0.666708
v 0.400000 2.200001 -0.766708
v 0.400000 3.000000 0.633292
v 0.400000 3.000000 0.533292
v 0.400000 3.100000 0.633292
v 0.400000 3.100000 0.533292
v 0.400000 3.000000 -0.466708
v 0.400000 3.000000 -0.566708
v 0.400000 3.100000 -0.466708
v 0.400000 3.100000 -0.566708
v 0.500000 1.400000 0.533292
v 0.500000 1.400000 0.433292
v 0.500000 1.500000 0.533292
v 0.500000 1.500000 0.433292
v 0.500000 1.400000 -0.366708
v 0.500000 1.400000 -0.466708
v 0.500000 1.500000 -0.366708
v 0.500000 1.500000 -0.466708
v 0.500000 1.500000 0.733292
v 0.500000 1.500000 0.633292
v 0.500000 1.600000 0.733292
v 0.500000 1.600000 0.633292
v 0.500000 1.500000 -0.566708
v 0.500000 1.500000 -0.666708
v 0.500000 1.600000 -0.566708
v 0.500000 1.600000 -0.666708
v 0.500000 2.900000 0.733292
v 0.500000 2.900000 0.633292
v 0.500000 3.000000 0.733292
v 0.500000 3.000000 0.633292
v 0.500000 2.900000 -0.566708
v 0.500000 2.900000 -0.666708
v 0.500000 3.000000 -0.566708
v 0.500000 3.000000 -0.666708
v 0.500000 3.000000 0.533292
v 0.500000 3.000000 0.433292
v 0.500000 3.100000 0.533292
v 0.500000 3.100000 0.433292
v 0.500000 3.000000 -0.366708
v 0.500000 3.000000 -0.466708
v 0.500000 3.100000 -0.366708
v 0.500000 3.100000 -0.466708
v 0.600000 0.000000 0.333291
v 0.600000 0.000000 -0.266709
v 0.600000 0.200000 0.333291
v 0.600000 0.200000 -0.266709
v 0.600000 1.400000 0.433292
v 0.600000 1.400000 -0.366708
v 0.600000 1.500000 0.433292
v 0.600000 1.500000 -0.366708
v 0.600000 1.500000 0.633292
v 0.600000 1.500000 0.533292
v 0.600000 1.600000 0.633292
v 0.600000 1.600000 0.533292
v 0.600000 1.500000 -0.466708
v 0.600000 1.500000 -0.566708
v 0.600000 1.600000 -0.466708
v 0.600000 1.600000 -0.566708
v 0.600000 1.600000 0.733292
v 0.600000 1.700000 0.733292
v 0.600000 1.700000 0.633292
v 0.600000 1.600000 -0.666708
v 0.600000 1.700000 -0.566708
v 0.600000 1.700000 -0.666708
v 0.600000 2.800000 0.733292
v 0.600000 2.800000 0.633292
v 0.600000 2.900000 0.733292
v 0.600000 2.900000 0.633292
v 0.600000 2.800000 -0.566708
v 0.600000 2.800000 -0.666708
v 0.600000 2.900000 -0.566708
v 0.600000 2.900000 -0.666708
v 0.600000 2.900000 0.533292
v 0.600000 3.000000 0.633292
v 0.600000 3.000000 0.533292
v 0.600000 2.900000 -0.466708
v 0.600000 3.000000 -0.466708
v 0.600000 3.000000 -0.566708
v 0.600000 3.000000 0.433292
v 0.600000 3.000000 -0.366708
v 0.600000 3.100000 0.433292
v 0.600000 3.100000 -0.366708
v 0.700000 1.500000 0.533292
v 0.700000 1.500000 -0.466708
v 0.700000 1.600000 0.533292
v 0.700000 1.600000 -0.466708
v 0.700000 1.600000 0.633292
v 0.700000 1.700000 0.633292
v 0.700000 1.600000 -0.566708
v 0.700000 1.700000 0.533292
v 0.700000 1.700000 0.433292
v 0.700000 1.700000 0.333292
v 0.700000 1.700000 0.233292
v 0.700000 1.700000 -0.066708
v 0.700000 1.700000 -0.166708
v 0.700000 1.700000 -0.366708
v 0.700000 1.700000 -0.466708
v 0.700000 1.700000 -0.566708
v 0.700000 1.700000 0.733292
v 0.700000 1.800000 0.633292
v 0.700000 1.800000 0.533292
v 0.700000 1.800000 0.433292
v 0.700000 1.800000 0.333292
v 0.700000 1.800000 0.233292
v 0.700000 1.800000 0.133292
v 0.700000 1.800000 0.033292
v 0.700000 1.800000 -0.066708
v 0.700000 1.800000 -0.166708
v 0.700000 1.800000 -0.266708
v 0.700000 1.700000 -0.666708
v 0.700000 1.800000 -0.566708
v 0.700000 1.800000 -0.666708
v 0.700000 1.900000 0.733292
v 0.700000 1.900000 0.633292
v 0.700000 1.900000 0.133292
v 0.700000 1.900000 0.033292
v 0.700000 1.900000 -0.266708
v 0.700000 1.900000 -0.366708
v 0.700000 1.900000 -0.466708
v 0.700000 1.900000 -0.566708
v 0.700000 2.100000 0.433292
v 0.700000 2.100000 0.233292
v 0.700000 2.200000 0.433292
v 0.700000 2.200000 0.233292
v 0.700000 2.300000 0.433292
v 0.700000 2.300000 0.233292
v 0.700000 2.400000 -0.266708
v 0.700000 2.400000 -0.466708
v 0.700000 2.500000 -0.266708
v 0.700000 2.500000 -0.466708
v 0.700000 2.600000 0.733292
v 0.700000 2.600000 0.633292
v 0.700000 2.600000 0.133292
v 0.700000 2.600000 0.033292
v 0.700000 2.600000 -0.266708
v 0.700000 2.600000 -0.466708
v 0.700000 2.600000 -0.566708
v 0.700000 2.700000 0.633292
v 0.700000 2.700000 0.533292
v 0.700000 2.700000 0.433292
v 0.700000 2.700000 0.333292
v 0.700000 2.700000 0.233292
v 0.700000 2.700000 0.133292
v 0.700000 2.700000 0.033292
v 0.700000 2.700000 -0.066708
v 0.700000 2.700000 -0.166708
v 0.700000 2.600000 -0.366708
v 0.700000 2.700000 -0.266708
v 0.700000 2.700000 -0.566708
v 0.700000 2.700000 -0.666708
v 0.700000 2.800000 0.733292
v 0.700000 2.800000 0.633292
v 0.700000 2.800000 0.533292
v 0.700000 2.800000 0.433292
v 0.700000 2.800000 0.333292
v 0.700000 2.800000 0.233292
v 0.700000 2.800000 -0.066708
v 0.700000 2.800000 -0.166708
v 0.700000 2.800000 -0.366708
v 0.700000 2.800000 -0.466708
v 0.700000 2.800000 -0.566708
v 0.700000 2.800000 -0.666708
v 0.700000 2.900000 0.633292
v 0.700000 2.900000 0.533292
v 0.700000 2.900000 -0.466708
v 0.700000 2.900000 -0.566708
v 0.700000 3.000000 0.533292
v 0.700000 3.000000 -0.466708
v 0.800000 2.100000 0.433292
v 0.800000 2.100000 0.233292
v 0.800000 2.200000 0.433292
v 0.800000 2.200000 0.233292
v 0.800000 2.300000 0.433292
v 0.800000 2.300000 0.233292
v 0.800000 2.400000 -0.266708
v 0.800000 2.400000 -0.466708
v 0.800000 2.500000 -0.266708
v 0.800000 2.500000 -0.466708
v 0.800000 2.600000 -0.266708
v 0.800000 2.600000 -0.466708
v -0.200000 2.100000 0.833292
v -0.400000 2.200000 0.833292
v -0.400000 2.100000 0.833292
v -0.200000 2.200000 0.833292
v -0.400000 2.300000 0.833292
v -0.200000 2.300000 0.833292
v 0.400000 1.900000 0.833292
v 0.200000 2.000000 0.833292
v 0.200000 1.900000 0.833292
v 0.400000 2.000000 0.833292
v 0.200000 2.100000 0.833292
v 0.400000 2.100000 0.833292
v -0.600000 1.700000 0.733292
v -0.700000 1.800000 0.733292
v -0.700000 1.700000 0.733292
v -0.600000 2.800000 0.733292
v -0.700000 2.800000 0.733292
v -0.700000 2.700000 0.733292
v -0.500000 1.600000 0.733292
v -0.600000 1.600000 0.733292
v -0.500000 1.800000 0.733292
v -0.500000 1.900000 0.733292
v -0.500000 2.600000 0.733292
v -0.500000 2.700000 0.733292
v -0.600000 2.900000 0.733292
v -0.500000 2.900000 0.733292
v -0.400000 1.700000 0.733292
v -0.500000 1.500000 0.733292
v -0.400000 1.900000 0.733292
v -0.400000 2.100000 0.733292
v -0.400000 2.200000 0.733292
v -0.400000 2.300000 0.733292
v -0.400000 2.600000 0.733292
v -0.500000 3.000000 0.733292
v -0.400000 2.800000 0.733292
v -0.300000 1.700000 0.733292
v -0.300000 1.800000 0.733292
v -0.300000 2.700000 0.733292
v -0.300000 2.800000 0.733292
v -0.200000 1.700000 0.733292
v -0.200000 1.800000 0.733292
v -0.200000 2.100000 0.733292
v -0.200000 2.300000 0.733292
v -0.200000 2.700000 0.733292
v -0.200000 2.800000 0.733292
v -0.100000 1.700000 0.733292
v -0.200000 2.200000 0.733292
v -0.100000 1.800000 0.733292
v -0.100000 2.700000 0.733292
v -0.100000 2.800000 0.733292
v 0.000000 1.800000 0.733292
v 0.000000 1.900000 0.733292
v 0.000000 2.600000 0.733292
v 0.000000 2.700000 0.733292
v 0.100000 1.800000 0.733292
v 0.100000 1.900000 0.733292
v 0.100000 2.600000 0.733292
v 0.100000 2.700000 0.733292
v 0.200000 1.700000 0.733292
v 0.200000 1.800000 0.733292
v 0.200000 1.900000 0.733292
v 0.200000 2.000000 0.733292
v 0.200000 2.100000 0.733292
v 0.200000 2.700000 0.733292
v 0.200000 2.800000 0.733292
v 0.300000 1.700000 0.733292
v 0.300000 1.800000 0.733292
v 0.300000 2.700000 0.733292
v 0.300000 2.800000 0.733292
v 0.400000 1.700000 0.733292
v 0.400000 1.800000 0.733292
v 0.400000 1.900000 0.733292
v 0.400000 2.100000 0.733292
v 0.400000 2.700000 0.733292
v 0.400000 2.800000 0.733292
v 0.500000 1.500000 0.733292
v 0.500000 1.600000 0.733292
v 0.500000 1.700000 0.733292
v 0.400000 2.000000 0.733292
v 0.500000 1.800000 0.733292
v 0.500000 2.700000 0.733292
v 0.500000 2.800000 0.733292
v 0.500000 2.900000 0.733292
v 0.500000 3.000000 0.733292
v 0.600000 1.600000 0.733292
v 0.600000 1.700000 0.733292
v 0.600000 1.800000 0.733292
v 0.600000 1.900000 0.733292
v 0.600000 2.600000 0.733292
v 0.600000 2.700000 0.733292
v 0.600000 2.800000 0.733292
v 0.600000 2.900000 0.733292
v 0.700000 1.700000 0.733292
v 0.700000 1.900000 0.733292
v 0.700000 2.600000 0.733292
v 0.700000 2.800000 0.733292
v -0.600000 1.600000 0.633292
v -0.700000 1.700000 0.633292
v -0.700000 1.600000 0.633292
v -0.600000 1.700000 0.633292
v -0.600000 2.800000 0.633292
v -0.700000 2.900000 0.633292
v -0.700000 2.800000 0.633292
v -0.600000 2.900000 0.633292
v -0.500000 1.500000 0.633292
v -0.600000 1.500000 0.633292
v -0.500000 1.600000 0.633292
v -0.500000 2.900000 0.633292
v -0.600000 3.000000 0.633292
v -0.500000 3.000000 0.633292
v 0.300000 0.000000 0.633291
v -0.300000 0.200000 0.633291
v -0.300000 0.000000 0.633291
v 0.300000 0.200000 0.633291
v 0.400000 1.400000 0.633292
v -0.400000 1.500000 0.633292
v -0.400000 1.400000 0.633292
v 0.400000 1.500000 0.633292
v 0.400000 3.000000 0.633292
v -0.400000 3.100000 0.633292
v -0.400000 3.000000 0.633292
v 0.400000 3.100000 0.633292
v 0.600000 1.500000 0.633292
v 0.500000 1.600000 0.633292
v 0.500000 1.500000 0.633292
v 0.600000 1.600000 0.633292
v 0.600000 2.900000 0.633292
v 0.500000 3.000000 0.633292
v 0.500000 2.900000 0.633292
v 0.600000 3.000000 0.633292
v 0.700000 1.600000 0.633292
v 0.600000 1.700000 0.633292
v 0.700000 1.700000 0.633292
v 0.700000 2.800000 0.633292
v 0.600000 2.800000 0.633292
v 0.700000 2.900000 0.633292
v -0.600000 1.500000 0.533292
v -0.700000 1.600000 0.533292
v -0.700000 1.500000 0.533292
v -0.600000 1.600000 0.533292
v -0.600000 2.900000 0.533292
v -0.700000 3.000000 0.533292
v -0.700000 2.900000 0.533292
v -0.600000 3.000000 0.533292
v -0.400000 1.400000 0.533292
v -0.500000 1.500000 0.533292
v -0.500000 1.400000 0.533292
v -0.400000 1.500000 0.533292
v -0.400000 3.000000 0.533292
v -0.500000 3.100000 0.533292
v -0.500000 3.000000 0.533292
v -0.400000 3.100000 0.533292
v 0.500000 1.400000 0.533292
v 0.400000 1.500000 0.533292
v 0.400000 1.400000 0.533292
v 0.500000 1.500000 0.533292
v 0.500000 3.000000 0.533292
v 0.400000 3.100000 0.533292
v 0.400000 3.000000 0.533292
v 0.500000 3.100000 0.533292
v 0.700000 1.500000 0.533292
v 0.600000 1.600000 0.533292
v 0.600000 1.500000 0.533292
v 0.700000 1.600000 0.533292
v 0.700000 2.900000 0.533292
v 0.600000 3.000000 0.533292
v 0.600000 2.900000 0.533292
v 0.700000 3.000000 0.533292
v -0.500000 1.400000 0.433292
v -0.600000 1.500000 0.433292
v -0.600000 1.400000 0.433292
v -0.500000 1.500000 0.433292
v -0.500000 3.000000 0.433292
v -0.600000 3.100000 0.433292
v -0.600000 3.000000 0.433292
v -0.500000 3.100000 0.433292
v 0.600000 1.400000 0.433292
v 0.500000 1.500000 0.433292
v 0.500000 1.400000 0.433292
v 0.600000 1.500000 0.433292
v 0.600000 3.000000 0.433292
v 0.500000 3.100000 0.433292
v 0.500000 3.000000 0.433292
v 0.600000 3.100000 0.433292
v 0.800000 2.100000 0.433292
v 0.700000 2.200000 0.433292
v 0.700000 2.100000 0.433292
v 0.800000 2.200000 0.433292
v 0.700000 2.300000 0.433292
v 0.800000 2.300000 0.433292
v -0.700000 1.900000 0.333292
v -0.800000 2.000000 0.333292
v -0.800000 1.900000 0.333292
v -0.700000 2.000000 0.333292
v -0.800000 2.100000 0.333292
v -0.700000 2.100000 0.333292
v -0.300000 0.000000 0.333291
v -0.600000 0.200000 0.333291
v -0.600000 0.000000 0.333291
v -0.300000 0.200000 0.333291
v 0.300000 0.200000 0.333291
v -0.300000 1.400000 0.333292
v 0.300000 1.400000 0.333292
v 0.600000 0.000000 0.333291
v 0.300000 0.000000 0.333291
v 0.600000 0.200000 0.333291
v -0.700000 2.200000 -0.266708
v -0.800000 2.300000 -0.266708
v -0.800000 2.200000 -0.266708
v -0.700000 2.300000 -0.266708
v -0.800000 2.400000 -0.266708
v -0.700000 2.400000 -0.266708
v 0.800000 2.400000 -0.266708
v 0.700000 2.500000 -0.266708
v 0.700000 2.400000 -0.266708
v 0.800000 2.500000 -0.266708
v 0.700000 2.600000 -0.266708
v 0.800000 2.600000 -0.266708
v 0.700000 2.100000 0.233292
v 0.700000 2.200000 0.233292
v 0.800000 2.100000 0.233292
v 0.700000 2.300000 0.233292
v 0.800000 2.200000 0.233292
v 0.800000 2.300000 0.233292
v -0.800000 1.900000 0.133292
v -0.800000 2.000000 0.133292
v -0.700000 1.900000 0.133292
v -0.800000 2.100000 0.133292
v -0.700000 2.000000 0.133292
v -0.700000 2.100000 0.133292
v -0.600000 0.000000 -0.266709
v -0.600000 0.200000 -0.266709
v -0.300000 0.000000 -0.266709
v -0.300000 0.200000 -0.266709
v -0.300000 1.400000 -0.266708
v 0.200000 0.500000 -0.266709
v 0.200000 0.600000 -0.266709
v 0.300000 0.200000 -0.266709
v 0.300000 0.500000 -0.266709
v 0.300000 0.600000 -0.266709
v 0.300000 1.400000 -0.266708
v 0.300000 0.000000 -0.266709
v 0.600000 0.000000 -0.266709
v 0.600000 0.200000 -0.266709
v -0.600000 1.400000 -0.366708
v -0.600000 1.500000 -0.366708
v -0.500000 1.400000 -0.366708
v -0.500000 1.500000 -0.366708
v -0.600000 3.000000 -0.366708
v -0.600000 3.100000 -0.366708
v -0.500000 3.000000 -0.366708
v -0.500000 3.100000 -0.366708
v 0.500000 1.400000 -0.366708
v 0.500000 1.500000 -0.366708
v 0.600000 1.400000 -0.366708
v 0.600000 1.500000 -0.366708
v 0.500000 3.000000 -0.366708
v 0.500000 3.100000 -0.366708
v 0.600000 3.000000 -0.366708
v 0.600000 3.100000 -0.366708
v -0.800000 2.200000 -0.466708
v -0.800000 2.300000 -0.466708
v -0.700000 2.200000 -0.466708
v -0.800000 2.400000 -0.466708
v -0.700000 2.300000 -0.466708
v -0.700000 2.400000 -0.466708
v -0.700000 1.500000 -0.466708
v -0.700000 1.600000 -0.466708
v -0.600000 1.500000 -0.466708
v -0.600000 1.600000 -0.466708
v -0.700000 2.900000 -0.466708
v -0.700000 3.000000 -0.466708
v -0.600000 2.900000 -0.466708
v -0.600000 3.000000 -0.466708
v -0.500000 1.400000 -0.466708
v -0.500000 1.500000 -0.466708
v -0.400000 1.400000 -0.466708
v -0.400000 1.500000 -0.466708
v -0.500000 3.000000 -0.466708
v -0.500000 3.100000 -0.466708
v -0.400000 3.000000 -0.466708
v -0.400000 3.100000 -0.466708
v 0.400000 1.400000 -0.466708
v 0.400000 1.500000 -0.466708
v 0.500000 1.400000 -0.466708
v 0.500000 1.500000 -0.466708
v 0.400000 3.000000 -0.466708
v 0.400000 3.100000 -0.466708
v 0.500000 3.000000 -0.466708
v 0.500000 3.100000 -0.466708
v 0.600000 1.500000 -0.466708
v 0.600000 1.600000 -0.466708
v 0.700000 1.500000 -0.466708
v 0.700000 1.600000 -0.466708
v 0.600000 2.900000 -0.466708
v 0.600000 3.000000 -0.466708
v 0.700000 2.900000 -0.466708
v 0.700000 3.000000 -0.466708
v 0.700000 2.400000 -0.466708
v 0.700000 2.500000 -0.466708
v 0.800000 2.400000 -0.466708
v 0.700000 2.600000 -0.466708
v 0.800000 2.500000 -0.466708
v 0.800000 2.600000 -0.466708
v -0.700000 1.600000 -0.566708
v -0.700000 1.700000 -0.566708
v -0.600000 1.600000 -0.566708
v -0.600000 1.700000 -0.566708
v -0.700000 2.800000 -0.566708
v -0.700000 2.900000 -0.566708
v -0.600000 2.800000 -0.566708
v -0.600000 2.900000 -0.566708
v -0.600000 1.500000 -0.566708
v -0.500000 1.500000 -0.566708
v -0.500000 1.600000 -0.566708
v -0.600000 3.000000 -0.566708
v -0.500000 2.900000 -0.566708
v -0.500000 3.000000 -0.566708
v -0.300000 0.000000 -0.566709
v -0.300000 0.200000 -0.566709
v 0.300000 0.000000 -0.566709
v 0.300000 0.200000 -0.566709
v -0.400000 1.400000 -0.566708
v -0.400000 1.500000 -0.566708
v 0.400000 1.400000 -0.566708
v 0.400000 1.500000 -0.566708
v -0.400000 3.000000 -0.566708
v -0.400000 3.100000 -0.566708
v 0.400000 3.000000 -0.566708
v 0.400000 3.100000 -0.566708
v 0.500000 1.500000 -0.566708
v 0.500000 1.600000 -0.566708
v 0.600000 1.500000 -0.566708
v 0.600000 1.600000 -0.566708
v 0.500000 2.900000 -0.566708
v 0.500000 3.000000 -0.566708
v 0.600000 2.900000 -0.566708
v 0.600000 3.000000 -0.566708
v 0.600000 1.700000 -0.566708
v 0.700000 1.600000 -0.566708
v 0.700000 1.700000 -0.566708
v 0.600000 2.800000 -0.566708
v 0.700000 2.800000 -0.566708
v 0.700000 2.900000 -0.566708
v -0.700000 1.700000 -0.666708
v -0.700000 1.900000 -0.666708
v -0.600000 1.700000 -0.666708
v -0.600000 1.800000 -0.666708
v -0.700000 2.600000 -0.666708
v -0.600000 1.900000 -0.666708
v -0.700000 2.800000 -0.666708
v -0.600000 2.600000 -0.666708
v -0.600000 2.700000 -0.666708
v -0.600000 2.800000 -0.666708
v -0.500000 1.600000 -0.666708
v -0.600000 1.600000 -0.666708
v -0.500000 1.700000 -0.666708
v -0.500000 1.800000 -0.666708
v -0.600000 2.900000 -0.666708
v -0.500000 2.700000 -0.666708
v -0.500000 2.800000 -0.666708
v -0.500000 2.900000 -0.666708
v -0.400000 1.700000 -0.666708
v -0.500000 1.500000 -0.666708
v -0.400000 1.800000 -0.666708
v -0.400000 2.300000 -0.666708
v -0.400000 2.400000 -0.666708
v -0.400000 2.500000 -0.666708
v -0.400000 2.700000 -0.666708
v -0.500000 3.000000 -0.666708
v -0.400000 2.800000 -0.666708
v -0.300000 1.800000 -0.666708
v -0.300000 1.900000 -0.666708
v -0.300000 2.600000 -0.666708
v -0.300000 2.700000 -0.666708
v -0.200000 1.700000 -0.666708
v -0.200000 1.900000 -0.666708
v -0.200000 2.300000 -0.666708
v -0.200000 2.500000 -0.666708
v -0.200000 2.600000 -0.666708
v -0.200000 2.800000 -0.666708
v -0.100000 1.700000 -0.666708
v -0.200000 2.400000 -0.666708
v -0.100000 1.800000 -0.666708
v -0.100000 2.700000 -0.666708
v -0.100000 2.800000 -0.666708
v 0.000000 1.700000 -0.666708
v 0.000000 1.800000 -0.666708
v 0.000000 2.700000 -0.666708
v 0.000000 2.800000 -0.666708
v 0.100000 1.700000 -0.666708
v 0.100000 1.800000 -0.666708
v 0.100000 2.700000 -0.666708
v 0.100000 2.800000 -0.666708
v 0.200000 1.800000 -0.666708
v 0.200000 1.900000 -0.666708
v 0.200000 2.000000 -0.666708
v 0.200000 2.100000 -0.666708
v 0.200000 2.200000 -0.666708
v 0.200000 2.600000 -0.666708
v 0.200000 2.700000 -0.666708
v 0.300000 1.800000 -0.666708
v 0.300000 1.900000 -0.666708
v 0.300000 2.600000 -0.666708
v 0.300000 2.700000 -0.666708
v 0.400000 1.700000 -0.666708
v 0.400000 1.800000 -0.666708
v 0.400000 2.000000 -0.666708
v 0.400000 2.200000 -0.666708
v 0.400000 2.700000 -0.666708
v 0.400000 2.800000 -0.666708
v 0.500000 1.500000 -0.666708
v 0.500000 1.600000 -0.666708
v 0.500000 1.700000 -0.666708
v 0.400000 2.100000 -0.666708
v 0.500000 1.900000 -0.666708
v 0.500000 2.600000 -0.666708
v 0.500000 2.800000 -0.666708
v 0.500000 2.900000 -0.666708
v 0.500000 3.000000 -0.666708
v 0.600000 1.600000 -0.666708
v 0.600000 1.700000 -0.666708
v 0.600000 1.800000 -0.666708
v 0.600000 1.900000 -0.666708
v 0.600000 2.600000 -0.666708
v 0.600000 2.700000 -0.666708
v 0.600000 2.800000 -0.666708
v 0.600000 2.900000 -0.666708
v 0.700000 1.700000 -0.666708
v 0.700000 1.800000 -0.666708
v 0.700000 2.700000 -0.666708
v 0.700000 2.800000 -0.666708
v -0.400000 2.300000 -0.766708
v -0.400000 2.400001 -0.766708
v -0.200000 2.300000 -0.766708
v -0.400000 2.500000 -0.766708
v -0.200000 2.400001 -0.766708
v -0.200000 2.500000 -0.766708
v 0.200000 2.000000 -0.766708
v 0.200000 2.100000 -0.766708
v 0.400000 2.000000 -0.766708
v 0.200000 2.200001 -0.766708
v 0.400000 2.100000 -0.766708
v 0.400000 2.200001 -0.766708
v -0.300000 0.000000 0.333291
v 0.300000 0.000000 0.633291
v -0.300000 0.000000 0.633291
v 0.300000 0.000000 0.333291
v -0.600000 0.000000 -0.266709
v -0.600000 0.000000 0.333291
v 0.600000 0.000000 0.333291
v -0.300000 0.000000 -0.266709
v 0.300000 0.000000 -0.266709
v 0.600000 0.000000 -0.266709
v -0.300000 0.000000 -0.566709
v 0.300000 0.000000 -0.566709
v -0.400000 1.400000 0.533292
v 0.400000 1.400000 0.633292
v -0.400000 1.400000 0.633292
v 0.400000 1.400000 0.533292
v -0.500000 1.400000 0.433292
v -0.500000 1.400000 0.533292
v 0.500000 1.400000 0.533292
v 0.500000 1.400000 0.433292
v -0.300000 1.400000 0.333292
v -0.600000 1.400000 0.433292
v 0.600000 1.400000 0.433292
v 0.300000 1.400000 0.333292
v -0.300000 1.400000 -0.266708
v 0.300000 1.400000 -0.266708
v -0.600000 1.400000 -0.366708
v -0.500000 1.400000 -0.366708
v 0.500000 1.400000 -0.366708
v 0.600000 1.400000 -0.366708
v -0.500000 1.400000 -0.466708
v -0.400000 1.400000 -0.466708
v 0.400000 1.400000 -0.466708
v 0.500000 1.400000 -0.466708
v -0.400000 1.400000 -0.566708
v 0.400000 1.400000 -0.566708
v -0.500000 1.500000 0.633292
v 0.500000 1.500000 0.733292
v -0.500000 1.500000 0.733292
v -0.400000 1.500000 0.633292
v 0.400000 1.500000 0.633292
v 0.500000 1.500000 0.633292
v -0.600000 1.500000 0.533292
v -0.600000 1.500000 0.633292
v -0.500000 1.500000 0.533292
v -0.400000 1.500000 0.533292
v 0.400000 1.500000 0.533292
v 0.600000 1.500000 0.633292
v 0.500000 1.500000 0.533292
v 0.600000 1.500000 0.533292
v -0.600000 1.500000 0.433292
v -0.700000 1.500000 0.533292
v -0.500000 1.500000 0.433292
v 0.500000 1.500000 0.433292
v 0.700000 1.500000 0.533292
v 0.600000 1.500000 0.433292
v -0.600000 1.500000 -0.366708
v 0.600000 1.500000 -0.366708
v -0.700000 1.500000 -0.466708
v -0.500000 1.500000 -0.366708
v -0.600000 1.500000 -0.466708
v -0.500000 1.500000 -0.466708
v 0.500000 1.500000 -0.466708
v 0.500000 1.500000 -0.366708
v 0.600000 1.500000 -0.466708
v 0.700000 1.500000 -0.466708
v -0.600000 1.500000 -0.566708
v -0.400000 1.500000 -0.466708
v -0.500000 1.500000 -0.566708
v -0.400000 1.500000 -0.566708
v 0.400000 1.500000 -0.566708
v 0.400000 1.500000 -0.466708
v 0.500000 1.500000 -0.566708
v 0.600000 1.500000 -0.566708
v -0.500000 1.500000 -0.666708
v 0.500000 1.500000 -0.666708
v -0.600000 1.600000 0.633292
v -0.500000 1.600000 0.733292
v -0.600000 1.600000 0.733292
v -0.500000 1.600000 0.633292
v 0.500000 1.600000 0.633292
v 0.600000 1.600000 0.733292
v 0.500000 1.600000 0.733292
v 0.600000 1.600000 0.633292
v -0.700000 1.600000 0.533292
v -0.700000 1.600000 0.633292
v -0.600000 1.600000 0.533292
v 0.600000 1.600000 0.533292
v 0.700000 1.600000 0.633292
v 0.700000 1.600000 0.533292
v -0.700000 1.600000 -0.566708
v -0.600000 1.600000 -0.466708
v -0.700000 1.600000 -0.466708
v -0.600000 1.600000 -0.566708
v 0.600000 1.600000 -0.566708
v 0.700000 1.600000 -0.466708
v 0.600000 1.600000 -0.466708
v 0.700000 1.600000 -0.566708
v -0.600000 1.600000 -0.666708
v -0.500000 1.600000 -0.566708
v -0.500000 1.600000 -0.666708
v 0.500000 1.600000 -0.666708
v 0.500000 1.600000 -0.566708
v 0.600000 1.600000 -0.666708
v -0.700000 1.700000 0.633292
v -0.600000 1.700000 0.733292
v -0.700000 1.700000 0.733292
v -0.600000 1.700000 0.633292
v 0.600000 1.700000 0.633292
v 0.700000 1.700000 0.733292
v 0.600000 1.700000 0.733292
v 0.700000 1.700000 0.633292
v -0.700000 1.700000 -0.666708
v -0.600000 1.700000 -0.566708
v -0.700000 1.700000 -0.566708
v -0.600000 1.700000 -0.666708
v 0.600000 1.700000 -0.666708
v 0.700000 1.700000 -0.566708
v 0.600000 1.700000 -0.566708
v 0.700000 1.700000 -0.666708
v 0.200000 1.900000 0.733292
v 0.400000 1.900000 0.833292
v 0.200000 1.900000 0.833292
v 0.400000 1.900000 0.733292
v -0.800000 1.900000 0.133292
v -0.700000 1.900000 0.333292
v -0.800000 1.900000 0.333292
v -0.700000 1.900000 0.133292
v 0.200000 2.000000 -0.766708
v 0.400000 2.000000 -0.666708
v 0.200000 2.000000 -0.666708
v 0.400000 2.000000 -0.766708
v -0.400000 2.100000 0.733292
v -0.200000 2.100000 0.833292
v -0.400000 2.100000 0.833292
v -0.200000 2.100000 0.733292
v 0.700000 2.100000 0.233292
v 0.800000 2.100000 0.433292
v 0.700000 2.100000 0.433292
v 0.800000 2.100000 0.233292
v -0.800000 2.200000 -0.466708
v -0.700000 2.200000 -0.266708
v -0.800000 2.200000 -0.266708
v -0.700000 2.200000 -0.466708
v -0.400000 2.300000 -0.766708
v -0.200000 2.300000 -0.666708
v -0.400000 2.300000 -0.666708
v -0.200000 2.300000 -0.766708
v 0.700000 2.400000 -0.466708
v 0.800000 2.400000 -0.266708
v 0.700000 2.400000 -0.266708
v 0.800000 2.400000 -0.466708
v -0.300000 0.200000 0.633291
v 0.300000 0.200000 0.633291
v -0.300000 0.200000 0.333291
v 0.300000 0.200000 0.333291
v 0.600000 0.200000 0.333291
v 0.300000 0.200000 0.133291
v 0.300000 0.200000 0.033291
v -0.600000 0.200000 0.333291
v -0.600000 0.200000 -0.266709
v -0.300000 0.200000 -0.266709
v 0.300000 0.200000 -0.266709
v 0.600000 0.200000 -0.266709
v -0.300000 0.200000 -0.566709
v 0.300000 0.200000 -0.566709
v 0.200000 2.100000 0.833292
v 0.400000 2.100000 0.833292
v 0.200000 2.100000 0.733292
v 0.400000 2.100000 0.733292
v -0.800000 2.100000 0.333292
v -0.700000 2.100000 0.333292
v -0.800000 2.100000 0.133292
v -0.700000 2.100000 0.133292
v 0.200000 2.200000 -0.666708
v 0.400000 2.200000 -0.666708
v 0.200000 2.200001 -0.766708
v 0.400000 2.200001 -0.766708
v -0.400000 2.300000 0.833292
v -0.200000 2.300000 0.833292
v -0.400000 2.300000 0.733292
v -0.200000 2.300000 0.733292
v 0.700000 2.300000 0.433292
v 0.800000 2.300000 0.433292
v 0.700000 2.300000 0.233292
v 0.800000 2.300000 0.233292
v -0.800000 2.400000 -0.266708
v -0.700000 2.400000 -0.266708
v -0.800000 2.400000 -0.466708
v -0.700000 2.400000 -0.466708
v -0.400000 2.500000 -0.666708
v -0.200000 2.500000 -0.666708
v -0.400000 2.500000 -0.766708
v -0.200000 2.500000 -0.766708
v 0.700000 2.600000 -0.266708
v 0.800000 2.600000 -0.266708
v 0.700000 2.600000 -0.366708
v 0.700000 2.600000 -0.466708
v 0.800000 2.600000 -0.466708
v -0.700000 2.800000 0.733292
v -0.600000 2.800000 0.733292
v -0.700000 2.800000 0.633292
v -0.600000 2.800000 0.633292
v 0.600000 2.800000 0.733292
v 0.700000 2.800000 0.733292
v 0.600000 2.800000 0.633292
v 0.700000 2.800000 0.633292
v -0.700000 2.800000 -0.566708
v -0.600000 2.800000 -0.566708
v -0.700000 2.800000 -0.666708
v -0.600000 2.800000 -0.666708
v 0.600000 2.800000 -0.566708
v 0.700000 2.800000 -0.566708
v 0.600000 2.800000 -0.666708
v 0.700000 2.800000 -0.666708
v -0.600000 2.900000 0.733292
v -0.500000 2.900000 0.733292
v -0.600000 2.900000 0.633292
v -0.500000 2.900000 0.633292
v 0.500000 2.900000 0.733292
v 0.600000 2.900000 0.733292
v 0.500000 2.900000 0.633292
v 0.600000 2.900000 0.633292
v -0.700000 2.900000 0.633292
v -0.700000 2.900000 0.533292
v -0.600000 2.900000 0.533292
v 0.700000 2.900000 0.633292
v 0.600000 2.900000 0.533292
v 0.700000 2.900000 0.533292
v -0.700000 2.900000 -0.466708
v -0.600000 2.900000 -0.466708
v -0.700000 2.900000 -0.566708
v -0.600000 2.900000 -0.566708
v 0.600000 2.900000 -0.466708
v 0.700000 2.900000 -0.466708
v 0.600000 2.900000 -0.566708
v 0.700000 2.900000 -0.566708
v -0.500000 2.900000 -0.566708
v -0.600000 2.900000 -0.666708
v -0.500000 2.900000 -0.666708
v 0.500000 2.900000 -0.566708
v 0.500000 2.900000 -0.666708
v 0.600000 2.900000 -0.666708
v -0.500000 3.000000 0.733292
v 0.500000 3.000000 0.733292
v -0.500000 3.000000 0.633292
v -0.400000 3.000000 0.633292
v 0.400000 3.000000 0.633292
v 0.500000 3.000000 0.633292
v -0.600000 3.000000 0.633292
v -0.600000 3.000000 0.533292
v -0.500000 3.000000 0.533292
v -0.400000 3.000000 0.533292
v 0.400000 3.000000 0.533292
v 0.600000 3.000000 0.633292
v 0.500000 3.000000 0.533292
v 0.600000 3.000000 0.533292
v -0.600000 3.000000 0.433292
v -0.700000 3.000000 0.533292
v -0.500000 3.000000 0.433292
v 0.700000 3.000000 0.533292
v 0.500000 3.000000 0.433292
v 0.600000 3.000000 0.433292
v -0.600000 3.000000 -0.366708
v 0.600000 3.000000 -0.366708
v -0.500000 3.000000 -0.366708
v -0.700000 3.000000 -0.466708
v -0.600000 3.000000 -0.466708
v -0.500000 3.000000 -0.466708
v 0.500000 3.000000 -0.366708
v 0.500000 3.000000 -0.466708
v 0.600000 3.000000 -0.466708
v 0.700000 3.000000 -0.466708
v -0.400000 3.000000 -0.466708
v -0.600000 3.000000 -0.566708
v -0.500000 3.000000 -0.566708
v -0.400000 3.000000 -0.566708
v 0.400000 3.000000 -0.466708
v 0.400000 3.000000 -0.566708
v 0.500000 3.000000 -0.566708
v 0.600000 3.000000 -0.566708
v -0.500000 3.000000 -0.666708
v 0.500000 3.000000 -0.666708
v -0.400000 3.100000 0.633292
v 0.400000 3.100000 0.633292
v -0.400000 3.100000 0.533292
v 0.400000 3.100000 0.533292
v -0.500000 3.100000 0.533292
v -0.500000 3.100000 0.433292
v 0.500000 3.100000 0.533292
v 0.500000 3.100000 0.433292
v -0.600000 3.100000 0.433292
v -0.600000 3.100000 -0.366708
v 0.600000 3.100000 0.433292
v -0.500000 3.100000 -0.366708
v 0.500000 3.100000 -0.366708
v 0.600000 3.100000 -0.366708
v -0.500000 3.100000 -0.466708
v -0.400000 3.100000 -0.466708
v 0.400000 3.100000 -0.466708
v 0.500000 3.100000 -0.466708
v -0.400000 3.100000 -0.566708
v 0.400000 3.100000 -0.566708
vt 0.853516 0.500000
vt 0.853516 0.500000
vt 0.853516 0.500000
vt 0.853516 0.500000
vt 0.845703 0.500000
vt 0.845703 0.500000
vt 0.845703 0.500000
vt 0.845703 0.500000
vt 0.853516 0.500000
vt 0.853516 0.500000
vt 0.853516 0.500000
vt 0.853516 0.500000
vt 0.845703 0.500000
vt 0.845703 0.500000
vt 0.845703 0.500000
vt 0.845703 0.500000
vt 0.755859 0.500000
vt 0.755859 0.500000
vt 0.755859 0.500000
vt 0.755859 0.500000
vt 0.755859 0.500000
vt 0.755859 0.500000
vt 0.755859 0.500000
vt 0.755859 0.500000
vt 0.755859 0.500000
vt 0.755859 0.500000
vt 0.755859 0.500000
vt 0.755859 0.500000
vt 0.755859 0.500000
vt 0.755859 0.500000
vt 0.755859 0.500000
vt 0.755859 0.500000
vt 0.755859 0.500000
vt 0.755859 0.500000
vt 0.755859 0.500000
vt 0.755859 0.500000
vt 0.751953 0.500000
vt 0.751953 0.500000
vt 0.751953 0.500000
vt 0.755859 0.500000
vt 0.755859 0.500000
vt 0.751953 0.500000
vt 0.751953 0.500000
vt 0.751953 0.500000
vt 0.751953 0.500000
vt 0.755859 0.500000
vt 0.755859 0.500000
vt 0.751953 0.500000
vt 0.751953 0.500000
vt 0.751953 0.500000
vt 0.755859 0.500000
vt 0.755859 0.500000
vt 0.751953 0.500000
vt 0.751953 0.500000
vt 0.751953 0.500000
vt 0.751953 0.500000
vt 0.755859 0.500000
vt 0.755859 0.500000
vt 0.755859 0.500000
vt 0.751953 0.500000
vt 0.755859 0.500000
vt 0.755859 0.500000
vt 0.751953 0.500000
vt 0.751953 0.500000
vt 0.751953 0.500000
vt 0.751953 0.500000
vt 0.755859 0.500000
vt 0.751953 0.500000
vt 0.751953 0.500000
vt 0.751953 0.500000
vt 0.755859 0.500000
vt 0.751953 0.500000
vt 0.751953 0.500000
vt 0.755859 0.500000
vt 0.751953 0.500000
vt 0.751953 0.500000
vt 0.755859 0.500000
vt 0.751953 0.500000
vt 0.755859 0.500000
vt 0.751953 0.500000
vt 0.751953 0.500000
vt 0.751953 0.500000
vt 0.751953 0.500000
vt 0.751953 0.500000
vt 0.751953 0.500000
vt 0.751953 0.500000
vt 0.751953 0.500000
vt 0.751953 0.500000
vt 0.751953 0.500000
vt 0.751953 0.500000
vt 0.751953 0.500000
vt 0.751953 0.500000
vt 0.751953 0.500000
vt 0.751953 0.500000
vt 0.751953 0.500000
vt 0.751953 0.500000
vt 0.751953 0.500000
vt 0.759766 0.500000
vt 0.759766 0.500000
vt 0.759766 0.500000
vt 0.751953 0.500000
vt 0.751953 0.500000
vt 0.759766 0.500000
vt 0.751953 0.500000
vt 0.751953 0.500000
vt 0.751953 0.500000
vt 0.759766 0.500000
vt 0.759766 0.500000
vt 0.759766 0.500000
vt 0.751953 0.500000
vt 0.751953 0.500000
vt 0.751953 0.500000
vt 0.751953 0.500000
vt 0.751953 0.500000
vt 0.759766 0.500000
vt 0.759766 0.500000
vt 0.759766 0.500000
vt 0.751953 0.500000
vt 0.759766 0.500000
vt 0.759766 0.500000
vt 0.759766 0.500000
vt 0.759766 0.500000
vt 0.751953 0.500000
vt 0.759766 0.500000
vt 0.759766 0.500000
vt 0.759766 0.500000
vt 0.759766 0.500000
vt 0.751953 0.500000
vt 0.751953 0.500000
vt 0.759766 0.500000
vt 0.759766 0.500000
vt 0.751953 0.500000
vt 0.759766 0.500000
vt 0.751953 0.500000
vt 0.759766 0.500000
vt 0.759766 0.500000
vt 0.759766 0.500000
vt 0.759766 0.500000
vt 0.751953 0.500000
vt 0.751953 0.500000
vt 0.759766 0.500000
vt 0.759766 0.500000
vt 0.759766 0.500000
vt 0.751953 0.500000
vt 0.759766 0.500000
vt 0.759766 0.500000
vt 0.759766 0.500000
vt 0.759766 0.500000
vt 0.759766 0.500000
vt 0.759766 0.500000
vt 0.759766 0.500000
vt 0.759766 0.500000
vt 0.001953 0.500000
vt 0.001953 0.500000
vt 0.001953 0.500000
vt 0.001953 0.500000
vt 0.755859 0.500000
vt 0.755859 0.500000
vt 0.755859 0.500000
vt 0.755859 0.500000
vt 0.755859 0.500000
vt 0.755859 0.500000
vt 0.755859 0.500000
vt 0.755859 0.500000
vt 0.755859 0.500000
vt 0.755859 0.500000
vt 0.755859 0.500000
vt 0.755859 0.500000
vt 0.755859 0.500000
vt 0.755859 0.500000
vt 0.755859 0.500000
vt 0.755859 0.500000
vt 0.755859 0.500000
vt 0.755859 0.500000
vt 0.759766 0.500000
vt 0.759766 0.500000
vt 0.759766 0.500000
vt 0.759766 0.500000
vt 0.759766 0.500000
vt 0.759766 0.500000
vt 0.759766 0.500000
vt 0.759766 0.500000
vt 0.759766 0.500000
vt 0.759766 0.500000
vt 0.759766 0.500000
vt 0.759766 0.500000
vt 0.759766 0.500000
vt 0.759766 0.500000
vt 0.759766 0.500000
vt 0.759766 0.500000
vt 0.759766 0.500000
vt 0.759766 0.500000
vt 0.755859 0.500000
vt 0.755859 0.500000
vt 0.755859 0.500000
vt 0.755859 0.500000
vt 0.755859 0.500000
vt 0.755859 0.500000
vt 0.755859 0.500000
vt 0.755859 0.500000
vt 0.755859 0.500000
vt 0.755859 0.500000
vt 0.755859 0.500000
vt 0.755859 0.500000
vt 0.755859 0.500000
vt 0.755859 0.500000
vt 0.755859 0.500000
vt 0.755859 0.500000
vt 0.759766 0.500000
vt 0.759766 0.500000
vt 0.759766 0.500000
vt 0.759766 0.500000
vt 0.759766 0.500000
vt 0.759766 0.500000
vt 0.759766 0.500000
vt 0.759766 0.500000
vt 0.759766 0.500000
vt 0.759766 0.500000
vt 0.759766 0.500000
vt 0.759766 0.500000
vt 0.759766 0.500000
vt 0.759766 0.500000
vt 0.759766 0.500000
vt 0.759766 0.500000
vt 0.755859 0.500000
vt 0.755859 0.500000
vt 0.755859 0.500000
vt 0.755859 0.500000
vt 0.755859 0.500000
vt 0.755859 0.500000
vt 0.755859 0.500000
vt 0.755859 0.500000
vt 0.853516 0.500000
vt 0.853516 0.500000
vt 0.853516 0.500000
vt 0.853516 0.500000
vt 0.845703 0.500000
vt 0.845703 0.500000
vt 0.845703 0.500000
vt 0.845703 0.500000
vt 0.853516 0.500000
vt 0.853516 0.500000
vt 0.853516 0.500000
vt 0.853516 0.500000
vt 0.845703 0.500000
vt 0.845703 0.500000
vt 0.845703 0.500000
vt 0.845703 0.500000
vt 0.759766 0.500000
vt 0.759766 0.500000
vt 0.759766 0.500000
vt 0.759766 0.500000
vt 0.759766 0.500000
vt 0.759766 0.500000
vt 0.759766 0.500000
vt 0.759766 0.500000
vt 0.001953 0.500000
vt 0.001953 0.500000
vt 0.001953 0.500000
vt 0.001953 0.500000
vt 0.001953 0.500000
vt 0.001953 0.500000
vt 0.001953 0.500000
vt 0.001953 0.500000
vt 0.001953 0.500000
vt 0.001953 0.500000
vt 0.001953 0.500000
vt 0.033203 0.500000
vt 0.033203 0.500000
vt 0.033203 0.500000
vt 0.001953 0.500000
vt 0.001953 0.500000
vt 0.033203 0.500000
vt 0.001953 0.500000
vt 0.033203 0.500000
vt 0.033203 0.500000
vt 0.001953 0.500000
vt 0.001953 0.500000
vt 0.033203 0.500000
vt 0.033203 0.500000
vt 0.033203 0.500000
vt 0.001953 0.500000
vt 0.001953 0.500000
vt 0.033203 0.500000
vt 0.033203 0.500000
vt 0.001953 0.500000
vt 0.001953 0.500000
vt 0.033203 0.500000
vt 0.001953 0.500000
vt 0.001953 0.500000
vt 0.853516 0.500000
vt 0.853516 0.500000
vt 0.853516 0.500000
vt 0.853516 0.500000
vt 0.845703 0.500000
vt 0.845703 0.500000
vt 0.845703 0.500000
vt 0.845703 0.500000
vt 0.853516 0.500000
vt 0.853516 0.500000
vt 0.853516 0.500000
vt 0.853516 0.500000
vt 0.845703 0.500000
vt 0.845703 0.500000
vt 0.845703 0.500000
vt 0.845703 0.500000
vt 0.853516 0.500000
vt 0.853516 0.500000
vt 0.853516 0.500000
vt 0.853516 0.500000
vt 0.845703 0.500000
vt 0.845703 0.500000
vt 0.845703 0.500000
vt 0.845703 0.500000
vt 0.853516 0.500000
vt 0.853516 0.500000
vt 0.853516 0.500000
vt 0.853516 0.500000
vt 0.845703 0.500000
vt 0.845703 0.500000
vt 0.845703 0.500000
vt 0.845703 0.500000
vt 0.001953 0.500000
vt 0.001953 0.500000
vt 0.001953 0.500000
vt 0.001953 0.500000
vt 0.001953 0.500000
vt 0.001953 0.500000
vt 0.001953 0.500000
vt 0.001953 0.500000
vt 0.001953 0.500000
vt 0.001953 0.500000
vt 0.033203 0.500000
vt 0.033203 0.500000
vt 0.033203 0.500000
vt 0.001953 0.500000
vt 0.001953 0.500000
vt 0.001953 0.500000
vt 0.001953 0.500000
vt 0.001953 0.500000
vt 0.033203 0.500000
vt 0.033203 0.500000
vt 0.033203 0.500000
vt 0.001953 0.500000
vt 0.001953 0.500000
vt 0.033203 0.500000
vt 0.001953 0.500000
vt 0.001953 0.500000
vt 0.033203 0.500000
vt 0.033203 0.500000
vt 0.033203 0.500000
vt 0.033203 0.500000
vt 0.001953 0.500000
vt 0.001953 0.500000
vt 0.033203 0.500000
vt 0.001953 0.500000
vt 0.033203 0.500000
vt 0.001953 0.500000
vt 0.033203 0.500000
vt 0.033203 0.500000
vt 0.033203 0.500000
vt 0.033203 0.500000
vt 0.033203 0.500000
vt 0.033203 0.500000
vt 0.033203 0.500000
vt 0.001953 0.500000
vt 0.001953 0.500000
vt 0.033203 0.500000
vt 0.001953 0.500000
vt 0.001953 0.500000
vt 0.001953 0.500000
vt 0.033203 0.500000
vt 0.033203 0.500000
vt 0.001953 0.500000
vt 0.001953 0.500000
vt 0.001953 0.500000
vt 0.001953 0.500000
vt 0.033203 0.500000
vt 0.001953 0.500000
vt 0.001953 0.500000
vt 0.755859 0.500000
vt 0.755859 0.500000
vt 0.755859 0.500000
vt 0.755859 0.500000
vt 0.755859 0.500000
vt 0.755859 0.500000
vt 0.755859 0.500000
vt 0.755859 0.500000
vt 0.853516 0.500000
vt 0.853516 0.500000
vt 0.853516 0.500000
vt 0.853516 0.500000
vt 0.845703 0.500000
vt 0.845703 0.500000
vt 0.845703 0.500000
vt 0.845703 0.500000
vt 0.853516 0.500000
vt 0.853516 0.500000
vt 0.853516 0.500000
vt 0.853516 0.500000
vt 0.845703 0.500000
vt 0.845703 0.500000
vt 0.845703 0.500000
vt 0.845703 0.500000
vt 0.759766 0.500000
vt 0.759766 0.500000
vt 0.759766 0.500000
vt 0.759766 0.500000
vt 0.759766 0.500000
vt 0.759766 0.500000
vt 0.759766 0.500000
vt 0.759766 0.500000
vt 0.755859 0.500000
vt 0.755859 0.500000
vt 0.755859 0.500000
vt 0.755859 0.500000
vt 0.755859 0.500000
vt 0.755859 0.500000
vt 0.755859 0.500000
vt 0.755859 0.500000
vt 0.755859 0.500000
vt 0.755859 0.500000
vt 0.755859 0.500000
vt 0.755859 0.500000
vt 0.755859 0.500000
vt 0.755859 0.500000
vt 0.755859 0.500000
vt 0.755859 0.500000
vt 0.759766 0.500000
vt 0.759766 0.500000
vt 0.759766 0.500000
vt 0.759766 0.500000
vt 0.759766 0.500000
vt 0.759766 0.500000
vt 0.759766 0.500000
vt 0.759766 0.500000
vt 0.759766 0.500000
vt 0.759766 0.500000
vt 0.759766 0.500000
vt 0.759766 0.500000
vt 0.759766 0.500000
vt 0.759766 0.500000
vt 0.759766 0.500000
vt 0.759766 0.500000
vt 0.001953 0.500000
vt 0.001953 0.500000
vt 0.001953 0.500000
vt 0.001953 0.500000
vt 0.755859 0.500000
vt 0.755859 0.500000
vt 0.755859 0.500000
vt 0.755859 0.500000
vt 0.755859 0.500000
vt 0.755859 0.500000
vt 0.755859 0.500000
vt 0.755859 0.500000
vt 0.755859 0.500000
vt 0.755859 0.500000
vt 0.755859 0.500000
vt 0.755859 0.500000
vt 0.755859 0.500000
vt 0.755859 0.500000
vt 0.755859 0.500000
vt 0.755859 0.500000
vt 0.755859 0.500000
vt 0.755859 0.500000
vt 0.759766 0.500000
vt 0.759766 0.500000
vt 0.759766 0.500000
vt 0.759766 0.500000
vt 0.759766 0.500000
vt 0.759766 0.500000
vt 0.759766 0.500000
vt 0.759766 0.500000
vt 0.759766 0.500000
vt 0.759766 0.500000
vt 0.759766 0.500000
vt 0.759766 0.500000
vt 0.759766 0.500000
vt 0.759766 0.500000
vt 0.759766 0.500000
vt 0.759766 0.500000
vt 0.759766 0.500000
vt 0.759766 0.500000
vt 0.755859 0.500000
vt 0.755859 0.500000
vt 0.755859 0.500000
vt 0.755859 0.500000
vt 0.755859 0.500000
vt 0.755859 0.500000
vt 0.755859 0.500000
vt 0.755859 0.500000
vt 0.755859 0.500000
vt 0.755859 0.500000
vt 0.755859 0.500000
vt 0.755859 0.500000
vt 0.755859 0.500000
vt 0.755859 0.500000
vt 0.755859 0.500000
vt 0.755859 0.500000
vt 0.755859 0.500000
vt 0.755859 0.500000
vt 0.751953 0.500000
vt 0.751953 0.500000
vt 0.751953 0.500000
vt 0.755859 0.500000
vt 0.755859 0.500000
vt 0.751953 0.500000
vt 0.751953 0.500000
vt 0.751953 0.500000
vt 0.751953 0.500000
vt 0.755859 0.500000
vt 0.755859 0.500000
vt 0.751953 0.500000
vt 0.755859 0.500000
vt 0.755859 0.500000
vt 0.751953 0.500000
vt 0.751953 0.500000
vt 0.751953 0.500000
vt 0.755859 0.500000
vt 0.755859 0.500000
vt 0.751953 0.500000
vt 0.755859 0.500000
vt 0.755859 0.500000
vt 0.755859 0.500000
vt 0.755859 0.500000
vt 0.755859 0.500000
vt 0.751953 0.500000
vt 0.751953 0.500000
vt 0.755859 0.500000
vt 0.751953 0.500000
vt 0.755859 0.500000
vt 0.751953 0.500000
vt 0.751953 0.500000
vt 0.751953 0.500000
vt 0.755859 0.500000
vt 0.751953 0.500000
vt 0.755859 0.500000
vt 0.751953 0.500000
vt 0.751953 0.500000
vt 0.751953 0.500000
vt 0.751953 0.500000
vt 0.755859 0.500000
vt 0.755859 0.500000
vt 0.751953 0.500000
vt 0.751953 0.500000
vt 0.751953 0.500000
vt 0.751953 0.500000
vt 0.755859 0.500000
vt 0.751953 0.500000
vt 0.751953 0.500000
vt 0.751953 0.500000
vt 0.751953 0.500000
vt 0.751953 0.500000
vt 0.751953 0.500000
vt 0.751953 0.500000
vt 0.751953 0.500000
vt 0.751953 0.500000
vt 0.751953 0.500000
vt 0.751953 0.500000
vt 0.751953 0.500000
vt 0.751953 0.500000
vt 0.751953 0.500000
vt 0.751953 0.500000
vt 0.751953 0.500000
vt 0.751953 0.500000
vt 0.751953 0.500000
vt 0.759766 0.500000
vt 0.759766 0.500000
vt 0.759766 0.500000
vt 0.751953 0.500000
vt 0.751953 0.500000
vt 0.751953 0.500000
vt 0.751953 0.500000
vt 0.751953 0.500000
vt 0.759766 0.500000
vt 0.759766 0.500000
vt 0.759766 0.500000
vt 0.751953 0.500000
vt 0.751953 0.500000
vt 0.759766 0.500000
vt 0.751953 0.500000
vt 0.751953 0.500000
vt 0.759766 0.500000
vt 0.759766 0.500000
vt 0.759766 0.500000
vt 0.751953 0.500000
vt 0.751953 0.500000
vt 0.759766 0.500000
vt 0.759766 0.500000
vt 0.759766 0.500000
vt 0.751953 0.500000
vt 0.759766 0.500000
vt 0.759766 0.500000
vt 0.759766 0.500000
vt 0.751953 0.500000
vt 0.759766 0.500000
vt 0.759766 0.500000
vt 0.759766 0.500000
vt 0.759766 0.500000
vt 0.751953 0.500000
vt 0.751953 0.500000
vt 0.759766 0.500000
vt 0.759766 0.500000
vt 0.759766 0.500000
vt 0.751953 0.500000
vt 0.759766 0.500000
vt 0.751953 0.500000
vt 0.759766 0.500000
vt 0.759766 0.500000
vt 0.759766 0.500000
vt 0.751953 0.500000
vt 0.751953 0.500000
vt 0.751953 0.500000
vt 0.759766 0.500000
vt 0.759766 0.500000
vt 0.751953 0.500000
vt 0.759766 0.500000
vt 0.759766 0.500000
vt 0.759766 0.500000
vt 0.759766 0.500000
vt 0.759766 0.500000
vt 0.759766 0.500000
vt 0.759766 0.500000
vt 0.759766 0.500000
vt 0.759766 0.500000
vt 0.853516 0.500000
vt 0.853516 0.500000
vt 0.853516 0.500000
vt 0.853516 0.500000
vt 0.845703 0.500000
vt 0.845703 0.500000
vt 0.845703 0.500000
vt 0.845703 0.500000
vt 0.853516 0.500000
vt 0.853516 0.500000
vt 0.853516 0.500000
vt 0.853516 0.500000
vt 0.845703 0.500000
vt 0.845703 0.500000
vt 0.845703 0.500000
vt 0.845703 0.500000
vt 0.853516 0.500000
vt 0.853516 0.500000
vt 0.853516 0.500000
vt 0.845703 0.500000
vt 0.845703 0.500000
vt 0.845703 0.500000
vt 0.853516 0.500000
vt 0.845703 0.500000
vt 0.853516 0.500000
vt 0.853516 0.500000
vt 0.853516 0.500000
vt 0.845703 0.500000
vt 0.845703 0.500000
vt 0.845703 0.500000
vt 0.853516 0.500000
vt 0.845703 0.500000
vt 0.755859 0.500000
vt 0.755859 0.500000
vt 0.755859 0.500000
vt 0.759766 0.500000
vt 0.759766 0.500000
vt 0.759766 0.500000
vt 0.755859 0.500000
vt 0.755859 0.500000
vt 0.751953 0.500000
vt 0.751953 0.500000
vt 0.751953 0.500000
vt 0.755859 0.500000
vt 0.751953 0.500000
vt 0.751953 0.500000
vt 0.759766 0.500000
vt 0.759766 0.500000
vt 0.751953 0.500000
vt 0.759766 0.500000
vt 0.755859 0.500000
vt 0.755859 0.500000
vt 0.755859 0.500000
vt 0.751953 0.500000
vt 0.755859 0.500000
vt 0.751953 0.500000
vt 0.751953 0.500000
vt 0.751953 0.500000
vt 0.759766 0.500000
vt 0.759766 0.500000
vt 0.751953 0.500000
vt 0.759766 0.500000
vt 0.759766 0.500000
vt 0.755859 0.500000
vt 0.751953 0.500000
vt 0.751953 0.500000
vt 0.751953 0.500000
vt 0.751953 0.500000
vt 0.751953 0.500000
vt 0.759766 0.500000
vt 0.751953 0.500000
vt 0.755859 0.500000
vt 0.755859 0.500000
vt 0.751953 0.500000
vt 0.755859 0.500000
vt 0.751953 0.500000
vt 0.751953 0.500000
vt 0.759766 0.500000
vt 0.759766 0.500000
vt 0.751953 0.500000
vt 0.759766 0.500000
vt 0.751953 0.500000
vt 0.751953 0.500000
vt 0.755859 0.500000
vt 0.751953 0.500000
vt 0.751953 0.500000
vt 0.751953 0.500000
vt 0.751953 0.500000
vt 0.759766 0.500000
vt 0.751953 0.500000
vt 0.751953 0.500000
vt 0.755859 0.500000
vt 0.755859 0.500000
vt 0.751953 0.500000
vt 0.751953 0.500000
vt 0.759766 0.500000
vt 0.759766 0.500000
vt 0.751953 0.500000
vt 0.755859 0.500000
vt 0.755859 0.500000
vt 0.751953 0.500000
vt 0.755859 0.500000
vt 0.759766 0.500000
vt 0.759766 0.500000
vt 0.751953 0.500000
vt 0.759766 0.500000
vt 0.755859 0.500000
vt 0.751953 0.500000
vt 0.751953 0.500000
vt 0.755859 0.500000
vt 0.751953 0.500000
vt 0.751953 0.500000
vt 0.751953 0.500000
vt 0.751953 0.500000
vt 0.759766 0.500000
vt 0.751953 0.500000
vt 0.759766 0.500000
vt 0.755859 0.500000
vt 0.751953 0.500000
vt 0.751953 0.500000
vt 0.751953 0.500000
vt 0.751953 0.500000
vt 0.751953 0.500000
vt 0.759766 0.500000
vt 0.751953 0.500000
vt 0.755859 0.500000
vt 0.755859 0.500000
vt 0.751953 0.500000
vt 0.755859 0.500000
vt 0.751953 0.500000
vt 0.751953 0.500000
vt 0.759766 0.500000
vt 0.759766 0.500000
vt 0.751953 0.500000
vt 0.759766 0.500000
vt 0.755859 0.500000
vt 0.755859 0.500000
vt 0.751953 0.500000
vt 0.751953 0.500000
vt 0.755859 0.500000
vt 0.751953 0.500000
vt 0.751953 0.500000
vt 0.751953 0.500000
vt 0.751953 0.500000
vt 0.759766 0.500000
vt 0.751953 0.500000
vt 0.759766 0.500000
vt 0.759766 0.500000
vt 0.755859 0.500000
vt 0.755859 0.500000
vt 0.755859 0.500000
vt 0.751953 0.500000
vt 0.755859 0.500000
vt 0.751953 0.500000
vt 0.751953 0.500000
vt 0.759766 0.500000
vt 0.751953 0.500000
vt 0.759766 0.500000
vt 0.759766 0.500000
vt 0.759766 0.500000
vt 0.755859 0.500000
vt 0.755859 0.500000
vt 0.751953 0.500000
vt 0.755859 0.500000
vt 0.759766 0.500000
vt 0.751953 0.500000
vt 0.759766 0.500000
vt 0.759766 0.500000
vt 0.755859 0.500000
vt 0.755859 0.500000
vt 0.755859 0.500000
vt 0.755859 0.500000
vt 0.759766 0.500000
vt 0.759766 0.500000
vt 0.759766 0.500000
vt 0.759766 0.500000
vt 0.755859 0.500000
vt 0.755859 0.500000
vt 0.755859 0.500000
vt 0.759766 0.500000
vt 0.759766 0.500000
vt 0.759766 0.500000
vt 0.001953 0.500000
vt 0.001953 0.500000
vt 0.001953 0.500000
vt 0.001953 0.500000
vt 0.755859 0.500000
vt 0.755859 0.500000
vt 0.755859 0.500000
vt 0.755859 0.500000
vt 0.759766 0.500000
vt 0.759766 0.500000
vt 0.759766 0.500000
vt 0.759766 0.500000
vt 0.755859 0.500000
vt 0.755859 0.500000
vt 0.755859 0.500000
vt 0.755859 0.500000
vt 0.759766 0.500000
vt 0.759766 0.500000
vt 0.759766 0.500000
vt 0.759766 0.500000
vt 0.755859 0.500000
vt 0.755859 0.500000
vt 0.755859 0.500000
vt 0.759766 0.500000
vt 0.759766 0.500000
vt 0.759766 0.500000
vt 0.755859 0.500000
vt 0.755859 0.500000
vt 0.755859 0.500000
vt 0.755859 0.500000
vt 0.759766 0.500000
vt 0.759766 0.500000
vt 0.759766 0.500000
vt 0.759766 0.500000
vt 0.755859 0.500000
vt 0.755859 0.500000
vt 0.755859 0.500000
vt 0.755859 0.500000
vt 0.759766 0.500000
vt 0.759766 0.500000
vt 0.759766 0.500000
vt 0.759766 0.500000
vt 0.755859 0.500000
vt 0.755859 0.500000
vt 0.755859 0.500000
vt 0.755859 0.500000
vt 0.759766 0.500000
vt 0.759766 0.500000
vt 0.759766 0.500000
vt 0.759766 0.500000
vt 0.755859 0.500000
vt 0.755859 0.500000
vt 0.755859 0.500000
vt 0.755859 0.500000
vt 0.759766 0.500000
vt 0.759766 0.500000
vt 0.759766 0.500000
vt 0.759766 0.500000
vt 0.755859 0.500000
vt 0.755859 0.500000
vt 0.755859 0.500000
vt 0.755859 0.500000
vt 0.759766 0.500000
vt 0.759766 0.500000
vt 0.759766 0.500000
vt 0.759766 0.500000
vt 0.755859 0.500000
vt 0.755859 0.500000
vt 0.755859 0.500000
vt 0.755859 0.500000
vt 0.759766 0.500000
vt 0.759766 0.500000
vt 0.759766 0.500000
vt 0.759766 0.500000
vt 0.853516 0.500000
vt 0.853516 0.500000
vt 0.853516 0.500000
vt 0.845703 0.500000
vt 0.845703 0.500000
vt 0.845703 0.500000
vt 0.853516 0.500000
vt 0.845703 0.500000
vt 0.853516 0.500000
vt 0.853516 0.500000
vt 0.853516 0.500000
vt 0.845703 0.500000
vt 0.845703 0.500000
vt 0.845703 0.500000
vt 0.853516 0.500000
vt 0.845703 0.500000
vt 0.001953 0.500000
vt 0.001953 0.500000
vt 0.001953 0.500000
vt 0.001953 0.500000
vt 0.001953 0.500000
vt 0.001953 0.500000
vt 0.001953 0.500000
vt 0.001953 0.500000
vt 0.001953 0.500000
vt 0.001953 0.500000
vt 0.853516 0.500000
vt 0.853516 0.500000
vt 0.853516 0.500000
vt 0.845703 0.500000
vt 0.845703 0.500000
vt 0.845703 0.500000
vt 0.853516 0.500000
vt 0.845703 0.500000
vt 0.853516 0.500000
vt 0.853516 0.500000
vt 0.853516 0.500000
vt 0.845703 0.500000
vt 0.845703 0.500000
vt 0.845703 0.500000
vt 0.853516 0.500000
vt 0.845703 0.500000
vt 0.853516 0.500000
vt 0.853516 0.500000
vt 0.853516 0.500000
vt 0.845703 0.500000
vt 0.845703 0.500000
vt 0.845703 0.500000
vt 0.853516 0.500000
vt 0.845703 0.500000
vt 0.853516 0.500000
vt 0.853516 0.500000
vt 0.853516 0.500000
vt 0.845703 0.500000
vt 0.845703 0.500000
vt 0.845703 0.500000
vt 0.853516 0.500000
vt 0.845703 0.500000
vt 0.001953 0.500000
vt 0.001953 0.500000
vt 0.001953 0.500000
vt 0.001953 0.500000
vt 0.001953 0.500000
vt 0.001953 0.500000
vt 0.001953 0.500000
vt 0.001953 0.500000
vt 0.033203 0.500000
vt 0.033203 0.500000
vt 0.033203 0.500000
vt 0.001953 0.500000
vt 0.001953 0.500000
vt 0.033203 0.500000
vt 0.001953 0.500000
vt 0.001953 0.500000
vt 0.001953 0.500000
vt 0.001953 0.500000
vt 0.755859 0.500000
vt 0.755859 0.500000
vt 0.755859 0.500000
vt 0.755859 0.500000
vt 0.759766 0.500000
vt 0.759766 0.500000
vt 0.759766 0.500000
vt 0.759766 0.500000
vt 0.755859 0.500000
vt 0.755859 0.500000
vt 0.755859 0.500000
vt 0.755859 0.500000
vt 0.759766 0.500000
vt 0.759766 0.500000
vt 0.759766 0.500000
vt 0.759766 0.500000
vt 0.853516 0.500000
vt 0.853516 0.500000
vt 0.853516 0.500000
vt 0.845703 0.500000
vt 0.845703 0.500000
vt 0.845703 0.500000
vt 0.853516 0.500000
vt 0.845703 0.500000
vt 0.755859 0.500000
vt 0.755859 0.500000
vt 0.755859 0.500000
vt 0.755859 0.500000
vt 0.759766 0.500000
vt 0.759766 0.500000
vt 0.759766 0.500000
vt 0.759766 0.500000
vt 0.755859 0.500000
vt 0.755859 0.500000
vt 0.755859 0.500000
vt 0.755859 0.500000
vt 0.759766 0.500000
vt 0.759766 0.500000
vt 0.759766 0.500000
vt 0.759766 0.500000
vt 0.755859 0.500000
vt 0.755859 0.500000
vt 0.755859 0.500000
vt 0.755859 0.500000
vt 0.759766 0.500000
vt 0.759766 0.500000
vt 0.759766 0.500000
vt 0.759766 0.500000
vt 0.755859 0.500000
vt 0.755859 0.500000
vt 0.755859 0.500000
vt 0.755859 0.500000
vt 0.759766 0.500000
vt 0.759766 0.500000
vt 0.759766 0.500000
vt 0.759766 0.500000
vt 0.853516 0.500000
vt 0.853516 0.500000
vt 0.853516 0.500000
vt 0.845703 0.500000
vt 0.845703 0.500000
vt 0.845703 0.500000
vt 0.853516 0.500000
vt 0.845703 0.500000
vt 0.755859 0.500000
vt 0.755859 0.500000
vt 0.755859 0.500000
vt 0.755859 0.500000
vt 0.759766 0.500000
vt 0.759766 0.500000
vt 0.759766 0.500000
vt 0.759766 0.500000
vt 0.755859 0.500000
vt 0.755859 0.500000
vt 0.755859 0.500000
vt 0.759766 0.500000
vt 0.759766 0.500000
vt 0.759766 0.500000
vt 0.001953 0.500000
vt 0.001953 0.500000
vt 0.001953 0.500000
vt 0.001953 0.500000
vt 0.755859 0.500000
vt 0.755859 0.500000
vt 0.755859 0.500000
vt 0.755859 0.500000
vt 0.759766 0.500000
vt 0.759766 0.500000
vt 0.759766 0.500000
vt 0.759766 0.500000
vt 0.755859 0.500000
vt 0.755859 0.500000
vt 0.755859 0.500000
vt 0.755859 0.500000
vt 0.759766 0.500000
vt 0.759766 0.500000
vt 0.759766 0.500000
vt 0.759766 0.500000
vt 0.755859 0.500000
vt 0.755859 0.500000
vt 0.755859 0.500000
vt 0.759766 0.500000
vt 0.759766 0.500000
vt 0.759766 0.500000
vt 0.755859 0.500000
vt 0.755859 0.500000
vt 0.755859 0.500000
vt 0.755859 0.500000
vt 0.751953 0.500000
vt 0.751953 0.500000
vt 0.751953 0.500000
vt 0.755859 0.500000
vt 0.759766 0.500000
vt 0.759766 0.500000
vt 0.759766 0.500000
vt 0.751953 0.500000
vt 0.759766 0.500000
vt 0.759766 0.500000
vt 0.755859 0.500000
vt 0.755859 0.500000
vt 0.755859 0.500000
vt 0.751953 0.500000
vt 0.751953 0.500000
vt 0.755859 0.500000
vt 0.751953 0.500000
vt 0.759766 0.500000
vt 0.759766 0.500000
vt 0.751953 0.500000
vt 0.759766 0.500000
vt 0.759766 0.500000
vt 0.755859 0.500000
vt 0.751953 0.500000
vt 0.751953 0.500000
vt 0.755859 0.500000
vt 0.751953 0.500000
vt 0.751953 0.500000
vt 0.751953 0.500000
vt 0.751953 0.500000
vt 0.751953 0.500000
vt 0.751953 0.500000
vt 0.759766 0.500000
vt 0.759766 0.500000
vt 0.751953 0.500000
vt 0.755859 0.500000
vt 0.755859 0.500000
vt 0.751953 0.500000
vt 0.751953 0.500000
vt 0.751953 0.500000
vt 0.759766 0.500000
vt 0.759766 0.500000
vt 0.751953 0.500000
vt 0.755859 0.500000
vt 0.755859 0.500000
vt 0.751953 0.500000
vt 0.755859 0.500000
vt 0.751953 0.500000
vt 0.751953 0.500000
vt 0.759766 0.500000
vt 0.759766 0.500000
vt 0.751953 0.500000
vt 0.759766 0.500000
vt 0.755859 0.500000
vt 0.751953 0.500000
vt 0.751953 0.500000
vt 0.751953 0.500000
vt 0.751953 0.500000
vt 0.751953 0.500000
vt 0.751953 0.500000
vt 0.759766 0.500000
vt 0.751953 0.500000
vt 0.755859 0.500000
vt 0.755859 0.500000
vt 0.751953 0.500000
vt 0.755859 0.500000
vt 0.759766 0.500000
vt 0.759766 0.500000
vt 0.751953 0.500000
vt 0.759766 0.500000
vt 0.755859 0.500000
vt 0.751953 0.500000
vt 0.751953 0.500000
vt 0.751953 0.500000
vt 0.751953 0.500000
vt 0.751953 0.500000
vt 0.759766 0.500000
vt 0.751953 0.500000
vt 0.751953 0.500000
vt 0.755859 0.500000
vt 0.755859 0.500000
vt 0.751953 0.500000
vt 0.751953 0.500000
vt 0.751953 0.500000
vt 0.751953 0.500000
vt 0.751953 0.500000
vt 0.759766 0.500000
vt 0.759766 0.500000
vt 0.751953 0.500000
vt 0.755859 0.500000
vt 0.755859 0.500000
vt 0.751953 0.500000
vt 0.755859 0.500000
vt 0.751953 0.500000
vt 0.759766 0.500000
vt 0.759766 0.500000
vt 0.759766 0.500000
vt 0.755859 0.500000
vt 0.751953 0.500000
vt 0.751953 0.500000
vt 0.755859 0.500000
vt 0.751953 0.500000
vt 0.751953 0.500000
vt 0.751953 0.500000
vt 0.759766 0.500000
vt 0.751953 0.500000
vt 0.759766 0.500000
vt 0.755859 0.500000
vt 0.755859 0.500000
vt 0.751953 0.500000
vt 0.755859 0.500000
vt 0.751953 0.500000
vt 0.751953 0.500000
vt 0.751953 0.500000
vt 0.751953 0.500000
vt 0.751953 0.500000
vt 0.759766 0.500000
vt 0.751953 0.500000
vt 0.759766 0.500000
vt 0.759766 0.500000
vt 0.755859 0.500000
vt 0.755859 0.500000
vt 0.755859 0.500000
vt 0.755859 0.500000
vt 0.751953 0.500000
vt 0.755859 0.500000
vt 0.759766 0.500000
vt 0.751953 0.500000
vt 0.759766 0.500000
vt 0.759766 0.500000
vt 0.759766 0.500000
vt 0.759766 0.500000
vt 0.755859 0.500000
vt 0.751953 0.500000
vt 0.751953 0.500000
vt 0.755859 0.500000
vt 0.751953 0.500000
vt 0.759766 0.500000
vt 0.751953 0.500000
vt 0.759766 0.500000
vt 0.853516 0.500000
vt 0.853516 0.500000
vt 0.853516 0.500000
vt 0.845703 0.500000
vt 0.845703 0.500000
vt 0.845703 0.500000
vt 0.853516 0.500000
vt 0.845703 0.500000
vt 0.853516 0.500000
vt 0.853516 0.500000
vt 0.853516 0.500000
vt 0.845703 0.500000
vt 0.845703 0.500000
vt 0.845703 0.500000
vt 0.853516 0.500000
vt 0.845703 0.500000
vt 0.001953 0.500000
vt 0.001953 0.500000
vt 0.001953 0.500000
vt 0.001953 0.500000
vt 0.001953 0.500000
vt 0.001953 0.500000
vt 0.001953 0.500000
vt 0.001953 0.500000
vt 0.001953 0.500000
vt 0.001953 0.500000
vt 0.001953 0.500000
vt 0.001953 0.500000
vt 0.755859 0.500000
vt 0.755859 0.500000
vt 0.755859 0.500000
vt 0.755859 0.500000
vt 0.755859 0.500000
vt 0.755859 0.500000
vt 0.755859 0.500000
vt 0.755859 0.500000
vt 0.755859 0.500000
vt 0.755859 0.500000
vt 0.755859 0.500000
vt 0.755859 0.500000
vt 0.755859 0.500000
vt 0.755859 0.500000
vt 0.755859 0.500000
vt 0.755859 0.500000
vt 0.755859 0.500000
vt 0.755859 0.500000
vt 0.755859 0.500000
vt 0.755859 0.500000
vt 0.755859 0.500000
vt 0.755859 0.500000
vt 0.755859 0.500000
vt 0.755859 0.500000
vt 0.755859 0.500000
vt 0.755859 0.500000
vt 0.755859 0.500000
vt 0.755859 0.500000
vt 0.755859 0.500000
vt 0.755859 0.500000
vt 0.755859 0.500000
vt 0.755859 0.500000
vt 0.755859 0.500000
vt 0.755859 0.500000
vt 0.755859 0.500000
vt 0.755859 0.500000
vt 0.755859 0.500000
vt 0.755859 0.500000
vt 0.755859 0.500000
vt 0.755859 0.500000
vt 0.755859 0.500000
vt 0.755859 0.500000
vt 0.755859 0.500000
vt 0.755859 0.500000
vt 0.755859 0.500000
vt 0.755859 0.500000
vt 0.755859 0.500000
vt 0.755859 0.500000
vt 0.755859 0.500000
vt 0.755859 0.500000
vt 0.755859 0.500000
vt 0.755859 0.500000
vt 0.755859 0.500000
vt 0.755859 0.500000
vt 0.755859 0.500000
vt 0.755859 0.500000
vt 0.755859 0.500000
vt 0.755859 0.500000
vt 0.755859 0.500000
vt 0.755859 0.500000
vt 0.755859 0.500000
vt 0.755859 0.500000
vt 0.755859 0.500000
vt 0.755859 0.500000
vt 0.755859 0.500000
vt 0.755859 0.500000
vt 0.755859 0.500000
vt 0.755859 0.500000
vt 0.755859 0.500000
vt 0.755859 0.500000
vt 0.755859 0.500000
vt 0.755859 0.500000
vt 0.755859 0.500000
vt 0.755859 0.500000
vt 0.755859 0.500000
vt 0.755859 0.500000
vt 0.755859 0.500000
vt 0.755859 0.500000
vt 0.755859 0.500000
vt 0.755859 0.500000
vt 0.755859 0.500000
vt 0.755859 0.500000
vt 0.755859 0.500000
vt 0.755859 0.500000
vt 0.755859 0.500000
vt 0.755859 0.500000
vt 0.755859 0.500000
vt 0.755859 0.500000
vt 0.755859 0.500000
vt 0.755859 0.500000
vt 0.755859 0.500000
vt 0.755859 0.500000
vt 0.755859 0.500000
vt 0.755859 0.500000
vt 0.755859 0.500000
vt 0.755859 0.500000
vt 0.755859 0.500000
vt 0.755859 0.500000
vt 0.755859 0.500000
vt 0.755859 0.500000
vt 0.755859 0.500000
vt 0.755859 0.500000
vt 0.755859 0.500000
vt 0.755859 0.500000
vt 0.755859 0.500000
vt 0.755859 0.500000
vt 0.755859 0.500000
vt 0.755859 0.500000
vt 0.853516 0.500000
vt 0.853516 0.500000
vt 0.853516 0.500000
vt 0.853516 0.500000
vt 0.853516 0.500000
vt 0.853516 0.500000
vt 0.853516 0.500000
vt 0.853516 0.500000
vt 0.853516 0.500000
vt 0.853516 0.500000
vt 0.853516 0.500000
vt 0.853516 0.500000
vt 0.853516 0.500000
vt 0.853516 0.500000
vt 0.853516 0.500000
vt 0.853516 0.500000
vt 0.853516 0.500000
vt 0.853516 0.500000
vt 0.853516 0.500000
vt 0.853516 0.500000
vt 0.853516 0.500000
vt 0.853516 0.500000
vt 0.853516 0.500000
vt 0.853516 0.500000
vt 0.853516 0.500000
vt 0.853516 0.500000
vt 0.853516 0.500000
vt 0.853516 0.500000
vt 0.853516 0.500000
vt 0.853516 0.500000
vt 0.853516 0.500000
vt 0.853516 0.500000
vt 0.001953 0.500000
vt 0.001953 0.500000
vt 0.001953 0.500000
vt 0.001953 0.500000
vt 0.001953 0.500000
vt 0.001953 0.500000
vt 0.001953 0.500000
vt 0.001953 0.500000
vt 0.001953 0.500000
vt 0.001953 0.500000
vt 0.001953 0.500000
vt 0.001953 0.500000
vt 0.001953 0.500000
vt 0.001953 0.500000
vt 0.845703 0.500000
vt 0.845703 0.500000
vt 0.845703 0.500000
vt 0.845703 0.500000
vt 0.845703 0.500000
vt 0.845703 0.500000
vt 0.845703 0.500000
vt 0.845703 0.500000
vt 0.845703 0.500000
vt 0.845703 0.500000
vt 0.845703 0.500000
vt 0.845703 0.500000
vt 0.845703 0.500000
vt 0.845703 0.500000
vt 0.845703 0.500000
vt 0.845703 0.500000
vt 0.845703 0.500000
vt 0.845703 0.500000
vt 0.845703 0.500000
vt 0.845703 0.500000
vt 0.845703 0.500000
vt 0.845703 0.500000
vt 0.845703 0.500000
vt 0.845703 0.500000
vt 0.845703 0.500000
vt 0.845703 0.500000
vt 0.845703 0.500000
vt 0.845703 0.500000
vt 0.845703 0.500000
vt 0.845703 0.500000
vt 0.845703 0.500000
vt 0.845703 0.500000
vt 0.845703 0.500000
vt 0.759766 0.500000
vt 0.759766 0.500000
vt 0.759766 0.500000
vt 0.759766 0.500000
vt 0.759766 0.500000
vt 0.759766 0.500000
vt 0.759766 0.500000
vt 0.759766 0.500000
vt 0.759766 0.500000
vt 0.759766 0.500000
vt 0.759766 0.500000
vt 0.759766 0.500000
vt 0.759766 0.500000
vt 0.759766 0.500000
vt 0.759766 0.500000
vt 0.759766 0.500000
vt 0.759766 0.500000
vt 0.759766 0.500000
vt 0.759766 0.500000
vt 0.759766 0.500000
vt 0.759766 0.500000
vt 0.759766 0.500000
vt 0.759766 0.500000
vt 0.759766 0.500000
vt 0.759766 0.500000
vt 0.759766 0.500000
vt 0.759766 0.500000
vt 0.759766 0.500000
vt 0.759766 0.500000
vt 0.759766 0.500000
vt 0.759766 0.500000
vt 0.759766 0.500000
vt 0.759766 0.500000
vt 0.759766 0.500000
vt 0.759766 0.500000
vt 0.759766 0.500000
vt 0.759766 0.500000
vt 0.759766 0.500000
vt 0.759766 0.500000
vt 0.759766 0.500000
vt 0.759766 0.500000
vt 0.759766 0.500000
vt 0.759766 0.500000
vt 0.759766 0.500000
vt 0.759766 0.500000
vt 0.759766 0.500000
vt 0.759766 0.500000
vt 0.759766 0.500000
vt 0.759766 0.500000
vt 0.759766 0.500000
vt 0.759766 0.500000
vt 0.759766 0.500000
vt 0.759766 0.500000
vt 0.759766 0.500000
vt 0.759766 0.500000
vt 0.759766 0.500000
vt 0.759766 0.500000
vt 0.759766 0.500000
vt 0.759766 0.500000
vt 0.759766 0.500000
vt 0.759766 0.500000
vt 0.759766 0.500000
vt 0.759766 0.500000
vt 0.759766 0.500000
vt 0.759766 0.500000
vt 0.759766 0.500000
vt 0.759766 0.500000
vt 0.759766 0.500000
vt 0.759766 0.500000
vt 0.759766 0.500000
vt 0.759766 0.500000
vt 0.759766 0.500000
vt 0.759766 0.500000
vt 0.759766 0.500000
vt 0.759766 0.500000
vt 0.759766 0.500000
vt 0.759766 0.500000
vt 0.759766 0.500000
vt 0.759766 0.500000
vt 0.759766 0.500000
vt 0.759766 0.500000
vt 0.759766 0.500000
vt 0.759766 0.500000
vt 0.759766 0.500000
vt 0.759766 0.500000
vt 0.759766 0.500000
vt 0.759766 0.500000
vt 0.759766 0.500000
vt 0.759766 0.500000
vt 0.759766 0.500000
vt 0.759766 0.500000
vt 0.759766 0.500000
vt 0.759766 0.500000
vt 0.759766 0.500000
vt 0.759766 0.500000
vt 0.759766 0.500000
vt 0.759766 0.500000
vt 0.759766 0.500000
vt 0.759766 0.500000
vt 0.759766 0.500000
vt 0.759766 0.500000
vt 0.759766 0.500000
vt 0.759766 0.500000
vt 0.759766 0.500000
vn -1.0000 0.0000 0.0000
vn 1.0000 0.0000 0.0000
vn 0.0000 0.0000 1.0000
vn 0.0000 0.0000 -1.0000
vn 0.0000 -1.0000 -0.0000
vn 0.0000 1.0000 0.0000
usemtl palette.084
s 1
f 1/1/1 2/2/1 3/3/1
f 4/4/1 2/2/1 1/1/1
f 5/5/1 4/6/1 1/7/1
f 6/8/1 4/6/1 5/5/1
f 7/9/1 8/10/1 9/11/1
f 10/12/1 8/10/1 7/9/1
f 11/13/1 10/14/1 7/15/1
f 12/16/1 10/14/1 11/13/1
f 13/17/1 14/18/1 15/19/1
f 16/20/1 14/18/1 13/17/1
f 17/21/1 13/17/1 18/22/1
f 17/21/1 19/23/1 16/20/1
f 17/21/1 16/20/1 13/17/1
f 20/24/1 19/23/1 17/21/1
f 21/25/1 19/23/1 20/24/1
f 22/26/1 19/23/1 21/25/1
f 23/27/1 19/23/1 22/26/1
f 24/28/1 19/23/1 23/27/1
f 25/29/1 19/23/1 24/28/1
f 26/30/1 19/23/1 25/29/1
f 27/31/1 19/23/1 26/30/1
f 28/32/1 19/23/1 27/31/1
f 29/33/1 17/21/1 30/34/1
f 29/33/1 20/24/1 17/21/1
f 31/35/1 20/24/1 29/33/1
f 32/36/1 20/24/1 31/35/1
f 33/37/1 21/38/1 20/39/1
f 33/40/1 20/24/1 32/36/1
f 34/41/1 22/26/1 21/25/1
f 34/42/1 21/38/1 33/37/1
f 35/43/1 23/44/1 22/45/1
f 35/46/1 22/26/1 34/41/1
f 36/47/1 24/28/1 23/27/1
f 37/48/1 25/49/1 24/50/1
f 37/51/1 24/28/1 36/47/1
f 38/52/1 26/30/1 25/29/1
f 38/53/1 25/49/1 37/48/1
f 39/54/1 27/55/1 26/56/1
f 39/57/1 26/30/1 38/52/1
f 40/58/1 41/59/1 28/32/1
f 40/60/1 27/55/1 39/54/1
f 40/58/1 28/32/1 27/31/1
f 42/61/1 41/59/1 40/58/1
f 43/62/1 32/36/1 31/35/1
f 43/63/1 31/64/1 29/65/1
f 44/66/1 35/43/1 34/42/1
f 44/67/1 32/36/1 43/62/1
f 44/66/1 33/37/1 32/68/1
f 44/66/1 34/42/1 33/37/1
f 45/69/1 35/43/1 44/66/1
f 46/70/1 23/44/1 35/43/1
f 46/70/1 35/43/1 45/69/1
f 47/71/1 36/47/1 23/27/1
f 47/72/1 23/44/1 46/70/1
f 48/73/1 39/54/1 38/53/1
f 48/74/1 36/47/1 47/71/1
f 48/73/1 40/60/1 39/54/1
f 48/73/1 42/75/1 40/60/1
f 48/73/1 37/48/1 36/76/1
f 48/73/1 38/53/1 37/48/1
f 49/77/1 41/59/1 42/61/1
f 49/78/1 42/75/1 48/73/1
f 50/79/1 41/59/1 49/77/1
f 51/80/1 44/66/1 43/63/1
f 51/80/1 45/69/1 44/66/1
f 52/81/1 47/72/1 46/70/1
f 52/81/1 48/73/1 47/72/1
f 52/81/1 49/78/1 48/73/1
f 52/81/1 50/82/1 49/78/1
f 53/83/1 51/80/1 43/63/1
f 54/84/1 50/82/1 52/81/1
f 55/85/1 50/82/1 54/84/1
f 55/85/1 54/84/1 53/83/1
f 56/86/1 50/82/1 55/85/1
f 57/87/1 55/85/1 53/83/1
f 58/88/1 50/82/1 56/86/1
f 59/89/1 57/87/1 53/83/1
f 60/90/1 50/82/1 58/88/1
f 61/91/1 53/83/1 43/63/1
f 61/91/1 60/90/1 59/89/1
f 61/91/1 43/63/1 29/65/1
f 61/91/1 59/89/1 53/83/1
f 62/92/1 60/90/1 61/91/1
f 63/93/1 60/90/1 62/92/1
f 64/94/1 60/90/1 63/93/1
f 65/95/1 50/82/1 60/90/1
f 65/95/1 60/90/1 64/94/1
f 66/96/1 50/82/1 65/95/1
f 67/97/1 61/91/1 29/65/1
f 68/98/1 62/99/1 61/100/1
f 68/101/1 61/91/1 67/97/1
f 69/102/1 63/93/1 62/92/1
f 69/103/1 62/99/1 68/98/1
f 70/104/1 63/93/1 69/102/1
f 71/105/1 63/93/1 70/104/1
f 72/106/1 63/93/1 71/105/1
f 73/107/1 64/108/1 63/109/1
f 73/110/1 65/95/1 64/94/1
f 74/111/1 65/95/1 73/110/1
f 75/112/1 65/95/1 74/111/1
f 76/113/1 65/95/1 75/112/1
f 77/114/1 65/95/1 76/113/1
f 78/115/1 66/116/1 65/117/1
f 78/118/1 65/95/1 77/114/1
f 79/119/1 68/98/1 67/120/1
f 79/119/1 69/103/1 68/98/1
f 79/119/1 70/121/1 69/103/1
f 80/122/1 70/121/1 79/119/1
f 81/123/1 71/105/1 70/104/1
f 81/124/1 70/121/1 80/122/1
f 82/125/1 72/126/1 71/127/1
f 82/128/1 71/105/1 81/123/1
f 83/129/1 63/93/1 72/106/1
f 83/130/1 72/126/1 82/125/1
f 84/131/1 73/107/1 63/109/1
f 84/132/1 63/93/1 83/129/1
f 84/131/1 74/133/1 73/107/1
f 85/134/1 75/112/1 74/111/1
f 85/135/1 74/133/1 84/131/1
f 86/136/1 76/137/1 75/138/1
f 86/139/1 75/112/1 85/134/1
f 87/140/1 77/114/1 76/113/1
f 87/141/1 76/137/1 86/136/1
f 88/142/1 78/115/1 77/143/1
f 88/144/1 77/114/1 87/140/1
f 89/145/1 66/116/1 78/115/1
f 89/145/1 78/115/1 88/142/1
f 90/146/1 66/116/1 89/145/1
f 91/147/1 82/125/1 81/124/1
f 91/147/1 88/142/1 87/141/1
f 91/147/1 89/145/1 88/142/1
f 91/147/1 84/131/1 83/130/1
f 91/147/1 81/124/1 80/122/1
f 91/147/1 83/130/1 82/125/1
f 91/147/1 85/135/1 84/131/1
f 91/147/1 87/141/1 86/136/1
f 91/147/1 86/136/1 85/135/1
f 92/148/1 89/145/1 91/147/1
f 93/149/1 89/145/1 92/148/1
f 94/150/1 89/145/1 93/149/1
f 95/151/1 93/149/1 92/148/1
f 96/152/1 93/149/1 95/151/1
f 97/153/1 98/154/1 99/155/1
f 100/156/1 98/154/1 97/153/1
f 101/157/1 102/158/1 103/159/1
f 104/160/1 102/158/1 101/157/1
f 105/161/1 106/162/1 107/163/1
f 108/164/1 106/162/1 105/161/1
f 109/165/1 110/166/1 111/167/1
f 112/168/1 110/166/1 109/165/1
f 113/169/1 105/161/1 114/170/1
f 115/171/1 105/161/1 113/169/1
f 116/172/1 117/173/1 112/168/1
f 118/174/1 117/173/1 116/172/1
f 119/175/1 120/176/1 121/177/1
f 122/178/1 120/176/1 119/175/1
f 123/179/1 124/180/1 125/181/1
f 126/182/1 124/180/1 123/179/1
f 127/183/1 128/184/1 122/178/1
f 129/185/1 128/184/1 127/183/1
f 130/186/1 123/179/1 131/187/1
f 132/188/1 123/179/1 130/186/1
f 133/189/1 134/190/1 135/191/1
f 136/192/1 134/190/1 133/189/1
f 137/193/1 138/194/1 139/195/1
f 140/196/1 138/194/1 137/193/1
f 141/197/1 142/198/1 143/199/1
f 144/200/1 142/198/1 141/197/1
f 145/201/1 146/202/1 147/203/1
f 148/204/1 146/202/1 145/201/1
f 149/205/1 150/206/1 151/207/1
f 152/208/1 150/206/1 149/205/1
f 153/209/1 154/210/1 155/211/1
f 156/212/1 154/210/1 153/209/1
f 157/213/1 158/214/1 159/215/1
f 160/216/1 158/214/1 157/213/1
f 161/217/1 162/218/1 163/219/1
f 164/220/1 162/218/1 161/217/1
f 165/221/1 166/222/1 167/223/1
f 168/224/1 166/222/1 165/221/1
f 169/225/1 170/226/1 171/227/1
f 172/228/1 170/226/1 169/225/1
f 173/229/1 174/230/1 175/231/1
f 176/232/1 174/230/1 173/229/1
f 177/233/1 178/234/1 179/235/1
f 180/236/1 178/234/1 177/233/1
f 181/237/1 180/238/1 177/239/1
f 182/240/1 180/238/1 181/237/1
f 183/241/1 184/242/1 185/243/1
f 186/244/1 184/242/1 183/241/1
f 187/245/1 186/246/1 183/247/1
f 188/248/1 186/246/1 187/245/1
f 189/249/1 190/250/1 191/251/1
f 192/252/1 190/250/1 189/249/1
f 193/253/1 194/254/1 195/255/1
f 196/256/1 194/254/1 193/253/1
f 197/257/1 198/258/1 199/259/1
f 200/260/1 198/258/1 197/257/1
f 201/261/1 202/262/1 203/263/1
f 204/264/1 202/262/1 201/261/1
f 205/265/1 201/261/1 200/260/1
f 206/266/1 201/261/1 205/265/1
f 207/267/1 205/265/1 200/260/1
f 208/268/1 206/269/1 205/270/1
f 208/271/1 205/265/1 207/267/1
f 209/272/1 201/261/1 206/266/1
f 209/273/1 206/269/1 208/268/1
f 210/274/1 201/261/1 209/272/1
f 211/275/1 208/268/1 207/276/1
f 211/277/1 207/267/1 200/260/1
f 212/278/1 209/272/1 208/271/1
f 212/279/1 208/268/1 211/275/1
f 213/280/1 210/281/1 209/273/1
f 213/282/1 209/272/1 212/278/1
f 214/283/1 201/261/1 210/274/1
f 214/284/1 210/281/1 213/280/1
f 215/285/1 213/280/1 212/279/1
f 215/286/1 212/278/1 211/277/1
f 216/287/1 214/283/1 213/282/1
f 216/288/1 213/280/1 215/285/1
f 217/289/1 215/286/1 211/277/1
f 217/289/1 211/277/1 200/260/1
f 217/289/1 216/287/1 215/286/1
f 218/290/1 201/261/1 214/283/1
f 218/290/1 216/287/1 217/289/1
f 218/290/1 214/283/1 216/287/1
f 219/291/1 220/292/1 221/293/1
f 222/294/1 220/292/1 219/291/1
f 223/295/1 222/296/1 219/297/1
f 224/298/1 222/296/1 223/295/1
f 225/299/1 226/300/1 227/301/1
f 228/302/1 226/300/1 225/299/1
f 229/303/1 228/304/1 225/305/1
f 230/306/1 228/304/1 229/303/1
f 231/307/2 232/308/2 233/309/2
f 233/309/2 232/308/2 234/310/2
f 233/311/2 234/312/2 235/313/2
f 235/313/2 234/312/2 236/314/2
f 237/315/2 238/316/2 239/317/2
f 239/317/2 238/316/2 240/318/2
f 239/319/2 240/320/2 241/321/2
f 241/321/2 240/320/2 242/322/2
f 243/323/2 244/324/2 245/325/2
f 245/325/2 244/324/2 246/326/2
f 247/327/2 248/328/2 249/329/2
f 249/329/2 248/328/2 250/330/2
f 246/326/2 251/331/2 252/332/2
f 251/333/2 253/334/2 254/335/2
f 252/332/2 251/331/2 254/336/2
f 253/337/2 249/329/2 255/338/2
f 255/338/2 249/329/2 256/339/2
f 246/326/2 252/332/2 257/340/2
f 252/341/2 254/335/2 257/342/2
f 254/335/2 253/334/2 258/343/2
f 257/342/2 254/335/2 258/343/2
f 246/326/2 257/340/2 259/344/2
f 257/340/2 258/345/2 259/344/2
f 258/343/2 253/334/2 260/346/2
f 259/344/2 258/345/2 260/347/2
f 253/337/2 255/338/2 261/348/2
f 260/346/2 253/334/2 261/349/2
f 255/350/2 256/351/2 262/352/2
f 261/348/2 255/338/2 262/353/2
f 256/339/2 249/329/2 263/354/2
f 262/352/2 256/351/2 263/355/2
f 263/354/2 249/329/2 264/356/2
f 261/349/2 262/352/2 265/357/2
f 246/326/2 259/344/2 265/358/2
f 263/355/2 264/359/2 265/357/2
f 262/352/2 263/355/2 265/357/2
f 259/360/2 260/346/2 265/357/2
f 260/346/2 261/349/2 265/357/2
f 265/357/2 264/359/2 266/361/2
f 266/361/2 264/359/2 267/362/2
f 267/362/2 264/359/2 268/363/2
f 268/363/2 264/359/2 269/364/2
f 269/364/2 264/359/2 270/365/2
f 265/358/2 266/366/2 271/367/2
f 266/361/2 267/362/2 271/368/2
f 267/369/2 268/370/2 272/371/2
f 271/368/2 267/362/2 272/372/2
f 268/363/2 269/364/2 273/373/2
f 272/371/2 268/370/2 273/374/2
f 269/375/2 270/376/2 274/377/2
f 273/373/2 269/364/2 274/378/2
f 246/326/2 265/358/2 275/379/2
f 272/371/2 273/374/2 275/379/2
f 273/374/2 274/377/2 275/379/2
f 271/367/2 272/371/2 275/379/2
f 265/358/2 271/367/2 275/379/2
f 274/377/2 270/376/2 276/380/2
f 275/379/2 274/377/2 276/380/2
f 277/381/2 278/382/2 279/383/2
f 279/383/2 278/382/2 280/384/2
f 281/385/2 282/386/2 283/387/2
f 283/387/2 282/386/2 284/388/2
f 285/389/2 286/390/2 287/391/2
f 287/391/2 286/390/2 288/392/2
f 287/393/2 288/394/2 289/395/2
f 289/395/2 288/394/2 290/396/2
f 291/397/2 292/398/2 293/399/2
f 293/399/2 292/398/2 294/400/2
f 293/401/2 294/402/2 295/403/2
f 295/403/2 294/402/2 296/404/2
f 297/405/2 298/406/2 299/407/2
f 299/407/2 298/406/2 300/408/2
f 301/409/2 302/410/2 303/411/2
f 303/411/2 302/410/2 304/412/2
f 305/413/2 306/414/2 307/415/2
f 307/415/2 306/414/2 308/416/2
f 309/417/2 310/418/2 311/419/2
f 311/419/2 310/418/2 312/420/2
f 313/421/2 314/422/2 315/423/2
f 315/423/2 314/422/2 316/424/2
f 317/425/2 318/426/2 319/427/2
f 319/427/2 318/426/2 320/428/2
f 321/429/2 322/430/2 323/431/2
f 323/431/2 322/430/2 324/432/2
f 325/433/2 326/434/2 327/435/2
f 327/435/2 326/434/2 328/436/2
f 329/437/2 330/438/2 331/439/2
f 331/439/2 330/438/2 332/440/2
f 333/441/2 334/442/2 335/443/2
f 335/443/2 334/442/2 336/444/2
f 337/445/2 338/446/2 339/447/2
f 339/447/2 338/446/2 340/448/2
f 341/449/2 342/450/2 343/451/2
f 343/451/2 342/450/2 344/452/2
f 345/453/2 346/454/2 347/455/2
f 347/455/2 346/454/2 348/456/2
f 349/457/2 350/458/2 351/459/2
f 351/459/2 350/458/2 352/460/2
f 353/461/2 347/455/2 354/462/2
f 354/462/2 347/455/2 355/463/2
f 352/460/2 356/464/2 357/465/2
f 357/465/2 356/464/2 358/466/2
f 359/467/2 360/468/2 361/469/2
f 361/469/2 360/468/2 362/470/2
f 363/471/2 364/472/2 365/473/2
f 365/473/2 364/472/2 366/474/2
f 362/470/2 367/475/2 368/476/2
f 368/476/2 367/475/2 369/477/2
f 370/478/2 365/473/2 371/479/2
f 371/479/2 365/473/2 372/480/2
f 373/481/2 374/482/2 375/483/2
f 375/483/2 374/482/2 376/484/2
f 377/485/2 378/486/2 379/487/2
f 379/487/2 378/486/2 380/488/2
f 381/489/2 379/487/2 382/490/2
f 380/488/2 383/491/2 382/490/2
f 379/487/2 380/488/2 382/490/2
f 382/490/2 383/491/2 384/492/2
f 384/492/2 383/491/2 385/493/2
f 385/493/2 383/491/2 386/494/2
f 386/494/2 383/491/2 387/495/2
f 387/495/2 383/491/2 388/496/2
f 388/496/2 383/491/2 389/497/2
f 389/497/2 383/491/2 390/498/2
f 390/498/2 383/491/2 391/499/2
f 391/499/2 383/491/2 392/500/2
f 393/501/2 382/490/2 394/502/2
f 382/490/2 384/492/2 394/502/2
f 384/503/2 385/504/2 395/505/2
f 394/502/2 384/492/2 395/506/2
f 385/493/2 386/494/2 396/507/2
f 395/505/2 385/504/2 396/508/2
f 386/509/2 387/510/2 397/511/2
f 396/507/2 386/494/2 397/512/2
f 387/495/2 388/496/2 398/513/2
f 397/511/2 387/510/2 398/514/2
f 398/513/2 388/496/2 399/515/2
f 399/515/2 388/496/2 400/516/2
f 388/517/2 389/518/2 401/519/2
f 400/516/2 388/496/2 401/520/2
f 389/497/2 390/498/2 402/521/2
f 401/519/2 389/518/2 402/522/2
f 402/521/2 390/498/2 403/523/2
f 392/500/2 404/524/2 405/525/2
f 391/499/2 392/500/2 405/525/2
f 405/525/2 404/524/2 406/526/2
f 393/501/2 394/502/2 407/527/2
f 394/528/2 395/505/2 408/529/2
f 407/527/2 394/502/2 408/530/2
f 395/505/2 396/508/2 408/529/2
f 396/508/2 397/511/2 408/529/2
f 397/511/2 398/514/2 408/529/2
f 398/514/2 399/531/2 408/529/2
f 399/515/2 400/516/2 409/532/2
f 408/529/2 399/531/2 409/533/2
f 402/522/2 403/534/2 410/535/2
f 409/532/2 400/516/2 410/536/2
f 400/537/2 401/519/2 410/535/2
f 401/519/2 402/522/2 410/535/2
f 403/523/2 390/498/2 411/538/2
f 410/535/2 403/534/2 411/539/2
f 390/540/2 391/541/2 412/542/2
f 411/538/2 390/498/2 412/543/2
f 391/499/2 405/525/2 413/544/2
f 412/542/2 391/541/2 413/545/2
f 405/546/2 406/547/2 414/548/2
f 413/544/2 405/525/2 414/549/2
f 409/533/2 410/535/2 415/550/2
f 408/529/2 409/533/2 415/550/2
f 413/545/2 414/548/2 415/550/2
f 410/535/2 411/539/2 415/550/2
f 407/551/2 408/529/2 415/550/2
f 411/539/2 412/542/2 415/550/2
f 412/542/2 413/545/2 415/550/2
f 415/550/2 414/548/2 416/552/2
f 407/551/2 415/550/2 417/553/2
f 416/552/2 414/548/2 418/554/2
f 407/551/2 417/553/2 419/555/2
f 418/554/2 414/548/2 420/556/2
f 420/556/2 414/548/2 421/557/2
f 419/555/2 420/556/2 421/557/2
f 421/557/2 414/548/2 422/558/2
f 419/555/2 421/557/2 423/559/2
f 422/558/2 414/548/2 424/560/2
f 407/551/2 419/555/2 425/561/2
f 419/555/2 423/559/2 425/561/2
f 425/561/2 423/559/2 426/562/2
f 426/562/2 423/559/2 427/563/2
f 427/563/2 423/559/2 428/564/2
f 428/564/2 423/559/2 429/565/2
f 424/560/2 414/548/2 430/566/2
f 414/548/2 406/547/2 431/567/2
f 430/566/2 414/548/2 431/567/2
f 425/568/2 426/569/2 432/570/2
f 426/562/2 427/563/2 432/571/2
f 432/571/2 427/563/2 433/572/2
f 433/572/2 427/563/2 434/573/2
f 434/573/2 427/563/2 435/574/2
f 435/574/2 427/563/2 436/575/2
f 427/576/2 428/577/2 437/578/2
f 436/575/2 427/563/2 437/579/2
f 428/564/2 429/565/2 438/580/2
f 437/578/2 428/577/2 438/581/2
f 438/580/2 429/565/2 439/582/2
f 439/582/2 429/565/2 440/583/2
f 429/584/2 441/585/2 442/586/2
f 440/583/2 429/565/2 442/587/2
f 431/567/2 406/547/2 443/588/2
f 430/589/2 431/590/2 443/591/2
f 443/588/2 406/547/2 444/592/2
f 425/568/2 432/570/2 445/593/2
f 432/570/2 433/594/2 445/593/2
f 445/593/2 433/594/2 446/595/2
f 433/572/2 434/573/2 447/596/2
f 446/595/2 433/594/2 447/597/2
f 434/598/2 435/599/2 448/600/2
f 447/596/2 434/573/2 448/601/2
f 435/574/2 436/575/2 449/602/2
f 448/600/2 435/599/2 449/603/2
f 436/604/2 437/578/2 450/605/2
f 449/602/2 436/575/2 450/606/2
f 437/578/2 438/581/2 450/605/2
f 438/581/2 439/607/2 450/605/2
f 439/582/2 440/583/2 451/608/2
f 450/605/2 439/607/2 451/609/2
f 440/610/2 442/586/2 452/611/2
f 451/608/2 440/583/2 452/612/2
f 441/613/2 430/566/2 453/614/2
f 452/611/2 442/586/2 453/615/2
f 442/586/2 441/585/2 453/615/2
f 430/589/2 443/591/2 454/616/2
f 453/614/2 430/566/2 454/617/2
f 443/591/2 444/618/2 454/616/2
f 454/616/2 444/618/2 455/619/2
f 455/619/2 444/618/2 456/620/2
f 451/609/2 452/611/2 457/621/2
f 449/603/2 450/605/2 457/621/2
f 454/616/2 455/619/2 457/621/2
f 453/615/2 454/616/2 457/621/2
f 446/595/2 447/597/2 457/621/2
f 452/611/2 453/615/2 457/621/2
f 450/605/2 451/609/2 457/621/2
f 447/597/2 448/600/2 457/621/2
f 448/600/2 449/603/2 457/621/2
f 457/621/2 455/619/2 458/622/2
f 458/622/2 455/619/2 459/623/2
f 459/623/2 455/619/2 460/624/2
f 458/622/2 459/623/2 461/625/2
f 461/625/2 459/623/2 462/626/2
f 463/627/2 464/628/2 465/629/2
f 465/629/2 464/628/2 466/630/2
f 465/631/2 466/632/2 467/633/2
f 467/633/2 466/632/2 468/634/2
f 469/635/2 470/636/2 471/637/2
f 471/637/2 470/636/2 472/638/2
f 471/639/2 472/640/2 473/641/2
f 473/641/2 472/640/2 474/642/2
f 475/643/3 476/644/3 477/645/3
f 478/646/3 479/647/3 476/648/3
f 478/649/3 476/644/3 475/643/3
f 480/650/3 479/647/3 478/646/3
f 481/651/3 482/652/3 483/653/3
f 484/654/3 485/655/3 482/656/3
f 484/657/3 482/652/3 481/651/3
f 486/658/3 485/655/3 484/654/3
f 487/659/3 488/660/3 489/661/3
f 490/662/3 491/663/3 492/664/3
f 493/665/3 487/659/3 494/666/3
f 495/667/3 492/668/3 488/669/3
f 495/670/3 488/660/3 487/659/3
f 495/670/3 487/659/3 493/665/3
f 496/671/3 492/668/3 495/667/3
f 497/672/3 492/668/3 496/671/3
f 498/673/3 499/674/3 490/662/3
f 498/675/3 492/668/3 497/672/3
f 498/673/3 490/662/3 492/664/3
f 500/676/3 499/674/3 498/673/3
f 501/677/3 493/665/3 502/678/3
f 501/677/3 496/679/3 495/670/3
f 501/677/3 495/670/3 493/665/3
f 503/680/3 497/672/3 496/671/3
f 503/681/3 496/679/3 501/677/3
f 504/682/3 497/672/3 503/680/3
f 505/683/3 497/672/3 504/682/3
f 506/684/3 497/672/3 505/683/3
f 507/685/3 508/686/3 500/676/3
f 507/687/3 497/672/3 506/684/3
f 507/685/3 500/676/3 498/673/3
f 507/685/3 498/673/3 497/688/3
f 509/689/3 508/686/3 507/685/3
f 510/690/3 501/677/3 502/678/3
f 510/691/3 504/682/3 503/680/3
f 510/691/3 503/680/3 501/692/3
f 511/693/3 504/682/3 510/691/3
f 512/694/3 509/695/3 507/687/3
f 512/694/3 507/687/3 506/684/3
f 513/696/3 508/686/3 509/689/3
f 513/697/3 509/695/3 512/694/3
f 514/698/3 511/699/3 510/690/3
f 514/698/3 510/690/3 502/678/3
f 515/700/3 504/682/3 511/693/3
f 515/701/3 511/699/3 514/698/3
f 516/702/3 504/682/3 515/700/3
f 517/703/3 512/694/3 506/684/3
f 518/704/3 513/696/3 512/705/3
f 518/706/3 512/694/3 517/703/3
f 519/707/3 508/686/3 513/696/3
f 519/707/3 513/696/3 518/704/3
f 520/708/3 521/709/3 516/702/3
f 520/710/3 514/698/3 502/678/3
f 520/708/3 519/711/3 518/706/3
f 520/708/3 518/706/3 517/703/3
f 520/708/3 516/702/3 515/700/3
f 520/708/3 515/700/3 514/712/3
f 520/708/3 517/703/3 521/709/3
f 522/713/3 519/711/3 520/708/3
f 523/714/3 519/711/3 522/713/3
f 524/715/3 508/686/3 519/707/3
f 524/716/3 519/711/3 523/714/3
f 525/717/3 523/714/3 522/713/3
f 525/718/3 522/719/3 520/710/3
f 526/720/3 523/714/3 525/717/3
f 527/721/3 523/714/3 526/720/3
f 528/722/3 524/715/3 523/723/3
f 528/724/3 523/714/3 527/721/3
f 529/725/3 525/718/3 520/710/3
f 529/725/3 526/726/3 525/718/3
f 530/727/3 527/721/3 526/720/3
f 530/728/3 526/726/3 529/725/3
f 531/729/3 528/722/3 527/730/3
f 531/731/3 527/721/3 530/727/3
f 532/732/3 524/715/3 528/722/3
f 532/732/3 528/722/3 531/729/3
f 533/733/3 520/710/3 502/678/3
f 533/733/3 529/725/3 520/710/3
f 534/734/3 532/735/3 531/731/3
f 534/736/3 529/725/3 533/733/3
f 534/734/3 531/731/3 530/727/3
f 534/734/3 530/727/3 529/737/3
f 535/738/3 532/735/3 534/734/3
f 536/739/3 532/735/3 535/738/3
f 537/740/3 532/735/3 536/739/3
f 538/741/3 524/715/3 532/732/3
f 538/742/3 532/735/3 537/740/3
f 539/743/3 508/686/3 524/715/3
f 539/743/3 524/715/3 538/741/3
f 540/744/3 533/733/3 502/678/3
f 540/745/3 534/734/3 533/746/3
f 540/745/3 535/738/3 534/734/3
f 541/747/3 535/738/3 540/745/3
f 542/748/3 538/742/3 537/740/3
f 542/748/3 539/749/3 538/742/3
f 543/750/3 508/686/3 539/743/3
f 543/751/3 539/749/3 542/748/3
f 544/752/3 541/753/3 540/744/3
f 544/752/3 540/744/3 502/678/3
f 545/754/3 535/738/3 541/747/3
f 545/755/3 541/753/3 544/752/3
f 546/756/3 535/738/3 545/754/3
f 547/757/3 542/748/3 537/740/3
f 548/758/3 543/750/3 542/759/3
f 548/760/3 542/748/3 547/757/3
f 549/761/3 508/686/3 543/750/3
f 549/761/3 543/750/3 548/758/3
f 550/762/3 544/752/3 502/678/3
f 551/763/3 544/752/3 550/762/3
f 552/764/3 553/765/3 546/756/3
f 552/766/3 544/752/3 551/763/3
f 552/764/3 548/760/3 547/757/3
f 552/764/3 547/757/3 553/765/3
f 552/764/3 549/767/3 548/760/3
f 552/764/3 545/754/3 544/768/3
f 552/764/3 546/756/3 545/754/3
f 554/769/3 549/767/3 552/764/3
f 555/770/3 549/767/3 554/769/3
f 556/771/3 508/686/3 549/761/3
f 556/772/3 549/767/3 555/770/3
f 557/773/3 508/686/3 556/771/3
f 558/774/3 508/686/3 557/773/3
f 559/775/3 552/766/3 551/763/3
f 559/775/3 554/776/3 552/766/3
f 560/777/3 554/776/3 559/775/3
f 561/778/3 555/770/3 554/769/3
f 561/779/3 554/776/3 560/777/3
f 562/780/3 555/770/3 561/778/3
f 563/781/3 555/770/3 562/780/3
f 564/782/3 557/773/3 556/771/3
f 564/783/3 555/770/3 563/781/3
f 564/782/3 556/771/3 555/784/3
f 565/785/3 557/773/3 564/782/3
f 566/786/3 557/773/3 565/785/3
f 567/787/3 562/788/3 561/779/3
f 567/787/3 561/779/3 560/777/3
f 568/789/3 563/781/3 562/780/3
f 568/790/3 562/788/3 567/787/3
f 569/791/3 565/785/3 564/782/3
f 569/792/3 563/781/3 568/789/3
f 569/791/3 564/782/3 563/793/3
f 570/794/3 565/785/3 569/791/3
f 571/795/3 572/796/3 573/797/3
f 574/798/3 572/796/3 571/795/3
f 575/799/3 576/800/3 577/801/3
f 578/802/3 576/800/3 575/799/3
f 579/803/3 571/795/3 580/804/3
f 581/805/3 571/795/3 579/803/3
f 582/806/3 583/807/3 578/802/3
f 584/808/3 583/807/3 582/806/3
f 585/809/3 586/810/3 587/811/3
f 588/812/3 586/810/3 585/809/3
f 589/813/3 590/814/3 591/815/3
f 592/816/3 590/814/3 589/813/3
f 593/817/3 594/818/3 595/819/3
f 596/820/3 594/818/3 593/817/3
f 597/821/3 598/822/3 599/823/3
f 600/824/3 598/822/3 597/821/3
f 601/825/3 602/826/3 603/827/3
f 604/828/3 602/826/3 601/825/3
f 605/829/3 606/830/3 600/824/3
f 607/831/3 606/830/3 605/829/3
f 608/832/3 601/825/3 609/833/3
f 610/834/3 601/825/3 608/832/3
f 611/835/3 612/836/3 613/837/3
f 614/838/3 612/836/3 611/835/3
f 615/839/3 616/840/3 617/841/3
f 618/842/3 616/840/3 615/839/3
f 619/843/3 620/844/3 621/845/3
f 622/846/3 620/844/3 619/843/3
f 623/847/3 624/848/3 625/849/3
f 626/850/3 624/848/3 623/847/3
f 627/851/3 628/852/3 629/853/3
f 630/854/3 628/852/3 627/851/3
f 631/855/3 632/856/3 633/857/3
f 634/858/3 632/856/3 631/855/3
f 635/859/3 636/860/3 637/861/3
f 638/862/3 636/860/3 635/859/3
f 639/863/3 640/864/3 641/865/3
f 642/866/3 640/864/3 639/863/3
f 643/867/3 644/868/3 645/869/3
f 646/870/3 644/868/3 643/867/3
f 647/871/3 648/872/3 649/873/3
f 650/874/3 648/872/3 647/871/3
f 651/875/3 652/876/3 653/877/3
f 654/878/3 652/876/3 651/875/3
f 655/879/3 656/880/3 657/881/3
f 658/882/3 656/880/3 655/879/3
f 659/883/3 660/884/3 661/885/3
f 662/886/3 663/887/3 660/888/3
f 662/889/3 660/884/3 659/883/3
f 664/890/3 663/887/3 662/886/3
f 665/891/3 666/892/3 667/893/3
f 668/894/3 669/895/3 666/896/3
f 668/897/3 666/892/3 665/891/3
f 670/898/3 669/895/3 668/894/3
f 671/899/3 672/900/3 673/901/3
f 674/902/3 672/900/3 671/899/3
f 675/903/3 676/904/3 674/902/3
f 677/905/3 676/904/3 675/903/3
f 678/906/3 675/903/3 679/907/3
f 680/908/3 675/903/3 678/906/3
f 681/909/3 682/910/3 683/911/3
f 684/912/3 685/913/3 682/914/3
f 684/915/3 682/910/3 681/909/3
f 686/916/3 685/913/3 684/912/3
f 687/917/3 688/918/3 689/919/3
f 690/920/3 691/921/3 688/922/3
f 690/923/3 688/918/3 687/917/3
f 692/924/3 691/921/3 690/920/3
f 693/925/4 694/926/4 695/927/4
f 694/928/4 696/929/4 697/930/4
f 695/927/4 694/926/4 697/931/4
f 697/930/4 696/929/4 698/932/4
f 699/933/4 700/934/4 701/935/4
f 700/936/4 702/937/4 703/938/4
f 701/935/4 700/934/4 703/939/4
f 703/938/4 702/937/4 704/940/4
f 705/941/4 706/942/4 707/943/4
f 707/943/4 706/942/4 708/944/4
f 708/944/4 709/945/4 710/946/4
f 710/946/4 709/945/4 711/947/4
f 708/944/4 710/946/4 712/948/4
f 710/949/4 711/950/4 713/951/4
f 712/948/4 710/946/4 713/952/4
f 711/947/4 709/945/4 714/953/4
f 713/951/4 711/950/4 714/954/4
f 714/953/4 709/945/4 715/955/4
f 716/956/4 712/948/4 717/957/4
f 717/957/4 712/948/4 718/958/4
f 719/959/4 720/960/4 721/961/4
f 721/961/4 720/960/4 722/962/4
f 723/963/4 724/964/4 725/965/4
f 725/965/4 724/964/4 726/966/4
f 727/967/4 728/968/4 729/969/4
f 729/969/4 728/968/4 730/970/4
f 731/971/4 732/972/4 733/973/4
f 733/973/4 732/972/4 734/974/4
f 735/975/4 736/976/4 737/977/4
f 736/978/4 738/979/4 739/980/4
f 737/977/4 736/976/4 739/981/4
f 739/980/4 738/979/4 740/982/4
f 741/983/4 742/984/4 743/985/4
f 743/985/4 742/984/4 744/986/4
f 745/987/4 746/988/4 747/989/4
f 747/989/4 746/988/4 748/990/4
f 749/991/4 750/992/4 751/993/4
f 751/993/4 750/992/4 752/994/4
f 753/995/4 754/996/4 755/997/4
f 755/997/4 754/996/4 756/998/4
f 757/999/4 758/1000/4 759/1001/4
f 759/1001/4 758/1000/4 760/1002/4
f 761/1003/4 762/1004/4 763/1005/4
f 763/1005/4 762/1004/4 764/1006/4
f 765/1007/4 766/1008/4 767/1009/4
f 767/1009/4 766/1008/4 768/1010/4
f 769/1011/4 770/1012/4 771/1013/4
f 771/1013/4 770/1012/4 772/1014/4
f 773/1015/4 774/1016/4 775/1017/4
f 774/1018/4 776/1019/4 777/1020/4
f 775/1017/4 774/1016/4 777/1021/4
f 777/1020/4 776/1019/4 778/1022/4
f 779/1023/4 780/1024/4 781/1025/4
f 781/1025/4 780/1024/4 782/1026/4
f 783/1027/4 784/1028/4 785/1029/4
f 785/1029/4 784/1028/4 786/1030/4
f 787/1031/4 781/1025/4 788/1032/4
f 788/1032/4 781/1025/4 789/1033/4
f 786/1030/4 790/1034/4 791/1035/4
f 791/1035/4 790/1034/4 792/1036/4
f 793/1037/4 794/1038/4 795/1039/4
f 795/1039/4 794/1038/4 796/1040/4
f 797/1041/4 798/1042/4 799/1043/4
f 799/1043/4 798/1042/4 800/1044/4
f 801/1045/4 802/1046/4 803/1047/4
f 803/1047/4 802/1046/4 804/1048/4
f 805/1049/4 806/1050/4 807/1051/4
f 807/1051/4 806/1050/4 808/1052/4
f 809/1053/4 810/1054/4 811/1055/4
f 811/1055/4 810/1054/4 812/1056/4
f 808/1052/4 813/1057/4 814/1058/4
f 814/1058/4 813/1057/4 815/1059/4
f 816/1060/4 811/1055/4 817/1061/4
f 817/1061/4 811/1055/4 818/1062/4
f 819/1063/4 820/1064/4 821/1065/4
f 821/1065/4 820/1064/4 822/1066/4
f 820/1067/4 823/1068/4 824/1069/4
f 822/1066/4 820/1064/4 824/1070/4
f 823/1071/4 825/1072/4 826/1073/4
f 824/1069/4 823/1068/4 826/1074/4
f 826/1073/4 825/1072/4 827/1075/4
f 827/1075/4 825/1072/4 828/1076/4
f 821/1065/4 822/1066/4 829/1077/4
f 830/1078/4 821/1065/4 829/1077/4
f 829/1077/4 822/1066/4 831/1079/4
f 822/1080/4 824/1069/4 832/1081/4
f 831/1079/4 822/1066/4 832/1082/4
f 824/1069/4 826/1074/4 832/1081/4
f 826/1074/4 827/1083/4 832/1081/4
f 828/1076/4 833/1084/4 834/1085/4
f 832/1081/4 827/1083/4 834/1086/4
f 827/1075/4 828/1076/4 834/1085/4
f 834/1085/4 833/1084/4 835/1087/4
f 835/1087/4 833/1084/4 836/1088/4
f 829/1077/4 831/1079/4 837/1089/4
f 831/1090/4 832/1081/4 837/1091/4
f 838/1092/4 829/1077/4 837/1089/4
f 834/1086/4 835/1093/4 837/1091/4
f 832/1081/4 834/1086/4 837/1091/4
f 837/1091/4 835/1093/4 839/1094/4
f 839/1094/4 835/1093/4 840/1095/4
f 840/1095/4 835/1093/4 841/1096/4
f 841/1096/4 835/1093/4 842/1097/4
f 842/1097/4 835/1093/4 843/1098/4
f 836/1088/4 844/1099/4 845/1100/4
f 843/1098/4 835/1093/4 845/1101/4
f 835/1087/4 836/1088/4 845/1100/4
f 837/1089/4 839/1102/4 846/1103/4
f 839/1094/4 840/1095/4 846/1104/4
f 846/1104/4 840/1095/4 847/1105/4
f 842/1097/4 843/1098/4 848/1106/4
f 843/1107/4 845/1100/4 849/1108/4
f 848/1106/4 843/1098/4 849/1109/4
f 838/1092/4 837/1089/4 850/1110/4
f 837/1089/4 846/1103/4 850/1110/4
f 846/1103/4 847/1111/4 850/1110/4
f 847/1105/4 840/1095/4 851/1112/4
f 850/1110/4 847/1111/4 851/1113/4
f 851/1112/4 840/1095/4 852/1114/4
f 842/1097/4 848/1106/4 853/1115/4
f 848/1116/4 849/1108/4 854/1117/4
f 853/1115/4 848/1106/4 854/1118/4
f 845/1100/4 844/1099/4 855/1119/4
f 854/1117/4 849/1108/4 855/1119/4
f 849/1108/4 845/1100/4 855/1119/4
f 838/1092/4 850/1110/4 856/1120/4
f 853/1115/4 854/1118/4 856/1121/4
f 854/1118/4 855/1122/4 856/1121/4
f 851/1112/4 852/1114/4 856/1121/4
f 850/1123/4 851/1112/4 856/1121/4
f 857/1124/4 853/1115/4 856/1121/4
f 852/1114/4 857/1124/4 856/1121/4
f 856/1121/4 855/1122/4 858/1125/4
f 858/1125/4 855/1122/4 859/1126/4
f 855/1119/4 844/1099/4 860/1127/4
f 859/1126/4 855/1122/4 860/1128/4
f 838/1092/4 856/1120/4 861/1129/4
f 856/1120/4 858/1130/4 861/1129/4
f 858/1125/4 859/1126/4 862/1131/4
f 861/1129/4 858/1130/4 862/1132/4
f 859/1133/4 860/1127/4 863/1134/4
f 862/1131/4 859/1126/4 863/1135/4
f 860/1127/4 844/1099/4 864/1136/4
f 863/1134/4 860/1127/4 864/1136/4
f 838/1092/4 861/1129/4 865/1137/4
f 862/1131/4 863/1135/4 865/1138/4
f 863/1135/4 864/1139/4 865/1138/4
f 861/1140/4 862/1131/4 865/1138/4
f 865/1138/4 864/1139/4 866/1141/4
f 866/1141/4 864/1139/4 867/1142/4
f 864/1136/4 844/1099/4 868/1143/4
f 867/1142/4 864/1139/4 868/1144/4
f 866/1141/4 867/1142/4 869/1145/4
f 865/1137/4 866/1146/4 869/1147/4
f 869/1145/4 867/1142/4 870/1148/4
f 870/1148/4 867/1142/4 871/1149/4
f 871/1149/4 867/1142/4 872/1150/4
f 872/1150/4 867/1142/4 873/1151/4
f 873/1151/4 867/1142/4 874/1152/4
f 867/1153/4 868/1143/4 875/1154/4
f 874/1152/4 867/1142/4 875/1155/4
f 865/1137/4 869/1147/4 876/1156/4
f 869/1147/4 870/1157/4 876/1156/4
f 870/1148/4 871/1149/4 877/1158/4
f 876/1156/4 870/1157/4 877/1159/4
f 873/1151/4 874/1152/4 878/1160/4
f 874/1161/4 875/1154/4 878/1162/4
f 875/1154/4 868/1143/4 879/1163/4
f 878/1162/4 875/1154/4 879/1163/4
f 838/1092/4 865/1137/4 880/1164/4
f 865/1137/4 876/1156/4 880/1164/4
f 876/1165/4 877/1158/4 881/1166/4
f 880/1164/4 876/1156/4 881/1167/4
f 877/1158/4 871/1149/4 882/1168/4
f 881/1166/4 877/1158/4 882/1168/4
f 873/1151/4 878/1160/4 883/1169/4
f 878/1160/4 879/1170/4 883/1169/4
f 879/1163/4 868/1143/4 884/1171/4
f 883/1169/4 879/1170/4 884/1172/4
f 868/1143/4 844/1099/4 885/1173/4
f 884/1171/4 868/1143/4 885/1173/4
f 838/1092/4 880/1164/4 886/1174/4
f 886/1174/4 880/1164/4 887/1175/4
f 883/1169/4 884/1172/4 888/1176/4
f 887/1175/4 880/1164/4 888/1177/4
f 889/1178/4 883/1169/4 888/1176/4
f 880/1179/4 881/1166/4 888/1176/4
f 884/1172/4 885/1180/4 888/1176/4
f 882/1168/4 889/1178/4 888/1176/4
f 881/1166/4 882/1168/4 888/1176/4
f 888/1176/4 885/1180/4 890/1181/4
f 890/1181/4 885/1180/4 891/1182/4
f 885/1173/4 844/1099/4 892/1183/4
f 891/1182/4 885/1180/4 892/1184/4
f 892/1183/4 844/1099/4 893/1185/4
f 893/1185/4 844/1099/4 894/1186/4
f 887/1175/4 888/1177/4 895/1187/4
f 888/1177/4 890/1188/4 895/1187/4
f 895/1187/4 890/1188/4 896/1189/4
f 896/1189/4 890/1188/4 897/1190/4
f 890/1181/4 891/1182/4 898/1191/4
f 897/1190/4 890/1188/4 898/1192/4
f 892/1183/4 893/1185/4 899/1193/4
f 898/1191/4 891/1182/4 899/1194/4
f 891/1195/4 892/1183/4 899/1193/4
f 899/1193/4 893/1185/4 900/1196/4
f 900/1196/4 893/1185/4 901/1197/4
f 901/1197/4 893/1185/4 902/1198/4
f 896/1189/4 897/1190/4 903/1199/4
f 897/1200/4 898/1191/4 904/1201/4
f 903/1199/4 897/1190/4 904/1202/4
f 898/1191/4 899/1194/4 904/1201/4
f 899/1194/4 900/1203/4 904/1201/4
f 900/1196/4 901/1197/4 905/1204/4
f 904/1201/4 900/1203/4 905/1205/4
f 905/1204/4 901/1197/4 906/1206/4
f 907/1207/4 908/1208/4 909/1209/4
f 908/1210/4 910/1211/4 911/1212/4
f 909/1209/4 908/1208/4 911/1213/4
f 911/1212/4 910/1211/4 912/1214/4
f 913/1215/4 914/1216/4 915/1217/4
f 914/1218/4 916/1219/4 917/1220/4
f 915/1217/4 914/1216/4 917/1221/4
f 917/1220/4 916/1219/4 918/1222/4
f 919/1223/5 920/1224/5 921/1225/5
f 922/1226/5 920/1224/5 919/1223/5
f 923/1227/5 919/1223/5 924/1228/5
f 923/1227/5 925/1229/5 922/1226/5
f 923/1227/5 922/1226/5 919/1223/5
f 926/1230/5 925/1229/5 923/1227/5
f 927/1231/5 925/1229/5 926/1230/5
f 928/1232/5 925/1229/5 927/1231/5
f 929/1233/5 927/1231/5 926/1230/5
f 930/1234/5 927/1231/5 929/1233/5
f 931/1235/5 932/1236/5 933/1237/5
f 934/1238/5 932/1236/5 931/1235/5
f 935/1239/5 931/1235/5 936/1240/5
f 935/1239/5 937/1241/5 934/1238/5
f 935/1239/5 934/1238/5 931/1235/5
f 938/1242/5 937/1241/5 935/1239/5
f 939/1243/5 935/1239/5 940/1244/5
f 939/1243/5 941/1245/5 938/1242/5
f 939/1243/5 938/1242/5 935/1239/5
f 942/1246/5 941/1245/5 939/1243/5
f 943/1247/5 939/1243/5 940/1244/5
f 944/1248/5 941/1245/5 942/1246/5
f 945/1249/5 943/1247/5 940/1244/5
f 945/1249/5 944/1248/5 943/1247/5
f 946/1250/5 944/1248/5 945/1249/5
f 947/1251/5 941/1245/5 944/1248/5
f 947/1251/5 944/1248/5 946/1250/5
f 948/1252/5 941/1245/5 947/1251/5
f 949/1253/5 947/1251/5 946/1250/5
f 950/1254/5 947/1251/5 949/1253/5
f 951/1255/5 947/1251/5 950/1254/5
f 952/1256/5 947/1251/5 951/1255/5
f 953/1257/5 951/1255/5 950/1254/5
f 954/1258/5 951/1255/5 953/1257/5
f 955/1259/5 956/1260/5 957/1261/5
f 958/1262/5 956/1260/5 955/1259/5
f 959/1263/5 956/1260/5 958/1262/5
f 960/1264/5 956/1260/5 959/1263/5
f 961/1265/5 955/1259/5 962/1266/5
f 961/1265/5 958/1262/5 955/1259/5
f 963/1267/5 958/1262/5 961/1265/5
f 964/1268/5 958/1262/5 963/1267/5
f 965/1269/5 960/1264/5 959/1263/5
f 965/1269/5 966/1270/5 960/1264/5
f 967/1271/5 966/1270/5 965/1269/5
f 968/1272/5 966/1270/5 967/1271/5
f 969/1273/5 963/1267/5 961/1265/5
f 969/1273/5 961/1265/5 970/1274/5
f 971/1275/5 963/1267/5 969/1273/5
f 972/1276/5 973/1277/5 968/1272/5
f 972/1276/5 968/1272/5 967/1271/5
f 974/1278/5 973/1277/5 972/1276/5
f 975/1279/5 969/1273/5 970/1274/5
f 976/1280/5 973/1277/5 974/1278/5
f 977/1281/5 978/1282/5 975/1279/5
f 977/1281/5 975/1279/5 970/1274/5
f 979/1283/5 978/1282/5 977/1281/5
f 980/1284/5 978/1282/5 979/1283/5
f 981/1285/5 976/1280/5 982/1286/5
f 983/1287/5 973/1277/5 976/1280/5
f 983/1287/5 976/1280/5 981/1285/5
f 984/1288/5 973/1277/5 983/1287/5
f 985/1289/5 986/1290/5 980/1284/5
f 985/1289/5 980/1284/5 979/1283/5
f 987/1291/5 986/1290/5 985/1289/5
f 988/1292/5 986/1290/5 987/1291/5
f 989/1293/5 981/1285/5 990/1294/5
f 989/1293/5 983/1287/5 981/1285/5
f 991/1295/5 983/1287/5 989/1293/5
f 992/1296/5 983/1287/5 991/1295/5
f 993/1297/5 988/1292/5 987/1291/5
f 993/1297/5 991/1295/5 989/1293/5
f 993/1297/5 989/1293/5 988/1292/5
f 994/1298/5 991/1295/5 993/1297/5
f 995/1299/5 996/1300/5 997/1301/5
f 998/1302/5 996/1300/5 995/1299/5
f 999/1303/5 1000/1304/5 1001/1305/5
f 1002/1306/5 1000/1304/5 999/1303/5
f 1003/1307/5 995/1299/5 1004/1308/5
f 1005/1309/5 995/1299/5 1003/1307/5
f 1006/1310/5 1007/1311/5 1002/1306/5
f 1008/1312/5 1007/1311/5 1006/1310/5
f 1009/1313/5 1010/1314/5 1011/1315/5
f 1012/1316/5 1010/1314/5 1009/1313/5
f 1013/1317/5 1014/1318/5 1015/1319/5
f 1016/1320/5 1014/1318/5 1013/1317/5
f 1017/1321/5 1018/1322/5 1012/1316/5
f 1019/1323/5 1018/1322/5 1017/1321/5
f 1020/1324/5 1013/1317/5 1021/1325/5
f 1022/1326/5 1013/1317/5 1020/1324/5
f 1023/1327/5 1024/1328/5 1025/1329/5
f 1026/1330/5 1024/1328/5 1023/1327/5
f 1027/1331/5 1028/1332/5 1029/1333/5
f 1030/1334/5 1028/1332/5 1027/1331/5
f 1031/1335/5 1032/1336/5 1033/1337/5
f 1034/1338/5 1032/1336/5 1031/1335/5
f 1035/1339/5 1036/1340/5 1037/1341/5
f 1038/1342/5 1036/1340/5 1035/1339/5
f 1039/1343/5 1040/1344/5 1041/1345/5
f 1042/1346/5 1040/1344/5 1039/1343/5
f 1043/1347/5 1044/1348/5 1045/1349/5
f 1046/1350/5 1044/1348/5 1043/1347/5
f 1047/1351/5 1048/1352/5 1049/1353/5
f 1050/1354/5 1048/1352/5 1047/1351/5
f 1051/1355/5 1052/1356/5 1053/1357/5
f 1054/1358/5 1052/1356/5 1051/1355/5
f 1055/1359/5 1056/1360/5 1057/1361/5
f 1058/1362/5 1056/1360/5 1055/1359/5
f 1059/1363/5 1060/1364/5 1061/1365/5
f 1062/1366/5 1060/1364/5 1059/1363/5
f 1063/1367/5 1064/1368/5 1065/1369/5
f 1066/1370/5 1064/1368/5 1063/1367/5
f 1067/1371/5 1068/1372/5 1069/1373/5
f 1070/1374/5 1068/1372/5 1067/1371/5
f 1071/1375/6 1072/1376/6 1073/1377/6
f 1073/1377/6 1072/1376/6 1074/1378/6
f 1074/1378/6 1075/1379/6 1076/1380/6
f 1076/1380/6 1075/1379/6 1077/1381/6
f 1078/1382/6 1073/1377/6 1079/1383/6
f 1079/1383/6 1073/1377/6 1080/1384/6
f 1077/1381/6 1075/1379/6 1081/1385/6
f 1081/1385/6 1075/1379/6 1082/1386/6
f 1080/1384/6 1081/1385/6 1083/1387/6
f 1083/1387/6 1081/1385/6 1084/1388/6
f 1085/1389/6 1086/1390/6 1087/1391/6
f 1087/1391/6 1086/1390/6 1088/1392/6
f 1089/1393/6 1090/1394/6 1091/1395/6
f 1091/1395/6 1090/1394/6 1092/1396/6
f 1093/1397/6 1094/1398/6 1095/1399/6
f 1095/1399/6 1094/1398/6 1096/1400/6
f 1097/1401/6 1098/1402/6 1099/1403/6
f 1099/1403/6 1098/1402/6 1100/1404/6
f 1101/1405/6 1102/1406/6 1103/1407/6
f 1103/1407/6 1102/1406/6 1104/1408/6
f 1105/1409/6 1106/1410/6 1107/1411/6
f 1107/1411/6 1106/1410/6 1108/1412/6
f 1109/1413/6 1110/1414/6 1111/1415/6
f 1111/1415/6 1110/1414/6 1112/1416/6
f 1113/1417/6 1114/1418/6 1115/1419/6
f 1115/1419/6 1114/1418/6 1116/1420/6
f 1116/1420/6 1114/1418/6 1117/1421/6
f 1118/1422/6 1119/1423/6 1120/1424/6
f 1120/1424/6 1119/1423/6 1121/1425/6
f 1122/1426/6 1123/1427/6 1124/1428/6
f 1124/1428/6 1123/1427/6 1125/1429/6
f 1126/1430/6 1127/1431/6 1128/1432/6
f 1128/1432/6 1127/1431/6 1129/1433/6
f 1130/1434/6 1131/1435/6 1132/1436/6
f 1132/1436/6 1131/1435/6 1133/1437/6
f 1134/1438/6 1135/1439/6 1136/1440/6
f 1136/1440/6 1135/1439/6 1137/1441/6
f 1138/1442/6 1139/1443/6 1140/1444/6
f 1140/1444/6 1139/1443/6 1141/1445/6
f 1142/1446/6 1136/1440/6 1143/1447/6
f 1143/1447/6 1136/1440/6 1144/1448/6
f 1141/1445/6 1145/1449/6 1146/1450/6
f 1146/1450/6 1145/1449/6 1147/1451/6
f 1148/1452/6 1149/1453/6 1150/1454/6
f 1150/1454/6 1149/1453/6 1151/1455/6
f 1152/1456/6 1153/1457/6 1154/1458/6
f 1154/1458/6 1153/1457/6 1155/1459/6
f 1151/1455/6 1156/1460/6 1157/1461/6
f 1157/1461/6 1156/1460/6 1158/1462/6
f 1159/1463/6 1154/1458/6 1160/1464/6
f 1160/1464/6 1154/1458/6 1161/1465/6
f 1162/1466/6 1163/1467/6 1164/1468/6
f 1164/1468/6 1163/1467/6 1165/1469/6
f 1165/1469/6 1163/1467/6 1166/1470/6
f 1166/1470/6 1163/1467/6 1167/1471/6
f 1168/1472/6 1164/1468/6 1169/1473/6
f 1164/1468/6 1165/1469/6 1169/1473/6
f 1169/1473/6 1165/1469/6 1170/1474/6
f 1170/1474/6 1165/1469/6 1171/1475/6
f 1166/1470/6 1167/1471/6 1172/1476/6
f 1167/1471/6 1173/1477/6 1172/1476/6
f 1172/1476/6 1173/1477/6 1174/1478/6
f 1174/1478/6 1173/1477/6 1175/1479/6
f 1169/1473/6 1170/1474/6 1176/1480/6
f 1177/1481/6 1169/1473/6 1176/1480/6
f 1176/1480/6 1170/1474/6 1178/1482/6
f 1175/1479/6 1179/1483/6 1180/1484/6
f 1174/1478/6 1175/1479/6 1180/1484/6
f 1180/1484/6 1179/1483/6 1181/1485/6
f 1177/1481/6 1176/1480/6 1182/1486/6
f 1181/1485/6 1179/1483/6 1183/1487/6
f 1182/1486/6 1184/1488/6 1185/1489/6
f 1177/1481/6 1182/1486/6 1185/1489/6
f 1185/1489/6 1184/1488/6 1186/1490/6
f 1186/1490/6 1184/1488/6 1187/1491/6
f 1188/1492/6 1183/1487/6 1189/1493/6
f 1183/1487/6 1179/1483/6 1190/1494/6
f 1189/1493/6 1183/1487/6 1190/1494/6
f 1190/1494/6 1179/1483/6 1191/1495/6
f 1187/1491/6 1192/1496/6 1193/1497/6
f 1186/1490/6 1187/1491/6 1193/1497/6
f 1193/1497/6 1192/1496/6 1194/1498/6
f 1194/1498/6 1192/1496/6 1195/1499/6
f 1196/1500/6 1189/1493/6 1197/1501/6
f 1189/1493/6 1190/1494/6 1197/1501/6
f 1197/1501/6 1190/1494/6 1198/1502/6
f 1198/1502/6 1190/1494/6 1199/1503/6
f 1194/1498/6 1195/1499/6 1200/1504/6
f 1197/1501/6 1198/1502/6 1200/1504/6
f 1195/1499/6 1197/1501/6 1200/1504/6
f 1200/1504/6 1198/1502/6 1201/1505/6
f 1202/1506/6 1203/1507/6 1204/1508/6
f 1204/1508/6 1203/1507/6 1205/1509/6
f 1206/1510/6 1204/1508/6 1207/1511/6
f 1205/1509/6 1208/1512/6 1207/1511/6
f 1204/1508/6 1205/1509/6 1207/1511/6
f 1207/1511/6 1208/1512/6 1209/1513/6
f 1210/1514/6 1207/1511/6 1211/1515/6
f 1209/1513/6 1212/1516/6 1211/1515/6
f 1207/1511/6 1209/1513/6 1211/1515/6
f 1211/1515/6 1212/1516/6 1213/1517/6
f 1213/1517/6 1212/1516/6 1214/1518/6
f 1214/1518/6 1212/1516/6 1215/1519/6
f 1213/1517/6 1214/1518/6 1216/1520/6
f 1216/1520/6 1214/1518/6 1217/1521/6
f 1217/1521/6 1214/1518/6 1218/1522/6
f 1218/1522/6 1214/1518/6 1219/1523/6
f 1217/1521/6 1218/1522/6 1220/1524/6
f 1220/1524/6 1218/1522/6 1221/1525/6
