# Blender v2.93.0 OBJ File: ''
# www.blender.org
mtllib TVS_VoxelFarm_FarmHouse.mtl
o VS_Farm_House
v -8.000000 5.199999 2.800001
v -8.000000 5.100000 -2.699999
v -8.000000 5.099999 2.800001
v -8.000000 5.200000 -2.699999
v -7.900000 5.300000 2.700001
v -7.900000 5.200000 -2.599999
v -7.900000 5.199999 2.700001
v -7.900000 5.300001 -2.599999
v -7.800000 0.200000 2.400000
v -7.800000 0.000000 -2.500000
v -7.800000 -0.000000 2.600000
v -7.800000 0.200000 -2.300000
v -7.800000 1.900000 0.800000
v -7.800000 1.800000 -0.800000
v -7.800000 1.800000 0.900000
v -7.800000 1.900000 0.100000
v -7.800000 1.900000 0.000000
v -7.800000 1.900000 -0.700000
v -7.800000 2.400000 2.400001
v -7.800000 2.400000 0.900000
v -7.800000 2.400000 -0.800000
v -7.800000 2.400001 -2.299999
v -7.800000 2.599999 2.400001
v -7.800000 2.600000 0.900000
v -7.800000 2.600000 -0.800000
v -7.800000 2.600000 -2.299999
v -7.800000 2.700000 0.800000
v -7.800000 2.700000 0.100000
v -7.800000 2.700000 0.000000
v -7.800000 2.700000 -0.700000
v -7.800000 2.800000 0.800000
v -7.800000 2.800000 0.100000
v -7.800000 2.800000 0.000000
v -7.800000 2.800000 -0.700000
v -7.800000 3.100000 0.900000
v -7.800000 3.100000 0.800000
v -7.800000 3.100000 -0.700000
v -7.800000 3.100000 -0.800000
v -7.800000 3.300000 0.800001
v -7.800000 3.100000 0.700000
v -7.800000 3.300000 0.700001
v -7.800000 3.300000 -0.599999
v -7.800000 3.100000 -0.600000
v -7.800000 3.300000 -0.699999
v -7.800000 3.400000 0.700001
v -7.800000 3.300000 0.500001
v -7.800000 3.400000 0.500001
v -7.800000 3.400000 0.100000
v -7.800000 3.400000 0.000000
v -7.800000 3.400000 -0.399999
v -7.800000 3.300000 -0.399999
v -7.800000 3.400000 -0.599999
v -7.800000 3.500000 0.500001
v -7.800000 3.500000 -0.399999
v -7.800000 4.900000 2.400001
v -7.800000 4.900001 -2.299999
v -7.800000 5.099999 2.600001
v -7.800000 5.100000 -2.499999
v -7.800000 5.400000 2.600001
v -7.800000 5.300001 -2.499999
v -7.800000 5.300000 2.600001
v -7.800000 5.400001 -2.499999
v -7.700000 0.600000 1.700000
v -7.700000 0.200000 -2.300000
v -7.700000 0.200000 2.400000
v -7.700000 0.600000 1.200000
v -7.700000 0.800000 1.700000
v -7.700000 0.800000 1.200000
v -7.700000 0.900000 2.000000
v -7.700000 0.900000 1.500000
v -7.700000 1.100000 2.000000
v -7.700000 1.100000 1.500000
v -7.700000 1.200000 1.700000
v -7.700000 1.200000 1.200000
v -7.700000 1.400000 1.700000
v -7.700000 1.400000 1.200000
v -7.700000 1.500000 -1.400000
v -7.700000 1.500000 -1.900000
v -7.700000 1.700000 -1.400000
v -7.700000 1.700000 -1.900000
v -7.700000 1.800000 0.900000
v -7.700000 1.800000 -0.800000
v -7.700000 1.800000 -1.700000
v -7.700000 1.800000 -2.200000
v -7.700000 2.000000 -1.700000
v -7.700000 2.000000 -2.200000
v -7.700000 2.100000 0.800000
v -7.700000 1.900000 0.700000
v -7.700000 1.900000 0.800000
v -7.700000 2.100000 0.700000
v -7.700000 1.900000 0.100000
v -7.700000 2.100000 0.600000
v -7.700000 2.100000 0.000000
v -7.700000 1.900000 -0.100000
v -7.700000 1.900000 0.000000
v -7.700000 2.100000 -0.100000
v -7.700000 1.900000 -0.700000
v -7.700000 2.100000 -0.200000
v -7.700000 2.100000 -1.400000
v -7.700000 2.100000 -1.900000
v -7.700000 2.300000 0.700000
v -7.700000 2.300000 0.600000
v -7.700000 2.300000 0.300000
v -7.700000 2.300000 0.200000
v -7.700000 2.300000 -0.100000
v -7.700000 2.300000 -0.200000
v -7.700000 2.300000 -0.500000
v -7.700000 2.300000 -0.600000
v -7.700000 2.300000 -1.400000
v -7.700000 2.300000 -1.900000
v -7.700000 2.400000 2.400001
v -7.700000 2.400000 0.900000
v -7.700000 2.400000 -0.800000
v -7.700000 2.400001 -2.299999
v -7.700000 2.500000 0.300000
v -7.700000 2.500000 0.200000
v -7.700000 2.500000 0.100000
v -7.700000 2.500000 -0.500000
v -7.700000 2.500000 -0.600000
v -7.700000 2.500000 -0.700000
v -7.700000 2.700000 0.800000
v -7.700000 2.700000 0.200000
v -7.700000 2.700000 0.100000
v -7.700000 2.700000 0.000000
v -7.700000 2.700000 -0.600000
v -7.700000 2.700000 -0.700000
v -7.700000 2.700000 -1.799999
v -7.700000 2.600000 -2.299999
v -7.700000 2.600000 -0.800000
v -7.700000 2.700000 -1.899999
v -7.700000 2.800000 -1.899999
v -7.700000 2.800000 -2.000000
v -7.700000 2.900000 0.800000
v -7.700000 2.800000 0.700000
v -7.700000 2.800000 0.800000
v -7.700000 2.900000 0.700000
v -7.700000 2.800000 0.100000
v -7.700000 2.900000 0.600001
v -7.700000 2.900000 0.000000
v -7.700000 2.800000 -0.100000
v -7.700000 2.800000 0.000000
v -7.700000 2.900000 -0.100000
v -7.700000 2.800000 -0.700000
v -7.700000 2.900000 -0.200000
v -7.700000 2.900000 -1.600000
v -7.700000 2.900000 -1.700000
v -7.700000 2.900000 -1.899999
v -7.700000 2.900000 -2.000000
v -7.700000 3.000000 0.700000
v -7.700000 3.000000 0.600001
v -7.700000 3.000000 -0.100000
v -7.700000 3.000000 -0.200000
v -7.700000 3.000000 -0.300000
v -7.700000 3.000000 -0.400000
v -7.700000 3.000000 -1.500000
v -7.700000 3.000000 -1.600000
v -7.700000 3.000000 -1.700000
v -7.700000 3.000000 -1.799999
v -7.700000 3.000000 -1.899999
v -7.700000 3.000000 -2.000000
v -7.700000 3.100000 0.900000
v -7.700000 2.600000 0.900000
v -7.700000 2.599999 2.400001
v -7.700000 3.100000 0.800000
v -7.700000 3.100000 0.700000
v -7.700000 3.100000 0.400001
v -7.700000 3.100000 0.300001
v -7.700000 3.100000 -0.300000
v -7.700000 3.100000 -0.399999
v -7.700000 3.100000 -0.499999
v -7.700000 3.100000 -0.600000
v -7.700000 3.100000 -0.700000
v -7.700000 3.100000 -0.800000
v -7.700000 3.100000 -1.500000
v -7.700000 3.100000 -1.600000
v -7.700000 3.100000 -1.700000
v -7.700000 3.100000 -1.799999
v -7.700000 3.100000 -1.899999
v -7.700000 3.100000 -2.000000
v -7.700000 3.200000 0.400001
v -7.700000 3.200000 0.300001
v -7.700000 3.200000 0.200001
v -7.700000 3.200000 -0.399999
v -7.700000 3.200000 -0.499999
v -7.700000 3.200000 -0.599999
v -7.700000 3.200000 -1.600000
v -7.700000 3.200000 -1.700000
v -7.700000 3.200000 -1.799999
v -7.700000 3.200000 -1.899999
v -7.700000 3.300000 0.800001
v -7.700000 3.300000 0.700001
v -7.700000 3.300000 0.500001
v -7.700000 3.300000 0.300001
v -7.700000 3.300000 0.200001
v -7.700000 3.300000 0.100000
v -7.700000 3.300000 -0.399999
v -7.700000 3.300000 -0.499999
v -7.700000 3.300000 -0.599999
v -7.700000 3.300000 -0.699999
v -7.700000 3.400000 0.700001
v -7.700000 3.400000 0.500001
v -7.700000 3.400000 0.200001
v -7.700000 3.400000 0.100000
v -7.700000 3.400000 0.000000
v -7.700000 3.400000 -0.399999
v -7.700000 3.400000 -0.599999
v -7.700000 3.500000 0.500001
v -7.700000 3.500000 -0.399999
v -7.700000 3.600000 1.400001
v -7.700000 3.600000 1.300001
v -7.700000 3.700000 1.500001
v -7.700000 3.700000 1.400001
v -7.700000 3.700000 1.300001
v -7.700000 3.700000 1.200001
v -7.700000 3.800000 1.500001
v -7.700000 3.800000 1.400001
v -7.700000 3.800000 1.300001
v -7.700000 3.800000 1.200001
v -7.700000 3.900000 1.400001
v -7.700000 3.900000 1.300001
v -7.700000 4.200000 -1.099999
v -7.700000 4.200000 -1.199999
v -7.700000 4.300000 -0.999999
v -7.700000 4.300000 -1.099999
v -7.700000 4.300000 -1.199999
v -7.700000 4.300000 -1.299999
v -7.700000 4.400000 -0.999999
v -7.700000 4.400000 -1.099999
v -7.700000 4.400000 -1.199999
v -7.700000 4.400000 -1.299999
v -7.700000 4.500000 -1.099999
v -7.700000 4.500000 -1.199999
v -7.700000 4.900000 2.400001
v -7.700000 4.900001 -2.299999
v -7.700000 5.500000 2.500001
v -7.700000 5.400001 -2.399999
v -7.700000 5.400000 2.500001
v -7.700000 5.500000 -2.399999
v -7.600000 0.800000 1.700000
v -7.600000 0.600000 1.200000
v -7.600000 0.600000 1.700000
v -7.600000 0.800000 1.200000
v -7.600000 1.100000 2.000000
v -7.600000 0.900000 1.500000
v -7.600000 0.900000 2.000000
v -7.600000 1.100000 1.500000
v -7.600000 1.400000 1.700000
v -7.600000 1.200000 1.200000
v -7.600000 1.200000 1.700000
v -7.600000 1.400000 1.200000
v -7.600000 1.700000 -1.400000
v -7.600000 1.500000 -1.900000
v -7.600000 1.500000 -1.400000
v -7.600000 1.700000 -1.900000
v -7.600000 2.000000 -1.700000
v -7.600000 1.800000 -2.200000
v -7.600000 1.800000 -1.700000
v -7.600000 2.000000 -2.200000
v -7.600000 2.300000 -1.400000
v -7.600000 2.100000 -1.900000
v -7.600000 2.100000 -1.400000
v -7.600000 2.300000 -1.900000
v -7.600000 5.599999 2.400001
v -7.600000 5.500000 -2.299999
v -7.600000 5.500000 2.400001
v -7.600000 5.600000 -2.299999
v -7.500000 5.699999 2.300001
v -7.500000 5.600000 -2.199999
v -7.500000 5.599999 2.300001
v -7.500000 5.700000 -2.199999
v -7.400000 5.800000 2.200001
v -7.400000 5.700000 -2.099999
v -7.400000 5.699999 2.200001
v -7.400000 5.800001 -2.099999
v -7.300000 5.900000 2.100001
v -7.300000 5.800001 -1.999999
v -7.300000 5.800000 2.100001
v -7.300000 5.900001 -1.999999
v -7.200000 6.000000 2.000001
v -7.200000 5.900001 -1.899999
v -7.200000 5.900000 2.000001
v -7.200000 6.000000 -1.899999
v -7.100000 1.900000 -2.500000
v -7.100000 1.400000 -2.900000
v -7.100000 1.400000 -2.400000
v -7.100000 1.900000 -2.900000
v -7.100000 2.400000 2.600000
v -7.100000 1.800000 2.500000
v -7.100000 1.799999 2.600000
v -7.100000 2.400000 2.500000
v -7.100000 2.400001 -2.400000
v -7.100000 2.400001 -2.500000
v -7.100000 2.900000 2.600000
v -7.100000 2.599999 2.500000
v -7.100000 2.599999 2.600000
v -7.100000 2.900000 2.500000
v -7.100000 2.900001 -2.400000
v -7.100000 2.600000 -2.500000
v -7.100000 2.600000 -2.400000
v -7.100000 2.900001 -2.500000
v -7.100000 6.099999 1.900001
v -7.100000 6.000000 -1.799999
v -7.100000 6.000000 1.900001
v -7.100000 6.100000 -1.799999
v -7.000000 2.100000 -2.700000
v -7.000000 2.000000 -2.800000
v -7.000000 2.000000 -2.700000
v -7.000000 2.100000 -2.800000
v -7.000000 3.099999 2.600000
v -7.000000 2.900000 2.500000
v -7.000000 2.900000 2.600000
v -7.000000 3.099999 2.500000
v -7.000000 3.100000 -2.400000
v -7.000000 2.900001 -2.500000
v -7.000000 2.900001 -2.400000
v -7.000000 3.100000 -2.500000
v -7.000000 6.199999 1.800001
v -7.000000 6.100000 -1.699999
v -7.000000 6.099999 1.800001
v -7.000000 6.200000 -1.699999
v -6.900000 1.100000 2.500000
v -6.900000 0.900000 2.400000
v -6.900000 0.900000 2.500000
v -6.900000 1.100000 2.400000
v -6.900000 1.900000 -2.700000
v -6.900000 1.800000 -2.800000
v -6.900000 1.800000 -2.700000
v -6.900000 1.900000 -2.800000
v -6.900000 2.000000 -2.700000
v -6.900000 2.000000 -2.800000
v -6.900000 2.200001 -2.700000
v -6.900000 2.100000 -2.800000
v -6.900000 2.100000 -2.700000
v -6.900000 2.200001 -2.799999
v -6.900000 3.200000 2.600000
v -6.900000 3.099999 2.500000
v -6.900000 3.099999 2.600000
v -6.900000 3.200000 2.500000
v -6.900000 3.200001 -2.400000
v -6.900000 3.100000 -2.500000
v -6.900000 3.100000 -2.400000
v -6.900000 3.200001 -2.500000
v -6.900000 6.300000 1.700001
v -6.900000 6.200000 -1.599999
v -6.900000 6.199999 1.700001
v -6.900000 6.300001 -1.599999
v -6.800000 3.299999 2.600000
v -6.800000 3.200000 2.500000
v -6.800000 3.200000 2.600000
v -6.800000 3.299999 2.500000
v -6.800000 3.300000 -2.400000
v -6.800000 3.200001 -2.500000
v -6.800000 3.200001 -2.400000
v -6.800000 3.300000 -2.500000
v -6.800000 6.400000 1.600001
v -6.800000 6.300001 -1.499999
v -6.800000 6.300000 1.600001
v -6.800000 6.400001 -1.499999
v -6.700000 2.300000 -2.500000
v -6.700000 2.200001 -2.599999
v -6.700000 2.200001 -2.500000
v -6.700000 2.300000 -2.599999
v -6.700000 3.400000 2.600000
v -6.700000 3.299999 2.500000
v -6.700000 3.299999 2.600000
v -6.700000 3.400000 2.500000
v -6.700000 3.400001 -2.400000
v -6.700000 3.300000 -2.500000
v -6.700000 3.300000 -2.400000
v -6.700000 3.400001 -2.500000
v -6.700000 6.500000 1.500001
v -6.700000 6.400000 -1.399999
v -6.700000 6.400000 1.500001
v -6.700000 6.500000 -1.399999
v -6.600000 1.000000 -2.300000
v -6.600000 0.800000 -2.400000
v -6.600000 0.800000 -2.300000
v -6.600000 1.000000 -2.400000
v -6.600000 1.400000 2.500000
v -6.600000 1.200000 2.400000
v -6.600000 1.200000 2.500000
v -6.600000 1.400000 2.400000
v -6.600000 1.900000 -2.500000
v -6.600000 1.800000 -2.600000
v -6.600000 1.800000 -2.500000
v -6.600000 2.100000 -2.500000
v -6.600000 2.100000 -2.600000
v -6.600000 2.200001 -2.500000
v -6.600000 2.200001 -2.599999
v -6.600000 2.400001 -2.500000
v -6.600000 2.300000 -2.599999
v -6.600000 2.300000 -2.500000
v -6.600000 2.400001 -2.599999
v -6.600000 6.600000 1.400001
v -6.600000 6.500000 -1.299999
v -6.600000 6.500000 1.400001
v -6.600000 6.600000 -1.299999
v -6.500000 3.500000 2.600000
v -6.500000 3.400000 2.500000
v -6.500000 3.400000 2.600000
v -6.500000 3.500000 2.500000
v -6.500000 3.500000 -2.400000
v -6.500000 3.400001 -2.500000
v -6.500000 3.400001 -2.400000
v -6.500000 3.500000 -2.500000
v -6.400000 2.200001 -2.700000
v -6.400000 2.100000 -2.800000
v -6.400000 2.100000 -2.700000
v -6.400000 2.200001 -2.799999
v -6.300000 0.700000 -2.300000
v -6.300000 0.500000 -2.400000
v -6.300000 0.500000 -2.300000
v -6.300000 0.700000 -2.400000
v -6.300000 1.100000 2.500000
v -6.300000 0.900000 2.400000
v -6.300000 0.900000 2.500000
v -6.300000 1.100000 2.400000
v -6.300000 1.300000 -2.300000
v -6.300000 1.100000 -2.400000
v -6.300000 1.100000 -2.300000
v -6.300000 1.300000 -2.400000
v -6.300000 1.900000 -2.800000
v -6.300000 1.800000 -2.800000
v -6.300000 1.800000 -2.700000
v -6.300000 2.000000 -2.700000
v -6.300000 2.000000 -2.800000
v -6.300000 2.100000 -2.700000
v -6.300000 2.100000 -2.800000
v -6.300000 2.300000 -2.700000
v -6.300000 2.200001 -2.799999
v -6.300000 2.200001 -2.700000
v -6.300000 2.300000 -2.799999
v -6.200000 2.400001 -2.400000
v -6.200000 1.900000 -2.500000
v -6.200000 1.900000 -2.400000
v -6.200000 2.599999 2.600000
v -6.200000 1.900000 2.500000
v -6.200000 1.899999 2.600000
v -6.200000 2.599999 2.500000
v -6.200000 2.600000 -2.400000
v -6.200000 2.600000 -2.500000
v -6.200000 3.300000 -2.400000
v -6.200000 2.700001 -2.500000
v -6.200000 2.700001 -2.400000
v -6.200000 3.400000 2.600000
v -6.200000 2.700000 2.500000
v -6.200000 2.700000 2.600000
v -6.200000 3.400000 2.500000
v -6.200000 3.400001 -2.400000
v -6.200000 3.400001 -2.500000
v -6.000000 2.100000 -2.600000
v -6.000000 2.000000 -2.700000
v -6.000000 2.000000 -2.600000
v -6.000000 2.100000 -2.700000
v -5.900000 1.900000 -2.600000
v -5.900000 1.800000 -2.700000
v -5.900000 1.800000 -2.600000
v -5.900000 1.900000 -2.700000
v -5.900000 2.000000 -2.600000
v -5.900000 2.000000 -2.700000
v -5.900000 2.200001 -2.599999
v -5.900000 2.100000 -2.700000
v -5.900000 2.100000 -2.600000
v -5.900000 2.200001 -2.700000
v -5.700000 2.200001 -2.500000
v -5.700000 2.100000 -2.600000
v -5.700000 2.100000 -2.500000
v -5.700000 2.200001 -2.599999
v -5.600000 1.900000 -2.500000
v -5.600000 1.800000 -2.600000
v -5.600000 1.800000 -2.500000
v -5.600000 2.000000 -2.500000
v -5.600000 2.000000 -2.600000
v -5.600000 2.100000 -2.500000
v -5.600000 2.100000 -2.600000
v -5.600000 2.300000 -2.500000
v -5.600000 2.200001 -2.599999
v -5.600000 2.200001 -2.500000
v -5.600000 2.300000 -2.599999
v -5.400000 2.100000 -2.700000
v -5.400000 2.000000 -2.800000
v -5.400000 2.000000 -2.700000
v -5.400000 2.100000 -2.800000
v -5.300000 1.900000 -2.700000
v -5.300000 1.800000 -2.800000
v -5.300000 1.800000 -2.700000
v -5.300000 1.900000 -2.800000
v -5.300000 2.000000 -2.700000
v -5.300000 2.000000 -2.800000
v -5.300000 2.200001 -2.700000
v -5.300000 2.100000 -2.800000
v -5.300000 2.100000 -2.700000
v -5.300000 2.200001 -2.799999
v -5.100000 1.800000 -2.300000
v -5.100000 1.700000 -2.400000
v -5.100000 1.700000 -2.300000
v -5.100000 1.800000 -2.400000
v -5.100000 2.200001 -2.599999
v -5.100000 2.100000 -2.700000
v -5.100000 2.100000 -2.600000
v -5.100000 2.200001 -2.700000
v -5.000000 2.000000 -2.600000
v -5.000000 1.800000 -2.700000
v -5.000000 1.800000 -2.600000
v -5.000000 2.000000 -2.700000
v -5.000000 2.100000 -2.600000
v -5.000000 2.100000 -2.700000
v -5.000000 2.300000 -2.599999
v -5.000000 2.200001 -2.700000
v -5.000000 2.200001 -2.599999
v -5.000000 2.300000 -2.700000
v -4.800000 1.600000 -2.300000
v -4.800000 1.400000 -2.400000
v -4.800000 1.400000 -2.300000
v -4.800000 1.600000 -2.400000
v -4.800000 2.100000 -2.500000
v -4.800000 2.000000 -2.600000
v -4.800000 2.000000 -2.500000
v -4.800000 2.100000 -2.600000
v -4.700000 1.900000 -2.500000
v -4.700000 1.800000 -2.600000
v -4.700000 1.800000 -2.500000
v -4.700000 1.900000 -2.600000
v -4.700000 2.000000 -2.500000
v -4.700000 2.000000 -2.600000
v -4.700000 2.200001 -2.500000
v -4.700000 2.100000 -2.600000
v -4.700000 2.100000 -2.500000
v -4.700000 2.200001 -2.599999
v -4.500000 1.800000 -2.300000
v -4.500000 1.700000 -2.400000
v -4.500000 1.700000 -2.300000
v -4.500000 1.800000 -2.400000
v -4.500000 2.200001 -2.700000
v -4.500000 2.100000 -2.800000
v -4.500000 2.100000 -2.700000
v -4.500000 2.200001 -2.799999
v -4.400000 1.900000 -2.800000
v -4.400000 1.800000 -2.800000
v -4.400000 1.800000 -2.700000
v -4.400000 2.000000 -2.700000
v -4.400000 2.000000 -2.800000
v -4.400000 2.100000 -2.700000
v -4.400000 2.100000 -2.800000
v -4.400000 2.300000 -2.700000
v -4.400000 2.200001 -2.799999
v -4.400000 2.200001 -2.700000
v -4.400000 2.300000 -2.799999
v -4.300000 2.100000 -2.500000
v -4.300000 2.000000 -2.600000
v -4.300000 2.000000 -2.500000
v -4.300000 2.100000 -2.600000
v -4.200000 1.900000 -2.500000
v -4.200000 1.800000 -2.600000
v -4.200000 1.800000 -2.500000
v -4.200000 1.900000 -2.600000
v -4.200000 2.000000 -2.500000
v -4.200000 2.000000 -2.600000
v -4.200000 2.200001 -2.500000
v -4.200000 2.100000 -2.600000
v -4.200000 2.100000 -2.500000
v -4.200000 2.200001 -2.599999
v -4.000000 2.300000 -2.599999
v -4.000000 2.200001 -2.700000
v -4.000000 2.200001 -2.599999
v -4.000000 2.300000 -2.700000
v -3.900000 2.100000 -2.600000
v -3.900000 1.800000 -2.700000
v -3.900000 1.800000 -2.600000
v -3.900000 2.100000 -2.700000
v -3.900000 2.200001 -2.599999
v -3.900000 2.200001 -2.700000
v -3.900000 2.400001 -2.599999
v -3.900000 2.300000 -2.700000
v -3.900000 2.300000 -2.599999
v -3.900000 2.400001 -2.700000
v -3.700000 2.100000 -2.700000
v -3.700000 2.000000 -2.800000
v -3.700000 2.000000 -2.700000
v -3.700000 2.100000 -2.800000
v -3.600000 1.900000 -2.700000
v -3.600000 1.800000 -2.800000
v -3.600000 1.800000 -2.700000
v -3.600000 1.900000 -2.800000
v -3.600000 2.000000 -2.700000
v -3.600000 2.000000 -2.800000
v -3.600000 2.200001 -2.700000
v -3.600000 2.100000 -2.800000
v -3.600000 2.100000 -2.700000
v -3.600000 2.200001 -2.799999
v -3.400000 2.100000 -2.500000
v -3.400000 1.900000 -2.500000
v -3.400000 1.900000 -2.400000
v -3.400000 2.200001 -2.500000
v -3.400000 2.100000 -2.600000
v -3.400000 2.200001 -2.599999
v -3.400000 2.400001 -2.400000
v -3.400000 2.599999 2.600000
v -3.400000 1.900000 2.500000
v -3.400000 1.899999 2.600000
v -3.400000 2.599999 2.500000
v -3.400000 2.600000 -2.400000
v -3.400000 2.600000 -2.500000
v -3.400000 3.300000 -2.400000
v -3.400000 2.700001 -2.500000
v -3.400000 2.700001 -2.400000
v -3.400000 3.400000 2.600000
v -3.400000 2.700000 2.500000
v -3.400000 2.700000 2.600000
v -3.400000 3.400000 2.500000
v -3.400000 3.400001 -2.400000
v -3.400000 3.400001 -2.500000
v -3.300000 2.000000 -2.500000
v -3.300000 1.800000 -2.600000
v -3.300000 1.800000 -2.500000
v -3.300000 2.000000 -2.600000
v -3.300000 2.100000 -2.500000
v -3.300000 2.100000 -2.600000
v -3.300000 2.300000 -2.500000
v -3.300000 2.200001 -2.599999
v -3.300000 2.200001 -2.500000
v -3.300000 2.300000 -2.599999
v -3.000000 2.100000 -2.600000
v -3.000000 2.000000 -2.700000
v -3.000000 2.000000 -2.600000
v -3.000000 2.100000 -2.700000
v -3.000000 3.400000 2.600000
v -3.000000 3.299999 2.500000
v -3.000000 3.299999 2.600000
v -3.000000 3.400000 2.500000
v -3.000000 3.400001 -2.400000
v -3.000000 3.300000 -2.500000
v -3.000000 3.300000 -2.400000
v -3.000000 3.400001 -2.500000
v -2.900000 1.300000 -2.300000
v -2.900000 1.100000 -2.400000
v -2.900000 1.100000 -2.300000
v -2.900000 1.300000 -2.400000
v -2.900000 1.900000 -2.600000
v -2.900000 1.800000 -2.700000
v -2.900000 1.800000 -2.600000
v -2.900000 1.900000 -2.700000
v -2.900000 2.000000 -2.600000
v -2.900000 2.000000 -2.700000
v -2.900000 2.200001 -2.599999
v -2.900000 2.100000 -2.700000
v -2.900000 2.100000 -2.600000
v -2.900000 2.200001 -2.700000
v -2.800000 3.299999 2.600000
v -2.800000 3.200000 2.500000
v -2.800000 3.200000 2.600000
v -2.800000 3.299999 2.500000
v -2.800000 3.300000 -2.400000
v -2.800000 3.200001 -2.500000
v -2.800000 3.200001 -2.400000
v -2.800000 3.300000 -2.500000
v -2.700000 3.200000 2.600000
v -2.700000 3.099999 2.500000
v -2.700000 3.099999 2.600000
v -2.700000 3.200000 2.500000
v -2.700000 3.200001 -2.400000
v -2.700000 3.100000 -2.500000
v -2.700000 3.100000 -2.400000
v -2.700000 3.200001 -2.500000
v -2.600000 1.000000 -2.300000
v -2.600000 0.800000 -2.400000
v -2.600000 0.800000 -2.300000
v -2.600000 1.000000 -2.400000
v -2.600000 3.099999 2.600000
v -2.600000 2.900000 2.500000
v -2.600000 2.900000 2.600000
v -2.600000 3.099999 2.500000
v -2.600000 3.100000 -2.400000
v -2.600000 2.900001 -2.500000
v -2.600000 2.900001 -2.400000
v -2.600000 3.100000 -2.500000
v -2.500000 1.900000 -2.500000
v -2.500000 1.800000 -2.800000
v -2.500000 1.800000 -2.500000
v -2.500000 1.900000 -2.800000
v -2.500000 2.400001 -2.400000
v -2.500000 1.900000 -2.400000
v -2.500000 2.599999 2.600000
v -2.500000 1.900000 2.500000
v -2.500000 1.899999 2.600000
v -2.500000 2.599999 2.500000
v -2.500000 2.600000 -2.400000
v -2.500000 2.600000 -2.500000
v -2.500000 2.900000 2.600000
v -2.500000 2.700000 2.500000
v -2.500000 2.700000 2.600000
v -2.500000 2.900000 2.500000
v -2.500000 2.900001 -2.400000
v -2.500000 2.700001 -2.500000
v -2.500000 2.700001 -2.400000
v -2.500000 2.900001 -2.500000
v -2.400000 1.100000 2.500000
v -2.400000 0.900000 2.400000
v -2.400000 0.900000 2.500000
v -2.400000 1.100000 2.400000
v -2.300000 0.700000 -2.300000
v -2.300000 0.500000 -2.400000
v -2.300000 0.500000 -2.300000
v -2.300000 0.700000 -2.400000
v -2.300000 1.300000 -2.300000
v -2.300000 1.100000 -2.400000
v -2.300000 1.100000 -2.300000
v -2.300000 1.300000 -2.400000
v -2.100000 0.800000 2.500000
v -2.100000 0.600000 2.400000
v -2.100000 0.600000 2.500000
v -2.100000 0.800000 2.400000
v -2.100000 1.400000 2.500000
v -2.100000 1.200000 2.400000
v -2.100000 1.200000 2.500000
v -2.100000 1.400000 2.400000
v -1.400000 2.400001 -2.400000
v -1.400000 1.800000 -2.500000
v -1.400000 1.800000 -2.400000
v -1.400000 2.400001 -2.500000
v -1.400000 3.100000 -2.400000
v -1.400000 2.600000 -2.500000
v -1.400000 2.600000 -2.400000
v -1.400000 3.100000 -2.500000
v -1.300000 3.300000 -2.400000
v -1.300000 3.100000 -2.500000
v -1.300000 3.100000 -2.400000
v -1.300000 3.300000 -2.500000
v -1.200000 3.400001 -2.400000
v -1.200000 3.300000 -2.500000
v -1.200000 3.300000 -2.400000
v -1.200000 3.400001 -2.500000
v -1.000000 3.500000 -2.400000
v -1.000000 3.400001 -2.500000
v -1.000000 3.400001 -2.400000
v -1.000000 3.500000 -2.500000
v -0.600000 3.400001 -2.400000
v -0.600000 3.300000 -2.500000
v -0.600000 3.300000 -2.400000
v -0.600000 3.400001 -2.500000
v -0.400000 1.600000 -2.300000
v -0.400000 1.400000 -2.400000
v -0.400000 1.400000 -2.300000
v -0.400000 1.600000 -2.400000
v -0.400000 2.000000 2.500000
v -0.400000 1.800000 2.400000
v -0.400000 1.800000 2.500000
v -0.400000 2.000000 2.400000
v -0.400000 3.200001 -2.400000
v -0.400000 3.100000 -2.500000
v -0.400000 3.100000 -2.400000
v -0.400000 3.300000 -2.400000
v -0.400000 3.300000 -2.500000
v -0.300000 2.600000 -2.400000
v -0.300000 1.900000 -2.500000
v -0.300000 1.900000 -2.400000
v -0.300000 2.800000 -2.400000
v -0.300000 2.800000 -2.500000
v -0.300000 3.100000 -2.400000
v -0.300000 2.900001 -2.500000
v -0.300000 2.900001 -2.400000
v -0.300000 3.100000 -2.500000
v -0.100000 1.300000 -2.300000
v -0.100000 1.100000 -2.400000
v -0.100000 1.100000 -2.300000
v -0.100000 1.300000 -2.400000
v -0.100000 1.700000 2.500000
v -0.100000 1.500000 2.400000
v -0.100000 1.500000 2.500000
v -0.100000 1.700000 2.400000
v 0.000000 5.199999 3.800001
v 0.000000 5.099999 2.800001
v 0.000000 5.099999 3.800001
v 0.000000 5.199999 2.800001
v 0.000000 5.200000 -2.699999
v 0.000000 5.100000 -3.799999
v 0.000000 5.100000 -2.699999
v 0.000000 5.200000 -3.799999
v 0.099999 5.300000 3.700001
v 0.099999 5.199999 2.700001
v 0.099999 5.199999 3.700001
v 0.099999 5.300000 2.700001
v 0.099999 5.300001 -2.599999
v 0.099999 5.200000 -3.699999
v 0.099999 5.200000 -2.599999
v 0.099999 5.300001 -3.699999
v 0.200000 0.199999 3.400000
v 0.200000 -0.000000 2.600000
v 0.200000 -0.000001 3.600000
v 0.200000 0.200000 2.600000
v 0.200000 0.200000 -2.500000
v 0.200000 0.000001 -3.600000
v 0.200000 0.000000 -2.500000
v 0.200000 0.200001 -3.400000
v 0.200000 1.600000 -2.300000
v 0.200000 1.400000 -2.400000
v 0.200000 1.400000 -2.300000
v 0.200000 1.600000 -2.400000
v 0.200000 2.400000 3.400001
v 0.200000 2.400001 -3.400000
v 0.200000 2.599999 3.400001
v 0.200000 2.400000 2.600000
v 0.200000 2.599999 2.600000
v 0.200000 2.600000 -2.500000
v 0.200000 2.400001 -2.500000
v 0.200000 2.600000 -3.400000
v 0.200000 4.900000 3.400001
v 0.200000 4.900001 -3.399999
v 0.200000 5.099999 3.600001
v 0.200000 4.900000 2.600001
v 0.200000 5.099999 2.600001
v 0.200000 5.100000 -2.499999
v 0.200000 4.900001 -2.499999
v 0.200000 5.100000 -3.599999
v 0.200000 5.400000 3.600001
v 0.200000 5.300000 2.600001
v 0.200000 5.300000 3.600001
v 0.200000 5.400000 2.600001
v 0.200000 5.400001 -2.499999
v 0.200000 5.300001 -3.599999
v 0.200000 5.300001 -2.499999
v 0.200000 5.400001 -3.599999
v 0.300000 1.400000 -2.500000
v 0.300000 0.200001 -3.400000
v 0.300000 0.200000 -2.400000
v 0.300000 1.400000 -3.000000
v 0.300000 1.600000 -2.500000
v 0.300000 1.600001 -3.000000
v 0.300000 1.700001 -2.800000
v 0.300000 1.700001 -3.300000
v 0.300000 1.900000 -2.800000
v 0.300000 1.900001 -3.300000
v 0.300000 2.000000 -2.500000
v 0.300000 2.000000 -3.000000
v 0.300000 2.200001 -2.500000
v 0.300000 2.200001 -3.000000
v 0.300000 2.400000 3.400001
v 0.300000 0.200000 2.500000
v 0.300000 0.199999 3.400000
v 0.300000 2.400000 2.500000
v 0.300000 2.400001 -2.400000
v 0.300000 2.400001 -3.400000
v 0.300000 4.400001 -2.599999
v 0.300000 2.600000 -3.400000
v 0.300000 2.600000 -2.400000
v 0.300000 4.400001 -2.699999
v 0.300000 4.500000 -2.499999
v 0.300000 4.500000 -2.599999
v 0.300000 4.500000 -2.699999
v 0.300000 4.500000 -2.799999
v 0.300000 4.600000 -2.499999
v 0.300000 4.600000 -2.599999
v 0.300000 4.600000 -2.699999
v 0.300000 4.600000 -2.799999
v 0.300000 4.700000 -2.599999
v 0.300000 4.700000 -2.699999
v 0.300000 4.900000 3.400001
v 0.300000 2.599999 2.500000
v 0.300000 2.599999 3.400001
v 0.300000 4.900000 2.500001
v 0.300000 4.900001 -2.399999
v 0.300000 4.900001 -3.399999
v 0.300000 5.500000 3.500001
v 0.300000 5.400000 2.500001
v 0.300000 5.400000 3.500001
v 0.300000 5.500000 2.500001
v 0.300000 5.500000 -2.399999
v 0.300000 5.400001 -3.499999
v 0.300000 5.400001 -2.399999
v 0.300000 5.500000 -3.499999
v 0.400000 1.600000 -2.500000
v 0.400000 1.400000 -3.000000
v 0.400000 1.400000 -2.500000
v 0.400000 1.600001 -3.000000
v 0.400000 1.900000 -2.800000
v 0.400000 1.700001 -3.300000
v 0.400000 1.700001 -2.800000
v 0.400000 1.900001 -3.300000
v 0.400000 2.200001 -2.500000
v 0.400000 2.000000 -3.000000
v 0.400000 2.000000 -2.500000
v 0.400000 2.200001 -3.000000
v 0.400000 5.599999 3.400001
v 0.400000 5.500000 2.400001
v 0.400000 5.500000 3.400001
v 0.400000 5.599999 2.400001
v 0.400000 5.600000 -2.299999
v 0.400000 5.500000 -3.399999
v 0.400000 5.500000 -2.299999
v 0.400000 5.600000 -3.399999
v 0.500000 5.699999 3.300001
v 0.500000 5.599999 2.300001
v 0.500000 5.599999 3.300001
v 0.500000 5.699999 2.300001
v 0.500000 5.700000 -2.199999
v 0.500000 5.600000 -3.299999
v 0.500000 5.600000 -2.199999
v 0.500000 5.700000 -3.299999
v 0.599999 5.800000 3.200001
v 0.599999 5.699999 2.200001
v 0.599999 5.699999 3.200001
v 0.599999 5.800000 2.200001
v 0.599999 5.800001 -2.099999
v 0.599999 5.700000 -3.199999
v 0.599999 5.700000 -2.099999
v 0.599999 5.800001 -3.199999
v 0.700000 5.900000 3.100001
v 0.700000 5.800000 2.100001
v 0.700000 5.800000 3.100001
v 0.700000 5.900000 2.100001
v 0.700000 5.900001 -1.999999
v 0.700000 5.800001 -3.099999
v 0.700000 5.800001 -1.999999
v 0.700000 5.900001 -3.099999
v 0.800000 6.000000 3.000001
v 0.800000 5.900000 2.000001
v 0.800000 5.900000 3.000001
v 0.800000 6.000000 2.000001
v 0.800000 6.000000 -1.899999
v 0.800000 5.900001 -2.999999
v 0.800000 5.900001 -1.899999
v 0.800000 6.000000 -2.999999
v 0.900000 1.600001 -3.400000
v 0.900000 1.400001 -3.500000
v 0.900000 1.400001 -3.400000
v 0.900000 1.600001 -3.500000
v 0.900000 1.400001 -4.000000
v 0.900000 1.900001 -3.600000
v 0.900000 1.900001 -4.000000
v 0.900000 2.400001 -3.500000
v 0.900000 2.400001 -3.599999
v 0.900000 3.500000 -3.500000
v 0.900000 2.600000 -3.599999
v 0.900000 2.600000 -3.500000
v 0.900000 3.500000 -3.599999
v 0.900000 6.099999 2.900001
v 0.900000 6.000000 1.900001
v 0.900000 6.000000 2.900001
v 0.900000 6.099999 1.900001
v 0.900000 6.100000 -1.799999
v 0.900000 6.000000 -2.899999
v 0.900000 6.000000 -1.799999
v 0.900000 6.100000 -2.899999
v 1.000000 2.200001 -3.700000
v 1.000000 2.100001 -3.800000
v 1.000000 2.100001 -3.700000
v 1.000000 2.200001 -3.799999
v 1.000000 6.199999 2.800001
v 1.000000 6.099999 1.800001
v 1.000000 6.099999 2.800001
v 1.000000 6.199999 1.800001
v 1.000000 6.200000 -1.699999
v 1.000000 6.100000 -2.799999
v 1.000000 6.100000 -1.699999
v 1.000000 6.200000 -2.799999
v 1.100000 2.000001 -3.700000
v 1.100000 1.800001 -3.800000
v 1.100000 1.800001 -3.700000
v 1.100000 2.000001 -3.800000
v 1.100000 2.100001 -3.700000
v 1.100000 2.100001 -3.800000
v 1.100000 2.300001 -3.700000
v 1.100000 2.200001 -3.799999
v 1.100000 2.200001 -3.700000
v 1.100000 2.300001 -3.799999
v 1.100000 6.300000 2.700001
v 1.100000 6.199999 1.700001
v 1.100000 6.199999 2.700001
v 1.100000 6.300000 1.700001
v 1.100000 6.300001 -1.599999
v 1.100000 6.200000 -2.699999
v 1.100000 6.200000 -1.599999
v 1.100000 6.300001 -2.699999
v 1.200000 6.400000 2.600001
v 1.200000 6.300000 1.600001
v 1.200000 6.300000 2.600001
v 1.200000 6.400000 1.600001
v 1.200000 6.400001 -1.499999
v 1.200000 6.300001 -2.599999
v 1.200000 6.300001 -1.499999
v 1.200000 6.400001 -2.599999
v 1.300000 1.300001 -3.400000
v 1.300000 1.100001 -3.500000
v 1.300000 1.100001 -3.400000
v 1.300000 1.300001 -3.500000
v 1.300000 2.100000 -3.600000
v 1.300000 2.000001 -3.700000
v 1.300000 2.000000 -3.600000
v 1.300000 2.100001 -3.700000
v 1.300000 6.500000 2.500001
v 1.300000 6.400000 1.500001
v 1.300000 6.400000 2.500001
v 1.300000 6.500000 1.500001
v 1.300000 6.500000 -1.399999
v 1.300000 6.400001 -2.499999
v 1.300000 6.400000 -1.399999
v 1.300000 6.500000 -2.499999
v 1.400000 1.900001 -3.600000
v 1.400000 1.800001 -3.700000
v 1.400000 1.800001 -3.600000
v 1.400000 1.900001 -3.700000
v 1.400000 2.000000 -3.600000
v 1.400000 2.000001 -3.700000
v 1.400000 2.200001 -3.599999
v 1.400000 2.100001 -3.700000
v 1.400000 2.100000 -3.600000
v 1.400000 2.200001 -3.700000
v 1.400000 6.599999 2.400001
v 1.400000 6.500000 1.400001
v 1.400000 6.500000 2.400001
v 1.400000 6.600000 1.400001
v 1.400000 6.600000 -1.299999
v 1.400000 6.500000 -2.399999
v 1.400000 6.500000 -1.299999
v 1.400000 6.600000 -2.399999
v 1.500000 2.000000 -3.600000
v 1.500000 1.900001 -3.600000
v 1.500000 1.900001 -3.500000
v 1.500000 2.100000 -3.600000
v 1.500000 2.200001 -3.599999
v 1.500000 2.700001 -3.500000
v 1.500000 2.900001 -3.500000
v 1.500000 2.900001 -3.599999
v 1.500000 3.300000 -3.500000
v 1.500000 3.000000 -3.599999
v 1.500000 3.000000 -3.500000
v 1.500000 3.400001 -3.500000
v 1.500000 3.400001 -3.599999
v 1.600000 1.499999 3.500000
v 1.600000 1.299999 3.400000
v 1.600000 1.299999 3.500000
v 1.600000 1.499999 3.400000
v 1.600000 1.900001 -3.600000
v 1.600000 1.800001 -3.700000
v 1.600000 1.800001 -3.600000
v 1.600000 1.900001 -3.700000
v 1.600000 2.099999 3.500000
v 1.600000 1.899999 3.400000
v 1.600000 1.899999 3.500000
v 1.600000 2.099999 3.400000
v 1.700000 2.200001 -3.799999
v 1.700000 2.100001 -3.900000
v 1.700000 2.100001 -3.800000
v 1.700000 2.200001 -3.900000
v 1.800000 1.900001 -3.900000
v 1.800000 1.800001 -3.900000
v 1.800000 1.800001 -3.800000
v 1.800000 2.000001 -3.800000
v 1.800000 2.000001 -3.900000
v 1.800000 2.100001 -3.800000
v 1.800000 2.100001 -3.900000
v 1.800000 2.300001 -3.799999
v 1.800000 2.200001 -3.900000
v 1.800000 2.200001 -3.799999
v 1.800000 2.300001 -3.900000
v 1.900000 1.799999 3.500000
v 1.900000 1.599999 3.400000
v 1.900000 1.599999 3.500000
v 1.900000 1.799999 3.400000
v 2.100000 2.100001 -3.700000
v 2.100000 2.000001 -3.800000
v 2.100000 2.000001 -3.700000
v 2.100000 2.100001 -3.800000
v 2.200000 1.900001 -3.700000
v 2.200000 1.800001 -3.800000
v 2.200000 1.800001 -3.700000
v 2.200000 1.900001 -3.800000
v 2.200000 2.000001 -3.700000
v 2.200000 2.000001 -3.800000
v 2.200000 2.200001 -3.700000
v 2.200000 2.100001 -3.800000
v 2.200000 2.100001 -3.700000
v 2.200000 2.200001 -3.799999
v 2.500000 2.200001 -3.599999
v 2.500000 2.100001 -3.700000
v 2.500000 2.100000 -3.600000
v 2.500000 2.200001 -3.700000
v 2.600000 1.900001 -3.600000
v 2.600000 1.800001 -3.700000
v 2.600000 1.800001 -3.600000
v 2.600000 2.000000 -3.600000
v 2.600000 2.000001 -3.700000
v 2.600000 2.100000 -3.600000
v 2.600000 2.100001 -3.700000
v 2.600000 2.300000 -3.599999
v 2.600000 2.200001 -3.700000
v 2.600000 2.200001 -3.599999
v 2.600000 2.300001 -3.700000
v 2.700000 2.000001 -3.700000
v 2.700000 1.900001 -3.800000
v 2.700000 1.900001 -3.700000
v 2.700000 2.000001 -3.800000
v 2.800000 1.900001 -3.700000
v 2.800000 1.800001 -3.800000
v 2.800000 1.800001 -3.700000
v 2.800000 1.900001 -3.800000
v 2.800000 2.100001 -3.700000
v 2.800000 2.000001 -3.800000
v 2.800000 2.000001 -3.700000
v 2.800000 2.100001 -3.800000
v 3.000000 2.100001 -3.700000
v 3.000000 2.000001 -3.800000
v 3.000000 2.000001 -3.700000
v 3.000000 2.100001 -3.800000
v 3.100000 1.900001 -3.700000
v 3.100000 1.800001 -3.800000
v 3.100000 1.800001 -3.700000
v 3.100000 1.900001 -3.800000
v 3.100000 2.000001 -3.700000
v 3.100000 2.000001 -3.800000
v 3.100000 2.200001 -3.700000
v 3.100000 2.100001 -3.800000
v 3.100000 2.100001 -3.700000
v 3.100000 2.200001 -3.799999
v 3.300000 2.300001 -3.799999
v 3.300000 2.200001 -3.900000
v 3.300000 2.200001 -3.799999
v 3.300000 2.300001 -3.900000
v 3.400000 1.900001 -3.900000
v 3.400000 1.800001 -3.900000
v 3.400000 1.800001 -3.800000
v 3.400000 2.100001 -3.800000
v 3.400000 2.100001 -3.900000
v 3.400000 2.200001 -3.799999
v 3.400000 2.200001 -3.900000
v 3.400000 2.400001 -3.799999
v 3.400000 2.300001 -3.900000
v 3.400000 2.300001 -3.799999
v 3.400000 2.400001 -3.900000
v 3.400000 2.700001 -3.500000
v 3.400000 1.900001 -3.600000
v 3.400000 1.900001 -3.500000
v 3.400000 2.900001 -3.500000
v 3.400000 2.900001 -3.599999
v 3.400000 3.300000 -3.500000
v 3.400000 3.000000 -3.599999
v 3.400000 3.000000 -3.500000
v 3.400000 3.400001 -3.500000
v 3.400000 3.400001 -3.599999
v 3.600000 2.200001 -3.599999
v 3.600000 2.100001 -3.700000
v 3.600000 2.100000 -3.600000
v 3.600000 2.200001 -3.700000
v 3.700000 1.900001 -3.600000
v 3.700000 1.800001 -3.700000
v 3.700000 1.800001 -3.600000
v 3.700000 2.000000 -3.600000
v 3.700000 2.000001 -3.700000
v 3.700000 2.000001 -3.800000
v 3.700000 1.900001 -3.900000
v 3.700000 1.900001 -3.800000
v 3.700000 2.000001 -3.900000
v 3.700000 2.100000 -3.600000
v 3.700000 2.100001 -3.700000
v 3.700000 2.300000 -3.599999
v 3.700000 2.200001 -3.700000
v 3.700000 2.200001 -3.599999
v 3.700000 2.300001 -3.700000
v 3.800000 1.900001 -3.800000
v 3.800000 1.800001 -3.900000
v 3.800000 1.800001 -3.800000
v 3.800000 1.900001 -3.900000
v 3.800000 2.100001 -3.800000
v 3.800000 2.000001 -3.900000
v 3.800000 2.000001 -3.800000
v 3.800000 2.100001 -3.900000
v 4.000000 1.900001 -3.600000
v 4.000000 1.800001 -3.900000
v 4.000000 1.800001 -3.600000
v 4.000000 1.900001 -3.800000
v 4.000000 1.900001 -3.900000
v 4.000000 2.700001 -3.500000
v 4.000000 1.900001 -3.500000
v 4.000000 2.900001 -3.500000
v 4.000000 2.900001 -3.599999
v 4.000000 3.300000 -3.500000
v 4.000000 3.000000 -3.599999
v 4.000000 3.000000 -3.500000
v 4.000000 3.400001 -3.500000
v 4.000000 3.400001 -3.599999
v 4.200000 1.000001 -3.400000
v 4.200000 0.800001 -3.500000
v 4.200000 0.800001 -3.400000
v 4.200000 1.000001 -3.500000
v 4.200000 1.600001 -3.400000
v 4.200000 1.400001 -3.500000
v 4.200000 1.400001 -3.400000
v 4.200000 1.600001 -3.500000
v 4.200000 5.699999 3.300001
v 4.200000 5.599999 3.300001
v 4.200000 5.599999 3.400001
v 4.200000 5.800000 3.200001
v 4.200000 5.699999 3.200001
v 4.200000 5.900000 3.100001
v 4.200000 5.800000 3.100001
v 4.200000 6.000000 3.000001
v 4.200000 5.900000 3.000001
v 4.200000 6.099999 3.200001
v 4.200000 6.000000 2.900001
v 4.200000 6.099999 2.900001
v 4.200000 6.199999 2.800001
v 4.200000 6.099999 2.800001
v 4.200000 6.300000 3.200001
v 4.200000 6.300000 2.900001
v 4.200000 6.199999 2.700001
v 4.200000 6.300000 2.700001
v 4.200000 6.400000 3.000001
v 4.200000 6.300000 2.600001
v 4.200000 6.400000 2.700001
v 4.200000 6.400000 2.600001
v 4.200000 6.599999 3.000001
v 4.200000 6.599999 2.700001
v 4.200000 7.099999 3.400001
v 4.200000 7.099999 2.600001
v 4.300000 6.300000 3.200001
v 4.300000 6.099999 2.900001
v 4.300000 6.099999 3.200001
v 4.300000 6.300000 2.900001
v 4.300000 6.599999 3.000001
v 4.300000 6.400000 2.700001
v 4.300000 6.400000 3.000001
v 4.300000 6.599999 2.700001
v 4.400000 1.499999 3.500000
v 4.400000 1.299999 3.400000
v 4.400000 1.299999 3.500000
v 4.400000 1.499999 3.400000
v 4.500000 1.300001 -3.400000
v 4.500000 1.100001 -3.500000
v 4.500000 1.100001 -3.400000
v 4.500000 1.300001 -3.500000
v 4.600000 2.400001 -3.500000
v 4.600000 0.200001 -3.600000
v 4.600000 0.200001 -3.500000
v 4.600000 2.400001 -3.599999
v 4.600000 3.500000 -3.500000
v 4.600000 2.600000 -3.599999
v 4.600000 2.600000 -3.500000
v 4.600000 3.500000 -3.599999
v 4.600000 6.900000 2.700001
v 4.600000 6.699999 2.600001
v 4.600000 6.699999 2.700001
v 4.600000 6.900000 2.600001
v 4.700000 1.199999 3.500000
v 4.700000 0.999999 3.400000
v 4.700000 0.999999 3.500000
v 4.700000 1.199999 3.400000
v 4.700000 1.799999 3.500000
v 4.700000 1.599999 3.400000
v 4.700000 1.599999 3.500000
v 4.700000 1.799999 3.400000
v 4.700000 3.700001 -3.499999
v 4.700000 3.500000 -3.599999
v 4.700000 3.500000 -3.500000
v 4.700000 3.700001 -3.599999
v 4.800000 3.800000 -3.499999
v 4.800000 3.700001 -3.599999
v 4.800000 3.700001 -3.499999
v 4.800000 3.800000 -3.599999
v 4.800000 6.599999 2.700001
v 4.800000 6.400000 2.600001
v 4.800000 6.400000 2.700001
v 4.800000 6.599999 2.600001
v 4.900000 3.900001 -3.499999
v 4.900000 3.800000 -3.599999
v 4.900000 3.800000 -3.499999
v 4.900000 3.900001 -3.599999
v 4.900000 6.099999 3.400001
v 4.900000 5.900000 3.300001
v 4.900000 5.900000 3.400001
v 4.900000 6.099999 3.300001
v 5.000000 1.499999 3.500000
v 5.000000 1.299999 3.400000
v 5.000000 1.299999 3.500000
v 5.000000 1.499999 3.400000
v 5.000000 4.000000 -3.499999
v 5.000000 3.900001 -3.599999
v 5.000000 3.900001 -3.499999
v 5.000000 4.000000 -3.599999
v 5.100000 4.100000 -3.499999
v 5.100000 4.000000 -3.599999
v 5.100000 4.000000 -3.499999
v 5.100000 4.100000 -3.599999
v 5.100000 5.800000 3.400001
v 5.100000 5.599999 3.300001
v 5.100000 5.599999 3.400001
v 5.100000 5.800000 3.300001
v 5.100000 6.400000 3.400001
v 5.100000 6.199999 3.300001
v 5.100000 6.199999 3.400001
v 5.100000 6.400000 3.300001
v 5.100000 7.099999 3.300001
v 5.100000 7.000000 2.700001
v 5.100000 7.000000 3.300001
v 5.100000 7.099999 2.700001
v 5.300000 4.200000 -3.499999
v 5.300000 4.100000 -3.599999
v 5.300000 4.100000 -3.499999
v 5.300000 4.200000 -3.599999
v 5.900000 4.100000 -3.499999
v 5.900000 4.000000 -3.599999
v 5.900000 4.000000 -3.499999
v 5.900000 4.100000 -3.599999
v 6.100000 1.900001 -3.600000
v 6.100000 1.700001 -3.700000
v 6.100000 1.700001 -3.600000
v 6.100000 1.900001 -3.700000
v 6.100000 4.000000 -3.499999
v 6.100000 3.900001 -3.599999
v 6.100000 3.900001 -3.499999
v 6.100000 4.000000 -3.599999
v 6.200000 1.700001 -3.600000
v 6.200000 1.600001 -3.700000
v 6.200000 1.600001 -3.600000
v 6.200000 1.700001 -3.700000
v 6.200000 1.900001 -3.600000
v 6.200000 1.800001 -3.600000
v 6.200000 1.800001 -3.500000
v 6.200000 2.000000 -3.600000
v 6.200000 1.900001 -3.700000
v 6.200000 2.000001 -3.700000
v 6.200000 2.100000 -3.500000
v 6.200000 2.100000 -3.600000
v 6.200000 3.900001 -3.499999
v 6.200000 3.800000 -3.599999
v 6.200000 3.800000 -3.499999
v 6.200000 3.900001 -3.599999
v 6.300000 3.800000 -3.499999
v 6.300000 3.700001 -3.599999
v 6.300000 3.700001 -3.499999
v 6.300000 3.800000 -3.599999
v 6.400000 2.000000 -3.600000
v 6.400000 1.900001 -3.700000
v 6.400000 1.900001 -3.600000
v 6.400000 2.000001 -3.700000
v 6.400000 3.700001 -3.499999
v 6.400000 3.500000 -3.599999
v 6.400000 3.500000 -3.500000
v 6.400000 3.700001 -3.599999
v 6.500000 1.600001 -3.600000
v 6.500000 0.100001 -3.600000
v 6.500000 0.100001 -3.500000
v 6.500000 1.700001 -3.600000
v 6.500000 1.800001 -3.500000
v 6.500000 1.800001 -3.600000
v 6.500000 1.700001 -3.700000
v 6.500000 1.900001 -3.600000
v 6.500000 1.900001 -3.700000
v 6.500000 3.500000 -3.500000
v 6.500000 2.100000 -3.600000
v 6.500000 2.100000 -3.500000
v 6.500000 3.500000 -3.599999
v 7.200000 0.599999 3.500000
v 7.200000 0.399999 3.400000
v 7.200000 0.399999 3.500000
v 7.200000 0.599999 3.400000
v 7.200000 0.900001 -3.400000
v 7.200000 0.700001 -3.500000
v 7.200000 0.700001 -3.400000
v 7.200000 0.900001 -3.500000
v 7.200000 1.199999 3.500000
v 7.200000 0.999999 3.400000
v 7.200000 0.999999 3.500000
v 7.200000 1.199999 3.400000
v 7.200000 1.500001 -3.400000
v 7.200000 1.300001 -3.500000
v 7.200000 1.300001 -3.400000
v 7.200000 1.500001 -3.500000
v 7.500000 0.899999 3.500000
v 7.500000 0.699999 3.400000
v 7.500000 0.699999 3.500000
v 7.500000 0.899999 3.400000
v 7.500000 1.200001 -3.400000
v 7.500000 1.000001 -3.500000
v 7.500000 1.000001 -3.400000
v 7.500000 1.200001 -3.500000
v 7.600000 2.400000 3.600000
v 7.600000 0.199999 3.500000
v 7.600000 0.199999 3.600000
v 7.600000 2.400000 3.500000
v 7.600000 2.400001 -3.500000
v 7.600000 0.200001 -3.600000
v 7.600000 0.200001 -3.500000
v 7.600000 2.400001 -3.599999
v 7.600000 4.900000 3.600001
v 7.600000 2.599999 3.500000
v 7.600000 2.599999 3.600000
v 7.600000 4.900000 3.500001
v 7.600000 4.900001 -3.499999
v 7.600000 2.600000 -3.599999
v 7.600000 2.600000 -3.500000
v 7.600000 4.900001 -3.599999
v -7.600000 0.200000 2.600000
v -7.600000 0.200000 2.500000
v -7.600000 2.400000 2.600000
v -7.600000 2.400000 2.500000
v -7.600000 0.200000 -2.400000
v -7.600000 0.200000 -2.500000
v -7.600000 2.400001 -2.400000
v -7.600000 2.400001 -2.500000
v -7.600000 2.599999 2.600000
v -7.600000 2.599999 2.500000
v -7.600000 4.900000 2.600001
v -7.600000 4.900000 2.500001
v -7.600000 2.600000 -2.400000
v -7.600000 2.600000 -2.500000
v -7.600000 4.900001 -2.399999
v -7.600000 4.900001 -2.499999
v -7.400000 0.900000 2.500000
v -7.400000 0.900000 2.400000
v -7.400000 1.100000 2.500000
v -7.400000 1.100000 2.400000
v -7.100000 0.800000 -2.300000
v -7.100000 0.800000 -2.400000
v -7.100000 1.000000 -2.300000
v -7.100000 1.000000 -2.400000
v -7.100000 1.200000 2.500000
v -7.100000 1.200000 2.400000
v -7.100000 1.400000 2.500000
v -7.100000 1.400000 2.400000
v -7.000000 1.800000 -2.500000
v -7.000000 1.800000 -2.800000
v -7.000000 1.900000 -2.500000
v -7.000000 1.900000 -2.800000
v -7.000000 1.900000 -2.400000
v -7.000000 2.100000 -2.400000
v -7.000000 1.899999 2.600000
v -7.000000 1.900000 2.500000
v -7.000000 2.599999 2.600000
v -7.000000 2.599999 2.500000
v -7.000000 2.600000 -2.400000
v -7.000000 2.600000 -2.500000
v -7.000000 2.700001 -2.400000
v -7.000000 2.700001 -2.500000
v -7.000000 2.800000 -2.400000
v -7.000000 2.700000 2.600000
v -7.000000 2.700000 2.500000
v -7.000000 2.900000 2.600000
v -7.000000 2.900000 2.500000
v -7.000000 2.900001 -2.400000
v -7.000000 2.900001 -2.500000
v -6.900000 2.900000 2.600000
v -6.900000 2.900000 2.500000
v -6.900000 3.099999 2.600000
v -6.900000 3.099999 2.500000
v -6.900000 2.900001 -2.400000
v -6.900000 2.900001 -2.500000
v -6.900000 3.100000 -2.400000
v -6.900000 3.100000 -2.500000
v -6.800000 0.500000 -2.300000
v -6.800000 0.500000 -2.400000
v -6.800000 0.700000 -2.300000
v -6.800000 0.700000 -2.400000
v -6.800000 0.900000 2.500000
v -6.800000 0.900000 2.400000
v -6.800000 1.100000 2.500000
v -6.800000 1.100000 2.400000
v -6.800000 1.100000 -2.300000
v -6.800000 1.100000 -2.400000
v -6.800000 1.300000 -2.300000
v -6.800000 1.300000 -2.400000
v -6.800000 1.800000 -2.700000
v -6.800000 1.800000 -2.800000
v -6.800000 1.900000 -2.700000
v -6.800000 1.900000 -2.800000
v -6.800000 2.000000 -2.700000
v -6.800000 2.000000 -2.800000
v -6.800000 2.100000 -2.700000
v -6.800000 2.100000 -2.800000
v -6.800000 2.200001 -2.700000
v -6.800000 2.200001 -2.799999
v -6.800000 3.099999 2.600000
v -6.800000 3.099999 2.500000
v -6.800000 3.200000 2.600000
v -6.800000 3.200000 2.500000
v -6.800000 3.100000 -2.400000
v -6.800000 3.100000 -2.500000
v -6.800000 3.200001 -2.400000
v -6.800000 3.200001 -2.500000
v -6.700000 2.000000 -2.700000
v -6.700000 2.000000 -2.800000
v -6.700000 2.100000 -2.700000
v -6.700000 2.100000 -2.800000
v -6.700000 3.200000 2.600000
v -6.700000 3.200000 2.500000
v -6.700000 3.299999 2.600000
v -6.700000 3.299999 2.500000
v -6.700000 3.200001 -2.400000
v -6.700000 3.200001 -2.500000
v -6.700000 3.300000 -2.400000
v -6.700000 3.300000 -2.500000
v -6.500000 1.800000 -2.500000
v -6.500000 1.800000 -2.600000
v -6.500000 1.900000 -2.500000
v -6.500000 2.100000 -2.500000
v -6.500000 2.100000 -2.600000
v -6.500000 2.200001 -2.500000
v -6.500000 2.200001 -2.599999
v -6.500000 2.300000 -2.500000
v -6.500000 2.300000 -2.599999
v -6.500000 2.400001 -2.500000
v -6.500000 2.400001 -2.599999
v -6.500000 3.299999 2.600000
v -6.500000 3.299999 2.500000
v -6.500000 3.400000 2.600000
v -6.500000 3.400000 2.500000
v -6.500000 3.300000 -2.400000
v -6.500000 3.300000 -2.500000
v -6.500000 3.400001 -2.400000
v -6.500000 3.400001 -2.500000
v -6.400000 2.200001 -2.500000
v -6.400000 2.200001 -2.599999
v -6.400000 2.300000 -2.500000
v -6.400000 2.300000 -2.599999
v -6.200000 1.800000 -2.700000
v -6.200000 1.800000 -2.800000
v -6.200000 1.900000 -2.800000
v -6.200000 2.000000 -2.700000
v -6.200000 2.000000 -2.800000
v -6.200000 2.100000 -2.700000
v -6.200000 2.100000 -2.800000
v -6.200000 2.200001 -2.700000
v -6.200000 2.200001 -2.799999
v -6.200000 2.300000 -2.700000
v -6.200000 2.300000 -2.799999
v -6.100000 1.900000 -2.400000
v -6.100000 1.900000 -2.500000
v -6.100000 2.100000 -2.400000
v -6.100000 2.100000 -2.700000
v -6.100000 2.100000 -2.800000
v -6.100000 2.200001 -2.700000
v -6.100000 2.200001 -2.799999
v -6.100000 1.899999 2.600000
v -6.100000 1.900000 2.500000
v -6.100000 2.599999 2.600000
v -6.100000 2.599999 2.500000
v -6.100000 2.600000 -2.400000
v -6.100000 2.600000 -2.500000
v -6.100000 2.700001 -2.400000
v -6.100000 2.700001 -2.500000
v -6.100000 2.800000 -2.400000
v -6.100000 2.700000 2.600000
v -6.100000 2.700000 2.500000
v -6.100000 3.400000 2.600000
v -6.100000 3.400000 2.500000
v -6.100000 3.400001 -2.400000
v -6.100000 3.400001 -2.500000
v -5.800000 1.800000 -2.600000
v -5.800000 1.800000 -2.700000
v -5.800000 1.900000 -2.600000
v -5.800000 1.900000 -2.700000
v -5.800000 2.000000 -2.600000
v -5.800000 2.000000 -2.700000
v -5.800000 2.100000 -2.600000
v -5.800000 2.100000 -2.700000
v -5.800000 2.200001 -2.599999
v -5.800000 2.200001 -2.700000
v -5.700000 2.000000 -2.600000
v -5.700000 2.000000 -2.700000
v -5.700000 2.100000 -2.600000
v -5.700000 2.100000 -2.700000
v -5.600000 1.700000 -2.300000
v -5.600000 1.700000 -2.400000
v -5.600000 1.800000 -2.300000
v -5.600000 1.800000 -2.400000
v -5.500000 1.800000 -2.500000
v -5.500000 1.800000 -2.600000
v -5.500000 1.900000 -2.500000
v -5.500000 2.000000 -2.500000
v -5.500000 2.000000 -2.600000
v -5.500000 2.100000 -2.500000
v -5.500000 2.100000 -2.600000
v -5.500000 2.200001 -2.500000
v -5.500000 2.200001 -2.599999
v -5.500000 2.300000 -2.500000
v -5.500000 2.300000 -2.599999
v -5.400000 2.100000 -2.500000
v -5.400000 2.100000 -2.600000
v -5.400000 2.200001 -2.500000
v -5.400000 2.200001 -2.599999
v -5.300000 1.400000 -2.300000
v -5.300000 1.400000 -2.400000
v -5.300000 1.600000 -2.300000
v -5.300000 1.600000 -2.400000
v -5.200000 1.800000 -2.700000
v -5.200000 1.800000 -2.800000
v -5.200000 1.900000 -2.700000
v -5.200000 1.900000 -2.800000
v -5.200000 2.000000 -2.700000
v -5.200000 2.000000 -2.800000
v -5.200000 2.100000 -2.700000
v -5.200000 2.100000 -2.800000
v -5.200000 2.200001 -2.700000
v -5.200000 2.200001 -2.799999
v -5.100000 2.000000 -2.700000
v -5.100000 2.000000 -2.800000
v -5.100000 2.100000 -2.700000
v -5.100000 2.100000 -2.800000
v -5.000000 1.700000 -2.300000
v -5.000000 1.700000 -2.400000
v -5.000000 1.800000 -2.300000
v -5.000000 1.800000 -2.400000
v -4.900000 1.800000 -2.600000
v -4.900000 1.800000 -2.700000
v -4.900000 2.000000 -2.600000
v -4.900000 2.000000 -2.700000
v -4.900000 2.100000 -2.600000
v -4.900000 2.100000 -2.700000
v -4.900000 2.200001 -2.599999
v -4.900000 2.200001 -2.700000
v -4.900000 2.300000 -2.599999
v -4.900000 2.300000 -2.700000
v -4.800000 2.100000 -2.600000
v -4.800000 2.100000 -2.700000
v -4.800000 2.200001 -2.599999
v -4.800000 2.200001 -2.700000
v -4.600000 1.800000 -2.500000
v -4.600000 1.800000 -2.600000
v -4.600000 1.900000 -2.500000
v -4.600000 1.900000 -2.600000
v -4.600000 2.000000 -2.500000
v -4.600000 2.000000 -2.600000
v -4.600000 2.100000 -2.500000
v -4.600000 2.100000 -2.600000
v -4.600000 2.200001 -2.500000
v -4.600000 2.200001 -2.599999
v -4.500000 2.000000 -2.500000
v -4.500000 2.000000 -2.600000
v -4.500000 2.100000 -2.500000
v -4.500000 2.100000 -2.600000
v -4.300000 1.800000 -2.700000
v -4.300000 1.800000 -2.800000
v -4.300000 1.900000 -2.800000
v -4.300000 2.000000 -2.700000
v -4.300000 2.000000 -2.800000
v -4.300000 2.100000 -2.700000
v -4.300000 2.100000 -2.800000
v -4.300000 2.200001 -2.700000
v -4.300000 2.200001 -2.799999
v -4.300000 2.300000 -2.700000
v -4.300000 2.300000 -2.799999
v -4.200000 2.100000 -2.700000
v -4.200000 2.100000 -2.800000
v -4.200000 2.200001 -2.700000
v -4.200000 2.200001 -2.799999
v -4.100000 1.800000 -2.500000
v -4.100000 1.800000 -2.600000
v -4.100000 1.900000 -2.500000
v -4.100000 1.900000 -2.600000
v -4.100000 2.000000 -2.500000
v -4.100000 2.000000 -2.600000
v -4.100000 2.100000 -2.500000
v -4.100000 2.100000 -2.600000
v -4.100000 2.200001 -2.500000
v -4.100000 2.200001 -2.599999
v -4.000000 2.000000 -2.500000
v -4.000000 2.000000 -2.600000
v -4.000000 2.100000 -2.500000
v -4.000000 2.100000 -2.600000
v -3.800000 1.800000 -2.600000
v -3.800000 1.800000 -2.700000
v -3.800000 2.100000 -2.600000
v -3.800000 2.100000 -2.700000
v -3.800000 2.200001 -2.599999
v -3.800000 2.200001 -2.700000
v -3.800000 2.300000 -2.599999
v -3.800000 2.300000 -2.700000
v -3.800000 2.400001 -2.599999
v -3.800000 2.400001 -2.700000
v -3.700000 2.200001 -2.599999
v -3.700000 2.200001 -2.700000
v -3.700000 2.300000 -2.599999
v -3.700000 2.300000 -2.700000
v -3.500000 1.800000 -2.700000
v -3.500000 1.800000 -2.800000
v -3.500000 1.900000 -2.700000
v -3.500000 1.900000 -2.800000
v -3.500000 2.000000 -2.700000
v -3.500000 2.000000 -2.800000
v -3.500000 2.100000 -2.700000
v -3.500000 2.100000 -2.800000
v -3.500000 2.200001 -2.700000
v -3.500000 2.200001 -2.799999
v -3.400000 1.100000 -2.300000
v -3.400000 1.100000 -2.400000
v -3.400000 1.300000 -2.300000
v -3.400000 1.300000 -2.400000
v -3.400000 2.000000 -2.700000
v -3.400000 2.000000 -2.800000
v -3.400000 2.100000 -2.700000
v -3.400000 2.100000 -2.800000
v -3.300000 1.900000 -2.400000
v -3.300000 1.900000 -2.500000
v -3.300000 2.000000 -2.500000
v -3.300000 2.100000 -2.400000
v -3.300000 2.100000 -2.500000
v -3.300000 2.200001 -2.500000
v -3.300000 2.300000 -2.500000
v -3.300000 1.899999 2.600000
v -3.300000 1.900000 2.500000
v -3.300000 2.599999 2.600000
v -3.300000 2.599999 2.500000
v -3.300000 2.600000 -2.400000
v -3.300000 2.600000 -2.500000
v -3.300000 2.700001 -2.400000
v -3.300000 2.700001 -2.500000
v -3.300000 2.800000 -2.400000
v -3.300000 2.700000 2.600000
v -3.300000 2.700000 2.500000
v -3.300000 3.400000 2.600000
v -3.300000 3.400000 2.500000
v -3.300000 3.400001 -2.400000
v -3.300000 3.400001 -2.500000
v -3.200000 1.800000 -2.500000
v -3.200000 1.800000 -2.600000
v -3.200000 1.900000 -2.500000
v -3.200000 2.000000 -2.500000
v -3.200000 2.000000 -2.600000
v -3.200000 2.100000 -2.500000
v -3.200000 2.100000 -2.600000
v -3.200000 2.200001 -2.500000
v -3.200000 2.200001 -2.599999
v -3.200000 2.300000 -2.500000
v -3.200000 2.300000 -2.599999
v -3.100000 0.800000 -2.300000
v -3.100000 0.800000 -2.400000
v -3.100000 1.000000 -2.300000
v -3.100000 1.000000 -2.400000
v -3.100000 2.100000 -2.500000
v -3.100000 2.100000 -2.600000
v -3.100000 2.200001 -2.500000
v -3.100000 2.200001 -2.599999
v -3.000000 3.400000 2.600000
v -3.000000 3.400000 2.500000
v -3.000000 3.500000 2.600000
v -3.000000 3.500000 2.500000
v -3.000000 3.400001 -2.400000
v -3.000000 3.400001 -2.500000
v -3.000000 3.500000 -2.400000
v -3.000000 3.500000 -2.500000
v -2.900000 0.900000 2.500000
v -2.900000 0.900000 2.400000
v -2.900000 1.100000 2.500000
v -2.900000 1.100000 2.400000
v -2.800000 0.500000 -2.300000
v -2.800000 0.500000 -2.400000
v -2.800000 0.700000 -2.300000
v -2.800000 0.700000 -2.400000
v -2.800000 1.100000 -2.300000
v -2.800000 1.100000 -2.400000
v -2.800000 1.300000 -2.300000
v -2.800000 1.300000 -2.400000
v -2.800000 1.800000 -2.600000
v -2.800000 1.800000 -2.700000
v -2.800000 1.900000 -2.600000
v -2.800000 1.900000 -2.700000
v -2.800000 2.000000 -2.600000
v -2.800000 2.000000 -2.700000
v -2.800000 2.100000 -2.600000
v -2.800000 2.100000 -2.700000
v -2.800000 2.200001 -2.599999
v -2.800000 2.200001 -2.700000
v -2.800000 3.299999 2.600000
v -2.800000 3.299999 2.500000
v -2.800000 3.400000 2.600000
v -2.800000 3.400000 2.500000
v -2.800000 3.300000 -2.400000
v -2.800000 3.300000 -2.500000
v -2.800000 3.400001 -2.400000
v -2.800000 3.400001 -2.500000
v -2.700000 2.000000 -2.600000
v -2.700000 2.000000 -2.700000
v -2.700000 2.100000 -2.600000
v -2.700000 2.100000 -2.700000
v -2.700000 3.200000 2.600000
v -2.700000 3.200000 2.500000
v -2.700000 3.299999 2.600000
v -2.700000 3.299999 2.500000
v -2.700000 3.200001 -2.400000
v -2.700000 3.200001 -2.500000
v -2.700000 3.300000 -2.400000
v -2.700000 3.300000 -2.500000
v -2.600000 0.600000 2.500000
v -2.600000 0.600000 2.400000
v -2.600000 0.800000 2.500000
v -2.600000 0.800000 2.400000
v -2.600000 1.200000 2.500000
v -2.600000 1.200000 2.400000
v -2.600000 1.400000 2.500000
v -2.600000 1.400000 2.400000
v -2.600000 3.099999 2.600000
v -2.600000 3.099999 2.500000
v -2.600000 3.200000 2.600000
v -2.600000 3.200000 2.500000
v -2.600000 3.100000 -2.400000
v -2.600000 3.100000 -2.500000
v -2.600000 3.200001 -2.400000
v -2.600000 3.200001 -2.500000
v -2.500000 2.900000 2.600000
v -2.500000 2.900000 2.500000
v -2.500000 3.099999 2.600000
v -2.500000 3.099999 2.500000
v -2.500000 2.900001 -2.400000
v -2.500000 2.900001 -2.500000
v -2.500000 3.100000 -2.400000
v -2.500000 3.100000 -2.500000
v -2.400000 1.400000 -2.400000
v -2.400000 1.400000 -2.900000
v -2.400000 1.900000 -2.500000
v -2.400000 1.900000 -2.900000
v -2.400000 1.799999 2.600000
v -2.400000 1.800000 2.500000
v -2.400000 2.400000 2.600000
v -2.400000 2.400000 2.500000
v -2.400000 2.400001 -2.400000
v -2.400000 2.400001 -2.500000
v -2.400000 2.599999 2.600000
v -2.400000 2.599999 2.500000
v -2.400000 2.900000 2.600000
v -2.400000 2.900000 2.500000
v -2.400000 2.600000 -2.400000
v -2.400000 2.600000 -2.500000
v -2.400000 2.900001 -2.400000
v -2.400000 2.900001 -2.500000
v -1.300000 1.900000 -2.400000
v -1.300000 1.900000 -2.500000
v -1.300000 2.100000 -2.400000
v -1.300000 2.800000 -2.400000
v -1.300000 2.800000 -2.500000
v -1.300000 2.900001 -2.400000
v -1.300000 2.900001 -2.500000
v -1.300000 3.000000 -2.400000
v -1.300000 3.100000 -2.400000
v -1.300000 3.100000 -2.500000
v -1.200000 3.100000 -2.400000
v -1.200000 3.100000 -2.500000
v -1.200000 3.300000 -2.400000
v -1.200000 3.300000 -2.500000
v -1.000000 3.300000 -2.400000
v -1.000000 3.300000 -2.500000
v -1.000000 3.400001 -2.400000
v -1.000000 3.400001 -2.500000
v -0.900000 1.400000 -2.300000
v -0.900000 1.400000 -2.400000
v -0.900000 1.600000 -2.300000
v -0.900000 1.600000 -2.400000
v -0.900000 1.800000 2.500000
v -0.900000 1.800000 2.400000
v -0.900000 2.000000 2.500000
v -0.900000 2.000000 2.400000
v -0.600000 1.100000 -2.300000
v -0.600000 1.100000 -2.400000
v -0.600000 1.300000 -2.300000
v -0.600000 1.300000 -2.400000
v -0.600000 1.500000 2.500000
v -0.600000 1.500000 2.400000
v -0.600000 1.700000 2.500000
v -0.600000 1.700000 2.400000
v -0.600000 3.400001 -2.400000
v -0.600000 3.400001 -2.500000
v -0.600000 3.500000 -2.400000
v -0.600000 3.500000 -2.500000
v -0.400000 3.300000 -2.400000
v -0.400000 3.300000 -2.500000
v -0.400000 3.400001 -2.400000
v -0.400000 3.400001 -2.500000
v -0.300000 1.400000 -2.300000
v -0.300000 1.400000 -2.400000
v -0.300000 1.600000 -2.300000
v -0.300000 1.600000 -2.400000
v -0.300000 3.100000 -2.400000
v -0.300000 3.100000 -2.500000
v -0.300000 3.300000 -2.400000
v -0.300000 3.300000 -2.500000
v -0.200000 1.800000 -2.400000
v -0.200000 1.800000 -2.500000
v -0.200000 2.400001 -2.400000
v -0.200000 2.400001 -2.500000
v -0.200000 2.600000 -2.400000
v -0.200000 2.600000 -2.500000
v -0.200000 3.100000 -2.400000
v -0.200000 3.100000 -2.500000
v 0.400000 0.199999 3.600000
v 0.400000 0.199999 3.500000
v 0.400000 2.400000 3.600000
v 0.400000 2.400000 3.500000
v 0.400000 0.200001 -3.500000
v 0.400000 0.200001 -3.600000
v 0.400000 2.400001 -3.500000
v 0.400000 2.400001 -3.599999
v 0.400000 2.599999 3.600000
v 0.400000 2.599999 3.500000
v 0.400000 4.900000 3.600001
v 0.400000 4.900000 3.500001
v 0.400000 2.600000 -3.500000
v 0.400000 2.600000 -3.599999
v 0.400000 4.900001 -3.499999
v 0.400000 4.900001 -3.599999
v 0.500000 1.400001 -3.400000
v 0.500000 1.400001 -3.500000
v 0.500000 1.600001 -3.400000
v 0.500000 1.600001 -3.500000
v 0.800000 1.100001 -3.400000
v 0.800000 1.100001 -3.500000
v 0.800000 1.300001 -3.400000
v 0.800000 1.300001 -3.500000
v 1.000000 1.800001 -3.600000
v 1.000000 1.800001 -3.900000
v 1.000000 1.900001 -3.600000
v 1.000000 1.900001 -3.900000
v 1.000000 1.900001 -3.500000
v 1.000000 2.100000 -3.500000
v 1.000000 2.900001 -3.500000
v 1.000000 2.900001 -3.599999
v 1.000000 3.000000 -3.500000
v 1.000000 3.000000 -3.599999
v 1.000000 3.100000 -3.500000
v 1.000000 3.400001 -3.500000
v 1.000000 3.400001 -3.599999
v 1.100000 1.299999 3.500000
v 1.100000 1.299999 3.400000
v 1.100000 1.499999 3.500000
v 1.100000 1.499999 3.400000
v 1.100000 1.899999 3.500000
v 1.100000 1.899999 3.400000
v 1.100000 2.099999 3.500000
v 1.100000 2.099999 3.400000
v 1.200000 1.800001 -3.700000
v 1.200000 1.800001 -3.800000
v 1.200000 2.000001 -3.700000
v 1.200000 2.000001 -3.800000
v 1.200000 2.100001 -3.700000
v 1.200000 2.100001 -3.800000
v 1.200000 2.200001 -3.700000
v 1.200000 2.200001 -3.799999
v 1.200000 2.300001 -3.700000
v 1.200000 2.300001 -3.799999
v 1.300000 2.100001 -3.700000
v 1.300000 2.100001 -3.800000
v 1.300000 2.200001 -3.700000
v 1.300000 2.200001 -3.799999
v 1.400000 1.599999 3.500000
v 1.400000 1.599999 3.400000
v 1.400000 1.799999 3.500000
v 1.400000 1.799999 3.400000
v 1.500000 1.800001 -3.600000
v 1.500000 1.800001 -3.700000
v 1.500000 1.900001 -3.600000
v 1.500000 1.900001 -3.700000
v 1.500000 2.100000 -3.600000
v 1.500000 2.100001 -3.700000
v 1.500000 2.200001 -3.599999
v 1.500000 2.200001 -3.700000
v 1.600000 1.900001 -3.500000
v 1.600000 1.900001 -3.600000
v 1.600000 2.000000 -3.600000
v 1.600000 2.100000 -3.500000
v 1.600000 2.100000 -3.600000
v 1.600000 2.900001 -3.500000
v 1.600000 2.900001 -3.599999
v 1.600000 3.000000 -3.500000
v 1.600000 3.000000 -3.599999
v 1.600000 3.100000 -3.500000
v 1.600000 3.400001 -3.500000
v 1.600000 3.400001 -3.599999
v 1.700000 1.800001 -3.600000
v 1.700000 1.800001 -3.700000
v 1.700000 1.900001 -3.600000
v 1.700000 1.900001 -3.700000
v 1.700000 2.000000 -3.600000
v 1.700000 2.000001 -3.700000
v 1.700000 2.100000 -3.600000
v 1.700000 2.100001 -3.700000
v 1.800000 1.900001 -3.600000
v 1.800000 1.900001 -3.700000
v 1.800000 2.000000 -3.600000
v 1.800000 2.000001 -3.700000
v 1.900000 1.800001 -3.800000
v 1.900000 1.800001 -3.900000
v 1.900000 1.900001 -3.900000
v 1.900000 2.000001 -3.800000
v 1.900000 2.000001 -3.900000
v 1.900000 2.100001 -3.800000
v 1.900000 2.100001 -3.900000
v 1.900000 2.200001 -3.799999
v 1.900000 2.200001 -3.900000
v 1.900000 2.300001 -3.799999
v 1.900000 2.300001 -3.900000
v 2.000000 2.100001 -3.800000
v 2.000000 2.100001 -3.900000
v 2.000000 2.200001 -3.799999
v 2.000000 2.200001 -3.900000
v 2.300000 1.800001 -3.700000
v 2.300000 1.800001 -3.800000
v 2.300000 1.900001 -3.700000
v 2.300000 1.900001 -3.800000
v 2.300000 2.000001 -3.700000
v 2.300000 2.000001 -3.800000
v 2.300000 2.100001 -3.700000
v 2.300000 2.100001 -3.800000
v 2.300000 2.200001 -3.700000
v 2.300000 2.200001 -3.799999
v 2.400000 2.000001 -3.700000
v 2.400000 2.000001 -3.800000
v 2.400000 2.100001 -3.700000
v 2.400000 2.100001 -3.800000
v 2.700000 1.800001 -3.600000
v 2.700000 1.800001 -3.700000
v 2.700000 1.900001 -3.600000
v 2.700000 1.900001 -3.700000
v 2.700000 2.000000 -3.600000
v 2.700000 2.000001 -3.700000
v 2.700000 2.100000 -3.600000
v 2.700000 2.100001 -3.700000
v 2.700000 2.200001 -3.599999
v 2.700000 2.200001 -3.700000
v 2.700000 2.300000 -3.599999
v 2.700000 2.300001 -3.700000
v 2.800000 2.100000 -3.600000
v 2.800000 2.100001 -3.700000
v 2.800000 2.200001 -3.599999
v 2.800000 2.200001 -3.700000
v 2.900000 1.800001 -3.700000
v 2.900000 1.800001 -3.800000
v 2.900000 1.900001 -3.700000
v 2.900000 1.900001 -3.800000
v 2.900000 2.000001 -3.700000
v 2.900000 2.000001 -3.800000
v 2.900000 2.100001 -3.700000
v 2.900000 2.100001 -3.800000
v 3.000000 1.900001 -3.700000
v 3.000000 1.900001 -3.800000
v 3.000000 2.000001 -3.700000
v 3.000000 2.000001 -3.800000
v 3.200000 1.800001 -3.700000
v 3.200000 1.800001 -3.800000
v 3.200000 1.900001 -3.700000
v 3.200000 1.900001 -3.800000
v 3.200000 2.000001 -3.700000
v 3.200000 2.000001 -3.800000
v 3.200000 2.100001 -3.700000
v 3.200000 2.100001 -3.800000
v 3.200000 2.200001 -3.700000
v 3.200000 2.200001 -3.799999
v 3.300000 2.000001 -3.700000
v 3.300000 2.000001 -3.800000
v 3.300000 2.100001 -3.700000
v 3.300000 2.100001 -3.800000
v 3.500000 1.800001 -3.800000
v 3.500000 1.800001 -3.900000
v 3.500000 1.900001 -3.900000
v 3.500000 1.900001 -3.500000
v 3.500000 1.900001 -3.600000
v 3.500000 2.100000 -3.500000
v 3.500000 2.100001 -3.800000
v 3.500000 2.100001 -3.900000
v 3.500000 2.200001 -3.799999
v 3.500000 2.200001 -3.900000
v 3.500000 2.300001 -3.799999
v 3.500000 2.300001 -3.900000
v 3.500000 2.400001 -3.799999
v 3.500000 2.400001 -3.900000
v 3.500000 2.900001 -3.500000
v 3.500000 2.900001 -3.599999
v 3.500000 3.000000 -3.500000
v 3.500000 3.000000 -3.599999
v 3.500000 3.100000 -3.500000
v 3.500000 3.400001 -3.500000
v 3.500000 3.400001 -3.599999
v 3.600000 2.200001 -3.799999
v 3.600000 2.200001 -3.900000
v 3.600000 2.300001 -3.799999
v 3.600000 2.300001 -3.900000
v 3.700000 0.800001 -3.400000
v 3.700000 0.800001 -3.500000
v 3.700000 1.000001 -3.400000
v 3.700000 1.000001 -3.500000
v 3.800000 1.800001 -3.600000
v 3.800000 1.800001 -3.700000
v 3.800000 1.900001 -3.600000
v 3.800000 2.000000 -3.600000
v 3.800000 2.000001 -3.700000
v 3.800000 2.100000 -3.600000
v 3.800000 2.100001 -3.700000
v 3.800000 2.200001 -3.599999
v 3.800000 2.200001 -3.700000
v 3.800000 2.300000 -3.599999
v 3.800000 2.300001 -3.700000
v 3.900000 1.299999 3.500000
v 3.900000 1.299999 3.400000
v 3.900000 1.499999 3.500000
v 3.900000 1.499999 3.400000
v 3.900000 1.800001 -3.800000
v 3.900000 1.800001 -3.900000
v 3.900000 1.900001 -3.800000
v 3.900000 1.900001 -3.900000
v 3.900000 2.000001 -3.800000
v 3.900000 2.000001 -3.900000
v 3.900000 2.100001 -3.800000
v 3.900000 2.100001 -3.900000
v 3.900000 2.100000 -3.600000
v 3.900000 2.100001 -3.700000
v 3.900000 2.200001 -3.599999
v 3.900000 2.200001 -3.700000
v 4.000000 1.100001 -3.400000
v 4.000000 1.100001 -3.500000
v 4.000000 1.300001 -3.400000
v 4.000000 1.300001 -3.500000
v 4.000000 1.900001 -3.800000
v 4.000000 1.900001 -3.900000
v 4.000000 2.000001 -3.800000
v 4.000000 2.000001 -3.900000
v 4.100000 1.400001 -3.400000
v 4.100000 1.400001 -3.500000
v 4.100000 1.600001 -3.400000
v 4.100000 1.400001 -4.000000
v 4.100000 1.600001 -3.500000
v 4.100000 1.900001 -3.600000
v 4.100000 1.900001 -4.000000
v 4.100000 2.400001 -3.500000
v 4.100000 2.400001 -3.599999
v 4.100000 2.600000 -3.500000
v 4.100000 2.600000 -3.599999
v 4.100000 3.500000 -3.500000
v 4.100000 3.500000 -3.599999
v 4.200000 0.999999 3.500000
v 4.200000 0.999999 3.400000
v 4.200000 1.199999 3.500000
v 4.200000 1.199999 3.400000
v 4.200000 1.599999 3.500000
v 4.200000 1.599999 3.400000
v 4.200000 1.799999 3.500000
v 4.200000 1.799999 3.400000
v 4.300000 6.699999 2.700001
v 4.300000 6.699999 2.600001
v 4.300000 6.900000 2.700001
v 4.300000 6.900000 2.600001
v 4.300000 7.000000 3.300001
v 4.300000 7.000000 2.700001
v 4.300000 7.099999 3.300001
v 4.300000 7.099999 2.700001
v 4.500000 1.299999 3.500000
v 4.500000 1.299999 3.400000
v 4.500000 1.499999 3.500000
v 4.500000 1.499999 3.400000
v 4.500000 6.400000 2.700001
v 4.500000 6.400000 2.600001
v 4.500000 6.599999 2.700001
v 4.500000 6.599999 2.600001
v 4.600000 5.900000 3.400001
v 4.600000 5.900000 3.300001
v 4.600000 6.099999 3.400001
v 4.600000 6.099999 3.300001
v 4.700000 0.100001 -3.500000
v 4.700000 0.100001 -3.600000
v 4.700000 0.700001 -3.500000
v 4.700000 0.700001 -3.600000
v 4.700000 1.000001 -3.500000
v 4.700000 1.000001 -3.600000
v 4.700000 2.600000 -3.500000
v 4.700000 2.600000 -3.599999
v 4.700000 2.900001 -3.500000
v 4.700000 2.900001 -3.599999
v 4.700000 3.500000 -3.500000
v 4.700000 3.500000 -3.599999
v 4.800000 0.700001 -3.500000
v 4.800000 0.700001 -3.600000
v 4.800000 0.800001 -3.500000
v 4.800000 0.800001 -3.600000
v 4.800000 0.900001 -3.500000
v 4.800000 0.900001 -3.600000
v 4.800000 1.000001 -3.500000
v 4.800000 1.000001 -3.600000
v 4.800000 2.600000 -3.500000
v 4.800000 2.600000 -3.599999
v 4.800000 2.700001 -3.500000
v 4.800000 2.700001 -3.599999
v 4.800000 2.800000 -3.500000
v 4.800000 2.800000 -3.599999
v 4.800000 2.900001 -3.500000
v 4.800000 2.900001 -3.599999
v 4.800000 3.500000 -3.500000
v 4.800000 3.500000 -3.599999
v 4.800000 3.700001 -3.499999
v 4.800000 3.700001 -3.599999
v 4.800000 5.599999 3.400001
v 4.800000 5.599999 3.300001
v 4.800000 5.800000 3.400001
v 4.800000 5.800000 3.300001
v 4.800000 6.199999 3.400001
v 4.800000 6.199999 3.300001
v 4.800000 6.400000 3.400001
v 4.800000 6.400000 3.300001
v 4.900000 0.800001 -3.500000
v 4.900000 0.800001 -3.600000
v 4.900000 0.900001 -3.500000
v 4.900000 0.900001 -3.600000
v 4.900000 2.700001 -3.500000
v 4.900000 2.700001 -3.599999
v 4.900000 2.800000 -3.500000
v 4.900000 2.800000 -3.599999
v 4.900000 3.700001 -3.499999
v 4.900000 3.700001 -3.599999
v 4.900000 3.800000 -3.499999
v 4.900000 3.800000 -3.599999
v 5.000000 3.800000 -3.499999
v 5.000000 3.800000 -3.599999
v 5.000000 3.900001 -3.499999
v 5.000000 3.900001 -3.599999
v 5.100000 3.900001 -3.499999
v 5.100000 3.900001 -3.599999
v 5.100000 4.000000 -3.499999
v 5.100000 4.000000 -3.599999
v 5.100000 5.900000 3.100001
v 5.100000 5.900000 3.000001
v 5.100000 6.000000 3.000001
v 5.100000 6.099999 3.100001
v 5.100000 6.000000 2.900001
v 5.100000 6.099999 2.900001
v 5.100000 6.199999 3.300001
v 5.100000 6.199999 3.000001
v 5.100000 6.400000 3.300001
v 5.100000 6.400000 3.000001
v 5.100000 6.500000 3.100001
v 5.100000 6.500000 2.800001
v 5.100000 6.699999 3.100001
v 5.100000 6.699999 2.800001
v 5.200000 5.599999 3.400001
v 5.200000 5.599999 3.300001
v 5.200000 5.699999 3.300001
v 5.200000 5.699999 3.200001
v 5.200000 5.800000 3.200001
v 5.200000 5.800000 3.100001
v 5.200000 5.900000 3.100001
v 5.200000 6.099999 3.100001
v 5.200000 6.199999 3.300001
v 5.200000 6.099999 2.900001
v 5.200000 6.099999 2.800001
v 5.200000 6.199999 3.000001
v 5.200000 6.199999 2.800001
v 5.200000 6.199999 2.700001
v 5.200000 6.300000 2.700001
v 5.200000 6.400000 3.300001
v 5.200000 6.300000 2.600001
v 5.200000 6.400000 3.000001
v 5.200000 6.400000 2.600001
v 5.200000 6.500000 3.100001
v 5.200000 6.500000 2.800001
v 5.200000 6.699999 3.100001
v 5.200000 6.699999 2.800001
v 5.200000 7.099999 3.400001
v 5.200000 7.099999 2.600001
v 5.300000 4.000000 -3.499999
v 5.300000 4.000000 -3.599999
v 5.300000 4.100000 -3.499999
v 5.300000 4.100000 -3.599999
v 5.900000 4.100000 -3.499999
v 5.900000 4.100000 -3.599999
v 5.900000 4.200000 -3.499999
v 5.900000 4.200000 -3.599999
v 6.100000 4.000000 -3.499999
v 6.100000 4.000000 -3.599999
v 6.100000 4.100000 -3.499999
v 6.100000 4.100000 -3.599999
v 6.200000 1.700001 -3.600000
v 6.200000 1.700001 -3.700000
v 6.200000 1.800001 -3.600000
v 6.200000 1.900001 -3.600000
v 6.200000 1.900001 -3.700000
v 6.200000 3.900001 -3.499999
v 6.200000 3.900001 -3.599999
v 6.200000 4.000000 -3.499999
v 6.200000 4.000000 -3.599999
v 6.300000 1.900001 -3.600000
v 6.300000 1.900001 -3.700000
v 6.300000 2.000000 -3.600000
v 6.300000 2.000001 -3.700000
v 6.300000 3.800000 -3.499999
v 6.300000 3.800000 -3.599999
v 6.300000 3.900001 -3.499999
v 6.300000 3.900001 -3.599999
v 6.400000 3.700001 -3.499999
v 6.400000 3.700001 -3.599999
v 6.400000 3.800000 -3.499999
v 6.400000 3.800000 -3.599999
v 6.500000 1.600001 -3.600000
v 6.500000 1.600001 -3.700000
v 6.500000 1.700001 -3.600000
v 6.500000 1.700001 -3.700000
v 6.500000 1.900001 -3.600000
v 6.500000 1.900001 -3.700000
v 6.500000 2.000000 -3.600000
v 6.500000 2.000001 -3.700000
v 6.500000 3.500000 -3.500000
v 6.500000 3.500000 -3.599999
v 6.500000 3.700001 -3.499999
v 6.500000 3.700001 -3.599999
v 6.600000 0.200001 -3.500000
v 6.600000 0.200001 -3.600000
v 6.600000 1.700001 -3.600000
v 6.600000 1.900001 -3.600000
v 6.600000 1.700001 -3.700000
v 6.600000 1.900001 -3.700000
v 6.600000 2.400001 -3.500000
v 6.600000 2.400001 -3.599999
v 6.600000 2.600000 -3.500000
v 6.600000 2.600000 -3.599999
v 6.600000 2.800000 -3.500000
v 6.600000 2.900001 -3.500000
v 6.600000 3.000000 -3.500000
v 6.600000 3.100000 -3.500000
v 6.600000 3.500000 -3.500000
v 6.600000 3.500000 -3.599999
v 6.600000 6.500000 2.400001
v 6.600000 6.500000 -2.399999
v 6.600000 6.599999 2.400001
v 6.600000 6.600000 -2.399999
v 6.700000 0.399999 3.500000
v 6.700000 0.399999 3.400000
v 6.700000 0.599999 3.500000
v 6.700000 0.599999 3.400000
v 6.700000 0.700001 -3.400000
v 6.700000 0.700001 -3.500000
v 6.700000 0.900001 -3.400000
v 6.700000 0.900001 -3.500000
v 6.700000 0.999999 3.500000
v 6.700000 0.999999 3.400000
v 6.700000 1.199999 3.500000
v 6.700000 1.199999 3.400000
v 6.700000 1.300001 -3.400000
v 6.700000 1.300001 -3.500000
v 6.700000 1.500001 -3.400000
v 6.700000 1.500001 -3.500000
v 6.700000 6.400000 2.500001
v 6.700000 6.400001 -2.499999
v 6.700000 6.500000 2.500001
v 6.700000 6.500000 -2.499999
v 6.800000 6.300000 2.600001
v 6.800000 6.300001 -2.599999
v 6.800000 6.400000 2.600001
v 6.800000 6.400001 -2.599999
v 6.900000 6.199999 2.700001
v 6.900000 6.200000 -2.699999
v 6.900000 6.300000 2.700001
v 6.900000 6.300001 -2.699999
v 7.000000 0.699999 3.500000
v 7.000000 0.699999 3.400000
v 7.000000 0.899999 3.500000
v 7.000000 0.899999 3.400000
v 7.000000 1.000001 -3.400000
v 7.000000 1.000001 -3.500000
v 7.000000 1.200001 -3.400000
v 7.000000 1.200001 -3.500000
v 7.000000 6.099999 2.800001
v 7.000000 6.100000 -2.799999
v 7.000000 6.199999 2.800001
v 7.000000 6.200000 -2.799999
v 7.100000 6.000000 2.900001
v 7.100000 6.000000 -2.899999
v 7.100000 6.099999 2.900001
v 7.100000 6.100000 -2.899999
v 7.200000 5.900000 3.000001
v 7.200000 5.900001 -2.999999
v 7.200000 6.000000 3.000001
v 7.200000 6.000000 -2.999999
v 7.300000 5.800000 3.100001
v 7.300000 5.800001 -3.099999
v 7.300000 5.900000 3.100001
v 7.300000 5.900001 -3.099999
v 7.400000 5.699999 3.200001
v 7.400000 5.700000 -3.199999
v 7.400000 5.800000 3.200001
v 7.400000 5.800001 -3.199999
v 7.500000 5.599999 3.300001
v 7.500000 5.600000 -3.299999
v 7.500000 5.699999 3.300001
v 7.500000 5.700000 -3.299999
v 7.600000 0.700000 -0.800000
v 7.600000 0.700000 -1.300000
v 7.600000 0.900000 -0.800000
v 7.600000 0.900000 -1.300000
v 7.600000 0.700000 -1.400000
v 7.600000 0.700000 -1.900000
v 7.600000 0.900000 -1.400000
v 7.600000 0.900000 -1.900000
v 7.600000 1.000000 -1.100000
v 7.600000 1.000000 -1.600000
v 7.600000 1.200000 -1.100000
v 7.600000 1.200000 -1.600000
v 7.600000 1.299999 2.800000
v 7.600000 1.300000 2.300000
v 7.600000 1.500000 2.800000
v 7.600000 1.500000 2.300000
v 7.600000 1.600000 3.100000
v 7.600000 1.600000 2.600000
v 7.600000 1.799999 3.100000
v 7.600000 1.799999 2.600000
v 7.600000 5.500000 3.400001
v 7.600000 5.500000 -3.399999
v 7.600000 5.599999 3.400001
v 7.600000 5.600000 -3.399999
v 7.700000 0.199999 3.400000
v 7.700000 0.200001 -3.400000
v 7.700000 0.700000 -0.800000
v 7.700000 0.700000 -1.300000
v 7.700000 0.700000 -1.400000
v 7.700000 0.700000 -1.900000
v 7.700000 0.900000 -0.800000
v 7.700000 0.900000 -1.300000
v 7.700000 0.900000 -1.400000
v 7.700000 0.900000 -1.900000
v 7.700000 1.000000 -1.100000
v 7.700000 1.000000 -1.600000
v 7.700000 1.200000 -1.100000
v 7.700000 1.200000 -1.600000
v 7.700000 1.299999 2.800000
v 7.700000 1.300000 2.300000
v 7.700000 1.500000 2.800000
v 7.700000 1.500000 2.300000
v 7.700000 1.600000 3.100000
v 7.700000 1.600000 2.600000
v 7.700000 1.799999 3.100000
v 7.700000 1.799999 2.600000
v 7.700000 1.800000 -1.700000
v 7.700000 1.800000 -2.900000
v 7.700000 1.900000 -1.800000
v 7.700000 1.900000 -2.700000
v 7.700000 2.100000 -2.600000
v 7.700000 1.900000 -2.800000
v 7.700000 2.100000 -2.700000
v 7.700000 2.100000 -2.800000
v 7.700000 2.300000 -2.599999
v 7.700000 2.300000 -2.700000
v 7.700000 2.400000 3.400001
v 7.700000 2.400000 -1.700000
v 7.700000 2.400000 -1.900000
v 7.700000 2.400000 -2.000000
v 7.700000 2.400001 -2.900000
v 7.700000 2.400001 -3.400000
v 7.700000 2.600000 -1.799999
v 7.700000 2.600000 -1.899999
v 7.700000 2.600000 -2.000000
v 7.700000 2.599999 3.400001
v 7.700000 2.600000 -1.700000
v 7.700000 2.700000 1.500000
v 7.700000 2.700000 1.400000
v 7.700000 2.800000 1.600001
v 7.700000 2.800000 1.500000
v 7.700000 2.800000 1.400000
v 7.700000 2.800000 1.300000
v 7.700000 2.800000 -1.100000
v 7.700000 2.800000 -1.200000
v 7.700000 2.800000 -1.799999
v 7.700000 2.800000 -1.899999
v 7.700000 2.800000 -2.799999
v 7.700000 2.900000 1.600001
v 7.700000 2.900000 1.500000
v 7.700000 2.900000 1.400000
v 7.700000 2.900000 1.300000
v 7.700000 2.900000 -1.200000
v 7.700000 2.900000 -1.299999
v 7.700000 3.000000 1.500000
v 7.700000 3.000000 1.400000
v 7.700000 3.000000 -0.899999
v 7.700000 3.000000 -1.000000
v 7.700000 3.000000 -1.200000
v 7.700000 3.000000 -1.299999
v 7.700000 2.900000 -1.799999
v 7.700000 2.900001 -2.700000
v 7.700000 3.000000 -2.099999
v 7.700000 3.000000 -2.200000
v 7.700000 3.000000 -2.599999
v 7.700000 2.900001 -2.799999
v 7.700000 3.000000 -2.700000
v 7.700000 3.000000 -2.799999
v 7.700000 3.100000 -0.800000
v 7.700000 3.100000 -0.899999
v 7.700000 3.100000 -1.000000
v 7.700000 3.100000 -1.100000
v 7.700000 3.100000 -1.200000
v 7.700000 3.100000 -1.299999
v 7.700000 3.100000 -1.700000
v 7.700000 3.100000 -1.799999
v 7.700000 3.100000 -1.899999
v 7.700000 3.100000 -2.000000
v 7.700000 3.100000 -2.099999
v 7.700000 3.100000 -2.200000
v 7.700000 3.100000 -2.500000
v 7.700000 3.100000 -2.599999
v 7.700000 3.100000 -2.700000
v 7.700000 3.100000 -2.799999
v 7.700000 2.600000 -2.900000
v 7.700000 2.600000 -3.400000
v 7.700000 3.100000 -2.900000
v 7.700000 3.200000 -0.799999
v 7.700000 3.200000 -0.899999
v 7.700000 3.200000 -0.999999
v 7.700000 3.200000 -1.100000
v 7.700000 3.200000 -1.200000
v 7.700000 3.200000 -1.299999
v 7.700000 3.200000 -1.899999
v 7.700000 3.200000 -2.000000
v 7.700000 3.200000 -2.099999
v 7.700000 3.200001 -2.500000
v 7.700000 3.200001 -2.599999
v 7.700000 3.300000 -0.899999
v 7.700000 3.300000 -0.999999
v 7.700000 3.300000 -1.099999
v 7.700000 3.300000 -1.199999
v 7.700000 3.300000 -1.799999
v 7.700000 3.300000 -1.899999
v 7.700000 3.300000 -1.999999
v 7.700000 3.300000 -2.099999
v 7.700000 3.300000 -2.500000
v 7.700000 3.300000 -2.700000
v 7.700000 3.300000 -2.799999
v 7.700000 3.400000 -1.899999
v 7.700000 3.400000 -2.099999
v 7.700000 3.400001 -2.500000
v 7.700000 3.400001 -2.700000
v 7.700000 3.500000 -2.099999
v 7.700000 3.500000 -2.500000
v 7.700000 4.099999 2.400001
v 7.700000 4.099999 2.300001
v 7.700000 4.199999 2.500001
v 7.700000 4.199999 2.400001
v 7.700000 4.199999 2.300001
v 7.700000 4.199999 2.200001
v 7.700000 4.300000 2.500001
v 7.700000 4.300000 2.400001
v 7.700000 4.300000 2.300001
v 7.700000 4.300000 2.200001
v 7.700000 4.400000 2.400001
v 7.700000 4.400000 2.300001
v 7.700000 4.400001 -2.699999
v 7.700000 4.400001 -2.799999
v 7.700000 4.500000 -2.599999
v 7.700000 4.500000 -2.699999
v 7.700000 4.500000 -2.799999
v 7.700000 4.500000 -2.899999
v 7.700000 4.600000 -2.599999
v 7.700000 4.600000 -2.699999
v 7.700000 4.600000 -2.799999
v 7.700000 4.600000 -2.899999
v 7.700000 4.700000 -2.699999
v 7.700000 4.700000 -2.799999
v 7.700000 4.900000 3.400001
v 7.700000 4.900001 -3.399999
v 7.700000 5.400000 3.500001
v 7.700000 5.400001 -3.499999
v 7.700000 5.500000 3.500001
v 7.700000 5.500000 -3.499999
v 7.800000 -0.000001 3.600000
v 7.800000 0.000001 -3.600000
v 7.800000 0.199999 3.400000
v 7.800000 0.200001 -3.400000
v 7.800000 1.800000 -1.700000
v 7.800000 1.800000 -2.900000
v 7.800000 1.900000 -1.800000
v 7.800000 1.900000 -2.800000
v 7.800000 2.400000 3.400001
v 7.800000 2.400000 -1.700000
v 7.800000 2.400001 -2.900000
v 7.800000 2.400001 -3.400000
v 7.800000 2.599999 3.400001
v 7.800000 2.600000 -1.700000
v 7.800000 2.600000 -2.900000
v 7.800000 2.600000 -3.400000
v 7.800000 2.800000 -1.799999
v 7.800000 2.800000 -2.799999
v 7.800000 2.900000 -1.799999
v 7.800000 2.900001 -2.799999
v 7.800000 3.100000 -1.700000
v 7.800000 3.100000 -1.799999
v 7.800000 3.100000 -2.799999
v 7.800000 3.100000 -2.900000
v 7.800000 3.100000 -1.899999
v 7.800000 3.300000 -1.799999
v 7.800000 3.300000 -1.899999
v 7.800000 3.100000 -2.700000
v 7.800000 3.300000 -2.700000
v 7.800000 3.300000 -2.799999
v 7.800000 3.300000 -2.099999
v 7.800000 3.400000 -1.899999
v 7.800000 3.400000 -2.099999
v 7.800000 3.300000 -2.500000
v 7.800000 3.400001 -2.500000
v 7.800000 3.400001 -2.700000
v 7.800000 3.500000 -2.099999
v 7.800000 3.500000 -2.500000
v 7.800000 4.900000 3.400001
v 7.800000 4.900001 -3.399999
v 7.800000 5.099999 3.600001
v 7.800000 5.100000 -3.599999
v 7.800000 5.300000 3.600001
v 7.800000 5.300001 -3.599999
v 7.800000 5.400000 3.600001
v 7.800000 5.400001 -3.599999
v 7.900000 5.199999 3.700001
v 7.900000 5.200000 -3.699999
v 7.900000 5.300000 3.700001
v 7.900000 5.300001 -3.699999
v 8.000000 5.099999 3.800001
v 8.000000 5.100000 -3.799999
v 8.000000 5.199999 3.800001
v 8.000000 5.200000 -3.799999
v 8.000000 5.099999 3.800001
v 0.000000 5.199999 3.800001
v 0.000000 5.099999 3.800001
v 8.000000 5.199999 3.800001
v 7.900000 5.199999 3.700001
v 0.099999 5.300000 3.700001
v 0.099999 5.199999 3.700001
v 7.900000 5.300000 3.700001
v 0.400000 0.199999 3.600000
v 0.200000 5.099999 3.600001
v 0.200000 -0.000001 3.600000
v 0.400000 2.400000 3.600000
v 0.400000 2.599999 3.600000
v 0.400000 4.900000 3.600001
v 7.600000 0.199999 3.600000
v 7.600000 2.400000 3.600000
v 7.600000 2.599999 3.600000
v 7.600000 4.900000 3.600001
v 7.800000 -0.000001 3.600000
v 7.800000 5.099999 3.600001
v 7.800000 5.300000 3.600001
v 0.200000 5.400000 3.600001
v 0.200000 5.300000 3.600001
v 7.800000 5.400000 3.600001
v 0.900000 4.099999 3.500001
v 0.400000 4.900000 3.500001
v 0.400000 2.599999 3.500000
v 0.900000 4.199999 3.500001
v 0.900000 4.300000 3.500001
v 0.900000 4.400000 3.500001
v 1.000000 4.000000 3.500001
v 1.000000 4.099999 3.500001
v 1.000000 4.199999 3.500001
v 1.000000 4.300000 3.500001
v 1.000000 4.400000 3.500001
v 1.000000 4.500000 3.500001
v 1.100000 1.299999 3.500000
v 0.400000 2.400000 3.500000
v 0.400000 0.199999 3.500000
v 1.100000 1.499999 3.500000
v 1.100000 1.899999 3.500000
v 1.100000 2.099999 3.500000
v 1.100000 4.000000 3.500001
v 1.100000 4.300000 3.500001
v 1.100000 4.400000 3.500001
v 1.100000 4.500000 3.500001
v 1.200000 4.199999 3.500001
v 1.200000 4.300000 3.500001
v 1.200000 4.400000 3.500001
v 1.200000 4.500000 3.500001
v 1.300000 4.199999 3.500001
v 1.300000 4.300000 3.500001
v 1.300000 4.400000 3.500001
v 1.300000 4.500000 3.500001
v 1.400000 1.599999 3.500000
v 1.400000 1.799999 3.500000
v 1.400000 4.300000 3.500001
v 1.400000 4.400000 3.500001
v 1.600000 1.299999 3.500000
v 1.600000 1.499999 3.500000
v 1.600000 1.899999 3.500000
v 1.600000 2.099999 3.500000
v 1.900000 1.599999 3.500000
v 1.900000 1.799999 3.500000
v 2.500000 3.200000 3.500000
v 2.500000 3.299999 3.500000
v 2.600000 3.099999 3.500000
v 2.600000 3.200000 3.500000
v 2.600000 3.299999 3.500000
v 2.600000 3.400000 3.500000
v 2.700000 3.099999 3.500000
v 2.700000 3.200000 3.500000
v 2.700000 3.299999 3.500000
v 2.700000 3.400000 3.500000
v 2.800000 3.200000 3.500000
v 2.800000 3.299999 3.500000
v 3.900000 1.299999 3.500000
v 3.900000 1.499999 3.500000
v 4.200000 0.999999 3.500000
v 4.200000 1.199999 3.500000
v 4.200000 1.599999 3.500000
v 4.200000 1.799999 3.500000
v 4.400000 1.299999 3.500000
v 4.400000 1.499999 3.500000
v 4.500000 1.299999 3.500000
v 4.500000 1.499999 3.500000
v 4.700000 0.999999 3.500000
v 4.700000 1.199999 3.500000
v 4.700000 1.599999 3.500000
v 4.700000 1.799999 3.500000
v 4.800000 4.300000 3.500001
v 4.800000 4.400000 3.500001
v 4.900000 4.199999 3.500001
v 4.900000 4.300000 3.500001
v 4.900000 4.400000 3.500001
v 4.900000 4.500000 3.500001
v 5.000000 1.299999 3.500000
v 5.000000 1.499999 3.500000
v 5.000000 4.199999 3.500001
v 5.000000 4.300000 3.500001
v 5.000000 4.400000 3.500001
v 5.000000 4.500000 3.500001
v 5.100000 4.300000 3.500001
v 5.100000 4.400000 3.500001
v 6.500000 3.000000 3.500000
v 6.500000 3.099999 3.500000
v 6.600000 2.900000 3.500000
v 6.600000 3.000000 3.500000
v 6.600000 3.099999 3.500000
v 6.600000 3.200000 3.500000
v 6.700000 0.399999 3.500000
v 6.700000 0.599999 3.500000
v 6.700000 0.999999 3.500000
v 6.700000 1.199999 3.500000
v 6.700000 2.900000 3.500000
v 6.700000 3.000000 3.500000
v 6.700000 3.099999 3.500000
v 6.700000 3.200000 3.500000
v 6.800000 2.700000 3.500000
v 6.800000 3.000000 3.500000
v 6.800000 3.099999 3.500000
v 6.800000 3.200000 3.500000
v 6.900000 2.700000 3.500000
v 6.900000 2.799999 3.500000
v 6.900000 2.900000 3.500000
v 6.900000 3.000000 3.500000
v 6.900000 3.099999 3.500000
v 6.900000 3.200000 3.500000
v 7.000000 0.699999 3.500000
v 7.000000 0.899999 3.500000
v 7.000000 2.799999 3.500000
v 7.000000 2.900000 3.500000
v 7.000000 3.000000 3.500000
v 7.000000 3.099999 3.500000
v 7.200000 0.399999 3.500000
v 7.200000 0.599999 3.500000
v 7.200000 0.999999 3.500000
v 7.200000 1.199999 3.500000
v 7.500000 0.699999 3.500000
v 7.500000 0.899999 3.500000
v 7.600000 0.199999 3.500000
v 7.600000 2.400000 3.500000
v 7.600000 2.599999 3.500000
v 7.600000 4.900000 3.500001
v 7.700000 5.400000 3.500001
v 0.300000 5.500000 3.500001
v 0.300000 5.400000 3.500001
v 7.700000 5.500000 3.500001
v 1.600000 1.299999 3.400000
v 1.100000 1.499999 3.400000
v 1.100000 1.299999 3.400000
v 1.600000 1.499999 3.400000
v 1.600000 1.899999 3.400000
v 1.100000 2.099999 3.400000
v 1.100000 1.899999 3.400000
v 1.600000 2.099999 3.400000
v 1.900000 1.599999 3.400000
v 1.400000 1.799999 3.400000
v 1.400000 1.599999 3.400000
v 1.900000 1.799999 3.400000
v 4.200000 5.500000 3.400001
v 0.400000 5.599999 3.400001
v 0.400000 5.500000 3.400001
v 4.200000 5.599999 3.400001
v 4.400000 1.299999 3.400000
v 3.900000 1.499999 3.400000
v 3.900000 1.299999 3.400000
v 4.400000 1.499999 3.400000
v 4.600000 5.900000 3.400001
v 4.200000 7.099999 3.400001
v 4.600000 6.099999 3.400001
v 4.700000 0.999999 3.400000
v 4.200000 1.199999 3.400000
v 4.200000 0.999999 3.400000
v 4.700000 1.199999 3.400000
v 4.700000 1.599999 3.400000
v 4.200000 1.799999 3.400000
v 4.200000 1.599999 3.400000
v 4.700000 1.799999 3.400000
v 4.800000 5.599999 3.400001
v 4.800000 5.800000 3.400001
v 4.800000 6.199999 3.400001
v 4.800000 6.400000 3.400001
v 4.900000 5.900000 3.400001
v 4.900000 6.099999 3.400001
v 5.000000 1.299999 3.400000
v 4.500000 1.499999 3.400000
v 4.500000 1.299999 3.400000
v 5.000000 1.499999 3.400000
v 5.100000 5.599999 3.400001
v 5.100000 5.800000 3.400001
v 5.100000 6.199999 3.400001
v 5.100000 6.400000 3.400001
v 5.200000 5.500000 3.400001
v 5.200000 5.599999 3.400001
v 5.200000 7.099999 3.400001
v 7.200000 0.399999 3.400000
v 6.700000 0.599999 3.400000
v 6.700000 0.399999 3.400000
v 7.200000 0.599999 3.400000
v 7.200000 0.999999 3.400000
v 6.700000 1.199999 3.400000
v 6.700000 0.999999 3.400000
v 7.200000 1.199999 3.400000
v 7.500000 0.699999 3.400000
v 7.000000 0.899999 3.400000
v 7.000000 0.699999 3.400000
v 7.500000 0.899999 3.400000
v 7.600000 5.500000 3.400001
v 7.600000 5.599999 3.400001
v 4.200000 5.599999 3.300001
v 0.500000 5.699999 3.300001
v 0.500000 5.599999 3.300001
v 4.200000 5.699999 3.300001
v 4.900000 5.900000 3.300001
v 4.600000 6.099999 3.300001
v 4.600000 5.900000 3.300001
v 4.900000 6.099999 3.300001
v 5.100000 5.599999 3.300001
v 4.800000 5.800000 3.300001
v 4.800000 5.599999 3.300001
v 5.100000 5.800000 3.300001
v 5.100000 6.199999 3.300001
v 4.800000 6.400000 3.300001
v 4.800000 6.199999 3.300001
v 5.100000 6.400000 3.300001
v 7.500000 5.599999 3.300001
v 5.200000 5.699999 3.300001
v 5.200000 5.599999 3.300001
v 7.500000 5.699999 3.300001
v 4.200000 5.699999 3.200001
v 0.599999 5.800000 3.200001
v 0.599999 5.699999 3.200001
v 4.200000 5.800000 3.200001
v 7.400000 5.699999 3.200001
v 5.200000 5.800000 3.200001
v 5.200000 5.699999 3.200001
v 7.400000 5.800000 3.200001
v 4.200000 5.800000 3.100001
v 0.700000 5.900000 3.100001
v 0.700000 5.800000 3.100001
v 4.200000 5.900000 3.100001
v 7.300000 5.800000 3.100001
v 5.200000 5.900000 3.100001
v 5.200000 5.800000 3.100001
v 7.300000 5.900000 3.100001
v 4.200000 5.900000 3.000001
v 0.800000 6.000000 3.000001
v 0.800000 5.900000 3.000001
v 4.200000 6.000000 3.000001
v 5.200000 5.900000 3.000001
v 5.100000 6.000000 3.000001
v 5.100000 5.900000 3.000001
v 5.200000 6.000000 3.000001
v 5.200000 6.199999 3.000001
v 5.100000 6.400000 3.000001
v 5.100000 6.199999 3.000001
v 5.200000 6.400000 3.000001
v 7.200000 5.900000 3.000001
v 7.200000 6.000000 3.000001
v 4.200000 6.000000 2.900001
v 0.900000 6.099999 2.900001
v 0.900000 6.000000 2.900001
v 4.200000 6.099999 2.900001
v 4.300000 6.099999 2.900001
v 4.200000 6.300000 2.900001
v 4.300000 6.300000 2.900001
v 5.200000 6.000000 2.900001
v 5.100000 6.099999 2.900001
v 5.100000 6.000000 2.900001
v 5.200000 6.099999 2.900001
v 7.100000 6.000000 2.900001
v 7.100000 6.099999 2.900001
v 0.000000 5.099999 2.800001
v -8.000000 5.199999 2.800001
v -8.000000 5.099999 2.800001
v 0.000000 5.199999 2.800001
v 4.200000 6.099999 2.800001
v 1.000000 6.199999 2.800001
v 1.000000 6.099999 2.800001
v 4.200000 6.199999 2.800001
v 5.200000 6.500000 2.800001
v 5.100000 6.699999 2.800001
v 5.100000 6.500000 2.800001
v 5.200000 6.699999 2.800001
v 7.000000 6.099999 2.800001
v 5.200000 6.199999 2.800001
v 5.200000 6.099999 2.800001
v 7.000000 6.199999 2.800001
v 0.099999 5.199999 2.700001
v -7.900000 5.300000 2.700001
v -7.900000 5.199999 2.700001
v 0.099999 5.300000 2.700001
v 4.200000 6.199999 2.700001
v 1.100000 6.300000 2.700001
v 1.100000 6.199999 2.700001
v 4.200000 6.300000 2.700001
v 4.300000 6.400000 2.700001
v 4.200000 6.599999 2.700001
v 4.200000 6.400000 2.700001
v 4.300000 6.599999 2.700001
v 5.100000 7.000000 2.700001
v 4.300000 7.099999 2.700001
v 4.300000 7.000000 2.700001
v 5.100000 7.099999 2.700001
v 6.900000 6.199999 2.700001
v 5.200000 6.300000 2.700001
v 5.200000 6.199999 2.700001
v 6.900000 6.300000 2.700001
v -7.600000 0.200000 2.600000
v -7.800000 5.099999 2.600001
v -7.800000 -0.000000 2.600000
v -7.600000 2.400000 2.600000
v -7.600000 2.599999 2.600000
v -7.600000 4.900000 2.600001
v -7.100000 2.400000 2.600000
v -7.100000 2.599999 2.600000
v -7.000000 1.899999 2.600000
v -7.100000 1.799999 2.600000
v -7.100000 2.900000 2.600000
v -7.000000 2.599999 2.600000
v -7.000000 2.700000 2.600000
v -7.000000 2.900000 2.600000
v -6.900000 2.900000 2.600000
v -7.000000 3.099999 2.600000
v -6.900000 3.099999 2.600000
v -6.800000 3.099999 2.600000
v -6.900000 3.200000 2.600000
v -6.800000 3.200000 2.600000
v -6.700000 3.200000 2.600000
v -6.800000 3.299999 2.600000
v -6.700000 3.299999 2.600000
v -6.500000 3.299999 2.600000
v -6.700000 3.400000 2.600000
v -6.500000 3.400000 2.600000
v -6.200000 1.899999 2.600000
v -6.200000 2.599999 2.600000
v -6.200000 2.700000 2.600000
v -6.200000 3.400000 2.600000
v -6.500000 3.500000 2.600000
v -6.100000 1.899999 2.600000
v -6.100000 2.599999 2.600000
v -6.100000 2.700000 2.600000
v -6.100000 3.400000 2.600000
v -3.400000 1.899999 2.600000
v -3.400000 2.599999 2.600000
v -3.400000 2.700000 2.600000
v -3.400000 3.400000 2.600000
v -3.300000 1.899999 2.600000
v -3.300000 2.599999 2.600000
v -3.300000 2.700000 2.600000
v -3.300000 3.400000 2.600000
v -3.000000 3.400000 2.600000
v -3.000000 3.500000 2.600000
v -2.800000 3.299999 2.600000
v -3.000000 3.299999 2.600000
v -2.800000 3.400000 2.600000
v -2.700000 3.200000 2.600000
v -2.800000 3.200000 2.600000
v -2.700000 3.299999 2.600000
v -2.600000 3.099999 2.600000
v -2.700000 3.099999 2.600000
v -2.600000 3.200000 2.600000
v -2.500000 1.899999 2.600000
v -2.500000 2.599999 2.600000
v -2.500000 2.700000 2.600000
v -2.500000 2.900000 2.600000
v -2.600000 2.900000 2.600000
v -2.500000 3.099999 2.600000
v -2.400000 1.799999 2.600000
v -2.400000 2.400000 2.600000
v -2.400000 2.599999 2.600000
v -2.400000 2.900000 2.600000
v 0.200000 -0.000000 2.600000
v 0.200000 0.200000 2.600000
v 0.200000 2.400000 2.600000
v 0.200000 2.599999 2.600000
v 0.200000 4.900000 2.600001
v 0.200000 5.099999 2.600001
v 0.200000 5.300000 2.600001
v -7.800000 5.400000 2.600001
v -7.800000 5.300000 2.600001
v 0.200000 5.400000 2.600001
v 4.200000 6.300000 2.600001
v 1.200000 6.400000 2.600001
v 1.200000 6.300000 2.600001
v 4.200000 6.400000 2.600001
v 6.800000 6.300000 2.600001
v 5.200000 6.400000 2.600001
v 5.200000 6.300000 2.600001
v 6.800000 6.400000 2.600001
v 7.700000 1.600000 2.600000
v 7.600000 1.799999 2.600000
v 7.600000 1.600000 2.600000
v 7.700000 1.799999 2.600000
v -7.400000 0.900000 2.500000
v -7.600000 2.400000 2.500000
v -7.600000 0.200000 2.500000
v -7.400000 1.100000 2.500000
v -7.300000 4.000000 2.500001
v -7.600000 4.900000 2.500001
v -7.600000 2.599999 2.500000
v -7.300000 4.099999 2.500001
v -7.200000 3.900000 2.500001
v -7.200000 4.000000 2.500001
v -7.200000 4.099999 2.500001
v -7.200000 4.199999 2.500001
v -7.100000 1.200000 2.500000
v -7.100000 1.400000 2.500000
v -7.100000 1.800000 2.500000
v -7.100000 2.400000 2.500000
v -7.100000 2.599999 2.500000
v -7.100000 2.900000 2.500000
v -7.100000 3.900000 2.500001
v -7.100000 4.000000 2.500001
v -7.100000 4.099999 2.500001
v -7.100000 4.199999 2.500001
v -7.000000 2.900000 2.500000
v -7.000000 3.099999 2.500000
v -7.000000 4.000000 2.500001
v -7.000000 4.099999 2.500001
v -6.900000 0.900000 2.500000
v -6.900000 1.100000 2.500000
v -6.900000 2.900000 2.500000
v -7.000000 2.700000 2.500000
v -6.900000 3.099999 2.500000
v -6.900000 3.200000 2.500000
v -6.800000 0.900000 2.500000
v -6.800000 1.100000 2.500000
v -6.800000 3.099999 2.500000
v -6.800000 3.200000 2.500000
v -6.800000 3.299999 2.500000
v -6.700000 3.200000 2.500000
v -6.700000 3.299999 2.500000
v -6.700000 3.400000 2.500000
v -6.600000 1.200000 2.500000
v -6.600000 1.400000 2.500000
v -6.500000 3.299999 2.500000
v -6.500000 3.400000 2.500000
v -6.500000 3.500000 2.500000
v -6.300000 0.900000 2.500000
v -6.300000 1.100000 2.500000
v -6.200000 1.900000 2.500000
v -7.000000 2.599999 2.500000
v -7.000000 1.900000 2.500000
v -6.200000 2.599999 2.500000
v -6.200000 2.700000 2.500000
v -6.200000 3.400000 2.500000
v -5.900000 3.900000 2.500001
v -5.900000 4.000000 2.500001
v -5.900000 4.099999 2.500001
v -5.900000 4.199999 2.500001
v -5.800000 3.799999 2.500001
v -5.800000 3.900000 2.500001
v -5.800000 4.000000 2.500001
v -5.800000 4.099999 2.500001
v -5.800000 4.199999 2.500001
v -5.800000 4.300000 2.500001
v -5.700000 3.799999 2.500001
v -5.700000 4.099999 2.500001
v -5.700000 4.199999 2.500001
v -5.700000 4.300000 2.500001
v -5.600000 4.000000 2.500001
v -5.600000 4.099999 2.500001
v -5.600000 4.199999 2.500001
v -5.600000 4.300000 2.500001
v -5.500000 4.000000 2.500001
v -5.500000 4.099999 2.500001
v -5.500000 4.199999 2.500001
v -5.500000 4.300000 2.500001
v -5.400000 4.099999 2.500001
v -5.400000 4.199999 2.500001
v -3.400000 1.900000 2.500000
v -6.100000 2.599999 2.500000
v -6.100000 1.900000 2.500000
v -3.400000 2.599999 2.500000
v -3.400000 2.700000 2.500000
v -6.100000 3.400000 2.500000
v -6.100000 2.700000 2.500000
v -3.400000 3.400000 2.500000
v -3.000000 3.299999 2.500000
v -3.300000 3.400000 2.500000
v -3.300000 2.700000 2.500000
v -3.000000 3.400000 2.500000
v -3.000000 3.500000 2.500000
v -3.000000 4.500000 2.500001
v -3.000000 4.599999 2.500001
v -2.900000 0.900000 2.500000
v -2.900000 1.100000 2.500000
v -2.900000 4.400000 2.500001
v -2.900000 4.500000 2.500001
v -2.900000 4.599999 2.500001
v -2.900000 4.699999 2.500001
v -2.800000 3.200000 2.500000
v -2.800000 3.299999 2.500000
v -2.800000 3.400000 2.500000
v -2.800000 4.400000 2.500001
v -2.800000 4.500000 2.500001
v -2.800000 4.599999 2.500001
v -2.800000 4.699999 2.500001
v -2.700000 3.099999 2.500000
v -2.700000 3.200000 2.500000
v -2.700000 3.299999 2.500000
v -2.700000 4.500000 2.500001
v -2.700000 4.599999 2.500001
v -2.600000 0.600000 2.500000
v -2.600000 0.800000 2.500000
v -2.600000 1.200000 2.500000
v -2.600000 1.400000 2.500000
v -2.600000 2.900000 2.500000
v -2.600000 3.099999 2.500000
v -2.600000 3.200000 2.500000
v -2.500000 1.900000 2.500000
v -3.300000 2.599999 2.500000
v -3.300000 1.900000 2.500000
v -2.500000 2.599999 2.500000
v -2.500000 2.700000 2.500000
v -2.500000 2.900000 2.500000
v -2.500000 3.099999 2.500000
v -2.400000 0.900000 2.500000
v -2.400000 1.100000 2.500000
v -2.400000 1.800000 2.500000
v -2.400000 2.900000 2.500000
v -2.100000 0.600000 2.500000
v -2.100000 0.800000 2.500000
v -2.100000 1.200000 2.500000
v -2.100000 1.400000 2.500000
v -2.400000 2.400000 2.500000
v -1.200000 3.200000 2.500000
v -2.400000 2.599999 2.500000
v -1.200000 3.299999 2.500000
v -1.100000 3.099999 2.500000
v -1.100000 3.200000 2.500000
v -1.100000 3.299999 2.500000
v -1.100000 3.400000 2.500000
v -1.000000 3.099999 2.500000
v -1.000000 3.200000 2.500000
v -1.000000 3.299999 2.500000
v -1.000000 3.400000 2.500000
v -0.900000 1.800000 2.500000
v -0.900000 2.000000 2.500000
v -0.900000 2.900000 2.500000
v -0.900000 3.200000 2.500000
v -0.900000 3.299999 2.500000
v -0.900000 3.400000 2.500000
v -0.800000 2.900000 2.500000
v -0.800000 3.000000 2.500000
v -0.800000 3.099999 2.500000
v -0.800000 3.200000 2.500000
v -0.800000 3.299999 2.500000
v -0.800000 3.400000 2.500000
v -0.700000 3.000000 2.500000
v -0.700000 3.099999 2.500000
v -0.700000 3.200000 2.500000
v -0.700000 3.299999 2.500000
v -0.600000 1.500000 2.500000
v -0.600000 1.700000 2.500000
v -0.400000 1.800000 2.500000
v -0.400000 2.000000 2.500000
v -0.100000 1.500000 2.500000
v -0.100000 1.700000 2.500000
v -0.100000 3.500000 2.500000
v -0.100000 3.599999 2.500000
v 0.000000 3.400000 2.500000
v 0.000000 3.500000 2.500000
v 0.000000 3.599999 2.500000
v 0.000000 3.700000 2.500001
v 0.099999 3.400000 2.500000
v 0.099999 3.500000 2.500000
v 0.099999 3.599999 2.500000
v 0.099999 3.700000 2.500001
v 0.200000 3.500000 2.500000
v 0.200000 3.599999 2.500000
v 0.300000 0.200000 2.500000
v 0.300000 2.400000 2.500000
v 0.300000 2.599999 2.500000
v 0.300000 4.900000 2.500001
v 0.300000 5.400000 2.500001
v -7.700000 5.500000 2.500001
v -7.700000 5.400000 2.500001
v 0.300000 5.500000 2.500001
v 6.700000 6.400000 2.500001
v 1.300000 6.500000 2.500001
v 1.300000 6.400000 2.500001
v 6.700000 6.500000 2.500001
v -6.900000 0.900000 2.400000
v -7.400000 1.100000 2.400000
v -7.400000 0.900000 2.400000
v -6.900000 1.100000 2.400000
v -6.600000 1.200000 2.400000
v -7.100000 1.400000 2.400000
v -7.100000 1.200000 2.400000
v -6.600000 1.400000 2.400000
v -6.300000 0.900000 2.400000
v -6.800000 1.100000 2.400000
v -6.800000 0.900000 2.400000
v -6.300000 1.100000 2.400000
v -2.400000 0.900000 2.400000
v -2.900000 1.100000 2.400000
v -2.900000 0.900000 2.400000
v -2.400000 1.100000 2.400000
v -2.100000 0.600000 2.400000
v -2.600000 0.800000 2.400000
v -2.600000 0.600000 2.400000
v -2.100000 0.800000 2.400000
v -2.100000 1.200000 2.400000
v -2.600000 1.400000 2.400000
v -2.600000 1.200000 2.400000
v -2.100000 1.400000 2.400000
v -0.400000 1.800000 2.400000
v -0.900000 2.000000 2.400000
v -0.900000 1.800000 2.400000
v -0.400000 2.000000 2.400000
v -0.100000 1.500000 2.400000
v -0.600000 1.700000 2.400000
v -0.600000 1.500000 2.400000
v -0.100000 1.700000 2.400000
v 0.400000 5.500000 2.400001
v -7.600000 5.599999 2.400001
v -7.600000 5.500000 2.400001
v 0.400000 5.599999 2.400001
v 6.600000 6.500000 2.400001
v 1.400000 6.599999 2.400001
v 1.400000 6.500000 2.400001
v 6.600000 6.599999 2.400001
v 0.500000 5.599999 2.300001
v -7.500000 5.699999 2.300001
v -7.500000 5.599999 2.300001
v 0.500000 5.699999 2.300001
v 7.700000 1.300000 2.300000
v 7.600000 1.500000 2.300000
v 7.600000 1.300000 2.300000
v 7.700000 1.500000 2.300000
v 0.599999 5.699999 2.200001
v -7.400000 5.800000 2.200001
v -7.400000 5.699999 2.200001
v 0.599999 5.800000 2.200001
v 0.700000 5.800000 2.100001
v -7.300000 5.900000 2.100001
v -7.300000 5.800000 2.100001
v 0.700000 5.900000 2.100001
v 0.800000 5.900000 2.000001
v -7.200000 6.000000 2.000001
v -7.200000 5.900000 2.000001
v 0.800000 6.000000 2.000001
v 0.900000 6.000000 1.900001
v -7.100000 6.099999 1.900001
v -7.100000 6.000000 1.900001
v 0.900000 6.099999 1.900001
v 1.000000 6.099999 1.800001
v -7.000000 6.199999 1.800001
v -7.000000 6.099999 1.800001
v 1.000000 6.199999 1.800001
v 1.100000 6.199999 1.700001
v -6.900000 6.300000 1.700001
v -6.900000 6.199999 1.700001
v 1.100000 6.300000 1.700001
v 1.200000 6.300000 1.600001
v -6.800000 6.400000 1.600001
v -6.800000 6.300000 1.600001
v 1.200000 6.400000 1.600001
v -7.600000 0.900000 1.500000
v -7.700000 1.100000 1.500000
v -7.700000 0.900000 1.500000
v -7.600000 1.100000 1.500000
v 1.300000 6.400000 1.500001
v -6.700000 6.500000 1.500001
v -6.700000 6.400000 1.500001
v 1.300000 6.500000 1.500001
v 1.400000 6.500000 1.400001
v -6.600000 6.600000 1.400001
v -6.600000 6.500000 1.400001
v 1.400000 6.600000 1.400001
v -7.600000 0.600000 1.200000
v -7.700000 0.800000 1.200000
v -7.700000 0.600000 1.200000
v -7.600000 0.800000 1.200000
v -7.600000 1.200000 1.200000
v -7.700000 1.400000 1.200000
v -7.700000 1.200000 1.200000
v -7.600000 1.400000 1.200000
v -7.700000 1.800000 0.900000
v -7.800000 2.400000 0.900000
v -7.800000 1.800000 0.900000
v -7.700000 2.400000 0.900000
v -7.700000 2.600000 0.900000
v -7.800000 3.100000 0.900000
v -7.800000 2.600000 0.900000
v -7.700000 3.100000 0.900000
v -7.700000 3.100000 0.800000
v -7.800000 3.300000 0.800001
v -7.800000 3.100000 0.800000
v -7.700000 3.300000 0.800001
v -7.700000 3.300000 0.700001
v -7.800000 3.400000 0.700001
v -7.800000 3.300000 0.700001
v -7.700000 3.400000 0.700001
v -7.700000 3.400000 0.500001
v -7.800000 3.500000 0.500001
v -7.800000 3.400000 0.500001
v -7.700000 3.500000 0.500001
v -7.700000 1.900000 0.100000
v -7.800000 2.700000 0.100000
v -7.800000 1.900000 0.100000
v -7.700000 2.500000 0.100000
v -7.700000 2.700000 0.100000
v -7.700000 2.800000 0.100000
v -7.800000 3.400000 0.100000
v -7.800000 2.800000 0.100000
v -7.700000 3.300000 0.100000
v -7.700000 3.400000 0.100000
v -7.700000 3.300000 -0.399999
v -7.800000 3.400000 -0.399999
v -7.800000 3.300000 -0.399999
v -7.700000 3.400000 -0.399999
v -7.700000 3.100000 -0.600000
v -7.800000 3.300000 -0.599999
v -7.800000 3.100000 -0.600000
v -7.700000 3.200000 -0.599999
v -7.700000 3.300000 -0.599999
v -7.700000 1.900000 -0.700000
v -7.800000 2.700000 -0.700000
v -7.800000 1.900000 -0.700000
v -7.700000 2.500000 -0.700000
v -7.700000 2.700000 -0.700000
v -7.700000 2.800000 -0.700000
v -7.800000 3.100000 -0.700000
v -7.800000 2.800000 -0.700000
v -7.700000 3.100000 -0.700000
v 7.700000 0.700000 -1.300000
v 7.600000 0.900000 -1.300000
v 7.600000 0.700000 -1.300000
v 7.700000 0.900000 -1.300000
v 7.700000 1.000000 -1.600000
v 7.600000 1.200000 -1.600000
v 7.600000 1.000000 -1.600000
v 7.700000 1.200000 -1.600000
v 7.800000 1.800000 -1.700000
v 7.700000 2.400000 -1.700000
v 7.700000 1.800000 -1.700000
v 7.800000 2.400000 -1.700000
v 7.800000 2.600000 -1.700000
v 7.700000 3.100000 -1.700000
v 7.700000 2.600000 -1.700000
v 7.800000 3.100000 -1.700000
v 7.800000 3.100000 -1.799999
v 7.700000 3.300000 -1.799999
v 7.700000 3.100000 -1.799999
v 7.800000 3.300000 -1.799999
v -7.600000 1.500000 -1.900000
v -7.700000 1.700000 -1.900000
v -7.700000 1.500000 -1.900000
v -7.600000 1.700000 -1.900000
v -7.600000 2.100000 -1.900000
v -7.700000 2.300000 -1.900000
v -7.700000 2.100000 -1.900000
v -7.600000 2.300000 -1.900000
v 7.700000 0.700000 -1.900000
v 7.600000 0.900000 -1.900000
v 7.600000 0.700000 -1.900000
v 7.700000 0.900000 -1.900000
v 7.800000 3.300000 -1.899999
v 7.700000 3.400000 -1.899999
v 7.700000 3.300000 -1.899999
v 7.800000 3.400000 -1.899999
v 7.800000 3.400000 -2.099999
v 7.700000 3.500000 -2.099999
v 7.700000 3.400000 -2.099999
v 7.800000 3.500000 -2.099999
v -7.600000 1.800000 -2.200000
v -7.700000 2.000000 -2.200000
v -7.700000 1.800000 -2.200000
v -7.600000 2.000000 -2.200000
v -7.700000 0.200000 -2.300000
v -7.800000 2.400001 -2.299999
v -7.800000 0.200000 -2.300000
v -7.700000 2.400001 -2.299999
v -7.700000 2.600000 -2.299999
v -7.800000 4.900001 -2.299999
v -7.800000 2.600000 -2.299999
v -7.700000 4.900001 -2.299999
v -5.100000 1.700000 -2.400000
v -5.600000 1.800000 -2.400000
v -5.600000 1.700000 -2.400000
v -5.100000 1.800000 -2.400000
v -4.800000 1.400000 -2.400000
v -5.300000 1.600000 -2.400000
v -5.300000 1.400000 -2.400000
v -4.800000 1.600000 -2.400000
v -4.500000 1.700000 -2.400000
v -5.000000 1.800000 -2.400000
v -5.000000 1.700000 -2.400000
v -4.500000 1.800000 -2.400000
v -6.600000 2.200001 -2.500000
v -6.700000 2.300000 -2.500000
v -6.700000 2.200001 -2.500000
v -6.600000 2.300000 -2.500000
v -6.500000 1.900000 -2.500000
v -6.600000 2.100000 -2.500000
v -6.600000 1.900000 -2.500000
v -6.500000 2.100000 -2.500000
v -6.500000 2.200001 -2.500000
v -6.500000 2.300000 -2.500000
v -6.600000 2.400001 -2.500000
v -6.500000 2.400001 -2.500000
v -6.400000 2.200001 -2.500000
v -6.400000 2.300000 -2.500000
v -5.600000 2.100000 -2.500000
v -5.700000 2.200001 -2.500000
v -5.700000 2.100000 -2.500000
v -5.600000 2.200001 -2.500000
v -5.500000 1.900000 -2.500000
v -5.600000 2.000000 -2.500000
v -5.600000 1.900000 -2.500000
v -5.500000 2.000000 -2.500000
v -5.500000 2.100000 -2.500000
v -5.500000 2.200001 -2.500000
v -5.600000 2.300000 -2.500000
v -5.500000 2.300000 -2.500000
v -5.400000 2.100000 -2.500000
v -5.400000 2.200001 -2.500000
v -4.700000 2.000000 -2.500000
v -4.800000 2.100000 -2.500000
v -4.800000 2.000000 -2.500000
v -4.700000 2.100000 -2.500000
v -4.600000 1.900000 -2.500000
v -4.700000 1.900000 -2.500000
v -4.600000 2.000000 -2.500000
v -4.600000 2.100000 -2.500000
v -4.700000 2.200001 -2.500000
v -4.600000 2.200001 -2.500000
v -4.500000 2.000000 -2.500000
v -4.500000 2.100000 -2.500000
v -4.200000 2.000000 -2.500000
v -4.300000 2.100000 -2.500000
v -4.300000 2.000000 -2.500000
v -4.200000 2.100000 -2.500000
v -4.100000 1.900000 -2.500000
v -4.200000 1.900000 -2.500000
v -4.100000 2.000000 -2.500000
v -4.100000 2.100000 -2.500000
v -4.200000 2.200001 -2.500000
v -4.100000 2.200001 -2.500000
v -4.000000 2.000000 -2.500000
v -4.000000 2.100000 -2.500000
v -3.200000 1.900000 -2.500000
v -3.300000 2.000000 -2.500000
v -3.300000 1.900000 -2.500000
v -3.200000 2.000000 -2.500000
v -3.300000 2.100000 -2.500000
v -3.200000 2.100000 -2.500000
v -3.300000 2.200001 -2.500000
v -3.200000 2.200001 -2.500000
v -3.300000 2.300000 -2.500000
v -3.200000 2.300000 -2.500000
v -3.100000 2.100000 -2.500000
v -3.100000 2.200001 -2.500000
v 7.800000 3.300000 -2.500000
v 7.700000 3.400001 -2.500000
v 7.700000 3.300000 -2.500000
v 7.800000 3.400001 -2.500000
v -5.900000 2.000000 -2.600000
v -6.000000 2.100000 -2.600000
v -6.000000 2.000000 -2.600000
v -5.900000 2.100000 -2.600000
v -5.800000 1.800000 -2.600000
v -5.900000 1.900000 -2.600000
v -5.900000 1.800000 -2.600000
v -5.800000 1.900000 -2.600000
v -5.800000 2.000000 -2.600000
v -5.800000 2.100000 -2.600000
v -5.900000 2.200001 -2.599999
v -5.800000 2.200001 -2.599999
v -5.700000 2.000000 -2.600000
v -5.700000 2.100000 -2.600000
v -5.000000 2.100000 -2.600000
v -5.100000 2.200001 -2.599999
v -5.100000 2.100000 -2.600000
v -5.000000 2.200001 -2.599999
v -4.900000 1.800000 -2.600000
v -5.000000 2.000000 -2.600000
v -5.000000 1.800000 -2.600000
v -4.900000 2.000000 -2.600000
v -4.900000 2.100000 -2.600000
v -4.900000 2.200001 -2.599999
v -5.000000 2.300000 -2.599999
v -4.900000 2.300000 -2.599999
v -4.800000 2.100000 -2.600000
v -4.800000 2.200001 -2.599999
v -3.900000 2.200001 -2.599999
v -4.000000 2.300000 -2.599999
v -4.000000 2.200001 -2.599999
v -3.900000 2.300000 -2.599999
v -3.800000 1.800000 -2.600000
v -3.900000 2.100000 -2.600000
v -3.900000 1.800000 -2.600000
v -3.800000 2.100000 -2.600000
v -3.800000 2.200001 -2.599999
v -3.800000 2.300000 -2.599999
v -3.900000 2.400001 -2.599999
v -3.800000 2.400001 -2.599999
v -3.700000 2.200001 -2.599999
v -3.700000 2.300000 -2.599999
v -2.900000 2.000000 -2.600000
v -3.000000 2.100000 -2.600000
v -3.000000 2.000000 -2.600000
v -2.900000 2.100000 -2.600000
v -2.800000 1.800000 -2.600000
v -2.900000 1.900000 -2.600000
v -2.900000 1.800000 -2.600000
v -2.800000 1.900000 -2.600000
v -2.800000 2.000000 -2.600000
v -2.800000 2.100000 -2.600000
v -2.900000 2.200001 -2.599999
v -2.800000 2.200001 -2.599999
v -2.700000 2.000000 -2.600000
v -2.700000 2.100000 -2.600000
v -6.900000 2.000000 -2.700000
v -7.000000 2.100000 -2.700000
v -7.000000 2.000000 -2.700000
v -6.900000 2.100000 -2.700000
v -6.800000 1.800000 -2.700000
v -6.900000 1.900000 -2.700000
v -6.900000 1.800000 -2.700000
v -6.800000 1.900000 -2.700000
v -6.800000 2.000000 -2.700000
v -6.800000 2.100000 -2.700000
v -6.900000 2.200001 -2.700000
v -6.800000 2.200001 -2.700000
v -6.700000 2.000000 -2.700000
v -6.700000 2.100000 -2.700000
v -6.300000 2.100000 -2.700000
v -6.400000 2.200001 -2.700000
v -6.400000 2.100000 -2.700000
v -6.300000 2.200001 -2.700000
v -6.200000 1.800000 -2.700000
v -6.300000 2.000000 -2.700000
v -6.300000 1.800000 -2.700000
v -6.200000 2.000000 -2.700000
v -6.200000 2.100000 -2.700000
v -6.200000 2.200001 -2.700000
v -6.300000 2.300000 -2.700000
v -6.200000 2.300000 -2.700000
v -6.100000 2.100000 -2.700000
v -6.100000 2.200001 -2.700000
v -5.300000 2.000000 -2.700000
v -5.400000 2.100000 -2.700000
v -5.400000 2.000000 -2.700000
v -5.300000 2.100000 -2.700000
v -5.200000 1.800000 -2.700000
v -5.300000 1.900000 -2.700000
v -5.300000 1.800000 -2.700000
v -5.200000 1.900000 -2.700000
v -5.200000 2.000000 -2.700000
v -5.200000 2.100000 -2.700000
v -5.300000 2.200001 -2.700000
v -5.200000 2.200001 -2.700000
v -5.100000 2.000000 -2.700000
v -5.100000 2.100000 -2.700000
v -4.400000 2.100000 -2.700000
v -4.500000 2.200001 -2.700000
v -4.500000 2.100000 -2.700000
v -4.400000 2.200001 -2.700000
v -4.300000 1.800000 -2.700000
v -4.400000 2.000000 -2.700000
v -4.400000 1.800000 -2.700000
v -4.300000 2.000000 -2.700000
v -4.300000 2.100000 -2.700000
v -4.300000 2.200001 -2.700000
v -4.400000 2.300000 -2.700000
v -4.300000 2.300000 -2.700000
v -4.200000 2.100000 -2.700000
v -4.200000 2.200001 -2.700000
v -3.600000 2.000000 -2.700000
v -3.700000 2.100000 -2.700000
v -3.700000 2.000000 -2.700000
v -3.600000 2.100000 -2.700000
v -3.500000 1.800000 -2.700000
v -3.600000 1.900000 -2.700000
v -3.600000 1.800000 -2.700000
v -3.500000 1.900000 -2.700000
v -3.500000 2.000000 -2.700000
v -3.500000 2.100000 -2.700000
v -3.600000 2.200001 -2.700000
v -3.500000 2.200001 -2.700000
v -3.400000 2.000000 -2.700000
v -3.400000 2.100000 -2.700000
v 7.800000 3.100000 -2.700000
v 7.700000 3.300000 -2.700000
v 7.700000 3.100000 -2.700000
v 7.800000 3.300000 -2.700000
v -6.900000 1.800000 -2.800000
v -7.000000 1.900000 -2.800000
v -7.000000 1.800000 -2.800000
v -6.900000 1.900000 -2.800000
v -6.300000 1.800000 -2.800000
v -6.800000 1.900000 -2.800000
v -6.800000 1.800000 -2.800000
v -6.300000 1.900000 -2.800000
v -5.300000 1.800000 -2.800000
v -6.200000 1.900000 -2.800000
v -6.200000 1.800000 -2.800000
v -5.300000 1.900000 -2.800000
v -4.400000 1.800000 -2.800000
v -5.200000 1.900000 -2.800000
v -5.200000 1.800000 -2.800000
v -4.400000 1.900000 -2.800000
v -3.600000 1.800000 -2.800000
v -4.300000 1.900000 -2.800000
v -4.300000 1.800000 -2.800000
v -3.600000 1.900000 -2.800000
v -2.500000 1.800000 -2.800000
v -3.500000 1.900000 -2.800000
v -3.500000 1.800000 -2.800000
v -2.500000 1.900000 -2.800000
v 7.800000 1.900000 -2.800000
v 7.700000 2.100000 -2.800000
v 7.700000 1.900000 -2.800000
v 7.700000 2.800000 -2.799999
v 7.800000 2.800000 -2.799999
v 7.800000 2.900001 -2.799999
v 7.700000 3.100000 -2.799999
v 7.700000 3.000000 -2.799999
v 7.700000 2.900001 -2.799999
v 7.800000 3.100000 -2.799999
v 0.400000 1.400000 -3.000000
v 0.300000 1.600001 -3.000000
v 0.300000 1.400000 -3.000000
v 0.400000 1.600001 -3.000000
v 0.400000 2.000000 -3.000000
v 0.300000 2.200001 -3.000000
v 0.300000 2.000000 -3.000000
v 0.400000 2.200001 -3.000000
v 0.400000 1.700001 -3.300000
v 0.300000 1.900001 -3.300000
v 0.300000 1.700001 -3.300000
v 0.400000 1.900001 -3.300000
v 0.300000 0.200001 -3.400000
v 0.200000 2.400001 -3.400000
v 0.200000 0.200001 -3.400000
v 0.300000 2.400001 -3.400000
v 0.300000 2.600000 -3.400000
v 0.200000 4.900001 -3.399999
v 0.200000 2.600000 -3.400000
v 0.300000 4.900001 -3.399999
v 7.800000 0.200001 -3.400000
v 7.700000 2.400001 -3.400000
v 7.700000 0.200001 -3.400000
v 7.800000 2.400001 -3.400000
v 7.800000 2.600000 -3.400000
v 7.700000 4.900001 -3.399999
v 7.700000 2.600000 -3.400000
v 7.800000 4.900001 -3.399999
v 1.400000 2.000000 -3.600000
v 1.300000 2.100000 -3.600000
v 1.300000 2.000000 -3.600000
v 1.400000 2.100000 -3.600000
v 1.500000 1.900001 -3.600000
v 1.400000 1.900001 -3.600000
v 1.500000 2.000000 -3.600000
v 1.500000 2.100000 -3.600000
v 1.400000 2.200001 -3.599999
v 1.500000 2.200001 -3.599999
v 1.700000 1.900001 -3.600000
v 1.600000 2.000000 -3.600000
v 1.600000 1.900001 -3.600000
v 1.700000 2.000000 -3.600000
v 1.600000 2.100000 -3.600000
v 1.700000 2.100000 -3.600000
v 1.800000 1.900001 -3.600000
v 1.800000 2.000000 -3.600000
v 2.600000 2.100000 -3.600000
v 2.500000 2.200001 -3.599999
v 2.500000 2.100000 -3.600000
v 2.600000 2.200001 -3.599999
v 2.700000 1.900001 -3.600000
v 2.600000 2.000000 -3.600000
v 2.600000 1.900001 -3.600000
v 2.700000 2.000000 -3.600000
v 2.700000 2.100000 -3.600000
v 2.700000 2.200001 -3.599999
v 2.600000 2.300000 -3.599999
v 2.700000 2.300000 -3.599999
v 2.800000 2.100000 -3.600000
v 2.800000 2.200001 -3.599999
v 3.700000 2.100000 -3.600000
v 3.600000 2.200001 -3.599999
v 3.600000 2.100000 -3.600000
v 3.700000 2.200001 -3.599999
v 3.800000 1.900001 -3.600000
v 3.700000 2.000000 -3.600000
v 3.700000 1.900001 -3.600000
v 3.800000 2.000000 -3.600000
v 3.800000 2.100000 -3.600000
v 3.800000 2.200001 -3.599999
v 3.700000 2.300000 -3.599999
v 3.800000 2.300000 -3.599999
v 3.900000 2.100000 -3.600000
v 3.900000 2.200001 -3.599999
v 6.200000 1.700001 -3.600000
v 6.100000 1.900001 -3.600000
v 6.100000 1.700001 -3.600000
v 6.200000 1.800001 -3.600000
v 6.200000 1.900001 -3.600000
v 6.500000 1.600001 -3.600000
v 6.200000 1.600001 -3.600000
v 6.500000 1.700001 -3.600000
v 1.100000 2.100001 -3.700000
v 1.000000 2.200001 -3.700000
v 1.000000 2.100001 -3.700000
v 1.100000 2.200001 -3.700000
v 1.200000 1.800001 -3.700000
v 1.100000 2.000001 -3.700000
v 1.100000 1.800001 -3.700000
v 1.200000 2.000001 -3.700000
v 1.200000 2.100001 -3.700000
v 1.200000 2.200001 -3.700000
v 1.100000 2.300001 -3.700000
v 1.200000 2.300001 -3.700000
v 1.300000 2.100001 -3.700000
v 1.300000 2.200001 -3.700000
v 2.200000 2.000001 -3.700000
v 2.100000 2.100001 -3.700000
v 2.100000 2.000001 -3.700000
v 2.200000 2.100001 -3.700000
v 2.300000 1.800001 -3.700000
v 2.200000 1.900001 -3.700000
v 2.200000 1.800001 -3.700000
v 2.300000 1.900001 -3.700000
v 2.300000 2.000001 -3.700000
v 2.300000 2.100001 -3.700000
v 2.200000 2.200001 -3.700000
v 2.300000 2.200001 -3.700000
v 2.400000 2.000001 -3.700000
v 2.400000 2.100001 -3.700000
v 2.800000 1.900001 -3.700000
v 2.700000 2.000001 -3.700000
v 2.700000 1.900001 -3.700000
v 2.800000 2.000001 -3.700000
v 2.900000 1.800001 -3.700000
v 2.800000 1.800001 -3.700000
v 2.900000 1.900001 -3.700000
v 2.900000 2.000001 -3.700000
v 2.800000 2.100001 -3.700000
v 2.900000 2.100001 -3.700000
v 3.000000 1.900001 -3.700000
v 3.000000 2.000001 -3.700000
v 3.100000 2.000001 -3.700000
v 3.000000 2.100001 -3.700000
v 3.100000 2.100001 -3.700000
v 3.200000 1.800001 -3.700000
v 3.100000 1.900001 -3.700000
v 3.100000 1.800001 -3.700000
v 3.200000 1.900001 -3.700000
v 3.200000 2.000001 -3.700000
v 3.200000 2.100001 -3.700000
v 3.100000 2.200001 -3.700000
v 3.200000 2.200001 -3.700000
v 3.300000 2.000001 -3.700000
v 3.300000 2.100001 -3.700000
v 1.800000 2.100001 -3.800000
v 1.700000 2.200001 -3.799999
v 1.700000 2.100001 -3.800000
v 1.800000 2.200001 -3.799999
v 1.900000 1.800001 -3.800000
v 1.800000 2.000001 -3.800000
v 1.800000 1.800001 -3.800000
v 1.900000 2.000001 -3.800000
v 1.900000 2.100001 -3.800000
v 1.900000 2.200001 -3.799999
v 1.800000 2.300001 -3.799999
v 1.900000 2.300001 -3.799999
v 2.000000 2.100001 -3.800000
v 2.000000 2.200001 -3.799999
v 3.400000 2.200001 -3.799999
v 3.300000 2.300001 -3.799999
v 3.300000 2.200001 -3.799999
v 3.400000 2.300001 -3.799999
v 3.500000 1.800001 -3.800000
v 3.400000 2.100001 -3.800000
v 3.400000 1.800001 -3.800000
v 3.500000 2.100001 -3.800000
v 3.500000 2.200001 -3.799999
v 3.500000 2.300001 -3.799999
v 3.400000 2.400001 -3.799999
v 3.500000 2.400001 -3.799999
v 3.600000 2.200001 -3.799999
v 3.600000 2.300001 -3.799999
v 3.800000 1.900001 -3.800000
v 3.700000 2.000001 -3.800000
v 3.700000 1.900001 -3.800000
v 3.800000 2.000001 -3.800000
v 3.900000 1.800001 -3.800000
v 3.800000 1.800001 -3.800000
v 3.900000 1.900001 -3.800000
v 3.900000 2.000001 -3.800000
v 3.800000 2.100001 -3.800000
v 3.900000 2.100001 -3.800000
v 4.000000 1.900001 -3.800000
v 4.000000 2.000001 -3.800000
v 1.800000 1.800001 -3.900000
v 1.000000 1.900001 -3.900000
v 1.000000 1.800001 -3.900000
v 1.800000 1.900001 -3.900000
v 3.400000 1.800001 -3.900000
v 1.900000 1.900001 -3.900000
v 1.900000 1.800001 -3.900000
v 3.400000 1.900001 -3.900000
v 3.700000 1.900001 -3.900000
v 3.500000 1.900001 -3.900000
v 3.500000 1.800001 -3.900000
v 3.800000 1.800001 -3.900000
v 3.800000 1.900001 -3.900000
v 4.000000 1.800001 -3.900000
v 3.900000 1.900001 -3.900000
v 3.900000 1.800001 -3.900000
v 4.000000 1.900001 -3.900000
v 0.200000 0.199999 3.400000
v 0.200000 2.400000 3.400001
v 0.300000 0.199999 3.400000
v 0.300000 2.400000 3.400001
v 0.200000 2.599999 3.400001
v 0.200000 4.900000 3.400001
v 0.300000 2.599999 3.400001
v 0.300000 4.900000 3.400001
v 7.700000 0.199999 3.400000
v 7.700000 2.400000 3.400001
v 7.800000 0.199999 3.400000
v 7.800000 2.400000 3.400001
v 7.700000 2.599999 3.400001
v 7.700000 4.900000 3.400001
v 7.800000 2.599999 3.400001
v 7.800000 4.900000 3.400001
v 4.300000 7.000000 3.300001
v 4.300000 7.099999 3.300001
v 5.100000 7.000000 3.300001
v 5.100000 7.099999 3.300001
v 5.100000 6.199999 3.300001
v 5.100000 6.400000 3.300001
v 5.200000 6.199999 3.300001
v 5.200000 6.400000 3.300001
v 4.200000 6.099999 3.200001
v 4.200000 6.300000 3.200001
v 4.300000 6.099999 3.200001
v 4.300000 6.300000 3.200001
v 5.100000 5.900000 3.100001
v 5.100000 6.099999 3.100001
v 5.200000 5.900000 3.100001
v 5.200000 6.099999 3.100001
v 5.100000 6.500000 3.100001
v 5.100000 6.699999 3.100001
v 5.200000 6.500000 3.100001
v 5.200000 6.699999 3.100001
v 7.600000 1.600000 3.100000
v 7.600000 1.799999 3.100000
v 7.700000 1.600000 3.100000
v 7.700000 1.799999 3.100000
v 4.200000 6.400000 3.000001
v 4.200000 6.599999 3.000001
v 4.300000 6.400000 3.000001
v 4.300000 6.599999 3.000001
v 7.600000 1.299999 2.800000
v 7.600000 1.500000 2.800000
v 7.700000 1.299999 2.800000
v 7.700000 1.500000 2.800000
v 4.300000 6.699999 2.700001
v 4.300000 6.900000 2.700001
v 4.600000 6.699999 2.700001
v 4.600000 6.900000 2.700001
v 4.500000 6.400000 2.700001
v 4.500000 6.599999 2.700001
v 4.800000 6.400000 2.700001
v 4.800000 6.599999 2.700001
v 4.200000 6.400000 2.600001
v 4.200000 7.099999 2.600001
v 4.300000 6.699999 2.600001
v 4.300000 6.900000 2.600001
v 4.500000 6.400000 2.600001
v 4.500000 6.599999 2.600001
v 4.600000 6.699999 2.600001
v 4.600000 6.900000 2.600001
v 4.800000 6.599999 2.600001
v 4.800000 6.400000 2.600001
v 5.200000 6.400000 2.600001
v 5.200000 7.099999 2.600001
v -7.800000 0.200000 2.400000
v -7.800000 2.400000 2.400001
v -7.700000 0.200000 2.400000
v -7.700000 2.400000 2.400001
v -7.800000 2.599999 2.400001
v -7.800000 4.900000 2.400001
v -7.700000 2.599999 2.400001
v -7.700000 4.900000 2.400001
v -7.700000 0.900000 2.000000
v -7.700000 1.100000 2.000000
v -7.600000 0.900000 2.000000
v -7.600000 1.100000 2.000000
v -7.700000 0.600000 1.700000
v -7.700000 0.800000 1.700000
v -7.600000 0.600000 1.700000
v -7.600000 0.800000 1.700000
v -7.700000 1.200000 1.700000
v -7.700000 1.400000 1.700000
v -7.600000 1.200000 1.700000
v -7.600000 1.400000 1.700000
v -7.800000 1.900000 0.800000
v -7.800000 2.700000 0.800000
v -7.700000 1.900000 0.800000
v -7.700000 2.100000 0.800000
v -7.700000 2.700000 0.800000
v -7.800000 2.800000 0.800000
v -7.800000 3.100000 0.800000
v -7.700000 2.800000 0.800000
v -7.700000 2.900000 0.800000
v -7.700000 3.100000 0.800000
v -7.800000 3.100000 0.700000
v -7.800000 3.300000 0.700001
v -7.700000 3.100000 0.700000
v -7.700000 3.300000 0.700001
v -7.800000 3.300000 0.500001
v -7.800000 3.400000 0.500001
v -7.700000 3.300000 0.500001
v -7.700000 3.400000 0.500001
v -7.800000 1.900000 0.000000
v -7.800000 2.700000 0.000000
v -7.700000 1.900000 0.000000
v -7.700000 2.100000 0.000000
v -7.700000 2.700000 0.000000
v -7.800000 2.800000 0.000000
v -7.800000 3.400000 0.000000
v -7.700000 2.800000 0.000000
v -7.700000 2.900000 0.000000
v -7.700000 3.400000 0.000000
v -7.800000 3.400000 -0.399999
v -7.800000 3.500000 -0.399999
v -7.700000 3.400000 -0.399999
v -7.700000 3.500000 -0.399999
v -7.800000 3.300000 -0.599999
v -7.800000 3.400000 -0.599999
v -7.700000 3.300000 -0.599999
v -7.700000 3.400000 -0.599999
v -7.800000 3.100000 -0.700000
v -7.800000 3.300000 -0.699999
v -7.700000 3.100000 -0.700000
v -7.700000 3.300000 -0.699999
v -7.800000 1.800000 -0.800000
v -7.800000 2.400000 -0.800000
v -7.700000 1.800000 -0.800000
v -7.700000 2.400000 -0.800000
v -7.800000 2.600000 -0.800000
v -7.800000 3.100000 -0.800000
v -7.700000 2.600000 -0.800000
v -7.700000 3.100000 -0.800000
v 7.600000 0.700000 -0.800000
v 7.600000 0.900000 -0.800000
v 7.700000 0.700000 -0.800000
v 7.700000 0.900000 -0.800000
v 7.600000 1.000000 -1.100000
v 7.600000 1.200000 -1.100000
v 7.700000 1.000000 -1.100000
v 7.700000 1.200000 -1.100000
v -6.600000 6.500000 -1.299999
v -6.600000 6.600000 -1.299999
v 1.400000 6.500000 -1.299999
v 1.400000 6.600000 -1.299999
v -7.700000 1.500000 -1.400000
v -7.700000 1.700000 -1.400000
v -7.600000 1.500000 -1.400000
v -7.600000 1.700000 -1.400000
v -7.700000 2.100000 -1.400000
v -7.700000 2.300000 -1.400000
v -7.600000 2.100000 -1.400000
v -7.600000 2.300000 -1.400000
v -6.700000 6.400000 -1.399999
v -6.700000 6.500000 -1.399999
v 1.300000 6.400000 -1.399999
v 1.300000 6.500000 -1.399999
v 7.600000 0.700000 -1.400000
v 7.600000 0.900000 -1.400000
v 7.700000 0.700000 -1.400000
v 7.700000 0.900000 -1.400000
v -6.800000 6.300001 -1.499999
v -6.800000 6.400001 -1.499999
v 1.200000 6.300001 -1.499999
v 1.200000 6.400001 -1.499999
v -6.900000 6.200000 -1.599999
v -6.900000 6.300001 -1.599999
v 1.100000 6.200000 -1.599999
v 1.100000 6.300001 -1.599999
v -7.700000 1.800000 -1.700000
v -7.700000 2.000000 -1.700000
v -7.600000 1.800000 -1.700000
v -7.600000 2.000000 -1.700000
v -7.000000 6.100000 -1.699999
v -7.000000 6.200000 -1.699999
v 1.000000 6.100000 -1.699999
v 1.000000 6.200000 -1.699999
v -7.100000 6.000000 -1.799999
v -7.100000 6.100000 -1.799999
v 0.900000 6.000000 -1.799999
v 0.900000 6.100000 -1.799999
v 7.700000 1.900000 -1.800000
v 7.700000 2.600000 -1.799999
v 7.800000 1.900000 -1.800000
v 7.700000 2.800000 -1.799999
v 7.800000 2.800000 -1.799999
v 7.700000 2.900000 -1.799999
v 7.700000 3.100000 -1.799999
v 7.800000 2.900000 -1.799999
v 7.800000 3.100000 -1.799999
v -7.200000 5.900001 -1.899999
v -7.200000 6.000000 -1.899999
v 0.800000 5.900001 -1.899999
v 0.800000 6.000000 -1.899999
v 7.700000 3.100000 -1.899999
v 7.700000 3.200000 -1.899999
v 7.800000 3.100000 -1.899999
v 7.700000 3.300000 -1.899999
v 7.800000 3.300000 -1.899999
v -7.300000 5.800001 -1.999999
v -7.300000 5.900001 -1.999999
v 0.700000 5.800001 -1.999999
v 0.700000 5.900001 -1.999999
v -7.400000 5.700000 -2.099999
v -7.400000 5.800001 -2.099999
v 0.599999 5.700000 -2.099999
v 0.599999 5.800001 -2.099999
v 7.700000 3.300000 -2.099999
v 7.700000 3.400000 -2.099999
v 7.800000 3.300000 -2.099999
v 7.800000 3.400000 -2.099999
v -7.500000 5.600000 -2.199999
v -7.500000 5.700000 -2.199999
v 0.500000 5.600000 -2.199999
v 0.500000 5.700000 -2.199999
v -7.100000 0.800000 -2.300000
v -7.100000 1.000000 -2.300000
v -6.600000 0.800000 -2.300000
v -6.600000 1.000000 -2.300000
v -6.800000 0.500000 -2.300000
v -6.800000 0.700000 -2.300000
v -6.300000 0.500000 -2.300000
v -6.300000 0.700000 -2.300000
v -6.800000 1.100000 -2.300000
v -6.800000 1.300000 -2.300000
v -6.300000 1.100000 -2.300000
v -6.300000 1.300000 -2.300000
v -5.600000 1.700000 -2.300000
v -5.600000 1.800000 -2.300000
v -5.100000 1.700000 -2.300000
v -5.100000 1.800000 -2.300000
v -5.300000 1.400000 -2.300000
v -5.300000 1.600000 -2.300000
v -4.800000 1.400000 -2.300000
v -4.800000 1.600000 -2.300000
v -5.000000 1.700000 -2.300000
v -5.000000 1.800000 -2.300000
v -4.500000 1.700000 -2.300000
v -4.500000 1.800000 -2.300000
v -3.400000 1.100000 -2.300000
v -3.400000 1.300000 -2.300000
v -2.900000 1.100000 -2.300000
v -2.900000 1.300000 -2.300000
v -3.100000 0.800000 -2.300000
v -3.100000 1.000000 -2.300000
v -2.600000 0.800000 -2.300000
v -2.600000 1.000000 -2.300000
v -2.800000 0.500000 -2.300000
v -2.800000 0.700000 -2.300000
v -2.300000 0.500000 -2.300000
v -2.300000 0.700000 -2.300000
v -2.800000 1.100000 -2.300000
v -2.800000 1.300000 -2.300000
v -2.300000 1.100000 -2.300000
v -2.300000 1.300000 -2.300000
v -0.900000 1.400000 -2.300000
v -0.900000 1.600000 -2.300000
v -0.400000 1.400000 -2.300000
v -0.400000 1.600000 -2.300000
v -0.600000 1.100000 -2.300000
v -0.600000 1.300000 -2.300000
v -0.100000 1.100000 -2.300000
v -0.100000 1.300000 -2.300000
v -0.300000 1.400000 -2.300000
v -0.300000 1.600000 -2.300000
v 0.200000 1.400000 -2.300000
v 0.200000 1.600000 -2.300000
v -7.600000 5.500000 -2.299999
v -7.600000 5.600000 -2.299999
v 0.400000 5.500000 -2.299999
v 0.400000 5.600000 -2.299999
v -7.600000 2.600000 -2.400000
v -7.600000 4.900001 -2.399999
v -7.300000 3.200001 -2.400000
v -7.300000 3.300000 -2.400000
v -7.200000 3.100000 -2.400000
v -7.200000 3.200001 -2.400000
v -7.200000 3.300000 -2.400000
v -7.200000 3.400001 -2.400000
v -7.600000 0.200000 -2.400000
v -7.600000 2.400001 -2.400000
v -7.100000 0.800000 -2.400000
v -7.100000 1.000000 -2.400000
v -7.100000 1.400000 -2.400000
v -7.100000 2.400001 -2.400000
v -7.100000 2.600000 -2.400000
v -7.100000 2.900001 -2.400000
v -7.100000 3.100000 -2.400000
v -7.100000 3.200001 -2.400000
v -7.100000 3.300000 -2.400000
v -7.100000 3.400001 -2.400000
v -7.000000 2.900001 -2.400000
v -7.000000 3.100000 -2.400000
v -7.000000 3.200001 -2.400000
v -7.000000 3.300000 -2.400000
v -7.000000 1.900000 -2.400000
v -7.000000 2.100000 -2.400000
v -6.900000 1.900000 -2.400000
v -7.000000 2.600000 -2.400000
v -6.900000 2.100000 -2.400000
v -6.900000 2.300000 -2.400000
v -7.000000 2.700001 -2.400000
v -7.000000 2.800000 -2.400000
v -6.900000 2.700001 -2.400000
v -6.900000 2.800000 -2.400000
v -6.900000 2.900001 -2.400000
v -6.900000 3.100000 -2.400000
v -6.900000 3.200001 -2.400000
v -6.800000 0.500000 -2.400000
v -6.800000 0.700000 -2.400000
v -6.800000 1.100000 -2.400000
v -6.800000 1.300000 -2.400000
v -6.800000 2.100000 -2.400000
v -6.800000 2.300000 -2.400000
v -6.800000 2.800000 -2.400000
v -6.800000 2.900001 -2.400000
v -6.800000 3.100000 -2.400000
v -6.800000 3.200001 -2.400000
v -6.800000 3.300000 -2.400000
v -6.700000 3.200001 -2.400000
v -6.700000 3.300000 -2.400000
v -6.700000 3.400001 -2.400000
v -6.600000 0.800000 -2.400000
v -6.600000 1.000000 -2.400000
v -6.500000 3.300000 -2.400000
v -6.500000 3.400001 -2.400000
v -6.500000 3.500000 -2.400000
v -6.400000 3.200001 -2.400000
v -6.400000 3.300000 -2.400000
v -6.300000 0.500000 -2.400000
v -6.300000 0.700000 -2.400000
v -6.300000 1.100000 -2.400000
v -6.300000 1.300000 -2.400000
v -6.300000 2.400001 -2.400000
v -6.300000 2.600000 -2.400000
v -6.300000 3.200001 -2.400000
v -6.300000 3.300000 -2.400000
v -6.300000 3.400001 -2.400000
v -6.200000 1.900000 -2.400000
v -6.200000 2.400001 -2.400000
v -6.200000 2.600000 -2.400000
v -6.200000 2.700001 -2.400000
v -6.200000 3.300000 -2.400000
v -6.200000 3.400001 -2.400000
v -6.100000 1.900000 -2.400000
v -6.100000 2.100000 -2.400000
v -6.000000 1.900000 -2.400000
v -6.100000 2.600000 -2.400000
v -6.000000 2.100000 -2.400000
v -6.000000 2.300000 -2.400000
v -6.100000 2.700001 -2.400000
v -6.100000 2.800000 -2.400000
v -6.000000 2.700001 -2.400000
v -6.100000 3.400001 -2.400000
v -6.000000 2.800000 -2.400000
v -6.000000 2.900001 -2.400000
v -5.900000 2.100000 -2.400000
v -5.900000 2.300000 -2.400000
v -5.900000 2.800000 -2.400000
v -5.900000 2.900001 -2.400000
v -5.900000 3.000000 -2.400000
v -5.900000 4.000000 -2.399999
v -5.900000 4.100000 -2.399999
v -5.900000 4.200000 -2.399999
v -5.900000 4.300001 -2.399999
v -5.800000 2.900001 -2.400000
v -5.800000 3.000000 -2.400000
v -5.800000 3.900001 -2.399999
v -5.800000 4.000000 -2.399999
v -5.800000 4.100000 -2.399999
v -5.800000 4.200000 -2.399999
v -5.800000 4.300001 -2.399999
v -5.800000 4.400001 -2.399999
v -5.700000 3.900001 -2.399999
v -5.700000 4.200000 -2.399999
v -5.700000 4.300001 -2.399999
v -5.700000 4.400001 -2.399999
v -5.600000 4.100000 -2.399999
v -5.600000 4.200000 -2.399999
v -5.600000 4.300001 -2.399999
v -5.600000 4.400001 -2.399999
v -5.500000 4.100000 -2.399999
v -5.500000 4.200000 -2.399999
v -5.500000 4.300001 -2.399999
v -5.500000 4.400001 -2.399999
v -5.400000 4.200000 -2.399999
v -5.400000 4.300001 -2.399999
v -3.700000 3.100000 -2.400000
v -3.700000 3.200001 -2.400000
v -3.600000 2.200001 -2.400000
v -3.600000 2.400001 -2.400000
v -3.600000 3.100000 -2.400000
v -3.600000 3.200001 -2.400000
v -3.600000 3.300000 -2.400000
v -3.600000 3.900001 -2.399999
v -3.600000 4.000000 -2.399999
v -3.500000 2.200001 -2.400000
v -3.500000 2.400001 -2.400000
v -3.500000 2.600000 -2.400000
v -3.500000 3.200001 -2.400000
v -3.500000 3.300000 -2.400000
v -3.500000 3.400001 -2.400000
v -3.500000 3.800000 -2.399999
v -3.500000 3.900001 -2.399999
v -3.500000 4.000000 -2.399999
v -3.500000 4.100000 -2.399999
v -3.400000 1.100000 -2.400000
v -3.400000 1.300000 -2.400000
v -3.400000 1.900000 -2.400000
v -3.400000 2.400001 -2.400000
v -3.400000 2.600000 -2.400000
v -3.400000 2.700001 -2.400000
v -3.400000 3.300000 -2.400000
v -3.400000 3.400001 -2.400000
v -3.400000 3.800000 -2.399999
v -3.400000 3.900001 -2.399999
v -3.400000 4.000000 -2.399999
v -3.400000 4.100000 -2.399999
v -3.300000 3.900001 -2.399999
v -3.300000 4.000000 -2.399999
v -3.300000 1.900000 -2.400000
v -3.300000 2.100000 -2.400000
v -3.200000 1.900000 -2.400000
v -3.300000 2.600000 -2.400000
v -3.200000 2.100000 -2.400000
v -3.200000 2.300000 -2.400000
v -3.300000 2.700001 -2.400000
v -3.300000 2.800000 -2.400000
v -3.200000 2.700001 -2.400000
v -3.300000 3.400001 -2.400000
v -3.200000 2.800000 -2.400000
v -3.200000 2.900001 -2.400000
v -3.100000 0.800000 -2.400000
v -3.100000 1.000000 -2.400000
v -3.100000 2.100000 -2.400000
v -3.100000 2.300000 -2.400000
v -3.100000 2.800000 -2.400000
v -3.100000 2.900001 -2.400000
v -3.000000 3.300000 -2.400000
v -3.000000 3.400001 -2.400000
v -3.000000 3.500000 -2.400000
v -2.900000 1.100000 -2.400000
v -2.900000 1.300000 -2.400000
v -2.900000 3.000000 -2.400000
v -2.900000 3.100000 -2.400000
v -2.800000 0.500000 -2.400000
v -2.800000 0.700000 -2.400000
v -2.800000 1.100000 -2.400000
v -2.800000 1.300000 -2.400000
v -2.800000 3.000000 -2.400000
v -2.800000 3.100000 -2.400000
v -2.800000 3.200001 -2.400000
v -2.800000 3.300000 -2.400000
v -2.800000 3.400001 -2.400000
v -2.700000 2.200001 -2.400000
v -2.700000 2.400001 -2.400000
v -2.700000 3.100000 -2.400000
v -2.700000 3.200001 -2.400000
v -2.700000 3.300000 -2.400000
v -2.600000 0.800000 -2.400000
v -2.600000 1.000000 -2.400000
v -2.600000 2.200001 -2.400000
v -2.600000 2.400001 -2.400000
v -2.600000 2.600000 -2.400000
v -2.600000 2.900001 -2.400000
v -2.600000 3.100000 -2.400000
v -2.600000 3.200001 -2.400000
v -2.500000 1.900000 -2.400000
v -2.500000 2.400001 -2.400000
v -2.500000 2.600000 -2.400000
v -2.500000 2.700001 -2.400000
v -2.500000 2.900001 -2.400000
v -2.500000 3.100000 -2.400000
v -2.400000 1.400000 -2.400000
v -2.400000 2.900001 -2.400000
v -2.300000 0.500000 -2.400000
v -2.300000 0.700000 -2.400000
v -2.300000 1.100000 -2.400000
v -2.400000 2.400001 -2.400000
v -2.300000 1.300000 -2.400000
v -2.000000 3.600000 -2.400000
v -2.400000 2.600000 -2.400000
v -2.000000 3.700001 -2.399999
v -1.900000 3.500000 -2.400000
v -1.900000 3.600000 -2.400000
v -1.900000 3.700001 -2.399999
v -1.900000 3.800000 -2.399999
v -1.800000 3.500000 -2.400000
v -1.800000 3.600000 -2.400000
v -1.800000 3.700001 -2.399999
v -1.800000 3.800000 -2.399999
v -1.700000 3.300000 -2.400000
v -1.700000 3.600000 -2.400000
v -1.700000 3.700001 -2.399999
v -1.700000 3.800000 -2.399999
v -1.600000 3.300000 -2.400000
v -1.600000 3.400001 -2.400000
v -1.600000 3.500000 -2.400000
v -1.600000 3.600000 -2.400000
v -1.600000 3.700001 -2.399999
v -1.600000 3.800000 -2.399999
v -1.500000 3.400001 -2.400000
v -1.500000 3.500000 -2.400000
v -1.500000 3.600000 -2.400000
v -1.500000 3.700001 -2.399999
v -1.400000 1.800000 -2.400000
v -1.400000 2.400001 -2.400000
v -1.400000 2.600000 -2.400000
v -1.400000 3.100000 -2.400000
v -1.300000 3.100000 -2.400000
v -1.300000 3.300000 -2.400000
v -1.300000 1.900000 -2.400000
v -1.300000 2.100000 -2.400000
v -1.200000 1.900000 -2.400000
v -1.300000 2.800000 -2.400000
v -1.200000 2.100000 -2.400000
v -1.200000 2.300000 -2.400000
v -1.300000 2.900001 -2.400000
v -1.300000 3.000000 -2.400000
v -1.200000 2.900001 -2.400000
v -1.200000 3.000000 -2.400000
v -1.200000 3.100000 -2.400000
v -1.200000 3.300000 -2.400000
v -1.200000 3.400001 -2.400000
v -1.100000 2.100000 -2.400000
v -1.100000 2.300000 -2.400000
v -1.100000 3.000000 -2.400000
v -1.100000 3.100000 -2.400000
v -1.100000 3.200001 -2.400000
v -1.100000 4.400001 -2.399999
v -1.100000 4.500000 -2.399999
v -1.000000 3.100000 -2.400000
v -1.000000 3.200001 -2.400000
v -1.000000 3.300000 -2.400000
v -1.000000 3.400001 -2.400000
v -1.000000 3.500000 -2.400000
v -1.000000 4.300001 -2.399999
v -1.000000 4.400001 -2.399999
v -1.000000 4.500000 -2.399999
v -1.000000 4.600000 -2.399999
v -0.900000 1.400000 -2.400000
v -0.900000 1.600000 -2.400000
v -0.900000 4.300001 -2.399999
v -0.900000 4.400001 -2.399999
v -0.900000 4.500000 -2.399999
v -0.900000 4.600000 -2.399999
v -0.800000 4.400001 -2.399999
v -0.800000 4.500000 -2.399999
v -0.700000 3.000000 -2.400000
v -0.700000 3.100000 -2.400000
v -0.600000 1.100000 -2.400000
v -0.600000 1.300000 -2.400000
v -0.600000 3.000000 -2.400000
v -0.600000 3.100000 -2.400000
v -0.600000 3.200001 -2.400000
v -0.600000 3.300000 -2.400000
v -0.600000 3.400001 -2.400000
v -0.600000 3.500000 -2.400000
v -0.500000 2.400001 -2.400000
v -0.500000 2.600000 -2.400000
v -0.500000 3.100000 -2.400000
v -0.500000 3.200001 -2.400000
v -0.500000 3.300000 -2.400000
v -0.400000 1.400000 -2.400000
v -0.400000 1.600000 -2.400000
v -0.400000 2.400001 -2.400000
v -0.400000 2.600000 -2.400000
v -0.400000 2.800000 -2.400000
v -0.400000 3.100000 -2.400000
v -0.400000 3.200001 -2.400000
v -0.400000 3.300000 -2.400000
v -0.400000 3.400001 -2.400000
v -0.300000 1.400000 -2.400000
v -0.300000 1.600000 -2.400000
v -0.300000 1.900000 -2.400000
v -0.300000 2.600000 -2.400000
v -0.300000 2.800000 -2.400000
v -0.300000 2.900001 -2.400000
v -0.300000 3.100000 -2.400000
v -0.300000 3.300000 -2.400000
v -0.200000 1.800000 -2.400000
v -0.200000 3.100000 -2.400000
v -0.200000 3.300000 -2.400000
v -0.200000 3.400001 -2.400000
v -0.100000 1.100000 -2.400000
v -0.100000 1.300000 -2.400000
v -0.200000 2.600000 -2.400000
v -0.100000 3.200001 -2.400000
v -0.100000 3.300000 -2.400000
v -0.100000 3.400001 -2.400000
v -0.100000 3.500000 -2.400000
v 0.000000 3.200001 -2.400000
v 0.000000 3.300000 -2.400000
v 0.000000 3.400001 -2.400000
v 0.000000 3.500000 -2.400000
v 0.099999 3.300000 -2.400000
v 0.099999 3.400001 -2.400000
v 0.200000 1.400000 -2.400000
v -0.200000 2.400001 -2.400000
v 0.200000 1.600000 -2.400000
v 0.300000 0.200000 -2.400000
v 0.300000 2.400001 -2.400000
v 0.300000 2.600000 -2.400000
v 0.300000 4.900001 -2.399999
v -7.700000 5.400001 -2.399999
v -7.700000 5.500000 -2.399999
v 0.300000 5.400001 -2.399999
v 0.300000 5.500000 -2.399999
v 1.400000 6.500000 -2.399999
v 1.400000 6.600000 -2.399999
v 6.600000 6.500000 -2.399999
v 6.600000 6.600000 -2.399999
v -7.800000 0.000000 -2.500000
v -7.800000 5.100000 -2.499999
v -7.600000 0.200000 -2.500000
v -7.600000 2.400001 -2.500000
v -7.600000 2.600000 -2.500000
v -7.600000 4.900001 -2.499999
v -7.100000 2.400001 -2.500000
v -7.100000 2.600000 -2.500000
v -7.100000 1.900000 -2.500000
v -7.000000 1.900000 -2.500000
v -7.100000 2.900001 -2.500000
v -7.000000 2.600000 -2.500000
v -7.000000 2.700001 -2.500000
v -7.000000 2.900001 -2.500000
v -7.000000 3.100000 -2.500000
v -6.900000 2.900001 -2.500000
v -6.900000 3.100000 -2.500000
v -6.900000 3.200001 -2.500000
v -6.800000 3.100000 -2.500000
v -6.800000 3.200001 -2.500000
v -6.800000 3.300000 -2.500000
v -6.700000 3.200001 -2.500000
v -6.700000 3.300000 -2.500000
v -7.000000 1.800000 -2.500000
v -6.600000 1.800000 -2.500000
v -6.600000 1.900000 -2.500000
v -6.700000 3.400001 -2.500000
v -6.500000 3.300000 -2.500000
v -6.500000 3.400001 -2.500000
v -6.500000 1.800000 -2.500000
v -6.500000 1.900000 -2.500000
v -6.200000 1.900000 -2.500000
v -6.200000 2.600000 -2.500000
v -6.200000 2.700001 -2.500000
v -6.500000 3.500000 -2.500000
v -6.200000 3.400001 -2.500000
v -6.100000 1.900000 -2.500000
v -6.100000 2.600000 -2.500000
v -6.100000 2.700001 -2.500000
v -6.100000 3.400001 -2.500000
v -5.600000 1.800000 -2.500000
v -5.600000 1.900000 -2.500000
v -5.500000 1.800000 -2.500000
v -5.500000 1.900000 -2.500000
v -4.700000 1.800000 -2.500000
v -4.700000 1.900000 -2.500000
v -4.600000 1.800000 -2.500000
v -4.600000 1.900000 -2.500000
v -4.200000 1.800000 -2.500000
v -4.200000 1.900000 -2.500000
v -4.100000 1.800000 -2.500000
v -4.100000 1.900000 -2.500000
v -3.400000 1.900000 -2.500000
v -3.400000 2.600000 -2.500000
v -3.400000 2.700001 -2.500000
v -3.400000 3.400001 -2.500000
v -3.400000 2.100000 -2.500000
v -3.300000 1.800000 -2.500000
v -3.300000 2.000000 -2.500000
v -3.300000 2.100000 -2.500000
v -3.300000 2.200001 -2.500000
v -3.400000 2.200001 -2.500000
v -3.300000 2.300000 -2.500000
v -3.300000 2.600000 -2.500000
v -3.300000 2.700001 -2.500000
v -3.300000 3.400001 -2.500000
v -3.000000 3.400001 -2.500000
v -3.000000 3.500000 -2.500000
v -3.000000 3.300000 -2.500000
v -2.800000 3.300000 -2.500000
v -2.800000 3.400001 -2.500000
v -2.800000 3.200001 -2.500000
v -2.700000 3.200001 -2.500000
v -2.700000 3.300000 -2.500000
v -2.700000 3.100000 -2.500000
v -2.600000 3.100000 -2.500000
v -2.600000 3.200001 -2.500000
v -3.200000 1.800000 -2.500000
v -3.200000 1.900000 -2.500000
v -2.500000 1.800000 -2.500000
v -2.500000 1.900000 -2.500000
v -2.500000 2.600000 -2.500000
v -2.500000 2.700001 -2.500000
v -2.600000 2.900001 -2.500000
v -2.500000 2.900001 -2.500000
v -2.500000 3.100000 -2.500000
v -2.400000 1.900000 -2.500000
v -2.400000 2.400001 -2.500000
v -2.400000 2.600000 -2.500000
v -2.400000 2.900001 -2.500000
v -1.400000 2.400001 -2.500000
v -1.400000 2.600000 -2.500000
v -1.300000 1.900000 -2.500000
v -1.400000 3.100000 -2.500000
v -1.400000 1.800000 -2.500000
v -1.300000 2.800000 -2.500000
v -1.300000 2.900001 -2.500000
v -1.300000 3.100000 -2.500000
v -1.300000 3.300000 -2.500000
v -1.200000 3.100000 -2.500000
v -1.200000 3.300000 -2.500000
v -1.200000 3.400001 -2.500000
v -1.000000 3.300000 -2.500000
v -1.000000 3.400001 -2.500000
v -1.000000 3.500000 -2.500000
v -0.600000 3.400001 -2.500000
v -0.600000 3.500000 -2.500000
v -0.600000 3.300000 -2.500000
v -0.400000 3.300000 -2.500000
v -0.400000 3.400001 -2.500000
v -0.300000 1.900000 -2.500000
v -0.300000 2.800000 -2.500000
v -0.300000 2.900001 -2.500000
v -0.400000 3.100000 -2.500000
v -0.300000 3.100000 -2.500000
v -0.300000 3.300000 -2.500000
v -0.200000 1.800000 -2.500000
v -0.200000 2.400001 -2.500000
v -0.200000 2.600000 -2.500000
v -0.200000 3.100000 -2.500000
v 0.200000 0.000000 -2.500000
v 0.200000 0.200000 -2.500000
v 0.200000 2.400001 -2.500000
v 0.200000 2.600000 -2.500000
v 0.200000 4.900001 -2.499999
v 0.200000 5.100000 -2.499999
v -7.800000 5.300001 -2.499999
v -7.800000 5.400001 -2.499999
v 0.200000 5.300001 -2.499999
v 0.200000 5.400001 -2.499999
v 0.300000 1.400000 -2.500000
v 0.300000 1.600000 -2.500000
v 0.400000 1.400000 -2.500000
v 0.400000 1.600000 -2.500000
v 0.300000 2.000000 -2.500000
v 0.300000 2.200001 -2.500000
v 0.400000 2.000000 -2.500000
v 0.400000 2.200001 -2.500000
v 1.300000 6.400001 -2.499999
v 1.300000 6.500000 -2.499999
v 6.700000 6.400001 -2.499999
v 6.700000 6.500000 -2.499999
v 7.700000 3.400001 -2.500000
v 7.700000 3.500000 -2.500000
v 7.800000 3.400001 -2.500000
v 7.800000 3.500000 -2.500000
v -6.700000 2.200001 -2.599999
v -6.700000 2.300000 -2.599999
v -6.600000 2.200001 -2.599999
v -6.600000 2.300000 -2.599999
v -6.600000 1.800000 -2.600000
v -6.600000 2.100000 -2.600000
v -6.500000 1.800000 -2.600000
v -6.500000 2.100000 -2.600000
v -6.500000 2.200001 -2.599999
v -6.600000 2.400001 -2.599999
v -6.500000 2.300000 -2.599999
v -6.500000 2.400001 -2.599999
v -6.400000 2.200001 -2.599999
v -6.400000 2.300000 -2.599999
v -5.700000 2.100000 -2.600000
v -5.700000 2.200001 -2.599999
v -5.600000 2.100000 -2.600000
v -5.600000 2.200001 -2.599999
v -5.600000 1.800000 -2.600000
v -5.600000 2.000000 -2.600000
v -5.500000 1.800000 -2.600000
v -5.500000 2.000000 -2.600000
v -5.500000 2.100000 -2.600000
v -5.600000 2.300000 -2.599999
v -5.500000 2.200001 -2.599999
v -5.500000 2.300000 -2.599999
v -5.400000 2.100000 -2.600000
v -5.400000 2.200001 -2.599999
v -4.800000 2.000000 -2.600000
v -4.800000 2.100000 -2.600000
v -4.700000 2.000000 -2.600000
v -4.700000 2.100000 -2.600000
v -4.700000 1.800000 -2.600000
v -4.700000 1.900000 -2.600000
v -4.600000 1.800000 -2.600000
v -4.600000 1.900000 -2.600000
v -4.600000 2.000000 -2.600000
v -4.700000 2.200001 -2.599999
v -4.600000 2.100000 -2.600000
v -4.600000 2.200001 -2.599999
v -4.500000 2.000000 -2.600000
v -4.500000 2.100000 -2.600000
v -4.300000 2.000000 -2.600000
v -4.300000 2.100000 -2.600000
v -4.200000 2.000000 -2.600000
v -4.200000 2.100000 -2.600000
v -4.200000 1.800000 -2.600000
v -4.200000 1.900000 -2.600000
v -4.100000 1.800000 -2.600000
v -4.100000 1.900000 -2.600000
v -4.100000 2.000000 -2.600000
v -4.200000 2.200001 -2.599999
v -4.100000 2.100000 -2.600000
v -4.100000 2.200001 -2.599999
v -4.000000 2.000000 -2.600000
v -4.000000 2.100000 -2.600000
v -3.400000 2.100000 -2.600000
v -3.400000 2.200001 -2.599999
v -3.300000 2.100000 -2.600000
v -3.300000 2.200001 -2.599999
v -3.300000 1.800000 -2.600000
v -3.300000 2.000000 -2.600000
v -3.200000 1.800000 -2.600000
v -3.200000 2.000000 -2.600000
v -3.200000 2.100000 -2.600000
v -3.300000 2.300000 -2.599999
v -3.200000 2.200001 -2.599999
v -3.200000 2.300000 -2.599999
v -3.100000 2.100000 -2.600000
v -3.100000 2.200001 -2.599999
v -7.900000 5.200000 -2.599999
v -7.900000 5.300001 -2.599999
v 0.099999 5.200000 -2.599999
v 0.099999 5.300001 -2.599999
v 1.200000 6.300001 -2.599999
v 1.200000 6.400001 -2.599999
v 6.800000 6.300001 -2.599999
v 6.800000 6.400001 -2.599999
v -6.000000 2.000000 -2.700000
v -6.000000 2.100000 -2.700000
v -5.900000 2.000000 -2.700000
v -5.900000 2.100000 -2.700000
v -5.900000 1.800000 -2.700000
v -5.900000 1.900000 -2.700000
v -5.800000 1.800000 -2.700000
v -5.800000 1.900000 -2.700000
v -5.800000 2.000000 -2.700000
v -5.900000 2.200001 -2.700000
v -5.800000 2.100000 -2.700000
v -5.800000 2.200001 -2.700000
v -5.700000 2.000000 -2.700000
v -5.700000 2.100000 -2.700000
v -5.100000 2.100000 -2.700000
v -5.100000 2.200001 -2.700000
v -5.000000 2.100000 -2.700000
v -5.000000 2.200001 -2.700000
v -5.000000 1.800000 -2.700000
v -5.000000 2.000000 -2.700000
v -4.900000 1.800000 -2.700000
v -4.900000 2.000000 -2.700000
v -4.900000 2.100000 -2.700000
v -5.000000 2.300000 -2.700000
v -4.900000 2.200001 -2.700000
v -4.900000 2.300000 -2.700000
v -4.800000 2.100000 -2.700000
v -4.800000 2.200001 -2.700000
v -4.000000 2.200001 -2.700000
v -4.000000 2.300000 -2.700000
v -3.900000 2.200001 -2.700000
v -3.900000 2.300000 -2.700000
v -3.900000 1.800000 -2.700000
v -3.900000 2.100000 -2.700000
v -3.800000 1.800000 -2.700000
v -3.800000 2.100000 -2.700000
v -3.800000 2.200001 -2.700000
v -3.900000 2.400001 -2.700000
v -3.800000 2.300000 -2.700000
v -3.800000 2.400001 -2.700000
v -3.700000 2.200001 -2.700000
v -3.700000 2.300000 -2.700000
v -3.000000 2.000000 -2.700000
v -3.000000 2.100000 -2.700000
v -2.900000 2.000000 -2.700000
v -2.900000 2.100000 -2.700000
v -2.900000 1.800000 -2.700000
v -2.900000 1.900000 -2.700000
v -2.800000 1.800000 -2.700000
v -2.800000 1.900000 -2.700000
v -2.800000 2.000000 -2.700000
v -2.900000 2.200001 -2.700000
v -2.800000 2.100000 -2.700000
v -2.800000 2.200001 -2.700000
v -2.700000 2.000000 -2.700000
v -2.700000 2.100000 -2.700000
v -8.000000 5.100000 -2.699999
v -8.000000 5.200000 -2.699999
v 0.000000 5.100000 -2.699999
v 0.000000 5.200000 -2.699999
v 1.100000 6.200000 -2.699999
v 1.100000 6.300001 -2.699999
v 6.900000 6.200000 -2.699999
v 6.900000 6.300001 -2.699999
v 7.700000 3.300000 -2.700000
v 7.700000 3.400001 -2.700000
v 7.800000 3.300000 -2.700000
v 7.800000 3.400001 -2.700000
v -7.000000 2.000000 -2.800000
v -7.000000 2.100000 -2.800000
v -6.900000 2.000000 -2.800000
v -6.900000 2.100000 -2.800000
v -6.900000 1.900000 -2.800000
v -6.800000 1.900000 -2.800000
v -6.800000 2.000000 -2.800000
v -6.900000 2.200001 -2.799999
v -6.800000 2.100000 -2.800000
v -6.800000 2.200001 -2.799999
v -6.700000 2.000000 -2.800000
v -6.700000 2.100000 -2.800000
v -6.400000 2.100000 -2.800000
v -6.400000 2.200001 -2.799999
v -6.300000 2.100000 -2.800000
v -6.300000 2.200001 -2.799999
v -6.300000 1.900000 -2.800000
v -6.300000 2.000000 -2.800000
v -6.200000 1.900000 -2.800000
v -6.200000 2.000000 -2.800000
v -6.200000 2.100000 -2.800000
v -6.300000 2.300000 -2.799999
v -6.200000 2.200001 -2.799999
v -6.200000 2.300000 -2.799999
v -6.100000 2.100000 -2.800000
v -6.100000 2.200001 -2.799999
v -5.400000 2.000000 -2.800000
v -5.400000 2.100000 -2.800000
v -5.300000 2.000000 -2.800000
v -5.300000 2.100000 -2.800000
v -5.300000 1.900000 -2.800000
v -5.200000 1.900000 -2.800000
v -5.200000 2.000000 -2.800000
v -5.300000 2.200001 -2.799999
v -5.200000 2.100000 -2.800000
v -5.200000 2.200001 -2.799999
v -5.100000 2.000000 -2.800000
v -5.100000 2.100000 -2.800000
v -4.500000 2.100000 -2.800000
v -4.500000 2.200001 -2.799999
v -4.400000 2.100000 -2.800000
v -4.400000 2.200001 -2.799999
v -4.400000 1.900000 -2.800000
v -4.400000 2.000000 -2.800000
v -4.300000 1.900000 -2.800000
v -4.300000 2.000000 -2.800000
v -4.300000 2.100000 -2.800000
v -4.400000 2.300000 -2.799999
v -4.300000 2.200001 -2.799999
v -4.300000 2.300000 -2.799999
v -4.200000 2.100000 -2.800000
v -4.200000 2.200001 -2.799999
v -3.700000 2.000000 -2.800000
v -3.700000 2.100000 -2.800000
v -3.600000 2.000000 -2.800000
v -3.600000 2.100000 -2.800000
v -3.600000 1.900000 -2.800000
v -3.500000 1.900000 -2.800000
v -3.500000 2.000000 -2.800000
v -3.600000 2.200001 -2.799999
v -3.500000 2.100000 -2.800000
v -3.500000 2.200001 -2.799999
v -3.400000 2.000000 -2.800000
v -3.400000 2.100000 -2.800000
v 0.300000 1.700001 -2.800000
v 0.300000 1.900000 -2.800000
v 0.400000 1.700001 -2.800000
v 0.400000 1.900000 -2.800000
v 1.000000 6.100000 -2.799999
v 1.000000 6.200000 -2.799999
v 7.000000 6.100000 -2.799999
v 7.000000 6.200000 -2.799999
v 7.700000 3.100000 -2.799999
v 7.700000 3.300000 -2.799999
v 7.800000 3.100000 -2.799999
v 7.800000 3.300000 -2.799999
v -7.100000 1.400000 -2.900000
v -7.100000 1.900000 -2.900000
v -2.400000 1.400000 -2.900000
v -2.400000 1.900000 -2.900000
v 0.900000 6.000000 -2.899999
v 0.900000 6.100000 -2.899999
v 7.100000 6.000000 -2.899999
v 7.100000 6.100000 -2.899999
v 7.700000 1.800000 -2.900000
v 7.700000 2.400001 -2.900000
v 7.800000 1.800000 -2.900000
v 7.800000 2.400001 -2.900000
v 7.700000 2.600000 -2.900000
v 7.700000 3.100000 -2.900000
v 7.800000 2.600000 -2.900000
v 7.800000 3.100000 -2.900000
v 0.800000 5.900001 -2.999999
v 0.800000 6.000000 -2.999999
v 7.200000 5.900001 -2.999999
v 7.200000 6.000000 -2.999999
v 0.700000 5.800001 -3.099999
v 0.700000 5.900001 -3.099999
v 7.300000 5.800001 -3.099999
v 7.300000 5.900001 -3.099999
v 0.599999 5.700000 -3.199999
v 0.599999 5.800001 -3.199999
v 7.400000 5.700000 -3.199999
v 7.400000 5.800001 -3.199999
v 0.500000 5.600000 -3.299999
v 0.500000 5.700000 -3.299999
v 7.500000 5.600000 -3.299999
v 7.500000 5.700000 -3.299999
v 0.500000 1.400001 -3.400000
v 0.500000 1.600001 -3.400000
v 0.900000 1.400001 -3.400000
v 0.900000 1.600001 -3.400000
v 0.800000 1.100001 -3.400000
v 0.800000 1.300001 -3.400000
v 1.300000 1.100001 -3.400000
v 1.300000 1.300001 -3.400000
v 3.700000 0.800001 -3.400000
v 3.700000 1.000001 -3.400000
v 4.200000 0.800001 -3.400000
v 4.200000 1.000001 -3.400000
v 4.100000 1.400001 -3.400000
v 4.100000 1.600001 -3.400000
v 4.200000 1.400001 -3.400000
v 4.200000 1.600001 -3.400000
v 4.000000 1.100001 -3.400000
v 4.000000 1.300001 -3.400000
v 4.500000 1.100001 -3.400000
v 4.500000 1.300001 -3.400000
v 6.700000 0.700001 -3.400000
v 6.700000 0.900001 -3.400000
v 7.200000 0.700001 -3.400000
v 7.200000 0.900001 -3.400000
v 6.700000 1.300001 -3.400000
v 6.700000 1.500001 -3.400000
v 7.200000 1.300001 -3.400000
v 7.200000 1.500001 -3.400000
v 7.000000 1.000001 -3.400000
v 7.000000 1.200001 -3.400000
v 7.500000 1.000001 -3.400000
v 7.500000 1.200001 -3.400000
v 0.400000 5.500000 -3.399999
v 0.400000 5.600000 -3.399999
v 7.600000 5.500000 -3.399999
v 7.600000 5.600000 -3.399999
v 0.400000 0.200001 -3.500000
v 0.400000 2.400001 -3.500000
v 0.500000 1.400001 -3.500000
v 0.500000 1.600001 -3.500000
v 0.400000 2.600000 -3.500000
v 0.400000 4.900001 -3.499999
v 0.500000 2.900001 -3.500000
v 0.500000 3.000000 -3.500000
v 0.599999 2.800000 -3.500000
v 0.599999 2.900001 -3.500000
v 0.599999 3.000000 -3.500000
v 0.599999 3.100000 -3.500000
v 0.700000 2.800000 -3.500000
v 0.700000 2.900001 -3.500000
v 0.700000 3.000000 -3.500000
v 0.700000 3.100000 -3.500000
v 0.800000 1.100001 -3.500000
v 0.800000 1.300001 -3.500000
v 0.800000 2.900001 -3.500000
v 0.800000 3.000000 -3.500000
v 0.900000 1.400001 -3.500000
v 0.900000 1.600001 -3.500000
v 0.900000 2.400001 -3.500000
v 0.900000 2.600000 -3.500000
v 0.900000 3.500000 -3.500000
v 1.000000 1.900001 -3.500000
v 1.000000 2.100000 -3.500000
v 1.100000 1.900001 -3.500000
v 1.000000 2.900001 -3.500000
v 1.100000 2.100000 -3.500000
v 1.100000 2.300000 -3.500000
v 1.000000 3.000000 -3.500000
v 1.000000 3.100000 -3.500000
v 1.100000 3.000000 -3.500000
v 1.000000 3.400001 -3.500000
v 1.100000 3.100000 -3.500000
v 1.100000 3.200001 -3.500000
v 1.200000 2.100000 -3.500000
v 1.200000 2.300000 -3.500000
v 1.200000 3.100000 -3.500000
v 1.200000 3.200001 -3.500000
v 1.300000 1.100001 -3.500000
v 1.300000 1.300001 -3.500000
v 1.300000 3.200001 -3.500000
v 1.300000 3.300000 -3.500000
v 1.400000 2.700001 -3.500000
v 1.400000 2.900001 -3.500000
v 1.400000 3.200001 -3.500000
v 1.400000 3.300000 -3.500000
v 1.400000 3.400001 -3.500000
v 1.500000 1.900001 -3.500000
v 1.500000 2.700001 -3.500000
v 1.500000 2.900001 -3.500000
v 1.500000 3.000000 -3.500000
v 1.500000 3.300000 -3.500000
v 1.500000 3.400001 -3.500000
v 1.600000 1.900001 -3.500000
v 1.600000 2.100000 -3.500000
v 1.700000 1.900001 -3.500000
v 1.600000 2.900001 -3.500000
v 1.700000 2.100000 -3.500000
v 1.700000 2.300000 -3.500000
v 1.600000 3.000000 -3.500000
v 1.600000 3.100000 -3.500000
v 1.700000 3.000000 -3.500000
v 1.600000 3.400001 -3.500000
v 1.700000 3.100000 -3.500000
v 1.700000 3.200001 -3.500000
v 1.800000 2.100000 -3.500000
v 1.800000 2.300000 -3.500000
v 1.800000 2.500000 -3.500000
v 1.800000 3.100000 -3.500000
v 1.800000 3.200001 -3.500000
v 1.900000 2.300000 -3.500000
v 1.900000 2.500000 -3.500000
v 2.100000 4.600000 -3.499999
v 2.100000 4.700000 -3.499999
v 2.200000 4.500000 -3.499999
v 2.200000 4.600000 -3.499999
v 2.200000 4.700000 -3.499999
v 2.200000 4.800001 -3.499999
v 2.300000 4.500000 -3.499999
v 2.300000 4.600000 -3.499999
v 2.300000 4.700000 -3.499999
v 2.300000 4.800001 -3.499999
v 2.400000 4.600000 -3.499999
v 2.400000 4.700000 -3.499999
v 3.100000 2.300000 -3.500000
v 3.100000 2.500000 -3.500000
v 3.200000 2.300000 -3.500000
v 3.200000 2.500000 -3.500000
v 3.200000 2.700001 -3.500000
v 3.200000 3.200001 -3.500000
v 3.200000 3.300000 -3.500000
v 3.300000 2.500000 -3.500000
v 3.300000 2.700001 -3.500000
v 3.300000 2.900001 -3.500000
v 3.300000 3.200001 -3.500000
v 3.300000 3.300000 -3.500000
v 3.300000 3.400001 -3.500000
v 3.400000 1.900001 -3.500000
v 3.400000 2.700001 -3.500000
v 3.400000 2.900001 -3.500000
v 3.400000 3.000000 -3.500000
v 3.400000 3.300000 -3.500000
v 3.400000 3.400001 -3.500000
v 3.500000 1.900001 -3.500000
v 3.500000 2.100000 -3.500000
v 3.600000 1.900001 -3.500000
v 3.500000 2.900001 -3.500000
v 3.600000 2.100000 -3.500000
v 3.600000 2.200001 -3.500000
v 3.600000 2.300000 -3.500000
v 3.500000 3.000000 -3.500000
v 3.500000 3.100000 -3.500000
v 3.600000 3.000000 -3.500000
v 3.500000 3.400001 -3.500000
v 3.600000 3.100000 -3.500000
v 3.600000 3.200001 -3.500000
v 3.700000 0.800001 -3.500000
v 3.700000 1.000001 -3.500000
v 3.700000 2.200001 -3.500000
v 3.700000 2.300000 -3.500000
v 3.700000 3.100000 -3.500000
v 3.700000 3.200001 -3.500000
v 3.800000 2.500000 -3.500000
v 3.800000 2.700001 -3.500000
v 3.800000 3.200001 -3.500000
v 3.800000 3.300000 -3.500000
v 3.900000 2.500000 -3.500000
v 3.900000 2.700001 -3.500000
v 3.900000 2.900001 -3.500000
v 3.900000 3.200001 -3.500000
v 3.900000 3.300000 -3.500000
v 3.900000 3.400001 -3.500000
v 4.000000 1.100001 -3.500000
v 4.000000 1.300001 -3.500000
v 4.000000 1.900001 -3.500000
v 4.000000 2.700001 -3.500000
v 4.000000 2.900001 -3.500000
v 4.000000 3.000000 -3.500000
v 4.000000 3.300000 -3.500000
v 4.000000 3.400001 -3.500000
v 4.000000 3.800000 -3.499999
v 4.000000 3.900001 -3.499999
v 4.100000 1.400001 -3.500000
v 4.100000 3.500000 -3.500000
v 4.100000 3.700001 -3.499999
v 4.100000 3.800000 -3.499999
v 4.100000 3.900001 -3.499999
v 4.100000 4.000000 -3.499999
v 4.200000 0.800001 -3.500000
v 4.200000 1.000001 -3.500000
v 4.200000 1.400001 -3.500000
v 4.100000 1.600001 -3.500000
v 4.100000 2.400001 -3.500000
v 4.200000 1.600001 -3.500000
v 4.200000 3.700001 -3.499999
v 4.100000 2.600000 -3.500000
v 4.200000 3.800000 -3.499999
v 4.200000 3.900001 -3.499999
v 4.200000 4.000000 -3.499999
v 4.300000 3.500000 -3.500000
v 4.300000 3.800000 -3.499999
v 4.300000 3.900001 -3.499999
v 4.300000 4.000000 -3.499999
v 4.400000 3.500000 -3.500000
v 4.400000 3.600000 -3.500000
v 4.400000 3.700001 -3.499999
v 4.400000 3.800000 -3.499999
v 4.400000 3.900001 -3.499999
v 4.400000 4.000000 -3.499999
v 4.500000 1.100001 -3.500000
v 4.500000 1.300001 -3.500000
v 4.500000 3.600000 -3.500000
v 4.500000 3.700001 -3.499999
v 4.500000 3.800000 -3.499999
v 4.500000 3.900001 -3.499999
v 4.600000 0.200001 -3.500000
v 4.600000 2.400001 -3.500000
v 4.600000 2.600000 -3.500000
v 4.600000 3.500000 -3.500000
v 4.700000 3.500000 -3.500000
v 4.700000 3.700001 -3.499999
v 4.700000 0.100001 -3.500000
v 4.700000 0.700001 -3.500000
v 4.800000 0.200001 -3.500000
v 4.800000 0.700001 -3.500000
v 4.700000 1.000001 -3.500000
v 4.700000 2.600000 -3.500000
v 4.800000 1.000001 -3.500000
v 4.800000 2.600000 -3.500000
v 4.700000 2.900001 -3.500000
v 4.800000 2.900001 -3.500000
v 4.800000 3.500000 -3.500000
v 4.800000 3.700001 -3.499999
v 4.800000 3.800000 -3.499999
v 4.800000 0.800001 -3.500000
v 4.900000 0.800001 -3.500000
v 4.800000 2.700001 -3.500000
v 4.900000 0.900001 -3.500000
v 4.800000 0.900001 -3.500000
v 4.900000 2.700001 -3.500000
v 4.900000 2.800000 -3.500000
v 4.800000 2.800000 -3.500000
v 4.900000 3.500000 -3.500000
v 4.900000 3.700001 -3.499999
v 4.900000 3.800000 -3.499999
v 4.900000 3.900001 -3.499999
v 5.000000 0.200001 -3.500000
v 5.000000 3.700001 -3.499999
v 5.000000 3.800000 -3.499999
v 5.000000 3.900001 -3.499999
v 5.000000 4.000000 -3.499999
v 5.100000 0.200001 -3.500000
v 5.100000 3.900001 -3.499999
v 5.100000 4.000000 -3.499999
v 5.100000 4.100000 -3.499999
v 5.300000 3.900001 -3.499999
v 5.300000 4.000000 -3.499999
v 5.300000 4.100000 -3.499999
v 5.300000 4.200000 -3.499999
v 5.500000 0.200001 -3.500000
v 5.500000 4.000000 -3.499999
v 5.600000 0.200001 -3.500000
v 5.600000 4.000000 -3.499999
v 5.900000 3.900001 -3.499999
v 5.900000 4.000000 -3.499999
v 5.900000 4.100000 -3.499999
v 5.900000 4.200000 -3.499999
v 6.000000 0.200001 -3.500000
v 6.000000 3.900001 -3.499999
v 6.100000 0.200001 -3.500000
v 6.100000 3.800000 -3.499999
v 6.100000 3.900001 -3.499999
v 6.100000 4.000000 -3.499999
v 6.100000 4.100000 -3.499999
v 6.200000 1.800001 -3.500000
v 6.200000 2.100000 -3.500000
v 6.200000 3.700001 -3.499999
v 6.200000 3.800000 -3.499999
v 6.200000 3.900001 -3.499999
v 6.200000 4.000000 -3.499999
v 6.300000 3.500000 -3.500000
v 6.300000 3.700001 -3.499999
v 6.300000 3.800000 -3.499999
v 6.300000 3.900001 -3.499999
v 6.400000 0.200001 -3.500000
v 6.400000 1.800001 -3.500000
v 6.400000 2.100000 -3.500000
v 6.400000 3.500000 -3.500000
v 6.400000 3.700001 -3.499999
v 6.400000 3.800000 -3.499999
v 6.500000 0.100001 -3.500000
v 6.500000 1.800001 -3.500000
v 6.500000 2.100000 -3.500000
v 6.500000 3.500000 -3.500000
v 6.500000 3.700001 -3.499999
v 6.600000 3.500000 -3.500000
v 6.600000 0.200001 -3.500000
v 6.600000 2.400001 -3.500000
v 6.700000 0.700001 -3.500000
v 6.700000 0.900001 -3.500000
v 6.700000 1.300001 -3.500000
v 6.700000 1.500001 -3.500000
v 6.600000 2.600000 -3.500000
v 6.600000 2.800000 -3.500000
v 6.700000 2.700001 -3.500000
v 6.600000 2.900001 -3.500000
v 6.700000 2.800000 -3.500000
v 6.600000 3.000000 -3.500000
v 6.700000 2.900001 -3.500000
v 6.600000 3.100000 -3.500000
v 6.700000 3.000000 -3.500000
v 6.700000 3.100000 -3.500000
v 6.700000 3.200001 -3.500000
v 6.800000 2.700001 -3.500000
v 6.800000 3.000000 -3.500000
v 6.800000 3.100000 -3.500000
v 6.800000 3.200001 -3.500000
v 6.900000 2.900001 -3.500000
v 6.900000 3.000000 -3.500000
v 6.900000 3.100000 -3.500000
v 6.900000 3.200001 -3.500000
v 7.000000 1.000001 -3.500000
v 7.000000 1.200001 -3.500000
v 7.000000 2.900001 -3.500000
v 7.000000 3.000000 -3.500000
v 7.000000 3.100000 -3.500000
v 7.000000 3.200001 -3.500000
v 7.100000 3.000000 -3.500000
v 7.100000 3.100000 -3.500000
v 7.100000 4.200000 -3.499999
v 7.100000 4.300001 -3.499999
v 7.200000 0.700001 -3.500000
v 7.200000 0.900001 -3.500000
v 7.200000 1.300001 -3.500000
v 7.200000 1.500001 -3.500000
v 7.200000 4.100000 -3.499999
v 7.200000 4.200000 -3.499999
v 7.200000 4.300001 -3.499999
v 7.200000 4.400001 -3.499999
v 7.300000 4.100000 -3.499999
v 7.300000 4.200000 -3.499999
v 7.300000 4.300001 -3.499999
v 7.300000 4.400001 -3.499999
v 7.400000 4.200000 -3.499999
v 7.400000 4.300001 -3.499999
v 7.500000 1.000001 -3.500000
v 7.500000 1.200001 -3.500000
v 7.600000 0.200001 -3.500000
v 7.600000 2.400001 -3.500000
v 7.600000 2.600000 -3.500000
v 7.600000 4.900001 -3.499999
v 0.300000 5.400001 -3.499999
v 0.300000 5.500000 -3.499999
v 7.700000 5.400001 -3.499999
v 7.700000 5.500000 -3.499999
v 0.200000 0.000001 -3.600000
v 0.200000 5.100000 -3.599999
v 0.400000 0.200001 -3.600000
v 0.400000 2.400001 -3.599999
v 0.400000 2.600000 -3.599999
v 0.400000 4.900001 -3.599999
v 0.900000 2.400001 -3.599999
v 0.900000 2.600000 -3.599999
v 0.900000 1.900001 -3.600000
v 1.000000 1.900001 -3.600000
v 0.900000 3.500000 -3.599999
v 1.000000 2.900001 -3.599999
v 1.000000 3.000000 -3.599999
v 1.000000 3.400001 -3.599999
v 1.000000 1.800001 -3.600000
v 1.400000 1.800001 -3.600000
v 1.400000 1.900001 -3.600000
v 1.500000 2.900001 -3.599999
v 1.500000 3.000000 -3.599999
v 1.500000 3.400001 -3.599999
v 1.500000 1.800001 -3.600000
v 1.500000 1.900001 -3.600000
v 1.600000 1.800001 -3.600000
v 1.600000 1.900001 -3.600000
v 1.600000 2.100000 -3.600000
v 1.500000 2.100000 -3.600000
v 1.500000 2.200001 -3.599999
v 1.600000 2.900001 -3.599999
v 1.600000 3.000000 -3.599999
v 1.600000 3.400001 -3.599999
v 1.700000 1.800001 -3.600000
v 1.700000 1.900001 -3.600000
v 1.800000 1.900001 -3.600000
v 2.600000 1.800001 -3.600000
v 2.600000 1.900001 -3.600000
v 2.700000 1.800001 -3.600000
v 2.700000 1.900001 -3.600000
v 3.400000 1.900001 -3.600000
v 3.400000 2.900001 -3.599999
v 3.400000 3.000000 -3.599999
v 3.400000 3.400001 -3.599999
v 3.500000 1.900001 -3.600000
v 3.500000 2.900001 -3.599999
v 3.500000 3.000000 -3.599999
v 3.500000 3.400001 -3.599999
v 3.700000 1.800001 -3.600000
v 3.700000 1.900001 -3.600000
v 3.800000 1.800001 -3.600000
v 3.800000 1.900001 -3.600000
v 4.000000 1.800001 -3.600000
v 4.000000 1.900001 -3.600000
v 4.000000 2.900001 -3.599999
v 4.000000 3.000000 -3.599999
v 4.000000 3.400001 -3.599999
v 4.100000 1.900001 -3.600000
v 4.100000 2.400001 -3.599999
v 4.100000 2.600000 -3.599999
v 4.100000 3.500000 -3.599999
v 4.600000 0.200001 -3.600000
v 4.600000 2.400001 -3.599999
v 4.600000 2.600000 -3.599999
v 4.700000 0.100001 -3.600000
v 4.600000 3.500000 -3.599999
v 4.700000 0.700001 -3.600000
v 4.700000 1.000001 -3.600000
v 4.700000 2.600000 -3.599999
v 4.700000 2.900001 -3.599999
v 4.700000 3.500000 -3.599999
v 4.800000 0.700001 -3.600000
v 4.800000 0.800001 -3.600000
v 4.800000 0.900001 -3.600000
v 4.800000 1.000001 -3.600000
v 4.800000 2.600000 -3.599999
v 4.800000 2.700001 -3.599999
v 4.800000 2.800000 -3.599999
v 4.800000 2.900001 -3.599999
v 4.700000 3.700001 -3.599999
v 4.800000 3.500000 -3.599999
v 4.800000 3.700001 -3.599999
v 4.900000 0.800001 -3.600000
v 4.900000 0.900001 -3.600000
v 4.900000 2.700001 -3.599999
v 4.900000 2.800000 -3.599999
v 4.800000 3.800000 -3.599999
v 4.900000 3.700001 -3.599999
v 4.900000 3.800000 -3.599999
v 4.900000 3.900001 -3.599999
v 5.000000 3.800000 -3.599999
v 5.000000 3.900001 -3.599999
v 5.000000 4.000000 -3.599999
v 5.100000 3.900001 -3.599999
v 5.100000 4.000000 -3.599999
v 5.100000 4.100000 -3.599999
v 5.300000 4.000000 -3.599999
v 5.300000 4.100000 -3.599999
v 5.300000 4.200000 -3.599999
v 5.900000 4.100000 -3.599999
v 5.900000 4.200000 -3.599999
v 5.900000 4.000000 -3.599999
v 6.100000 4.000000 -3.599999
v 6.100000 4.100000 -3.599999
v 6.100000 3.900001 -3.599999
v 6.200000 3.900001 -3.599999
v 6.200000 4.000000 -3.599999
v 6.200000 1.800001 -3.600000
v 6.200000 1.900001 -3.600000
v 6.300000 1.900001 -3.600000
v 6.200000 2.000000 -3.600000
v 6.200000 2.100000 -3.600000
v 6.300000 2.000000 -3.600000
v 6.200000 3.800000 -3.599999
v 6.300000 3.800000 -3.599999
v 6.300000 3.900001 -3.599999
v 6.400000 1.900001 -3.600000
v 6.400000 2.000000 -3.600000
v 6.300000 3.700001 -3.599999
v 6.400000 3.700001 -3.599999
v 6.400000 3.800000 -3.599999
v 6.500000 0.100001 -3.600000
v 6.500000 1.800001 -3.600000
v 6.500000 1.900001 -3.600000
v 6.500000 2.000000 -3.600000
v 6.500000 2.100000 -3.600000
v 6.400000 3.500000 -3.599999
v 6.500000 3.500000 -3.599999
v 6.500000 3.700001 -3.599999
v 6.500000 1.600001 -3.600000
v 6.500000 1.700001 -3.600000
v 6.600000 0.200001 -3.600000
v 6.600000 1.700001 -3.600000
v 6.600000 1.900001 -3.600000
v 6.600000 2.400001 -3.599999
v 6.600000 2.600000 -3.599999
v 6.600000 3.500000 -3.599999
v 7.600000 0.200001 -3.600000
v 7.600000 2.400001 -3.599999
v 7.600000 2.600000 -3.599999
v 7.600000 4.900001 -3.599999
v 7.800000 0.000001 -3.600000
v 7.800000 5.100000 -3.599999
v 0.200000 5.300001 -3.599999
v 0.200000 5.400001 -3.599999
v 7.800000 5.300001 -3.599999
v 7.800000 5.400001 -3.599999
v 1.300000 2.000001 -3.700000
v 1.300000 2.100001 -3.700000
v 1.400000 2.000001 -3.700000
v 1.400000 2.100001 -3.700000
v 1.400000 1.800001 -3.700000
v 1.400000 1.900001 -3.700000
v 1.500000 1.800001 -3.700000
v 1.500000 1.900001 -3.700000
v 1.500000 2.000001 -3.700000
v 1.400000 2.200001 -3.700000
v 1.500000 2.100001 -3.700000
v 1.500000 2.200001 -3.700000
v 1.600000 1.900001 -3.700000
v 1.600000 2.000001 -3.700000
v 1.600000 1.800001 -3.700000
v 1.700000 1.800001 -3.700000
v 1.700000 1.900001 -3.700000
v 1.700000 2.000001 -3.700000
v 1.700000 2.100001 -3.700000
v 1.800000 1.900001 -3.700000
v 1.800000 2.000001 -3.700000
v 2.500000 2.100001 -3.700000
v 2.500000 2.200001 -3.700000
v 2.600000 2.100001 -3.700000
v 2.600000 2.200001 -3.700000
v 2.600000 1.800001 -3.700000
v 2.600000 2.000001 -3.700000
v 2.700000 1.800001 -3.700000
v 2.700000 1.900001 -3.700000
v 2.700000 2.000001 -3.700000
v 2.700000 2.100001 -3.700000
v 2.600000 2.300001 -3.700000
v 2.700000 2.200001 -3.700000
v 2.700000 2.300001 -3.700000
v 2.800000 2.100001 -3.700000
v 2.800000 2.200001 -3.700000
v 3.600000 2.100001 -3.700000
v 3.600000 2.200001 -3.700000
v 3.700000 2.100001 -3.700000
v 3.700000 2.200001 -3.700000
v 3.700000 1.800001 -3.700000
v 3.700000 2.000001 -3.700000
v 3.800000 1.800001 -3.700000
v 3.800000 2.000001 -3.700000
v 3.800000 2.100001 -3.700000
v 3.700000 2.300001 -3.700000
v 3.800000 2.200001 -3.700000
v 3.800000 2.300001 -3.700000
v 3.900000 2.100001 -3.700000
v 3.900000 2.200001 -3.700000
v 6.100000 1.700001 -3.700000
v 6.100000 1.900001 -3.700000
v 6.200000 1.700001 -3.700000
v 6.200000 1.900001 -3.700000
v 6.200000 2.000001 -3.700000
v 6.300000 1.900001 -3.700000
v 6.300000 2.000001 -3.700000
v 6.200000 1.600001 -3.700000
v 6.500000 1.600001 -3.700000
v 6.500000 1.700001 -3.700000
v 6.400000 1.900001 -3.700000
v 6.400000 2.000001 -3.700000
v 6.500000 1.900001 -3.700000
v 6.500000 2.000001 -3.700000
v 6.600000 1.700001 -3.700000
v 6.600000 1.900001 -3.700000
v 0.099999 5.200000 -3.699999
v 0.099999 5.300001 -3.699999
v 7.900000 5.200000 -3.699999
v 7.900000 5.300001 -3.699999
v 1.000000 2.100001 -3.800000
v 1.000000 2.200001 -3.799999
v 1.100000 2.100001 -3.800000
v 1.100000 2.200001 -3.799999
v 1.100000 1.800001 -3.800000
v 1.100000 2.000001 -3.800000
v 1.200000 1.800001 -3.800000
v 1.200000 2.000001 -3.800000
v 1.200000 2.100001 -3.800000
v 1.100000 2.300001 -3.799999
v 1.200000 2.200001 -3.799999
v 1.200000 2.300001 -3.799999
v 1.300000 2.100001 -3.800000
v 1.300000 2.200001 -3.799999
v 2.100000 2.000001 -3.800000
v 2.100000 2.100001 -3.800000
v 2.200000 2.000001 -3.800000
v 2.200000 2.100001 -3.800000
v 2.200000 1.800001 -3.800000
v 2.200000 1.900001 -3.800000
v 2.300000 1.800001 -3.800000
v 2.300000 1.900001 -3.800000
v 2.300000 2.000001 -3.800000
v 2.200000 2.200001 -3.799999
v 2.300000 2.100001 -3.800000
v 2.300000 2.200001 -3.799999
v 2.400000 2.000001 -3.800000
v 2.400000 2.100001 -3.800000
v 2.700000 1.900001 -3.800000
v 2.700000 2.000001 -3.800000
v 2.800000 1.900001 -3.800000
v 2.800000 2.000001 -3.800000
v 2.800000 1.800001 -3.800000
v 2.900000 1.800001 -3.800000
v 2.900000 1.900001 -3.800000
v 2.800000 2.100001 -3.800000
v 2.900000 2.000001 -3.800000
v 2.900000 2.100001 -3.800000
v 3.000000 1.900001 -3.800000
v 3.000000 2.000001 -3.800000
v 3.000000 2.100001 -3.800000
v 3.100000 2.000001 -3.800000
v 3.100000 2.100001 -3.800000
v 3.100000 1.800001 -3.800000
v 3.100000 1.900001 -3.800000
v 3.200000 1.800001 -3.800000
v 3.200000 1.900001 -3.800000
v 3.200000 2.000001 -3.800000
v 3.100000 2.200001 -3.799999
v 3.200000 2.100001 -3.800000
v 3.200000 2.200001 -3.799999
v 3.300000 2.000001 -3.800000
v 3.300000 2.100001 -3.800000
v 0.000000 5.100000 -3.799999
v 0.000000 5.200000 -3.799999
v 8.000000 5.100000 -3.799999
v 8.000000 5.200000 -3.799999
v 1.700000 2.100001 -3.900000
v 1.700000 2.200001 -3.900000
v 1.800000 2.100001 -3.900000
v 1.800000 2.200001 -3.900000
v 1.800000 1.900001 -3.900000
v 1.800000 2.000001 -3.900000
v 1.900000 1.900001 -3.900000
v 1.900000 2.000001 -3.900000
v 1.900000 2.100001 -3.900000
v 1.800000 2.300001 -3.900000
v 1.900000 2.200001 -3.900000
v 1.900000 2.300001 -3.900000
v 2.000000 2.100001 -3.900000
v 2.000000 2.200001 -3.900000
v 3.300000 2.200001 -3.900000
v 3.300000 2.300001 -3.900000
v 3.400000 2.200001 -3.900000
v 3.400000 2.300001 -3.900000
v 3.400000 1.900001 -3.900000
v 3.400000 2.100001 -3.900000
v 3.500000 1.900001 -3.900000
v 3.500000 2.100001 -3.900000
v 3.500000 2.200001 -3.900000
v 3.400000 2.400001 -3.900000
v 3.500000 2.300001 -3.900000
v 3.500000 2.400001 -3.900000
v 3.600000 2.200001 -3.900000
v 3.600000 2.300001 -3.900000
v 3.700000 1.900001 -3.900000
v 3.700000 2.000001 -3.900000
v 3.800000 1.900001 -3.900000
v 3.800000 2.000001 -3.900000
v 3.900000 1.900001 -3.900000
v 3.800000 2.100001 -3.900000
v 3.900000 2.000001 -3.900000
v 3.900000 2.100001 -3.900000
v 4.000000 1.900001 -3.900000
v 4.000000 2.000001 -3.900000
v 0.900000 1.400001 -4.000000
v 0.900000 1.900001 -4.000000
v 4.100000 1.400001 -4.000000
v 4.100000 1.900001 -4.000000
v 0.300000 -0.000001 3.500000
v 7.800000 -0.000001 3.600000
v 0.200000 -0.000001 3.600000
v 7.700000 -0.000001 3.500000
v 0.200000 -0.000000 2.600000
v -7.700000 -0.000000 2.500000
v -7.800000 -0.000000 2.600000
v 0.300000 -0.000000 2.500000
v -7.700000 0.000000 -2.400000
v 0.300000 0.000000 -2.400000
v -7.800000 0.000000 -2.500000
v 0.200000 0.000000 -2.500000
v 0.300000 0.000001 -3.500000
v 7.700000 0.000001 -3.500000
v 0.200000 0.000001 -3.600000
v 7.800000 0.000001 -3.600000
v 6.700000 0.599999 3.400000
v 7.200000 0.599999 3.500000
v 6.700000 0.599999 3.500000
v 7.200000 0.599999 3.400000
v -6.800000 0.700000 -2.400000
v -6.300000 0.700000 -2.300000
v -6.800000 0.700000 -2.300000
v -6.300000 0.700000 -2.400000
v -2.800000 0.700000 -2.400000
v -2.300000 0.700000 -2.300000
v -2.800000 0.700000 -2.300000
v -2.300000 0.700000 -2.400000
v 4.700000 0.700001 -3.600000
v 4.800000 0.700001 -3.500000
v 4.700000 0.700001 -3.500000
v 4.800000 0.700001 -3.600000
v -2.600000 0.800000 2.400000
v -2.100000 0.800000 2.500000
v -2.600000 0.800000 2.500000
v -2.100000 0.800000 2.400000
v -7.700000 0.800000 1.200000
v -7.600000 0.800000 1.700000
v -7.700000 0.800000 1.700000
v -7.600000 0.800000 1.200000
v 4.800000 0.800001 -3.600000
v 4.900000 0.800001 -3.500000
v 4.800000 0.800001 -3.500000
v 4.900000 0.800001 -3.600000
v 7.000000 0.899999 3.400000
v 7.500000 0.899999 3.500000
v 7.000000 0.899999 3.500000
v 7.500000 0.899999 3.400000
v 7.600000 0.900000 -1.300000
v 7.700000 0.900000 -0.800000
v 7.600000 0.900000 -0.800000
v 7.700000 0.900000 -1.300000
v 7.600000 0.900000 -1.900000
v 7.700000 0.900000 -1.400000
v 7.600000 0.900000 -1.400000
v 7.700000 0.900000 -1.900000
v 6.700000 0.900001 -3.500000
v 7.200000 0.900001 -3.400000
v 6.700000 0.900001 -3.400000
v 7.200000 0.900001 -3.500000
v -7.100000 1.000000 -2.400000
v -6.600000 1.000000 -2.300000
v -7.100000 1.000000 -2.300000
v -6.600000 1.000000 -2.400000
v -3.100000 1.000000 -2.400000
v -2.600000 1.000000 -2.300000
v -3.100000 1.000000 -2.300000
v -2.600000 1.000000 -2.400000
v 3.700000 1.000001 -3.500000
v 4.200000 1.000001 -3.400000
v 3.700000 1.000001 -3.400000
v 4.200000 1.000001 -3.500000
v -7.400000 1.100000 2.400000
v -6.900000 1.100000 2.500000
v -7.400000 1.100000 2.500000
v -6.900000 1.100000 2.400000
v -6.800000 1.100000 2.400000
v -6.300000 1.100000 2.500000
v -6.800000 1.100000 2.500000
v -6.300000 1.100000 2.400000
v -2.900000 1.100000 2.400000
v -2.400000 1.100000 2.500000
v -2.900000 1.100000 2.500000
v -2.400000 1.100000 2.400000
v -7.700000 1.100000 1.500000
v -7.600000 1.100000 2.000000
v -7.700000 1.100000 2.000000
v -7.600000 1.100000 1.500000
v 4.200000 1.199999 3.400000
v 4.700000 1.199999 3.500000
v 4.200000 1.199999 3.500000
v 4.700000 1.199999 3.400000
v 6.700000 1.199999 3.400000
v 7.200000 1.199999 3.500000
v 6.700000 1.199999 3.500000
v 7.200000 1.199999 3.400000
v 7.600000 1.200000 -1.600000
v 7.700000 1.200000 -1.100000
v 7.600000 1.200000 -1.100000
v 7.700000 1.200000 -1.600000
v 7.000000 1.200001 -3.500000
v 7.500000 1.200001 -3.400000
v 7.000000 1.200001 -3.400000
v 7.500000 1.200001 -3.500000
v -6.800000 1.300000 -2.400000
v -6.300000 1.300000 -2.300000
v -6.800000 1.300000 -2.300000
v -6.300000 1.300000 -2.400000
v -3.400000 1.300000 -2.400000
v -2.900000 1.300000 -2.300000
v -3.400000 1.300000 -2.300000
v -2.900000 1.300000 -2.400000
v -2.800000 1.300000 -2.400000
v -2.300000 1.300000 -2.300000
v -2.800000 1.300000 -2.300000
v -2.300000 1.300000 -2.400000
v -0.600000 1.300000 -2.400000
v -0.100000 1.300000 -2.300000
v -0.600000 1.300000 -2.300000
v -0.100000 1.300000 -2.400000
v 0.800000 1.300001 -3.500000
v 1.300000 1.300001 -3.400000
v 0.800000 1.300001 -3.400000
v 1.300000 1.300001 -3.500000
v 4.000000 1.300001 -3.500000
v 4.500000 1.300001 -3.400000
v 4.000000 1.300001 -3.400000
v 4.500000 1.300001 -3.500000
v -7.100000 1.400000 2.400000
v -6.600000 1.400000 2.500000
v -7.100000 1.400000 2.500000
v -6.600000 1.400000 2.400000
v -2.600000 1.400000 2.400000
v -2.100000 1.400000 2.500000
v -2.600000 1.400000 2.500000
v -2.100000 1.400000 2.400000
v -7.700000 1.400000 1.200000
v -7.600000 1.400000 1.700000
v -7.700000 1.400000 1.700000
v -7.600000 1.400000 1.200000
v -7.100000 1.400000 -2.900000
v -2.400000 1.400000 -2.400000
v -7.100000 1.400000 -2.400000
v -2.400000 1.400000 -2.900000
v 0.900000 1.400001 -4.000000
v 4.100000 1.400001 -3.500000
v 0.900000 1.400001 -3.500000
v 4.100000 1.400001 -4.000000
v 1.100000 1.499999 3.400000
v 1.600000 1.499999 3.500000
v 1.100000 1.499999 3.500000
v 1.600000 1.499999 3.400000
v 3.900000 1.499999 3.400000
v 4.400000 1.499999 3.500000
v 3.900000 1.499999 3.500000
v 4.400000 1.499999 3.400000
v 4.500000 1.499999 3.400000
v 5.000000 1.499999 3.500000
v 4.500000 1.499999 3.500000
v 5.000000 1.499999 3.400000
v 7.600000 1.500000 2.300000
v 7.700000 1.500000 2.800000
v 7.600000 1.500000 2.800000
v 7.700000 1.500000 2.300000
v 6.700000 1.500001 -3.500000
v 7.200000 1.500001 -3.400000
v 6.700000 1.500001 -3.400000
v 7.200000 1.500001 -3.500000
v -5.300000 1.600000 -2.400000
v -4.800000 1.600000 -2.300000
v -5.300000 1.600000 -2.300000
v -4.800000 1.600000 -2.400000
v -0.900000 1.600000 -2.400000
v -0.400000 1.600000 -2.300000
v -0.900000 1.600000 -2.300000
v -0.400000 1.600000 -2.400000
v -0.300000 1.600000 -2.400000
v 0.200000 1.600000 -2.300000
v -0.300000 1.600000 -2.300000
v 0.200000 1.600000 -2.400000
v 0.300000 1.600001 -3.000000
v 0.400000 1.600000 -2.500000
v 0.300000 1.600000 -2.500000
v 0.400000 1.600001 -3.000000
v 0.500000 1.600001 -3.500000
v 0.900000 1.600001 -3.400000
v 0.500000 1.600001 -3.400000
v 0.900000 1.600001 -3.500000
v 4.100000 1.600001 -3.500000
v 4.200000 1.600001 -3.400000
v 4.100000 1.600001 -3.400000
v 4.200000 1.600001 -3.500000
v 6.200000 1.600001 -3.700000
v 6.500000 1.600001 -3.600000
v 6.200000 1.600001 -3.600000
v 6.500000 1.600001 -3.700000
v -0.600000 1.700000 2.400000
v -0.100000 1.700000 2.500000
v -0.600000 1.700000 2.500000
v -0.100000 1.700000 2.400000
v -7.700000 1.700000 -1.900000
v -7.600000 1.700000 -1.400000
v -7.700000 1.700000 -1.400000
v -7.600000 1.700000 -1.900000
v 6.100000 1.700001 -3.700000
v 6.200000 1.700001 -3.600000
v 6.100000 1.700001 -3.600000
v 6.200000 1.700001 -3.700000
v 6.500000 1.700001 -3.700000
v 6.600000 1.700001 -3.600000
v 6.500000 1.700001 -3.600000
v 6.600000 1.700001 -3.700000
v 1.400000 1.799999 3.400000
v 1.900000 1.799999 3.500000
v 1.400000 1.799999 3.500000
v 1.900000 1.799999 3.400000
v 4.200000 1.799999 3.400000
v 4.700000 1.799999 3.500000
v 4.200000 1.799999 3.500000
v 4.700000 1.799999 3.400000
v 7.600000 1.799999 2.600000
v 7.700000 1.799999 3.100000
v 7.600000 1.799999 3.100000
v 7.700000 1.799999 2.600000
v -7.100000 1.800000 2.500000
v -2.400000 1.799999 2.600000
v -7.100000 1.799999 2.600000
v -2.400000 1.800000 2.500000
v -7.800000 1.800000 -0.800000
v -7.700000 1.800000 0.900000
v -7.800000 1.800000 0.900000
v -7.700000 1.800000 -0.800000
v -5.600000 1.800000 -2.400000
v -5.100000 1.800000 -2.300000
v -5.600000 1.800000 -2.300000
v -5.100000 1.800000 -2.400000
v -5.000000 1.800000 -2.400000
v -4.500000 1.800000 -2.300000
v -5.000000 1.800000 -2.300000
v -4.500000 1.800000 -2.400000
v -1.400000 1.800000 -2.500000
v -0.200000 1.800000 -2.400000
v -1.400000 1.800000 -2.400000
v -0.200000 1.800000 -2.500000
v 7.700000 1.800000 -2.900000
v 7.800000 1.800000 -1.700000
v 7.700000 1.800000 -1.700000
v 7.800000 1.800000 -2.900000
v 6.200000 1.800001 -3.600000
v 6.400000 1.800001 -3.500000
v 6.200000 1.800001 -3.500000
v 6.500000 1.800001 -3.500000
v 6.500000 1.800001 -3.600000
v 0.300000 1.900001 -3.300000
v 0.400000 1.900000 -2.800000
v 0.300000 1.900000 -2.800000
v 0.400000 1.900001 -3.300000
v 1.500000 1.900001 -3.700000
v 1.600000 1.900001 -3.600000
v 1.500000 1.900001 -3.600000
v 1.600000 1.900001 -3.700000
v 1.700000 1.900001 -3.700000
v 1.800000 1.900001 -3.600000
v 1.700000 1.900001 -3.600000
v 1.800000 1.900001 -3.700000
v 6.200000 1.900001 -3.700000
v 6.300000 1.900001 -3.600000
v 6.200000 1.900001 -3.600000
v 6.300000 1.900001 -3.700000
v 6.400000 1.900001 -3.700000
v 6.500000 1.900001 -3.600000
v 6.400000 1.900001 -3.600000
v 6.500000 1.900001 -3.700000
v 2.700000 1.900001 -3.800000
v 2.800000 1.900001 -3.700000
v 2.700000 1.900001 -3.700000
v 2.800000 1.900001 -3.800000
v 2.900000 1.900001 -3.800000
v 3.000000 1.900001 -3.700000
v 2.900000 1.900001 -3.700000
v 3.000000 1.900001 -3.800000
v 3.700000 1.900001 -3.900000
v 3.800000 1.900001 -3.800000
v 3.700000 1.900001 -3.800000
v 3.800000 1.900001 -3.900000
v 3.900000 1.900001 -3.900000
v 4.000000 1.900001 -3.800000
v 3.900000 1.900001 -3.800000
v 4.000000 1.900001 -3.900000
v -0.900000 2.000000 2.400000
v -0.400000 2.000000 2.500000
v -0.900000 2.000000 2.500000
v -0.400000 2.000000 2.400000
v -7.700000 2.000000 -2.200000
v -7.600000 2.000000 -1.700000
v -7.700000 2.000000 -1.700000
v -7.600000 2.000000 -2.200000
v -4.800000 2.000000 -2.600000
v -4.700000 2.000000 -2.500000
v -4.800000 2.000000 -2.500000
v -4.700000 2.000000 -2.600000
v -4.600000 2.000000 -2.600000
v -4.500000 2.000000 -2.500000
v -4.600000 2.000000 -2.500000
v -4.500000 2.000000 -2.600000
v -4.300000 2.000000 -2.600000
v -4.200000 2.000000 -2.500000
v -4.300000 2.000000 -2.500000
v -4.200000 2.000000 -2.600000
v -4.100000 2.000000 -2.600000
v -4.000000 2.000000 -2.500000
v -4.100000 2.000000 -2.500000
v -4.000000 2.000000 -2.600000
v -6.000000 2.000000 -2.700000
v -5.900000 2.000000 -2.600000
v -6.000000 2.000000 -2.600000
v -5.900000 2.000000 -2.700000
v -5.800000 2.000000 -2.700000
v -5.700000 2.000000 -2.600000
v -5.800000 2.000000 -2.600000
v -5.700000 2.000000 -2.700000
v -3.000000 2.000000 -2.700000
v -2.900000 2.000000 -2.600000
v -3.000000 2.000000 -2.600000
v -2.900000 2.000000 -2.700000
v -2.800000 2.000000 -2.700000
v -2.700000 2.000000 -2.600000
v -2.800000 2.000000 -2.600000
v -2.700000 2.000000 -2.700000
v -7.000000 2.000000 -2.800000
v -6.900000 2.000000 -2.700000
v -7.000000 2.000000 -2.700000
v -6.900000 2.000000 -2.800000
v -6.800000 2.000000 -2.800000
v -6.700000 2.000000 -2.700000
v -6.800000 2.000000 -2.700000
v -6.700000 2.000000 -2.800000
v -5.400000 2.000000 -2.800000
v -5.300000 2.000000 -2.700000
v -5.400000 2.000000 -2.700000
v -5.300000 2.000000 -2.800000
v -5.200000 2.000000 -2.800000
v -5.100000 2.000000 -2.700000
v -5.200000 2.000000 -2.700000
v -5.100000 2.000000 -2.800000
v -3.700000 2.000000 -2.800000
v -3.600000 2.000000 -2.700000
v -3.700000 2.000000 -2.700000
v -3.600000 2.000000 -2.800000
v -3.500000 2.000000 -2.800000
v -3.400000 2.000000 -2.700000
v -3.500000 2.000000 -2.700000
v -3.400000 2.000000 -2.800000
v 1.300000 2.000001 -3.700000
v 1.400000 2.000000 -3.600000
v 1.300000 2.000000 -3.600000
v 1.400000 2.000001 -3.700000
v 2.100000 2.000001 -3.800000
v 2.200000 2.000001 -3.700000
v 2.100000 2.000001 -3.700000
v 2.200000 2.000001 -3.800000
v 2.300000 2.000001 -3.800000
v 2.400000 2.000001 -3.700000
v 2.300000 2.000001 -3.700000
v 2.400000 2.000001 -3.800000
v 3.000000 2.000001 -3.800000
v 3.100000 2.000001 -3.700000
v 3.000000 2.000001 -3.700000
v 3.100000 2.000001 -3.800000
v 3.200000 2.000001 -3.800000
v 3.300000 2.000001 -3.700000
v 3.200000 2.000001 -3.700000
v 3.300000 2.000001 -3.800000
v 1.100000 2.099999 3.400000
v 1.600000 2.099999 3.500000
v 1.100000 2.099999 3.500000
v 1.600000 2.099999 3.400000
v -5.700000 2.100000 -2.600000
v -5.600000 2.100000 -2.500000
v -5.700000 2.100000 -2.500000
v -5.600000 2.100000 -2.600000
v -5.500000 2.100000 -2.600000
v -5.400000 2.100000 -2.500000
v -5.500000 2.100000 -2.500000
v -5.400000 2.100000 -2.600000
v -3.400000 2.100000 -2.600000
v -3.300000 2.100000 -2.500000
v -3.400000 2.100000 -2.500000
v -3.300000 2.100000 -2.600000
v -3.200000 2.100000 -2.600000
v -3.100000 2.100000 -2.500000
v -3.200000 2.100000 -2.500000
v -3.100000 2.100000 -2.600000
v -5.100000 2.100000 -2.700000
v -5.000000 2.100000 -2.600000
v -5.100000 2.100000 -2.600000
v -5.000000 2.100000 -2.700000
v -4.900000 2.100000 -2.700000
v -4.800000 2.100000 -2.600000
v -4.900000 2.100000 -2.600000
v -4.800000 2.100000 -2.700000
v -6.400000 2.100000 -2.800000
v -6.300000 2.100000 -2.700000
v -6.400000 2.100000 -2.700000
v -6.300000 2.100000 -2.800000
v -6.200000 2.100000 -2.800000
v -6.100000 2.100000 -2.700000
v -6.200000 2.100000 -2.700000
v -6.100000 2.100000 -2.800000
v -4.500000 2.100000 -2.800000
v -4.400000 2.100000 -2.700000
v -4.500000 2.100000 -2.700000
v -4.400000 2.100000 -2.800000
v -4.300000 2.100000 -2.800000
v -4.200000 2.100000 -2.700000
v -4.300000 2.100000 -2.700000
v -4.200000 2.100000 -2.800000
v 2.500000 2.100001 -3.700000
v 2.600000 2.100000 -3.600000
v 2.500000 2.100000 -3.600000
v 2.600000 2.100001 -3.700000
v 2.700000 2.100001 -3.700000
v 2.800000 2.100000 -3.600000
v 2.700000 2.100000 -3.600000
v 2.800000 2.100001 -3.700000
v 3.600000 2.100001 -3.700000
v 3.700000 2.100000 -3.600000
v 3.600000 2.100000 -3.600000
v 3.700000 2.100001 -3.700000
v 3.800000 2.100001 -3.700000
v 3.900000 2.100000 -3.600000
v 3.800000 2.100000 -3.600000
v 3.900000 2.100001 -3.700000
v 1.000000 2.100001 -3.800000
v 1.100000 2.100001 -3.700000
v 1.000000 2.100001 -3.700000
v 1.100000 2.100001 -3.800000
v 1.200000 2.100001 -3.800000
v 1.300000 2.100001 -3.700000
v 1.200000 2.100001 -3.700000
v 1.300000 2.100001 -3.800000
v 1.700000 2.100001 -3.900000
v 1.800000 2.100001 -3.800000
v 1.700000 2.100001 -3.800000
v 1.800000 2.100001 -3.900000
v 1.900000 2.100001 -3.900000
v 2.000000 2.100001 -3.800000
v 1.900000 2.100001 -3.800000
v 2.000000 2.100001 -3.900000
v -6.700000 2.200001 -2.599999
v -6.600000 2.200001 -2.500000
v -6.700000 2.200001 -2.500000
v -6.600000 2.200001 -2.599999
v -6.500000 2.200001 -2.599999
v -6.400000 2.200001 -2.500000
v -6.500000 2.200001 -2.500000
v -6.400000 2.200001 -2.599999
v -4.000000 2.200001 -2.700000
v -3.900000 2.200001 -2.599999
v -4.000000 2.200001 -2.599999
v -3.900000 2.200001 -2.700000
v -3.800000 2.200001 -2.700000
v -3.700000 2.200001 -2.599999
v -3.800000 2.200001 -2.599999
v -3.700000 2.200001 -2.700000
v 0.300000 2.200001 -3.000000
v 0.400000 2.200001 -2.500000
v 0.300000 2.200001 -2.500000
v 0.400000 2.200001 -3.000000
v 3.300000 2.200001 -3.900000
v 3.400000 2.200001 -3.799999
v 3.300000 2.200001 -3.799999
v 3.400000 2.200001 -3.900000
v 3.500000 2.200001 -3.900000
v 3.600000 2.200001 -3.799999
v 3.500000 2.200001 -3.799999
v 3.600000 2.200001 -3.900000
v -7.700000 2.300000 -1.900000
v -7.600000 2.300000 -1.400000
v -7.700000 2.300000 -1.400000
v -7.600000 2.300000 -1.900000
v 0.400000 2.400000 3.500000
v 7.600000 2.400000 3.600000
v 0.400000 2.400000 3.600000
v 7.600000 2.400000 3.500000
v 0.200000 2.400000 2.600000
v 0.300000 2.400000 3.400001
v 0.200000 2.400000 3.400001
v -7.600000 2.400000 2.500000
v -7.100000 2.400000 2.600000
v -7.600000 2.400000 2.600000
v -7.100000 2.400000 2.500000
v -2.400000 2.400000 2.500000
v -2.400000 2.400000 2.600000
v 0.300000 2.400000 2.500000
v -7.800000 2.400000 0.900000
v -7.700000 2.400000 2.400001
v -7.800000 2.400000 2.400001
v -7.700000 2.400000 0.900000
v 7.700000 2.400000 -1.700000
v 7.800000 2.400000 3.400001
v 7.700000 2.400000 3.400001
v 7.800000 2.400000 -1.700000
v -7.800000 2.400001 -2.299999
v -7.700000 2.400000 -0.800000
v -7.800000 2.400000 -0.800000
v -7.700000 2.400001 -2.299999
v -7.600000 2.400001 -2.500000
v -7.100000 2.400001 -2.400000
v -7.600000 2.400001 -2.400000
v -7.100000 2.400001 -2.500000
v -2.400000 2.400001 -2.500000
v -1.400000 2.400001 -2.400000
v -2.400000 2.400001 -2.400000
v -1.400000 2.400001 -2.500000
v -0.200000 2.400001 -2.500000
v 0.300000 2.400001 -2.400000
v -0.200000 2.400001 -2.400000
v 0.200000 2.400001 -2.500000
v 0.200000 2.400001 -3.400000
v 0.300000 2.400001 -3.400000
v 7.700000 2.400001 -3.400000
v 7.800000 2.400001 -2.900000
v 7.700000 2.400001 -2.900000
v 7.800000 2.400001 -3.400000
v 0.400000 2.400001 -3.599999
v 0.900000 2.400001 -3.500000
v 0.400000 2.400001 -3.500000
v 0.900000 2.400001 -3.599999
v 4.100000 2.400001 -3.599999
v 4.600000 2.400001 -3.500000
v 4.100000 2.400001 -3.500000
v 4.600000 2.400001 -3.599999
v 6.600000 2.400001 -3.599999
v 7.600000 2.400001 -3.500000
v 6.600000 2.400001 -3.500000
v 7.600000 2.400001 -3.599999
v -7.000000 2.599999 2.500000
v -6.200000 2.599999 2.600000
v -7.000000 2.599999 2.600000
v -6.200000 2.599999 2.500000
v -6.100000 2.599999 2.500000
v -3.400000 2.599999 2.600000
v -6.100000 2.599999 2.600000
v -3.400000 2.599999 2.500000
v -3.300000 2.599999 2.500000
v -2.500000 2.599999 2.600000
v -3.300000 2.599999 2.600000
v -2.500000 2.599999 2.500000
v -7.000000 2.600000 -2.500000
v -6.300000 2.600000 -2.400000
v -7.000000 2.600000 -2.400000
v -6.200000 2.600000 -2.400000
v -6.200000 2.600000 -2.500000
v -6.100000 2.600000 -2.500000
v -3.500000 2.600000 -2.400000
v -6.100000 2.600000 -2.400000
v -3.400000 2.600000 -2.400000
v -3.400000 2.600000 -2.500000
v -3.300000 2.600000 -2.500000
v -2.500000 2.600000 -2.400000
v -2.600000 2.600000 -2.400000
v -3.300000 2.600000 -2.400000
v -2.500000 2.600000 -2.500000
v 4.700000 2.600000 -3.599999
v 4.800000 2.600000 -3.500000
v 4.700000 2.600000 -3.500000
v 4.800000 2.600000 -3.599999
v -7.700000 2.700000 0.200000
v -7.700000 2.700000 0.800000
v -7.800000 2.700000 0.800000
v -7.800000 2.700000 0.100000
v -7.700000 2.700000 0.100000
v -7.700000 2.700000 -0.600000
v -7.700000 2.700000 0.000000
v -7.800000 2.700000 0.000000
v -7.800000 2.700000 -0.700000
v -7.700000 2.700000 -0.700000
v 4.800000 2.700001 -3.599999
v 4.900000 2.700001 -3.500000
v 4.800000 2.700001 -3.500000
v 4.900000 2.700001 -3.599999
v 7.700000 2.800000 -1.899999
v 7.800000 2.800000 -1.799999
v 7.700000 2.800000 -1.799999
v -1.300000 2.800000 -2.500000
v -0.400000 2.800000 -2.400000
v -1.300000 2.800000 -2.400000
v -0.300000 2.800000 -2.400000
v -0.300000 2.800000 -2.500000
v 7.700000 2.800000 -2.799999
v 7.800000 2.800000 -2.799999
v -7.000000 2.900000 2.500000
v -6.900000 2.900000 2.600000
v -7.000000 2.900000 2.600000
v -6.900000 2.900000 2.500000
v -2.600000 2.900000 2.500000
v -2.500000 2.900000 2.600000
v -2.600000 2.900000 2.600000
v -2.500000 2.900000 2.500000
v -7.000000 2.900001 -2.500000
v -6.900000 2.900001 -2.400000
v -7.000000 2.900001 -2.400000
v -6.900000 2.900001 -2.500000
v -2.600000 2.900001 -2.500000
v -2.500000 2.900001 -2.400000
v -2.600000 2.900001 -2.400000
v -2.500000 2.900001 -2.500000
v 1.000000 2.900001 -3.599999
v 1.400000 2.900001 -3.500000
v 1.000000 2.900001 -3.500000
v 1.500000 2.900001 -3.500000
v 1.500000 2.900001 -3.599999
v 1.600000 2.900001 -3.599999
v 3.300000 2.900001 -3.500000
v 1.600000 2.900001 -3.500000
v 3.400000 2.900001 -3.500000
v 3.400000 2.900001 -3.599999
v 3.500000 2.900001 -3.599999
v 4.000000 2.900001 -3.500000
v 3.900000 2.900001 -3.500000
v 3.500000 2.900001 -3.500000
v 4.000000 2.900001 -3.599999
v -6.900000 3.099999 2.500000
v -6.800000 3.099999 2.600000
v -6.900000 3.099999 2.600000
v -6.800000 3.099999 2.500000
v -2.700000 3.099999 2.500000
v -2.600000 3.099999 2.600000
v -2.700000 3.099999 2.600000
v -2.600000 3.099999 2.500000
v -7.800000 3.100000 0.700000
v -7.700000 3.100000 0.800000
v -7.800000 3.100000 0.800000
v -7.700000 3.100000 0.700000
v -7.800000 3.100000 -0.700000
v -7.700000 3.100000 -0.600000
v -7.800000 3.100000 -0.600000
v -7.700000 3.100000 -0.700000
v 7.700000 3.100000 -1.899999
v 7.800000 3.100000 -1.799999
v 7.700000 3.100000 -1.799999
v 7.800000 3.100000 -1.899999
v -6.900000 3.100000 -2.500000
v -6.800000 3.100000 -2.400000
v -6.900000 3.100000 -2.400000
v -6.800000 3.100000 -2.500000
v -2.700000 3.100000 -2.500000
v -2.600000 3.100000 -2.400000
v -2.700000 3.100000 -2.400000
v -2.600000 3.100000 -2.500000
v -1.300000 3.100000 -2.500000
v -1.200000 3.100000 -2.400000
v -1.300000 3.100000 -2.400000
v -1.200000 3.100000 -2.500000
v -0.400000 3.100000 -2.500000
v -0.300000 3.100000 -2.400000
v -0.400000 3.100000 -2.400000
v -0.300000 3.100000 -2.500000
v 7.700000 3.100000 -2.799999
v 7.800000 3.100000 -2.700000
v 7.700000 3.100000 -2.700000
v 7.800000 3.100000 -2.799999
v -6.800000 3.200000 2.500000
v -6.700000 3.200000 2.600000
v -6.800000 3.200000 2.600000
v -6.700000 3.200000 2.500000
v -2.800000 3.200000 2.500000
v -2.700000 3.200000 2.600000
v -2.800000 3.200000 2.600000
v -2.700000 3.200000 2.500000
v -6.800000 3.200001 -2.500000
v -6.700000 3.200001 -2.400000
v -6.800000 3.200001 -2.400000
v -6.700000 3.200001 -2.500000
v -2.800000 3.200001 -2.500000
v -2.700000 3.200001 -2.400000
v -2.800000 3.200001 -2.400000
v -2.700000 3.200001 -2.500000
v -6.700000 3.299999 2.500000
v -6.500000 3.299999 2.600000
v -6.700000 3.299999 2.600000
v -6.500000 3.299999 2.500000
v -3.000000 3.299999 2.500000
v -2.800000 3.299999 2.600000
v -3.000000 3.299999 2.600000
v -2.800000 3.299999 2.500000
v -7.800000 3.300000 0.500001
v -7.700000 3.300000 0.700001
v -7.800000 3.300000 0.700001
v -7.700000 3.300000 0.500001
v -7.700000 3.300000 -0.499999
v -7.700000 3.300000 -0.399999
v -7.800000 3.300000 -0.399999
v -7.800000 3.300000 -0.599999
v -7.700000 3.300000 -0.599999
v 7.700000 3.300000 -1.999999
v 7.800000 3.300000 -1.899999
v 7.700000 3.300000 -1.899999
v 7.700000 3.300000 -2.099999
v 7.800000 3.300000 -2.099999
v -6.700000 3.300000 -2.500000
v -6.500000 3.300000 -2.400000
v -6.700000 3.300000 -2.400000
v -6.500000 3.300000 -2.500000
v -3.000000 3.300000 -2.500000
v -2.800000 3.300000 -2.400000
v -3.000000 3.300000 -2.400000
v -2.800000 3.300000 -2.500000
v -1.200000 3.300000 -2.500000
v -1.000000 3.300000 -2.400000
v -1.200000 3.300000 -2.400000
v -1.000000 3.300000 -2.500000
v -0.600000 3.300000 -2.500000
v -0.400000 3.300000 -2.400000
v -0.500000 3.300000 -2.400000
v -0.600000 3.300000 -2.400000
v -0.400000 3.300000 -2.500000
v 7.700000 3.300000 -2.700000
v 7.800000 3.300000 -2.500000
v 7.700000 3.300000 -2.500000
v 7.800000 3.300000 -2.700000
v -6.500000 3.400000 2.500000
v -6.200000 3.400000 2.600000
v -6.500000 3.400000 2.600000
v -6.200000 3.400000 2.500000
v -6.100000 3.400000 2.500000
v -3.400000 3.400000 2.600000
v -6.100000 3.400000 2.600000
v -3.400000 3.400000 2.500000
v -3.300000 3.400000 2.500000
v -3.000000 3.400000 2.600000
v -3.300000 3.400000 2.600000
v -3.000000 3.400000 2.500000
v -7.700000 3.400000 0.200001
v -7.700000 3.400000 0.500001
v -7.800000 3.400000 0.500001
v -7.800000 3.400000 0.100000
v -7.700000 3.400000 0.100000
v -7.800000 3.400000 -0.399999
v -7.700000 3.400000 0.000000
v -7.800000 3.400000 0.000000
v -7.700000 3.400000 -0.399999
v -6.500000 3.400001 -2.500000
v -6.300000 3.400001 -2.400000
v -6.500000 3.400001 -2.400000
v -6.200000 3.400001 -2.400000
v -6.200000 3.400001 -2.500000
v -6.100000 3.400001 -2.500000
v -3.500000 3.400001 -2.400000
v -6.100000 3.400001 -2.400000
v -3.400000 3.400001 -2.400000
v -3.400000 3.400001 -2.500000
v -3.300000 3.400001 -2.500000
v -3.000000 3.400001 -2.400000
v -3.300000 3.400001 -2.400000
v -3.000000 3.400001 -2.500000
v -1.000000 3.400001 -2.500000
v -0.600000 3.400001 -2.400000
v -1.000000 3.400001 -2.400000
v -0.600000 3.400001 -2.500000
v 7.700000 3.400001 -2.500000
v 7.800000 3.400000 -2.099999
v 7.700000 3.400000 -2.099999
v 7.800000 3.400001 -2.500000
v 1.000000 3.400001 -3.599999
v 1.400000 3.400001 -3.500000
v 1.000000 3.400001 -3.500000
v 1.500000 3.400001 -3.500000
v 1.500000 3.400001 -3.599999
v 1.600000 3.400001 -3.599999
v 3.300000 3.400001 -3.500000
v 1.600000 3.400001 -3.500000
v 3.400000 3.400001 -3.500000
v 3.400000 3.400001 -3.599999
v 3.500000 3.400001 -3.599999
v 4.000000 3.400001 -3.500000
v 3.900000 3.400001 -3.500000
v 3.500000 3.400001 -3.500000
v 4.000000 3.400001 -3.599999
v 4.700000 3.500000 -3.599999
v 4.800000 3.500000 -3.500000
v 4.700000 3.500000 -3.500000
v 4.800000 3.500000 -3.599999
v 6.400000 3.500000 -3.599999
v 6.500000 3.500000 -3.500000
v 6.400000 3.500000 -3.500000
v 6.500000 3.500000 -3.599999
v 4.800000 3.700001 -3.599999
v 4.900000 3.700001 -3.499999
v 4.800000 3.700001 -3.499999
v 4.900000 3.700001 -3.599999
v 6.300000 3.700001 -3.599999
v 6.400000 3.700001 -3.499999
v 6.300000 3.700001 -3.499999
v 6.400000 3.700001 -3.599999
v 4.900000 3.800000 -3.599999
v 5.000000 3.800000 -3.499999
v 4.900000 3.800000 -3.499999
v 5.000000 3.800000 -3.599999
v 6.200000 3.800000 -3.599999
v 6.300000 3.800000 -3.499999
v 6.200000 3.800000 -3.499999
v 6.300000 3.800000 -3.599999
v 5.000000 3.900001 -3.599999
v 5.100000 3.900001 -3.499999
v 5.000000 3.900001 -3.499999
v 5.100000 3.900001 -3.599999
v 6.100000 3.900001 -3.599999
v 6.200000 3.900001 -3.499999
v 6.100000 3.900001 -3.499999
v 6.200000 3.900001 -3.599999
v 5.100000 4.000000 -3.599999
v 5.300000 4.000000 -3.499999
v 5.100000 4.000000 -3.499999
v 5.300000 4.000000 -3.599999
v 5.900000 4.000000 -3.599999
v 6.100000 4.000000 -3.499999
v 5.900000 4.000000 -3.499999
v 6.100000 4.000000 -3.599999
v 5.300000 4.100000 -3.599999
v 5.900000 4.100000 -3.499999
v 5.300000 4.100000 -3.499999
v 5.900000 4.100000 -3.599999
v 0.400000 4.900000 3.500001
v 7.600000 4.900000 3.600001
v 0.400000 4.900000 3.600001
v 7.600000 4.900000 3.500001
v 0.200000 4.900000 2.600001
v 0.300000 4.900000 3.400001
v 0.200000 4.900000 3.400001
v -7.600000 4.900000 2.500001
v -7.600000 4.900000 2.600001
v 0.300000 4.900000 2.500001
v -7.800000 4.900001 -2.299999
v -7.700000 4.900000 2.400001
v -7.800000 4.900000 2.400001
v -7.700000 4.900001 -2.299999
v -7.600000 4.900001 -2.499999
v 0.300000 4.900001 -2.399999
v -7.600000 4.900001 -2.399999
v 0.200000 4.900001 -2.499999
v 0.200000 4.900001 -3.399999
v 0.300000 4.900001 -3.399999
v 7.700000 4.900001 -3.399999
v 7.800000 4.900000 3.400001
v 7.700000 4.900000 3.400001
v 7.800000 4.900001 -3.399999
v 0.400000 4.900001 -3.599999
v 7.600000 4.900001 -3.499999
v 0.400000 4.900001 -3.499999
v 7.600000 4.900001 -3.599999
v 0.200000 5.099999 3.600001
v 8.000000 5.099999 3.800001
v 0.000000 5.099999 3.800001
v 7.800000 5.099999 3.600001
v 0.000000 5.099999 2.800001
v -7.800000 5.099999 2.600001
v -8.000000 5.099999 2.800001
v 0.200000 5.099999 2.600001
v -7.800000 5.100000 -2.499999
v -8.000000 5.100000 -2.699999
v 0.200000 5.100000 -2.499999
v 0.000000 5.100000 -2.699999
v 0.200000 5.100000 -3.599999
v 7.800000 5.100000 -3.599999
v 0.000000 5.100000 -3.799999
v 8.000000 5.100000 -3.799999
v 4.800000 5.800000 3.300001
v 5.100000 5.800000 3.400001
v 4.800000 5.800000 3.400001
v 5.100000 5.800000 3.300001
v 4.600000 6.099999 3.300001
v 4.900000 6.099999 3.400001
v 4.600000 6.099999 3.400001
v 4.900000 6.099999 3.300001
v 5.100000 6.099999 2.900001
v 5.200000 6.099999 3.100001
v 5.100000 6.099999 3.100001
v 5.200000 6.099999 2.900001
v 4.200000 6.300000 2.900001
v 4.300000 6.300000 3.200001
v 4.200000 6.300000 3.200001
v 4.300000 6.300000 2.900001
v 4.800000 6.400000 3.300001
v 5.100000 6.400000 3.400001
v 4.800000 6.400000 3.400001
v 5.100000 6.400000 3.300001
v 5.100000 6.400000 3.000001
v 5.200000 6.400000 3.300001
v 5.200000 6.400000 3.000001
v 4.200000 6.599999 2.700001
v 4.300000 6.599999 3.000001
v 4.200000 6.599999 3.000001
v 4.300000 6.599999 2.700001
v 4.500000 6.599999 2.600001
v 4.800000 6.599999 2.700001
v 4.500000 6.599999 2.700001
v 4.800000 6.599999 2.600001
v 5.100000 6.699999 2.800001
v 5.200000 6.699999 3.100001
v 5.100000 6.699999 3.100001
v 5.200000 6.699999 2.800001
v 4.300000 6.900000 2.600001
v 4.600000 6.900000 2.700001
v 4.300000 6.900000 2.700001
v 4.600000 6.900000 2.600001
v 4.700000 0.100001 -3.500000
v 6.500000 0.100001 -3.500000
v 4.700000 0.100001 -3.600000
v 6.500000 0.100001 -3.600000
v 0.400000 0.199999 3.600000
v 7.600000 0.199999 3.600000
v 0.400000 0.199999 3.500000
v 7.600000 0.199999 3.500000
v 0.200000 0.199999 3.400000
v 0.300000 0.199999 3.400000
v 0.200000 0.200000 2.600000
v -7.600000 0.200000 2.600000
v -7.600000 0.200000 2.500000
v 0.300000 0.200000 2.500000
v -7.800000 0.200000 2.400000
v -7.700000 0.200000 2.400000
v -7.800000 0.200000 -2.300000
v -7.700000 0.200000 -2.300000
v -7.600000 0.200000 -2.400000
v 0.300000 0.200000 -2.400000
v -7.600000 0.200000 -2.500000
v 0.200000 0.200000 -2.500000
v 0.200000 0.200001 -3.400000
v 0.300000 0.200001 -3.400000
v 7.700000 0.199999 3.400000
v 7.800000 0.199999 3.400000
v 7.700000 0.200001 -3.400000
v 7.800000 0.200001 -3.400000
v 0.400000 0.200001 -3.500000
v 4.600000 0.200001 -3.500000
v 0.400000 0.200001 -3.600000
v 4.600000 0.200001 -3.600000
v 6.600000 0.200001 -3.500000
v 7.600000 0.200001 -3.500000
v 6.600000 0.200001 -3.600000
v 7.600000 0.200001 -3.600000
v 6.700000 0.399999 3.500000
v 7.200000 0.399999 3.500000
v 6.700000 0.399999 3.400000
v 7.200000 0.399999 3.400000
v -6.800000 0.500000 -2.300000
v -6.300000 0.500000 -2.300000
v -6.800000 0.500000 -2.400000
v -6.300000 0.500000 -2.400000
v -2.800000 0.500000 -2.300000
v -2.300000 0.500000 -2.300000
v -2.800000 0.500000 -2.400000
v -2.300000 0.500000 -2.400000
v -2.600000 0.600000 2.500000
v -2.100000 0.600000 2.500000
v -2.600000 0.600000 2.400000
v -2.100000 0.600000 2.400000
v -7.700000 0.600000 1.700000
v -7.600000 0.600000 1.700000
v -7.700000 0.600000 1.200000
v -7.600000 0.600000 1.200000
v 7.000000 0.699999 3.500000
v 7.500000 0.699999 3.500000
v 7.000000 0.699999 3.400000
v 7.500000 0.699999 3.400000
v 7.600000 0.700000 -0.800000
v 7.700000 0.700000 -0.800000
v 7.600000 0.700000 -1.300000
v 7.700000 0.700000 -1.300000
v 7.600000 0.700000 -1.400000
v 7.700000 0.700000 -1.400000
v 7.600000 0.700000 -1.900000
v 7.700000 0.700000 -1.900000
v 6.700000 0.700001 -3.400000
v 7.200000 0.700001 -3.400000
v 6.700000 0.700001 -3.500000
v 7.200000 0.700001 -3.500000
v -7.100000 0.800000 -2.300000
v -6.600000 0.800000 -2.300000
v -7.100000 0.800000 -2.400000
v -6.600000 0.800000 -2.400000
v -3.100000 0.800000 -2.300000
v -2.600000 0.800000 -2.300000
v -3.100000 0.800000 -2.400000
v -2.600000 0.800000 -2.400000
v 3.700000 0.800001 -3.400000
v 4.200000 0.800001 -3.400000
v 3.700000 0.800001 -3.500000
v 4.200000 0.800001 -3.500000
v -7.400000 0.900000 2.500000
v -6.900000 0.900000 2.500000
v -7.400000 0.900000 2.400000
v -6.900000 0.900000 2.400000
v -6.800000 0.900000 2.500000
v -6.300000 0.900000 2.500000
v -6.800000 0.900000 2.400000
v -6.300000 0.900000 2.400000
v -2.900000 0.900000 2.500000
v -2.400000 0.900000 2.500000
v -2.900000 0.900000 2.400000
v -2.400000 0.900000 2.400000
v -7.700000 0.900000 2.000000
v -7.600000 0.900000 2.000000
v -7.700000 0.900000 1.500000
v -7.600000 0.900000 1.500000
v 4.800000 0.900001 -3.500000
v 4.900000 0.900001 -3.500000
v 4.800000 0.900001 -3.600000
v 4.900000 0.900001 -3.600000
v 4.200000 0.999999 3.500000
v 4.700000 0.999999 3.500000
v 4.200000 0.999999 3.400000
v 4.700000 0.999999 3.400000
v 6.700000 0.999999 3.500000
v 7.200000 0.999999 3.500000
v 6.700000 0.999999 3.400000
v 7.200000 0.999999 3.400000
v 7.600000 1.000000 -1.100000
v 7.700000 1.000000 -1.100000
v 7.600000 1.000000 -1.600000
v 7.700000 1.000000 -1.600000
v 7.000000 1.000001 -3.400000
v 7.500000 1.000001 -3.400000
v 7.000000 1.000001 -3.500000
v 7.500000 1.000001 -3.500000
v 4.700000 1.000001 -3.500000
v 4.800000 1.000001 -3.500000
v 4.700000 1.000001 -3.600000
v 4.800000 1.000001 -3.600000
v -6.800000 1.100000 -2.300000
v -6.300000 1.100000 -2.300000
v -6.800000 1.100000 -2.400000
v -6.300000 1.100000 -2.400000
v -3.400000 1.100000 -2.300000
v -2.900000 1.100000 -2.300000
v -3.400000 1.100000 -2.400000
v -2.900000 1.100000 -2.400000
v -2.800000 1.100000 -2.300000
v -2.300000 1.100000 -2.300000
v -2.800000 1.100000 -2.400000
v -2.300000 1.100000 -2.400000
v -0.600000 1.100000 -2.300000
v -0.100000 1.100000 -2.300000
v -0.600000 1.100000 -2.400000
v -0.100000 1.100000 -2.400000
v 0.800000 1.100001 -3.400000
v 1.300000 1.100001 -3.400000
v 0.800000 1.100001 -3.500000
v 1.300000 1.100001 -3.500000
v 4.000000 1.100001 -3.400000
v 4.500000 1.100001 -3.400000
v 4.000000 1.100001 -3.500000
v 4.500000 1.100001 -3.500000
v -7.100000 1.200000 2.500000
v -6.600000 1.200000 2.500000
v -7.100000 1.200000 2.400000
v -6.600000 1.200000 2.400000
v -2.600000 1.200000 2.500000
v -2.100000 1.200000 2.500000
v -2.600000 1.200000 2.400000
v -2.100000 1.200000 2.400000
v -7.700000 1.200000 1.700000
v -7.600000 1.200000 1.700000
v -7.700000 1.200000 1.200000
v -7.600000 1.200000 1.200000
v 1.100000 1.299999 3.500000
v 1.600000 1.299999 3.500000
v 1.100000 1.299999 3.400000
v 1.600000 1.299999 3.400000
v 3.900000 1.299999 3.500000
v 4.400000 1.299999 3.500000
v 3.900000 1.299999 3.400000
v 4.400000 1.299999 3.400000
v 4.500000 1.299999 3.500000
v 5.000000 1.299999 3.500000
v 4.500000 1.299999 3.400000
v 5.000000 1.299999 3.400000
v 7.600000 1.299999 2.800000
v 7.700000 1.299999 2.800000
v 7.600000 1.300000 2.300000
v 7.700000 1.300000 2.300000
v 6.700000 1.300001 -3.400000
v 7.200000 1.300001 -3.400000
v 6.700000 1.300001 -3.500000
v 7.200000 1.300001 -3.500000
v -5.300000 1.400000 -2.300000
v -4.800000 1.400000 -2.300000
v -5.300000 1.400000 -2.400000
v -4.800000 1.400000 -2.400000
v -0.900000 1.400000 -2.300000
v -0.400000 1.400000 -2.300000
v -0.900000 1.400000 -2.400000
v -0.400000 1.400000 -2.400000
v -0.300000 1.400000 -2.300000
v 0.200000 1.400000 -2.300000
v -0.300000 1.400000 -2.400000
v 0.200000 1.400000 -2.400000
v 0.300000 1.400000 -2.500000
v 0.400000 1.400000 -2.500000
v 0.300000 1.400000 -3.000000
v 0.400000 1.400000 -3.000000
v 0.500000 1.400001 -3.400000
v 0.900000 1.400001 -3.400000
v 0.500000 1.400001 -3.500000
v 0.900000 1.400001 -3.500000
v 4.100000 1.400001 -3.400000
v 4.200000 1.400001 -3.400000
v 4.100000 1.400001 -3.500000
v 4.200000 1.400001 -3.500000
v -0.600000 1.500000 2.500000
v -0.100000 1.500000 2.500000
v -0.600000 1.500000 2.400000
v -0.100000 1.500000 2.400000
v -7.700000 1.500000 -1.400000
v -7.600000 1.500000 -1.400000
v -7.700000 1.500000 -1.900000
v -7.600000 1.500000 -1.900000
v 1.400000 1.599999 3.500000
v 1.900000 1.599999 3.500000
v 1.400000 1.599999 3.400000
v 1.900000 1.599999 3.400000
v 4.200000 1.599999 3.500000
v 4.700000 1.599999 3.500000
v 4.200000 1.599999 3.400000
v 4.700000 1.599999 3.400000
v 7.600000 1.600000 3.100000
v 7.700000 1.600000 3.100000
v 7.600000 1.600000 2.600000
v 7.700000 1.600000 2.600000
v -5.600000 1.700000 -2.300000
v -5.100000 1.700000 -2.300000
v -5.600000 1.700000 -2.400000
v -5.100000 1.700000 -2.400000
v -5.000000 1.700000 -2.300000
v -4.500000 1.700000 -2.300000
v -5.000000 1.700000 -2.400000
v -4.500000 1.700000 -2.400000
v 0.300000 1.700001 -2.800000
v 0.400000 1.700001 -2.800000
v 0.300000 1.700001 -3.300000
v 0.400000 1.700001 -3.300000
v 6.200000 1.700001 -3.600000
v 6.500000 1.700001 -3.600000
v 6.200000 1.700001 -3.700000
v 6.500000 1.700001 -3.700000
v -0.900000 1.800000 2.500000
v -0.400000 1.800000 2.500000
v -0.900000 1.800000 2.400000
v -0.400000 1.800000 2.400000
v -7.700000 1.800000 -1.700000
v -7.600000 1.800000 -1.700000
v -7.700000 1.800000 -2.200000
v -7.600000 1.800000 -2.200000
v -7.000000 1.800000 -2.500000
v -6.600000 1.800000 -2.500000
v -6.600000 1.800000 -2.600000
v -6.500000 1.800000 -2.500000
v -5.600000 1.800000 -2.500000
v -6.500000 1.800000 -2.600000
v -5.900000 1.800000 -2.600000
v -5.800000 1.800000 -2.600000
v -5.600000 1.800000 -2.600000
v -5.500000 1.800000 -2.500000
v -4.700000 1.800000 -2.500000
v -5.500000 1.800000 -2.600000
v -5.000000 1.800000 -2.600000
v -4.900000 1.800000 -2.600000
v -4.700000 1.800000 -2.600000
v -4.600000 1.800000 -2.500000
v -4.200000 1.800000 -2.500000
v -4.600000 1.800000 -2.600000
v -4.200000 1.800000 -2.600000
v -4.100000 1.800000 -2.500000
v -3.300000 1.800000 -2.500000
v -4.100000 1.800000 -2.600000
v -3.900000 1.800000 -2.600000
v -3.800000 1.800000 -2.600000
v -3.300000 1.800000 -2.600000
v -3.200000 1.800000 -2.500000
v -2.500000 1.800000 -2.500000
v -3.200000 1.800000 -2.600000
v -2.900000 1.800000 -2.600000
v -2.800000 1.800000 -2.600000
v -6.900000 1.800000 -2.700000
v -6.800000 1.800000 -2.700000
v -6.300000 1.800000 -2.700000
v -6.200000 1.800000 -2.700000
v -5.900000 1.800000 -2.700000
v -5.800000 1.800000 -2.700000
v -5.300000 1.800000 -2.700000
v -5.200000 1.800000 -2.700000
v -5.000000 1.800000 -2.700000
v -4.900000 1.800000 -2.700000
v -4.400000 1.800000 -2.700000
v -4.300000 1.800000 -2.700000
v -3.900000 1.800000 -2.700000
v -3.800000 1.800000 -2.700000
v -3.600000 1.800000 -2.700000
v -3.500000 1.800000 -2.700000
v -2.900000 1.800000 -2.700000
v -2.800000 1.800000 -2.700000
v -7.000000 1.800000 -2.800000
v -6.900000 1.800000 -2.800000
v -6.800000 1.800000 -2.800000
v -6.300000 1.800000 -2.800000
v -6.200000 1.800000 -2.800000
v -5.300000 1.800000 -2.800000
v -5.200000 1.800000 -2.800000
v -4.400000 1.800000 -2.800000
v -4.300000 1.800000 -2.800000
v -3.600000 1.800000 -2.800000
v -3.500000 1.800000 -2.800000
v -2.500000 1.800000 -2.800000
v 1.000000 1.800001 -3.600000
v 1.400000 1.800001 -3.600000
v 1.100000 1.800001 -3.700000
v 1.200000 1.800001 -3.700000
v 1.400000 1.800001 -3.700000
v 1.500000 1.800001 -3.600000
v 1.600000 1.800001 -3.600000
v 1.500000 1.800001 -3.700000
v 1.600000 1.800001 -3.700000
v 1.700000 1.800001 -3.600000
v 2.600000 1.800001 -3.600000
v 1.700000 1.800001 -3.700000
v 2.200000 1.800001 -3.700000
v 2.300000 1.800001 -3.700000
v 2.600000 1.800001 -3.700000
v 2.700000 1.800001 -3.600000
v 3.700000 1.800001 -3.600000
v 2.700000 1.800001 -3.700000
v 2.800000 1.800001 -3.700000
v 2.900000 1.800001 -3.700000
v 3.100000 1.800001 -3.700000
v 3.200000 1.800001 -3.700000
v 3.700000 1.800001 -3.700000
v 3.800000 1.800001 -3.600000
v 4.000000 1.800001 -3.600000
v 3.800000 1.800001 -3.700000
v 1.100000 1.800001 -3.800000
v 1.200000 1.800001 -3.800000
v 1.800000 1.800001 -3.800000
v 1.900000 1.800001 -3.800000
v 2.200000 1.800001 -3.800000
v 2.300000 1.800001 -3.800000
v 2.800000 1.800001 -3.800000
v 2.900000 1.800001 -3.800000
v 3.100000 1.800001 -3.800000
v 3.200000 1.800001 -3.800000
v 3.400000 1.800001 -3.800000
v 3.500000 1.800001 -3.800000
v 3.800000 1.800001 -3.800000
v 3.900000 1.800001 -3.800000
v 1.000000 1.800001 -3.900000
v 1.800000 1.800001 -3.900000
v 1.900000 1.800001 -3.900000
v 3.400000 1.800001 -3.900000
v 3.500000 1.800001 -3.900000
v 3.800000 1.800001 -3.900000
v 3.900000 1.800001 -3.900000
v 4.000000 1.800001 -3.900000
v 1.100000 1.899999 3.500000
v 1.600000 1.899999 3.500000
v 1.100000 1.899999 3.400000
v 1.600000 1.899999 3.400000
v -7.000000 1.899999 2.600000
v -6.200000 1.899999 2.600000
v -7.000000 1.900000 2.500000
v -6.200000 1.900000 2.500000
v -6.100000 1.899999 2.600000
v -3.400000 1.899999 2.600000
v -6.100000 1.900000 2.500000
v -3.400000 1.900000 2.500000
v -3.300000 1.899999 2.600000
v -2.500000 1.899999 2.600000
v -3.300000 1.900000 2.500000
v -2.500000 1.900000 2.500000
v -7.800000 1.900000 0.800000
v -7.700000 1.900000 0.800000
v -7.700000 1.900000 0.700000
v -7.800000 1.900000 0.100000
v -7.700000 1.900000 0.100000
v -7.800000 1.900000 0.000000
v -7.700000 1.900000 0.000000
v -7.700000 1.900000 -0.100000
v -7.800000 1.900000 -0.700000
v -7.700000 1.900000 -0.700000
v -7.000000 1.900000 -2.400000
v -6.900000 1.900000 -2.400000
v -7.000000 1.900000 -2.500000
v -6.200000 1.900000 -2.400000
v -6.600000 1.900000 -2.500000
v -6.500000 1.900000 -2.500000
v -6.200000 1.900000 -2.500000
v -6.100000 1.900000 -2.400000
v -6.000000 1.900000 -2.400000
v -6.100000 1.900000 -2.500000
v -3.400000 1.900000 -2.400000
v -5.600000 1.900000 -2.500000
v -5.500000 1.900000 -2.500000
v -4.700000 1.900000 -2.500000
v -4.600000 1.900000 -2.500000
v -4.200000 1.900000 -2.500000
v -4.100000 1.900000 -2.500000
v -3.400000 1.900000 -2.500000
v -3.300000 1.900000 -2.400000
v -3.200000 1.900000 -2.400000
v -3.300000 1.900000 -2.500000
v -2.500000 1.900000 -2.400000
v -3.200000 1.900000 -2.500000
v -2.500000 1.900000 -2.500000
v -1.200000 1.900000 -2.400000
v -0.300000 1.900000 -2.400000
v -1.300000 1.900000 -2.500000
v -1.300000 1.900000 -2.400000
v -0.300000 1.900000 -2.500000
v 7.700000 1.900000 -1.800000
v 7.800000 1.900000 -1.800000
v 7.700000 1.900000 -2.700000
v -7.100000 1.900000 -2.500000
v -7.000000 1.900000 -2.800000
v -2.400000 1.900000 -2.500000
v -2.500000 1.900000 -2.800000
v 7.700000 1.900000 -2.800000
v 7.800000 1.900000 -2.800000
v -3.600000 1.900000 -2.800000
v -3.500000 1.900000 -2.800000
v -7.100000 1.900000 -2.900000
v -6.900000 1.900000 -2.800000
v -6.800000 1.900000 -2.800000
v -4.300000 1.900000 -2.800000
v -4.400000 1.900000 -2.800000
v -5.200000 1.900000 -2.800000
v -5.300000 1.900000 -2.800000
v -6.200000 1.900000 -2.800000
v -6.300000 1.900000 -2.800000
v -2.400000 1.900000 -2.900000
v 1.000000 1.900001 -3.500000
v 1.100000 1.900001 -3.500000
v 1.000000 1.900001 -3.600000
v 1.500000 1.900001 -3.500000
v 1.400000 1.900001 -3.600000
v 1.500000 1.900001 -3.600000
v 1.600000 1.900001 -3.500000
v 1.700000 1.900001 -3.500000
v 1.600000 1.900001 -3.600000
v 3.400000 1.900001 -3.500000
v 1.700000 1.900001 -3.600000
v 1.800000 1.900001 -3.600000
v 2.600000 1.900001 -3.600000
v 2.700000 1.900001 -3.600000
v 3.400000 1.900001 -3.600000
v 3.600000 1.900001 -3.500000
v 4.000000 1.900001 -3.500000
v 3.500000 1.900001 -3.600000
v 3.500000 1.900001 -3.500000
v 3.700000 1.900001 -3.600000
v 3.800000 1.900001 -3.600000
v 4.000000 1.900001 -3.600000
v 6.100000 1.900001 -3.600000
v 6.200000 1.900001 -3.600000
v 6.100000 1.900001 -3.700000
v 6.200000 1.900001 -3.700000
v 6.500000 1.900001 -3.600000
v 6.600000 1.900001 -3.600000
v 6.500000 1.900001 -3.700000
v 6.600000 1.900001 -3.700000
v 4.100000 1.900001 -3.600000
v 4.000000 1.900001 -3.800000
v 0.900000 1.900001 -3.600000
v 1.000000 1.900001 -3.900000
v 4.000000 1.900001 -3.900000
v 3.800000 1.900001 -3.900000
v 3.900000 1.900001 -3.900000
v 0.900000 1.900001 -4.000000
v 1.800000 1.900001 -3.900000
v 3.700000 1.900001 -3.900000
v 3.500000 1.900001 -3.900000
v 3.400000 1.900001 -3.900000
v 1.900000 1.900001 -3.900000
v 4.100000 1.900001 -4.000000
v 0.300000 2.000000 -2.500000
v 0.400000 2.000000 -2.500000
v 0.300000 2.000000 -3.000000
v 0.400000 2.000000 -3.000000
v 1.700000 2.000000 -3.600000
v 1.800000 2.000000 -3.600000
v 1.700000 2.000001 -3.700000
v 1.800000 2.000001 -3.700000
v 6.200000 2.000000 -3.600000
v 6.300000 2.000000 -3.600000
v 6.200000 2.000001 -3.700000
v 6.300000 2.000001 -3.700000
v 6.400000 2.000000 -3.600000
v 6.500000 2.000000 -3.600000
v 6.400000 2.000001 -3.700000
v 6.500000 2.000001 -3.700000
v 2.700000 2.000001 -3.700000
v 2.800000 2.000001 -3.700000
v 2.700000 2.000001 -3.800000
v 2.800000 2.000001 -3.800000
v 2.900000 2.000001 -3.700000
v 3.000000 2.000001 -3.700000
v 2.900000 2.000001 -3.800000
v 3.000000 2.000001 -3.800000
v 3.700000 2.000001 -3.800000
v 3.800000 2.000001 -3.800000
v 3.700000 2.000001 -3.900000
v 3.800000 2.000001 -3.900000
v 3.900000 2.000001 -3.800000
v 4.000000 2.000001 -3.800000
v 3.900000 2.000001 -3.900000
v 4.000000 2.000001 -3.900000
v -7.700000 2.100000 -1.400000
v -7.600000 2.100000 -1.400000
v -7.700000 2.100000 -1.900000
v -7.600000 2.100000 -1.900000
v -4.800000 2.100000 -2.500000
v -4.700000 2.100000 -2.500000
v -4.800000 2.100000 -2.600000
v -4.700000 2.100000 -2.600000
v -4.600000 2.100000 -2.500000
v -4.500000 2.100000 -2.500000
v -4.600000 2.100000 -2.600000
v -4.500000 2.100000 -2.600000
v -4.300000 2.100000 -2.500000
v -4.200000 2.100000 -2.500000
v -4.300000 2.100000 -2.600000
v -4.200000 2.100000 -2.600000
v -4.100000 2.100000 -2.500000
v -4.000000 2.100000 -2.500000
v -4.100000 2.100000 -2.600000
v -4.000000 2.100000 -2.600000
v -6.000000 2.100000 -2.600000
v -5.900000 2.100000 -2.600000
v -6.000000 2.100000 -2.700000
v -5.900000 2.100000 -2.700000
v -5.800000 2.100000 -2.600000
v -5.700000 2.100000 -2.600000
v -5.800000 2.100000 -2.700000
v -5.700000 2.100000 -2.700000
v -3.000000 2.100000 -2.600000
v -2.900000 2.100000 -2.600000
v -3.000000 2.100000 -2.700000
v -2.900000 2.100000 -2.700000
v -2.800000 2.100000 -2.600000
v -2.700000 2.100000 -2.600000
v -2.800000 2.100000 -2.700000
v -2.700000 2.100000 -2.700000
v -7.000000 2.100000 -2.700000
v -6.900000 2.100000 -2.700000
v -7.000000 2.100000 -2.800000
v -6.900000 2.100000 -2.800000
v -6.800000 2.100000 -2.700000
v -6.700000 2.100000 -2.700000
v -6.800000 2.100000 -2.800000
v -6.700000 2.100000 -2.800000
v -5.400000 2.100000 -2.700000
v -5.300000 2.100000 -2.700000
v -5.400000 2.100000 -2.800000
v -5.300000 2.100000 -2.800000
v -5.200000 2.100000 -2.700000
v -5.100000 2.100000 -2.700000
v -5.200000 2.100000 -2.800000
v -5.100000 2.100000 -2.800000
v -3.700000 2.100000 -2.700000
v -3.600000 2.100000 -2.700000
v -3.700000 2.100000 -2.800000
v -3.600000 2.100000 -2.800000
v -3.500000 2.100000 -2.700000
v -3.400000 2.100000 -2.700000
v -3.500000 2.100000 -2.800000
v -3.400000 2.100000 -2.800000
v 6.200000 2.100000 -3.500000
v 6.400000 2.100000 -3.500000
v 6.200000 2.100000 -3.600000
v 6.500000 2.100000 -3.500000
v 6.500000 2.100000 -3.600000
v 1.300000 2.100000 -3.600000
v 1.400000 2.100000 -3.600000
v 1.300000 2.100001 -3.700000
v 1.400000 2.100001 -3.700000
v 1.600000 2.100000 -3.600000
v 1.700000 2.100000 -3.600000
v 1.500000 2.100001 -3.700000
v 1.500000 2.100000 -3.600000
v 1.700000 2.100001 -3.700000
v 2.100000 2.100001 -3.700000
v 2.200000 2.100001 -3.700000
v 2.100000 2.100001 -3.800000
v 2.200000 2.100001 -3.800000
v 2.300000 2.100001 -3.700000
v 2.400000 2.100001 -3.700000
v 2.300000 2.100001 -3.800000
v 2.400000 2.100001 -3.800000
v 2.800000 2.100001 -3.700000
v 2.900000 2.100001 -3.700000
v 2.800000 2.100001 -3.800000
v 2.900000 2.100001 -3.800000
v 3.000000 2.100001 -3.700000
v 3.100000 2.100001 -3.700000
v 3.000000 2.100001 -3.800000
v 3.100000 2.100001 -3.800000
v 3.200000 2.100001 -3.700000
v 3.300000 2.100001 -3.700000
v 3.200000 2.100001 -3.800000
v 3.300000 2.100001 -3.800000
v 3.800000 2.100001 -3.800000
v 3.900000 2.100001 -3.800000
v 3.800000 2.100001 -3.900000
v 3.900000 2.100001 -3.900000
v -5.700000 2.200001 -2.500000
v -5.600000 2.200001 -2.500000
v -5.700000 2.200001 -2.599999
v -5.600000 2.200001 -2.599999
v -5.500000 2.200001 -2.500000
v -5.400000 2.200001 -2.500000
v -5.500000 2.200001 -2.599999
v -5.400000 2.200001 -2.599999
v -4.700000 2.200001 -2.500000
v -4.600000 2.200001 -2.500000
v -4.700000 2.200001 -2.599999
v -4.600000 2.200001 -2.599999
v -4.200000 2.200001 -2.500000
v -4.100000 2.200001 -2.500000
v -4.200000 2.200001 -2.599999
v -4.100000 2.200001 -2.599999
v -3.400000 2.200001 -2.500000
v -3.300000 2.200001 -2.500000
v -3.400000 2.200001 -2.599999
v -3.300000 2.200001 -2.599999
v -3.200000 2.200001 -2.500000
v -3.100000 2.200001 -2.500000
v -3.200000 2.200001 -2.599999
v -3.100000 2.200001 -2.599999
v -5.900000 2.200001 -2.599999
v -5.800000 2.200001 -2.599999
v -5.900000 2.200001 -2.700000
v -5.800000 2.200001 -2.700000
v -5.100000 2.200001 -2.599999
v -5.000000 2.200001 -2.599999
v -5.100000 2.200001 -2.700000
v -5.000000 2.200001 -2.700000
v -4.900000 2.200001 -2.599999
v -4.800000 2.200001 -2.599999
v -4.900000 2.200001 -2.700000
v -4.800000 2.200001 -2.700000
v -2.900000 2.200001 -2.599999
v -2.800000 2.200001 -2.599999
v -2.900000 2.200001 -2.700000
v -2.800000 2.200001 -2.700000
v -6.900000 2.200001 -2.700000
v -6.800000 2.200001 -2.700000
v -6.900000 2.200001 -2.799999
v -6.800000 2.200001 -2.799999
v -6.400000 2.200001 -2.700000
v -6.300000 2.200001 -2.700000
v -6.400000 2.200001 -2.799999
v -6.300000 2.200001 -2.799999
v -6.200000 2.200001 -2.700000
v -6.100000 2.200001 -2.700000
v -6.200000 2.200001 -2.799999
v -6.100000 2.200001 -2.799999
v -5.300000 2.200001 -2.700000
v -5.200000 2.200001 -2.700000
v -5.300000 2.200001 -2.799999
v -5.200000 2.200001 -2.799999
v -4.500000 2.200001 -2.700000
v -4.400000 2.200001 -2.700000
v -4.500000 2.200001 -2.799999
v -4.400000 2.200001 -2.799999
v -4.300000 2.200001 -2.700000
v -4.200000 2.200001 -2.700000
v -4.300000 2.200001 -2.799999
v -4.200000 2.200001 -2.799999
v -3.600000 2.200001 -2.700000
v -3.500000 2.200001 -2.700000
v -3.600000 2.200001 -2.799999
v -3.500000 2.200001 -2.799999
v 1.400000 2.200001 -3.599999
v 1.500000 2.200001 -3.599999
v 1.400000 2.200001 -3.700000
v 1.500000 2.200001 -3.700000
v 2.500000 2.200001 -3.599999
v 2.600000 2.200001 -3.599999
v 2.500000 2.200001 -3.700000
v 2.600000 2.200001 -3.700000
v 2.700000 2.200001 -3.599999
v 2.800000 2.200001 -3.599999
v 2.700000 2.200001 -3.700000
v 2.800000 2.200001 -3.700000
v 3.600000 2.200001 -3.599999
v 3.700000 2.200001 -3.599999
v 3.600000 2.200001 -3.700000
v 3.700000 2.200001 -3.700000
v 3.800000 2.200001 -3.599999
v 3.900000 2.200001 -3.599999
v 3.800000 2.200001 -3.700000
v 3.900000 2.200001 -3.700000
v 1.000000 2.200001 -3.700000
v 1.100000 2.200001 -3.700000
v 1.000000 2.200001 -3.799999
v 1.100000 2.200001 -3.799999
v 1.200000 2.200001 -3.700000
v 1.300000 2.200001 -3.700000
v 1.200000 2.200001 -3.799999
v 1.300000 2.200001 -3.799999
v 2.200000 2.200001 -3.700000
v 2.300000 2.200001 -3.700000
v 2.200000 2.200001 -3.799999
v 2.300000 2.200001 -3.799999
v 3.100000 2.200001 -3.700000
v 3.200000 2.200001 -3.700000
v 3.100000 2.200001 -3.799999
v 3.200000 2.200001 -3.799999
v 1.700000 2.200001 -3.799999
v 1.800000 2.200001 -3.799999
v 1.700000 2.200001 -3.900000
v 1.800000 2.200001 -3.900000
v 1.900000 2.200001 -3.799999
v 2.000000 2.200001 -3.799999
v 1.900000 2.200001 -3.900000
v 2.000000 2.200001 -3.900000
v -6.700000 2.300000 -2.500000
v -6.600000 2.300000 -2.500000
v -6.700000 2.300000 -2.599999
v -6.600000 2.300000 -2.599999
v -6.500000 2.300000 -2.500000
v -6.400000 2.300000 -2.500000
v -6.500000 2.300000 -2.599999
v -6.400000 2.300000 -2.599999
v -5.600000 2.300000 -2.500000
v -5.500000 2.300000 -2.500000
v -5.600000 2.300000 -2.599999
v -5.500000 2.300000 -2.599999
v -3.300000 2.300000 -2.500000
v -3.200000 2.300000 -2.500000
v -3.300000 2.300000 -2.599999
v -3.200000 2.300000 -2.599999
v -5.000000 2.300000 -2.599999
v -4.900000 2.300000 -2.599999
v -5.000000 2.300000 -2.700000
v -4.900000 2.300000 -2.700000
v -4.000000 2.300000 -2.599999
v -3.900000 2.300000 -2.599999
v -4.000000 2.300000 -2.700000
v -3.900000 2.300000 -2.700000
v -3.800000 2.300000 -2.599999
v -3.700000 2.300000 -2.599999
v -3.800000 2.300000 -2.700000
v -3.700000 2.300000 -2.700000
v -6.300000 2.300000 -2.700000
v -6.200000 2.300000 -2.700000
v -6.300000 2.300000 -2.799999
v -6.200000 2.300000 -2.799999
v -4.400000 2.300000 -2.700000
v -4.300000 2.300000 -2.700000
v -4.400000 2.300000 -2.799999
v -4.300000 2.300000 -2.799999
v 2.600000 2.300000 -3.599999
v 2.700000 2.300000 -3.599999
v 2.600000 2.300001 -3.700000
v 2.700000 2.300001 -3.700000
v 3.700000 2.300000 -3.599999
v 3.800000 2.300000 -3.599999
v 3.700000 2.300001 -3.700000
v 3.800000 2.300001 -3.700000
v 1.100000 2.300001 -3.700000
v 1.200000 2.300001 -3.700000
v 1.100000 2.300001 -3.799999
v 1.200000 2.300001 -3.799999
v 1.800000 2.300001 -3.799999
v 1.900000 2.300001 -3.799999
v 1.800000 2.300001 -3.900000
v 1.900000 2.300001 -3.900000
v 3.300000 2.300001 -3.799999
v 3.400000 2.300001 -3.799999
v 3.300000 2.300001 -3.900000
v 3.400000 2.300001 -3.900000
v 3.500000 2.300001 -3.799999
v 3.600000 2.300001 -3.799999
v 3.500000 2.300001 -3.900000
v 3.600000 2.300001 -3.900000
v -6.600000 2.400001 -2.500000
v -6.500000 2.400001 -2.500000
v -6.600000 2.400001 -2.599999
v -6.500000 2.400001 -2.599999
v -3.900000 2.400001 -2.599999
v -3.800000 2.400001 -2.599999
v -3.900000 2.400001 -2.700000
v -3.800000 2.400001 -2.700000
v 3.400000 2.400001 -3.799999
v 3.500000 2.400001 -3.799999
v 3.400000 2.400001 -3.900000
v 3.500000 2.400001 -3.900000
v 0.400000 2.599999 3.600000
v 7.600000 2.599999 3.600000
v 0.400000 2.599999 3.500000
v 7.600000 2.599999 3.500000
v 0.200000 2.599999 3.400001
v 0.300000 2.599999 3.400001
v 0.200000 2.599999 2.600000
v -7.600000 2.599999 2.600000
v -7.100000 2.599999 2.600000
v -7.600000 2.599999 2.500000
v -7.100000 2.599999 2.500000
v -2.400000 2.599999 2.600000
v -2.400000 2.599999 2.500000
v 0.300000 2.599999 2.500000
v -7.800000 2.599999 2.400001
v -7.700000 2.599999 2.400001
v -7.800000 2.600000 0.900000
v -7.700000 2.600000 0.900000
v 7.700000 2.599999 3.400001
v 7.800000 2.599999 3.400001
v 7.700000 2.600000 -1.700000
v 7.800000 2.600000 -1.700000
v -7.800000 2.600000 -0.800000
v -7.700000 2.600000 -0.800000
v -7.800000 2.600000 -2.299999
v -7.700000 2.600000 -2.299999
v -7.600000 2.600000 -2.400000
v -7.100000 2.600000 -2.400000
v -7.600000 2.600000 -2.500000
v -7.100000 2.600000 -2.500000
v -2.400000 2.600000 -2.400000
v -1.400000 2.600000 -2.400000
v -2.400000 2.600000 -2.500000
v -1.400000 2.600000 -2.500000
v -0.200000 2.600000 -2.400000
v 0.300000 2.600000 -2.400000
v -0.200000 2.600000 -2.500000
v 0.200000 2.600000 -2.500000
v 0.200000 2.600000 -3.400000
v 0.300000 2.600000 -3.400000
v 7.700000 2.600000 -2.900000
v 7.800000 2.600000 -2.900000
v 7.700000 2.600000 -3.400000
v 7.800000 2.600000 -3.400000
v 0.400000 2.600000 -3.500000
v 0.900000 2.600000 -3.500000
v 0.400000 2.600000 -3.599999
v 0.900000 2.600000 -3.599999
v 4.100000 2.600000 -3.500000
v 4.600000 2.600000 -3.500000
v 4.100000 2.600000 -3.599999
v 4.600000 2.600000 -3.599999
v 6.600000 2.600000 -3.500000
v 7.600000 2.600000 -3.500000
v 6.600000 2.600000 -3.599999
v 7.600000 2.600000 -3.599999
v -7.000000 2.700000 2.600000
v -6.200000 2.700000 2.600000
v -7.000000 2.700000 2.500000
v -6.200000 2.700000 2.500000
v -6.100000 2.700000 2.600000
v -3.400000 2.700000 2.600000
v -6.100000 2.700000 2.500000
v -3.400000 2.700000 2.500000
v -3.300000 2.700000 2.600000
v -2.500000 2.700000 2.600000
v -3.300000 2.700000 2.500000
v -2.500000 2.700000 2.500000
v -7.000000 2.700001 -2.400000
v -6.900000 2.700001 -2.400000
v -7.000000 2.700001 -2.500000
v -6.200000 2.700001 -2.400000
v -6.200000 2.700001 -2.500000
v -6.100000 2.700001 -2.400000
v -6.000000 2.700001 -2.400000
v -6.100000 2.700001 -2.500000
v -3.400000 2.700001 -2.400000
v -3.400000 2.700001 -2.500000
v -3.200000 2.700001 -2.400000
v -2.500000 2.700001 -2.400000
v -3.300000 2.700001 -2.500000
v -3.300000 2.700001 -2.400000
v -2.500000 2.700001 -2.500000
v -7.800000 2.800000 0.800000
v -7.700000 2.800000 0.800000
v -7.700000 2.800000 0.700000
v -7.800000 2.800000 0.100000
v -7.700000 2.800000 0.100000
v -7.800000 2.800000 0.000000
v -7.700000 2.800000 0.000000
v -7.700000 2.800000 -0.100000
v -7.800000 2.800000 -0.700000
v -7.700000 2.800000 -0.700000
v 4.800000 2.800000 -3.500000
v 4.900000 2.800000 -3.500000
v 4.800000 2.800000 -3.599999
v 4.900000 2.800000 -3.599999
v -7.100000 2.900000 2.600000
v -7.000000 2.900000 2.600000
v -7.100000 2.900000 2.500000
v -7.000000 2.900000 2.500000
v -2.500000 2.900000 2.600000
v -2.400000 2.900000 2.600000
v -2.500000 2.900000 2.500000
v -2.400000 2.900000 2.500000
v -7.100000 2.900001 -2.400000
v -7.000000 2.900001 -2.400000
v -7.100000 2.900001 -2.500000
v -7.000000 2.900001 -2.500000
v -2.500000 2.900001 -2.400000
v -2.400000 2.900001 -2.400000
v -2.500000 2.900001 -2.500000
v -2.400000 2.900001 -2.500000
v -1.200000 2.900001 -2.400000
v -0.300000 2.900001 -2.400000
v -1.300000 2.900001 -2.500000
v -1.300000 2.900001 -2.400000
v -0.300000 2.900001 -2.500000
v 7.700000 2.900000 -1.799999
v 7.800000 2.900000 -1.799999
v 7.700000 2.900001 -2.700000
v 7.700000 2.900001 -2.799999
v 7.800000 2.900001 -2.799999
v 4.700000 2.900001 -3.500000
v 4.800000 2.900001 -3.500000
v 4.700000 2.900001 -3.599999
v 4.800000 2.900001 -3.599999
v 1.000000 3.000000 -3.500000
v 1.100000 3.000000 -3.500000
v 1.000000 3.000000 -3.599999
v 1.500000 3.000000 -3.500000
v 1.500000 3.000000 -3.599999
v 1.600000 3.000000 -3.500000
v 1.700000 3.000000 -3.500000
v 1.600000 3.000000 -3.599999
v 3.400000 3.000000 -3.500000
v 3.400000 3.000000 -3.599999
v 3.600000 3.000000 -3.500000
v 4.000000 3.000000 -3.500000
v 3.500000 3.000000 -3.599999
v 3.500000 3.000000 -3.500000
v 4.000000 3.000000 -3.599999
v -7.000000 3.099999 2.600000
v -6.900000 3.099999 2.600000
v -7.000000 3.099999 2.500000
v -6.900000 3.099999 2.500000
v -2.600000 3.099999 2.600000
v -2.500000 3.099999 2.600000
v -2.600000 3.099999 2.500000
v -2.500000 3.099999 2.500000
v -7.800000 3.100000 0.900000
v -7.700000 3.100000 0.900000
v -7.800000 3.100000 0.800000
v -7.700000 3.100000 0.800000
v -7.800000 3.100000 -0.700000
v -7.700000 3.100000 -0.700000
v -7.800000 3.100000 -0.800000
v -7.700000 3.100000 -0.800000
v 7.700000 3.100000 -1.700000
v 7.800000 3.100000 -1.700000
v 7.700000 3.100000 -1.799999
v 7.800000 3.100000 -1.799999
v -7.000000 3.100000 -2.400000
v -6.900000 3.100000 -2.400000
v -7.000000 3.100000 -2.500000
v -6.900000 3.100000 -2.500000
v -2.600000 3.100000 -2.400000
v -2.500000 3.100000 -2.400000
v -2.600000 3.100000 -2.500000
v -2.500000 3.100000 -2.500000
v -1.400000 3.100000 -2.400000
v -1.300000 3.100000 -2.400000
v -1.400000 3.100000 -2.500000
v -1.300000 3.100000 -2.500000
v -0.300000 3.100000 -2.400000
v -0.200000 3.100000 -2.400000
v -0.300000 3.100000 -2.500000
v -0.200000 3.100000 -2.500000
v 7.700000 3.100000 -2.799999
v 7.800000 3.100000 -2.799999
v 7.700000 3.100000 -2.900000
v 7.800000 3.100000 -2.900000
v -6.900000 3.200000 2.600000
v -6.800000 3.200000 2.600000
v -6.900000 3.200000 2.500000
v -6.800000 3.200000 2.500000
v -2.700000 3.200000 2.600000
v -2.600000 3.200000 2.600000
v -2.700000 3.200000 2.500000
v -2.600000 3.200000 2.500000
v -6.900000 3.200001 -2.400000
v -6.800000 3.200001 -2.400000
v -6.900000 3.200001 -2.500000
v -6.800000 3.200001 -2.500000
v -2.700000 3.200001 -2.400000
v -2.600000 3.200001 -2.400000
v -2.700000 3.200001 -2.500000
v -2.600000 3.200001 -2.500000
v -6.800000 3.299999 2.600000
v -6.700000 3.299999 2.600000
v -6.800000 3.299999 2.500000
v -6.700000 3.299999 2.500000
v -2.800000 3.299999 2.600000
v -2.700000 3.299999 2.600000
v -2.800000 3.299999 2.500000
v -2.700000 3.299999 2.500000
v -7.800000 3.300000 0.800001
v -7.700000 3.300000 0.800001
v -7.800000 3.300000 0.700001
v -7.700000 3.300000 0.700001
v -7.800000 3.300000 -0.599999
v -7.700000 3.300000 -0.599999
v -7.800000 3.300000 -0.699999
v -7.700000 3.300000 -0.699999
v 7.700000 3.300000 -1.799999
v 7.800000 3.300000 -1.799999
v 7.700000 3.300000 -1.899999
v 7.800000 3.300000 -1.899999
v -6.800000 3.300000 -2.400000
v -6.700000 3.300000 -2.400000
v -6.800000 3.300000 -2.500000
v -6.700000 3.300000 -2.500000
v -2.800000 3.300000 -2.400000
v -2.700000 3.300000 -2.400000
v -2.800000 3.300000 -2.500000
v -2.700000 3.300000 -2.500000
v -1.300000 3.300000 -2.400000
v -1.200000 3.300000 -2.400000
v -1.300000 3.300000 -2.500000
v -1.200000 3.300000 -2.500000
v -0.400000 3.300000 -2.400000
v -0.300000 3.300000 -2.400000
v -0.400000 3.300000 -2.500000
v -0.300000 3.300000 -2.500000
v 7.700000 3.300000 -2.700000
v 7.800000 3.300000 -2.700000
v 7.700000 3.300000 -2.799999
v 7.800000 3.300000 -2.799999
v -6.700000 3.400000 2.600000
v -6.500000 3.400000 2.600000
v -6.700000 3.400000 2.500000
v -6.500000 3.400000 2.500000
v -3.000000 3.400000 2.600000
v -2.800000 3.400000 2.600000
v -3.000000 3.400000 2.500000
v -2.800000 3.400000 2.500000
v -7.800000 3.400000 0.700001
v -7.700000 3.400000 0.700001
v -7.800000 3.400000 0.500001
v -7.700000 3.400000 0.500001
v -7.800000 3.400000 -0.399999
v -7.700000 3.400000 -0.399999
v -7.800000 3.400000 -0.599999
v -7.700000 3.400000 -0.599999
v 7.700000 3.400000 -1.899999
v 7.800000 3.400000 -1.899999
v 7.700000 3.400000 -2.099999
v 7.800000 3.400000 -2.099999
v -6.700000 3.400001 -2.400000
v -6.500000 3.400001 -2.400000
v -6.700000 3.400001 -2.500000
v -6.500000 3.400001 -2.500000
v -3.000000 3.400001 -2.400000
v -2.800000 3.400001 -2.400000
v -3.000000 3.400001 -2.500000
v -2.800000 3.400001 -2.500000
v -1.200000 3.400001 -2.400000
v -1.000000 3.400001 -2.400000
v -1.200000 3.400001 -2.500000
v -1.000000 3.400001 -2.500000
v -0.600000 3.400001 -2.400000
v -0.400000 3.400001 -2.400000
v -0.600000 3.400001 -2.500000
v -0.400000 3.400001 -2.500000
v 7.700000 3.400001 -2.500000
v 7.800000 3.400001 -2.500000
v 7.700000 3.400001 -2.700000
v 7.800000 3.400001 -2.700000
v -6.500000 3.500000 2.600000
v -3.000000 3.500000 2.600000
v -6.500000 3.500000 2.500000
v -3.000000 3.500000 2.500000
v -7.800000 3.500000 0.500001
v -7.700000 3.500000 0.500001
v -7.800000 3.500000 -0.399999
v -7.700000 3.500000 -0.399999
v -6.500000 3.500000 -2.400000
v -3.000000 3.500000 -2.400000
v -6.500000 3.500000 -2.500000
v -3.000000 3.500000 -2.500000
v -1.000000 3.500000 -2.400000
v -0.600000 3.500000 -2.400000
v -1.000000 3.500000 -2.500000
v -0.600000 3.500000 -2.500000
v 7.700000 3.500000 -2.099999
v 7.800000 3.500000 -2.099999
v 7.700000 3.500000 -2.500000
v 7.800000 3.500000 -2.500000
v 0.900000 3.500000 -3.500000
v 4.100000 3.500000 -3.500000
v 0.900000 3.500000 -3.599999
v 4.100000 3.500000 -3.599999
v 4.600000 3.500000 -3.500000
v 4.700000 3.500000 -3.500000
v 4.600000 3.500000 -3.599999
v 4.700000 3.500000 -3.599999
v 6.500000 3.500000 -3.500000
v 6.600000 3.500000 -3.500000
v 6.500000 3.500000 -3.599999
v 6.600000 3.500000 -3.599999
v 4.700000 3.700001 -3.499999
v 4.800000 3.700001 -3.499999
v 4.700000 3.700001 -3.599999
v 4.800000 3.700001 -3.599999
v 6.400000 3.700001 -3.499999
v 6.500000 3.700001 -3.499999
v 6.400000 3.700001 -3.599999
v 6.500000 3.700001 -3.599999
v 4.800000 3.800000 -3.499999
v 4.900000 3.800000 -3.499999
v 4.800000 3.800000 -3.599999
v 4.900000 3.800000 -3.599999
v 6.300000 3.800000 -3.499999
v 6.400000 3.800000 -3.499999
v 6.300000 3.800000 -3.599999
v 6.400000 3.800000 -3.599999
v 4.900000 3.900001 -3.499999
v 5.000000 3.900001 -3.499999
v 4.900000 3.900001 -3.599999
v 5.000000 3.900001 -3.599999
v 6.200000 3.900001 -3.499999
v 6.300000 3.900001 -3.499999
v 6.200000 3.900001 -3.599999
v 6.300000 3.900001 -3.599999
v 5.000000 4.000000 -3.499999
v 5.100000 4.000000 -3.499999
v 5.000000 4.000000 -3.599999
v 5.100000 4.000000 -3.599999
v 6.100000 4.000000 -3.499999
v 6.200000 4.000000 -3.499999
v 6.100000 4.000000 -3.599999
v 6.200000 4.000000 -3.599999
v 5.100000 4.100000 -3.499999
v 5.300000 4.100000 -3.499999
v 5.100000 4.100000 -3.599999
v 5.300000 4.100000 -3.599999
v 5.900000 4.100000 -3.499999
v 6.100000 4.100000 -3.499999
v 5.900000 4.100000 -3.599999
v 6.100000 4.100000 -3.599999
v 5.300000 4.200000 -3.499999
v 5.900000 4.200000 -3.499999
v 5.300000 4.200000 -3.599999
v 5.900000 4.200000 -3.599999
v 0.000000 5.199999 3.800001
v 8.000000 5.199999 3.800001
v 0.099999 5.199999 3.700001
v 7.900000 5.199999 3.700001
v 0.000000 5.199999 2.800001
v -8.000000 5.199999 2.800001
v -7.900000 5.199999 2.700001
v 0.099999 5.199999 2.700001
v -7.900000 5.200000 -2.599999
v -8.000000 5.200000 -2.699999
v 0.099999 5.200000 -2.599999
v 0.000000 5.200000 -2.699999
v 0.099999 5.200000 -3.699999
v 7.900000 5.200000 -3.699999
v 0.000000 5.200000 -3.799999
v 8.000000 5.200000 -3.799999
v 0.099999 5.300000 3.700001
v 7.900000 5.300000 3.700001
v 0.200000 5.300000 3.600001
v 7.800000 5.300000 3.600001
v 0.099999 5.300000 2.700001
v -7.900000 5.300000 2.700001
v -7.800000 5.300000 2.600001
v 0.200000 5.300000 2.600001
v -7.800000 5.300001 -2.499999
v -7.900000 5.300001 -2.599999
v 0.200000 5.300001 -2.499999
v 0.099999 5.300001 -2.599999
v 0.200000 5.300001 -3.599999
v 7.800000 5.300001 -3.599999
v 0.099999 5.300001 -3.699999
v 7.900000 5.300001 -3.699999
v 0.200000 5.400000 3.600001
v 7.800000 5.400000 3.600001
v 0.300000 5.400000 3.500001
v 7.700000 5.400000 3.500001
v 0.200000 5.400000 2.600001
v -7.800000 5.400000 2.600001
v -7.700000 5.400000 2.500001
v 0.300000 5.400000 2.500001
v -7.700000 5.400001 -2.399999
v -7.800000 5.400001 -2.499999
v 0.300000 5.400001 -2.399999
v 0.200000 5.400001 -2.499999
v 0.300000 5.400001 -3.499999
v 7.700000 5.400001 -3.499999
v 0.200000 5.400001 -3.599999
v 7.800000 5.400001 -3.599999
v 0.300000 5.500000 3.500001
v 7.700000 5.500000 3.500001
v 0.400000 5.500000 3.400001
v 4.200000 5.500000 3.400001
v 5.200000 5.500000 3.400001
v 7.600000 5.500000 3.400001
v 0.300000 5.500000 2.500001
v -7.700000 5.500000 2.500001
v -7.600000 5.500000 2.400001
v 0.400000 5.500000 2.400001
v -7.600000 5.500000 -2.299999
v -7.700000 5.500000 -2.399999
v 0.400000 5.500000 -2.299999
v 0.300000 5.500000 -2.399999
v 0.400000 5.500000 -3.399999
v 7.600000 5.500000 -3.399999
v 0.300000 5.500000 -3.499999
v 7.700000 5.500000 -3.499999
v 0.400000 5.599999 3.400001
v 4.200000 5.599999 3.400001
v 0.500000 5.599999 3.300001
v 4.200000 5.599999 3.300001
v 4.800000 5.599999 3.400001
v 5.100000 5.599999 3.400001
v 4.800000 5.599999 3.300001
v 5.100000 5.599999 3.300001
v 5.200000 5.599999 3.400001
v 7.600000 5.599999 3.400001
v 5.200000 5.599999 3.300001
v 7.500000 5.599999 3.300001
v 0.400000 5.599999 2.400001
v -7.600000 5.599999 2.400001
v -7.500000 5.599999 2.300001
v 0.500000 5.599999 2.300001
v -7.500000 5.600000 -2.199999
v -7.600000 5.600000 -2.299999
v 0.500000 5.600000 -2.199999
v 0.400000 5.600000 -2.299999
v 0.500000 5.600000 -3.299999
v 7.500000 5.600000 -3.299999
v 0.400000 5.600000 -3.399999
v 7.600000 5.600000 -3.399999
v 0.500000 5.699999 3.300001
v 4.200000 5.699999 3.300001
v 0.599999 5.699999 3.200001
v 4.200000 5.699999 3.200001
v 5.200000 5.699999 3.300001
v 7.500000 5.699999 3.300001
v 5.200000 5.699999 3.200001
v 7.400000 5.699999 3.200001
v 0.500000 5.699999 2.300001
v -7.500000 5.699999 2.300001
v -7.400000 5.699999 2.200001
v 0.599999 5.699999 2.200001
v -7.400000 5.700000 -2.099999
v -7.500000 5.700000 -2.199999
v 0.599999 5.700000 -2.099999
v 0.500000 5.700000 -2.199999
v 0.599999 5.700000 -3.199999
v 7.400000 5.700000 -3.199999
v 0.500000 5.700000 -3.299999
v 7.500000 5.700000 -3.299999
v 0.599999 5.800000 3.200001
v 4.200000 5.800000 3.200001
v 0.700000 5.800000 3.100001
v 4.200000 5.800000 3.100001
v 5.200000 5.800000 3.200001
v 7.400000 5.800000 3.200001
v 5.200000 5.800000 3.100001
v 7.300000 5.800000 3.100001
v 0.599999 5.800000 2.200001
v -7.400000 5.800000 2.200001
v -7.300000 5.800000 2.100001
v 0.700000 5.800000 2.100001
v -7.300000 5.800001 -1.999999
v -7.400000 5.800001 -2.099999
v 0.700000 5.800001 -1.999999
v 0.599999 5.800001 -2.099999
v 0.700000 5.800001 -3.099999
v 7.300000 5.800001 -3.099999
v 0.599999 5.800001 -3.199999
v 7.400000 5.800001 -3.199999
v 4.600000 5.900000 3.400001
v 4.900000 5.900000 3.400001
v 4.600000 5.900000 3.300001
v 4.900000 5.900000 3.300001
v 0.700000 5.900000 3.100001
v 4.200000 5.900000 3.100001
v 0.800000 5.900000 3.000001
v 4.200000 5.900000 3.000001
v 5.100000 5.900000 3.100001
v 5.200000 5.900000 3.100001
v 5.100000 5.900000 3.000001
v 7.300000 5.900000 3.100001
v 5.200000 5.900000 3.000001
v 7.200000 5.900000 3.000001
v 0.700000 5.900000 2.100001
v -7.300000 5.900000 2.100001
v -7.200000 5.900000 2.000001
v 0.800000 5.900000 2.000001
v -7.200000 5.900001 -1.899999
v -7.300000 5.900001 -1.999999
v 0.800000 5.900001 -1.899999
v 0.700000 5.900001 -1.999999
v 0.800000 5.900001 -2.999999
v 7.200000 5.900001 -2.999999
v 0.700000 5.900001 -3.099999
v 7.300000 5.900001 -3.099999
v 0.800000 6.000000 3.000001
v 4.200000 6.000000 3.000001
v 0.900000 6.000000 2.900001
v 4.200000 6.000000 2.900001
v 5.100000 6.000000 3.000001
v 5.200000 6.000000 3.000001
v 5.100000 6.000000 2.900001
v 7.200000 6.000000 3.000001
v 5.200000 6.000000 2.900001
v 7.100000 6.000000 2.900001
v 0.800000 6.000000 2.000001
v -7.200000 6.000000 2.000001
v -7.100000 6.000000 1.900001
v 0.900000 6.000000 1.900001
v -7.100000 6.000000 -1.799999
v -7.200000 6.000000 -1.899999
v 0.900000 6.000000 -1.799999
v 0.800000 6.000000 -1.899999
v 0.900000 6.000000 -2.899999
v 7.100000 6.000000 -2.899999
v 0.800000 6.000000 -2.999999
v 7.200000 6.000000 -2.999999
v 4.200000 6.099999 3.200001
v 4.300000 6.099999 3.200001
v 4.200000 6.099999 2.900001
v 4.300000 6.099999 2.900001
v 0.900000 6.099999 2.900001
v 1.000000 6.099999 2.800001
v 4.200000 6.099999 2.800001
v 5.200000 6.099999 2.900001
v 7.100000 6.099999 2.900001
v 5.200000 6.099999 2.800001
v 7.000000 6.099999 2.800001
v 0.900000 6.099999 1.900001
v -7.100000 6.099999 1.900001
v -7.000000 6.099999 1.800001
v 1.000000 6.099999 1.800001
v -7.000000 6.100000 -1.699999
v -7.100000 6.100000 -1.799999
v 1.000000 6.100000 -1.699999
v 0.900000 6.100000 -1.799999
v 1.000000 6.100000 -2.799999
v 7.000000 6.100000 -2.799999
v 0.900000 6.100000 -2.899999
v 7.100000 6.100000 -2.899999
v 4.800000 6.199999 3.400001
v 5.100000 6.199999 3.400001
v 4.800000 6.199999 3.300001
v 5.100000 6.199999 3.300001
v 5.200000 6.199999 3.300001
v 5.100000 6.199999 3.000001
v 5.200000 6.199999 3.000001
v 1.000000 6.199999 2.800001
v 4.200000 6.199999 2.800001
v 1.100000 6.199999 2.700001
v 4.200000 6.199999 2.700001
v 5.200000 6.199999 2.800001
v 7.000000 6.199999 2.800001
v 5.200000 6.199999 2.700001
v 6.900000 6.199999 2.700001
v 1.000000 6.199999 1.800001
v -7.000000 6.199999 1.800001
v -6.900000 6.199999 1.700001
v 1.100000 6.199999 1.700001
v -6.900000 6.200000 -1.599999
v -7.000000 6.200000 -1.699999
v 1.100000 6.200000 -1.599999
v 1.000000 6.200000 -1.699999
v 1.100000 6.200000 -2.699999
v 6.900000 6.200000 -2.699999
v 1.000000 6.200000 -2.799999
v 7.000000 6.200000 -2.799999
v 1.100000 6.300000 2.700001
v 4.200000 6.300000 2.700001
v 1.200000 6.300000 2.600001
v 4.200000 6.300000 2.600001
v 5.200000 6.300000 2.700001
v 6.900000 6.300000 2.700001
v 5.200000 6.300000 2.600001
v 6.800000 6.300000 2.600001
v 1.100000 6.300000 1.700001
v -6.900000 6.300000 1.700001
v -6.800000 6.300000 1.600001
v 1.200000 6.300000 1.600001
v -6.800000 6.300001 -1.499999
v -6.900000 6.300001 -1.599999
v 1.200000 6.300001 -1.499999
v 1.100000 6.300001 -1.599999
v 1.200000 6.300001 -2.599999
v 6.800000 6.300001 -2.599999
v 1.100000 6.300001 -2.699999
v 6.900000 6.300001 -2.699999
v 4.200000 6.400000 3.000001
v 4.300000 6.400000 3.000001
v 4.200000 6.400000 2.700001
v 4.300000 6.400000 2.700001
v 4.500000 6.400000 2.700001
v 4.800000 6.400000 2.700001
v 4.500000 6.400000 2.600001
v 4.800000 6.400000 2.600001
v 1.200000 6.400000 2.600001
v 4.200000 6.400000 2.600001
v 1.300000 6.400000 2.500001
v 5.200000 6.400000 2.600001
v 6.800000 6.400000 2.600001
v 6.700000 6.400000 2.500001
v 1.200000 6.400000 1.600001
v -6.800000 6.400000 1.600001
v -6.700000 6.400000 1.500001
v 1.300000 6.400000 1.500001
v -6.700000 6.400000 -1.399999
v -6.800000 6.400001 -1.499999
v 1.300000 6.400000 -1.399999
v 1.200000 6.400001 -1.499999
v 1.300000 6.400001 -2.499999
v 6.700000 6.400001 -2.499999
v 1.200000 6.400001 -2.599999
v 6.800000 6.400001 -2.599999
v 5.100000 6.500000 3.100001
v 5.200000 6.500000 3.100001
v 5.100000 6.500000 2.800001
v 5.200000 6.500000 2.800001
v 1.300000 6.500000 2.500001
v 6.700000 6.500000 2.500001
v 1.400000 6.500000 2.400001
v 6.600000 6.500000 2.400001
v 1.300000 6.500000 1.500001
v -6.700000 6.500000 1.500001
v -6.600000 6.500000 1.400001
v 1.400000 6.500000 1.400001
v -6.600000 6.500000 -1.299999
v -6.700000 6.500000 -1.399999
v 1.400000 6.500000 -1.299999
v 1.300000 6.500000 -1.399999
v 1.400000 6.500000 -2.399999
v 6.600000 6.500000 -2.399999
v 1.300000 6.500000 -2.499999
v 6.700000 6.500000 -2.499999
v 1.400000 6.599999 2.400001
v 6.600000 6.599999 2.400001
v 1.400000 6.600000 1.400001
v -6.600000 6.600000 1.400001
v -6.600000 6.600000 -1.299999
v 1.400000 6.600000 -1.299999
v 1.400000 6.600000 -2.399999
v 6.600000 6.600000 -2.399999
v 4.300000 6.699999 2.700001
v 4.600000 6.699999 2.700001
v 4.300000 6.699999 2.600001
v 4.600000 6.699999 2.600001
v 4.300000 7.000000 3.300001
v 5.100000 7.000000 3.300001
v 4.300000 7.000000 2.700001
v 5.100000 7.000000 2.700001
v 4.200000 7.099999 3.400001
v 5.200000 7.099999 3.400001
v 4.300000 7.099999 3.300001
v 5.100000 7.099999 3.300001
v 4.300000 7.099999 2.700001
v 5.100000 7.099999 2.700001
v 4.200000 7.099999 2.600001
v 5.200000 7.099999 2.600001
vt 0.048828 0.500000
vt 0.048828 0.500000
vt 0.048828 0.500000
vt 0.048828 0.500000
vt 0.021484 0.500000
vt 0.021484 0.500000
vt 0.021484 0.500000
vt 0.021484 0.500000
vt 0.025391 0.500000
vt 0.025391 0.500000
vt 0.025391 0.500000
vt 0.025391 0.500000
vt 0.025391 0.500000
vt 0.025391 0.500000
vt 0.025391 0.500000
vt 0.025391 0.500000
vt 0.025391 0.500000
vt 0.025391 0.500000
vt 0.025391 0.500000
vt 0.025391 0.500000
vt 0.025391 0.500000
vt 0.025391 0.500000
vt 0.025391 0.500000
vt 0.025391 0.500000
vt 0.025391 0.500000
vt 0.025391 0.500000
vt 0.025391 0.500000
vt 0.025391 0.500000
vt 0.025391 0.500000
vt 0.025391 0.500000
vt 0.025391 0.500000
vt 0.025391 0.500000
vt 0.025391 0.500000
vt 0.025391 0.500000
vt 0.025391 0.500000
vt 0.025391 0.500000
vt 0.025391 0.500000
vt 0.025391 0.500000
vt 0.025391 0.500000
vt 0.025391 0.500000
vt 0.025391 0.500000
vt 0.025391 0.500000
vt 0.025391 0.500000
vt 0.025391 0.500000
vt 0.025391 0.500000
vt 0.025391 0.500000
vt 0.025391 0.500000
vt 0.025391 0.500000
vt 0.025391 0.500000
vt 0.025391 0.500000
vt 0.025391 0.500000
vt 0.025391 0.500000
vt 0.025391 0.500000
vt 0.025391 0.500000
vt 0.025391 0.500000
vt 0.025391 0.500000
vt 0.025391 0.500000
vt 0.025391 0.500000
vt 0.021484 0.500000
vt 0.021484 0.500000
vt 0.021484 0.500000
vt 0.021484 0.500000
vt 0.060547 0.500000
vt 0.060547 0.500000
vt 0.060547 0.500000
vt 0.060547 0.500000
vt 0.060547 0.500000
vt 0.060547 0.500000
vt 0.060547 0.500000
vt 0.060547 0.500000
vt 0.060547 0.500000
vt 0.060547 0.500000
vt 0.060547 0.500000
vt 0.060547 0.500000
vt 0.060547 0.500000
vt 0.060547 0.500000
vt 0.060547 0.500000
vt 0.060547 0.500000
vt 0.060547 0.500000
vt 0.060547 0.500000
vt 0.060547 0.500000
vt 0.060547 0.500000
vt 0.060547 0.500000
vt 0.060547 0.500000
vt 0.060547 0.500000
vt 0.060547 0.500000
vt 0.064453 0.500000
vt 0.064453 0.500000
vt 0.064453 0.500000
vt 0.033203 0.500000
vt 0.033203 0.500000
vt 0.033203 0.500000
vt 0.064453 0.500000
vt 0.033203 0.500000
vt 0.064453 0.500000
vt 0.064453 0.500000
vt 0.064453 0.500000
vt 0.033203 0.500000
vt 0.033203 0.500000
vt 0.033203 0.500000
vt 0.064453 0.500000
vt 0.033203 0.500000
vt 0.060547 0.500000
vt 0.060547 0.500000
vt 0.033203 0.500000
vt 0.033203 0.500000
vt 0.064453 0.500000
vt 0.064453 0.500000
vt 0.033203 0.500000
vt 0.064453 0.500000
vt 0.033203 0.500000
vt 0.033203 0.500000
vt 0.064453 0.500000
vt 0.064453 0.500000
vt 0.033203 0.500000
vt 0.033203 0.500000
vt 0.033203 0.500000
vt 0.064453 0.500000
vt 0.033203 0.500000
vt 0.033203 0.500000
vt 0.060547 0.500000
vt 0.060547 0.500000
vt 0.060547 0.500000
vt 0.060547 0.500000
vt 0.060547 0.500000
vt 0.060547 0.500000
vt 0.064453 0.500000
vt 0.064453 0.500000
vt 0.064453 0.500000
vt 0.033203 0.500000
vt 0.033203 0.500000
vt 0.064453 0.500000
vt 0.033203 0.500000
vt 0.064453 0.500000
vt 0.064453 0.500000
vt 0.064453 0.500000
vt 0.033203 0.500000
vt 0.033203 0.500000
vt 0.064453 0.500000
vt 0.033203 0.500000
vt 0.033203 0.500000
vt 0.064453 0.500000
vt 0.064453 0.500000
vt 0.033203 0.500000
vt 0.064453 0.500000
vt 0.033203 0.500000
vt 0.064453 0.500000
vt 0.064453 0.500000
vt 0.033203 0.500000
vt 0.064453 0.500000
vt 0.029297 0.500000
vt 0.029297 0.500000
vt 0.029297 0.500000
vt 0.029297 0.500000
vt 0.029297 0.500000
vt 0.052734 0.500000
vt 0.052734 0.500000
vt 0.052734 0.500000
vt 0.029297 0.500000
vt 0.064453 0.500000
vt 0.064453 0.500000
vt 0.064453 0.500000
vt 0.033203 0.500000
vt 0.033203 0.500000
vt 0.033203 0.500000
vt 0.064453 0.500000
vt 0.033203 0.500000
vt 0.064453 0.500000
vt 0.064453 0.500000
vt 0.064453 0.500000
vt 0.033203 0.500000
vt 0.033203 0.500000
vt 0.033203 0.500000
vt 0.064453 0.500000
vt 0.033203 0.500000
vt 0.029297 0.500000
vt 0.029297 0.500000
vt 0.052734 0.500000
vt 0.052734 0.500000
vt 0.029297 0.500000
vt 0.052734 0.500000
vt 0.033203 0.500000
vt 0.033203 0.500000
vt 0.064453 0.500000
vt 0.064453 0.500000
vt 0.033203 0.500000
vt 0.064453 0.500000
vt 0.033203 0.500000
vt 0.033203 0.500000
vt 0.064453 0.500000
vt 0.064453 0.500000
vt 0.033203 0.500000
vt 0.064453 0.500000
vt 0.033203 0.500000
vt 0.033203 0.500000
vt 0.029297 0.500000
vt 0.052734 0.500000
vt 0.052734 0.500000
vt 0.052734 0.500000
vt 0.029297 0.500000
vt 0.029297 0.500000
vt 0.052734 0.500000
vt 0.052734 0.500000
vt 0.029297 0.500000
vt 0.029297 0.500000
vt 0.029297 0.500000
vt 0.052734 0.500000
vt 0.029297 0.500000
vt 0.029297 0.500000
vt 0.029297 0.500000
vt 0.029297 0.500000
vt 0.033203 0.500000
vt 0.033203 0.500000
vt 0.033203 0.500000
vt 0.033203 0.500000
vt 0.033203 0.500000
vt 0.064453 0.500000
vt 0.064453 0.500000
vt 0.064453 0.500000
vt 0.033203 0.500000
vt 0.064453 0.500000
vt 0.033203 0.500000
vt 0.033203 0.500000
vt 0.033203 0.500000
vt 0.029297 0.500000
vt 0.052734 0.500000
vt 0.052734 0.500000
vt 0.029297 0.500000
vt 0.052734 0.500000
vt 0.052734 0.500000
vt 0.052734 0.500000
vt 0.052734 0.500000
vt 0.052734 0.500000
vt 0.029297 0.500000
vt 0.052734 0.500000
vt 0.064453 0.500000
vt 0.064453 0.500000
vt 0.064453 0.500000
vt 0.033203 0.500000
vt 0.033203 0.500000
vt 0.064453 0.500000
vt 0.033203 0.500000
vt 0.064453 0.500000
vt 0.064453 0.500000
vt 0.033203 0.500000
vt 0.033203 0.500000
vt 0.064453 0.500000
vt 0.033203 0.500000
vt 0.029297 0.500000
vt 0.029297 0.500000
vt 0.052734 0.500000
vt 0.029297 0.500000
vt 0.029297 0.500000
vt 0.029297 0.500000
vt 0.029297 0.500000
vt 0.052734 0.500000
vt 0.052734 0.500000
vt 0.029297 0.500000
vt 0.029297 0.500000
vt 0.029297 0.500000
vt 0.052734 0.500000
vt 0.029297 0.500000
vt 0.029297 0.500000
vt 0.033203 0.500000
vt 0.033203 0.500000
vt 0.064453 0.500000
vt 0.064453 0.500000
vt 0.033203 0.500000
vt 0.033203 0.500000
vt 0.064453 0.500000
vt 0.033203 0.500000
vt 0.033203 0.500000
vt 0.064453 0.500000
vt 0.064453 0.500000
vt 0.033203 0.500000
vt 0.064453 0.500000
vt 0.029297 0.500000
vt 0.029297 0.500000
vt 0.029297 0.500000
vt 0.033203 0.500000
vt 0.064453 0.500000
vt 0.064453 0.500000
vt 0.033203 0.500000
vt 0.064453 0.500000
vt 0.033203 0.500000
vt 0.033203 0.500000
vt 0.029297 0.500000
vt 0.029297 0.500000
vt 0.029297 0.500000
vt 0.029297 0.500000
vt 0.029297 0.500000
vt 0.029297 0.500000
vt 0.029297 0.500000
vt 0.029297 0.500000
vt 0.029297 0.500000
vt 0.052734 0.500000
vt 0.052734 0.500000
vt 0.052734 0.500000
vt 0.029297 0.500000
vt 0.029297 0.500000
vt 0.052734 0.500000
vt 0.029297 0.500000
vt 0.052734 0.500000
vt 0.052734 0.500000
vt 0.029297 0.500000
vt 0.029297 0.500000
vt 0.052734 0.500000
vt 0.052734 0.500000
vt 0.052734 0.500000
vt 0.029297 0.500000
vt 0.029297 0.500000
vt 0.052734 0.500000
vt 0.052734 0.500000
vt 0.029297 0.500000
vt 0.029297 0.500000
vt 0.052734 0.500000
vt 0.029297 0.500000
vt 0.029297 0.500000
vt 0.029297 0.500000
vt 0.052734 0.500000
vt 0.052734 0.500000
vt 0.052734 0.500000
vt 0.029297 0.500000
vt 0.029297 0.500000
vt 0.052734 0.500000
vt 0.029297 0.500000
vt 0.052734 0.500000
vt 0.052734 0.500000
vt 0.029297 0.500000
vt 0.029297 0.500000
vt 0.052734 0.500000
vt 0.052734 0.500000
vt 0.052734 0.500000
vt 0.029297 0.500000
vt 0.029297 0.500000
vt 0.052734 0.500000
vt 0.052734 0.500000
vt 0.029297 0.500000
vt 0.029297 0.500000
vt 0.052734 0.500000
vt 0.029297 0.500000
vt 0.029297 0.500000
vt 0.048828 0.500000
vt 0.048828 0.500000
vt 0.048828 0.500000
vt 0.048828 0.500000
vt 0.056641 0.500000
vt 0.056641 0.500000
vt 0.056641 0.500000
vt 0.056641 0.500000
vt 0.056641 0.500000
vt 0.056641 0.500000
vt 0.056641 0.500000
vt 0.056641 0.500000
vt 0.056641 0.500000
vt 0.056641 0.500000
vt 0.056641 0.500000
vt 0.056641 0.500000
vt 0.056641 0.500000
vt 0.056641 0.500000
vt 0.056641 0.500000
vt 0.056641 0.500000
vt 0.056641 0.500000
vt 0.056641 0.500000
vt 0.056641 0.500000
vt 0.056641 0.500000
vt 0.056641 0.500000
vt 0.056641 0.500000
vt 0.056641 0.500000
vt 0.056641 0.500000
vt 0.021484 0.500000
vt 0.021484 0.500000
vt 0.021484 0.500000
vt 0.021484 0.500000
vt 0.021484 0.500000
vt 0.021484 0.500000
vt 0.021484 0.500000
vt 0.021484 0.500000
vt 0.048828 0.500000
vt 0.048828 0.500000
vt 0.048828 0.500000
vt 0.048828 0.500000
vt 0.021484 0.500000
vt 0.021484 0.500000
vt 0.021484 0.500000
vt 0.021484 0.500000
vt 0.021484 0.500000
vt 0.021484 0.500000
vt 0.021484 0.500000
vt 0.021484 0.500000
vt 0.025391 0.500000
vt 0.025391 0.500000
vt 0.025391 0.500000
vt 0.025391 0.500000
vt 0.025391 0.500000
vt 0.025391 0.500000
vt 0.025391 0.500000
vt 0.025391 0.500000
vt 0.025391 0.500000
vt 0.025391 0.500000
vt 0.025391 0.500000
vt 0.025391 0.500000
vt 0.025391 0.500000
vt 0.025391 0.500000
vt 0.025391 0.500000
vt 0.025391 0.500000
vt 0.025391 0.500000
vt 0.025391 0.500000
vt 0.048828 0.500000
vt 0.048828 0.500000
vt 0.048828 0.500000
vt 0.048828 0.500000
vt 0.751953 0.500000
vt 0.751953 0.500000
vt 0.751953 0.500000
vt 0.751953 0.500000
vt 0.025391 0.500000
vt 0.025391 0.500000
vt 0.025391 0.500000
vt 0.025391 0.500000
vt 0.025391 0.500000
vt 0.025391 0.500000
vt 0.025391 0.500000
vt 0.025391 0.500000
vt 0.021484 0.500000
vt 0.021484 0.500000
vt 0.021484 0.500000
vt 0.021484 0.500000
vt 0.060547 0.500000
vt 0.060547 0.500000
vt 0.060547 0.500000
vt 0.060547 0.500000
vt 0.908203 0.500000
vt 0.908203 0.500000
vt 0.908203 0.500000
vt 0.908203 0.500000
vt 0.751953 0.500000
vt 0.751953 0.500000
vt 0.751953 0.500000
vt 0.751953 0.500000
vt 0.751953 0.500000
vt 0.751953 0.500000
vt 0.751953 0.500000
vt 0.751953 0.500000
vt 0.025391 0.500000
vt 0.025391 0.500000
vt 0.025391 0.500000
vt 0.025391 0.500000
vt 0.025391 0.500000
vt 0.025391 0.500000
vt 0.025391 0.500000
vt 0.025391 0.500000
vt 0.021484 0.500000
vt 0.021484 0.500000
vt 0.021484 0.500000
vt 0.021484 0.500000
vt 0.025391 0.500000
vt 0.025391 0.500000
vt 0.025391 0.500000
vt 0.025391 0.500000
vt 0.025391 0.500000
vt 0.025391 0.500000
vt 0.025391 0.500000
vt 0.025391 0.500000
vt 0.048828 0.500000
vt 0.048828 0.500000
vt 0.048828 0.500000
vt 0.048828 0.500000
vt 0.751953 0.500000
vt 0.751953 0.500000
vt 0.751953 0.500000
vt 0.751953 0.500000
vt 0.025391 0.500000
vt 0.025391 0.500000
vt 0.025391 0.500000
vt 0.025391 0.500000
vt 0.025391 0.500000
vt 0.025391 0.500000
vt 0.025391 0.500000
vt 0.025391 0.500000
vt 0.021484 0.500000
vt 0.021484 0.500000
vt 0.021484 0.500000
vt 0.021484 0.500000
vt 0.060547 0.500000
vt 0.060547 0.500000
vt 0.060547 0.500000
vt 0.060547 0.500000
vt 0.060547 0.500000
vt 0.060547 0.500000
vt 0.060547 0.500000
vt 0.060547 0.500000
vt 0.908203 0.500000
vt 0.908203 0.500000
vt 0.908203 0.500000
vt 0.908203 0.500000
vt 0.908203 0.500000
vt 0.751953 0.500000
vt 0.751953 0.500000
vt 0.751953 0.500000
vt 0.751953 0.500000
vt 0.751953 0.500000
vt 0.751953 0.500000
vt 0.751953 0.500000
vt 0.751953 0.500000
vt 0.021484 0.500000
vt 0.021484 0.500000
vt 0.021484 0.500000
vt 0.021484 0.500000
vt 0.025391 0.500000
vt 0.025391 0.500000
vt 0.025391 0.500000
vt 0.025391 0.500000
vt 0.025391 0.500000
vt 0.025391 0.500000
vt 0.025391 0.500000
vt 0.025391 0.500000
vt 0.751953 0.500000
vt 0.751953 0.500000
vt 0.751953 0.500000
vt 0.751953 0.500000
vt 0.060547 0.500000
vt 0.060547 0.500000
vt 0.060547 0.500000
vt 0.060547 0.500000
vt 0.060547 0.500000
vt 0.060547 0.500000
vt 0.060547 0.500000
vt 0.060547 0.500000
vt 0.060547 0.500000
vt 0.060547 0.500000
vt 0.060547 0.500000
vt 0.060547 0.500000
vt 0.908203 0.500000
vt 0.908203 0.500000
vt 0.908203 0.500000
vt 0.908203 0.500000
vt 0.908203 0.500000
vt 0.751953 0.500000
vt 0.751953 0.500000
vt 0.751953 0.500000
vt 0.751953 0.500000
vt 0.751953 0.500000
vt 0.751953 0.500000
vt 0.751953 0.500000
vt 0.751953 0.500000
vt 0.025391 0.500000
vt 0.025391 0.500000
vt 0.025391 0.500000
vt 0.025391 0.500000
vt 0.025391 0.500000
vt 0.025391 0.500000
vt 0.025391 0.500000
vt 0.025391 0.500000
vt 0.025391 0.500000
vt 0.025391 0.500000
vt 0.025391 0.500000
vt 0.025391 0.500000
vt 0.025391 0.500000
vt 0.025391 0.500000
vt 0.025391 0.500000
vt 0.025391 0.500000
vt 0.025391 0.500000
vt 0.025391 0.500000
vt 0.751953 0.500000
vt 0.751953 0.500000
vt 0.751953 0.500000
vt 0.751953 0.500000
vt 0.908203 0.500000
vt 0.908203 0.500000
vt 0.908203 0.500000
vt 0.908203 0.500000
vt 0.751953 0.500000
vt 0.751953 0.500000
vt 0.751953 0.500000
vt 0.751953 0.500000
vt 0.751953 0.500000
vt 0.751953 0.500000
vt 0.751953 0.500000
vt 0.751953 0.500000
vt 0.751953 0.500000
vt 0.751953 0.500000
vt 0.751953 0.500000
vt 0.751953 0.500000
vt 0.908203 0.500000
vt 0.908203 0.500000
vt 0.908203 0.500000
vt 0.908203 0.500000
vt 0.908203 0.500000
vt 0.751953 0.500000
vt 0.751953 0.500000
vt 0.751953 0.500000
vt 0.751953 0.500000
vt 0.751953 0.500000
vt 0.751953 0.500000
vt 0.751953 0.500000
vt 0.751953 0.500000
vt 0.751953 0.500000
vt 0.751953 0.500000
vt 0.751953 0.500000
vt 0.751953 0.500000
vt 0.908203 0.500000
vt 0.908203 0.500000
vt 0.908203 0.500000
vt 0.908203 0.500000
vt 0.751953 0.500000
vt 0.751953 0.500000
vt 0.751953 0.500000
vt 0.751953 0.500000
vt 0.751953 0.500000
vt 0.751953 0.500000
vt 0.751953 0.500000
vt 0.751953 0.500000
vt 0.060547 0.500000
vt 0.060547 0.500000
vt 0.060547 0.500000
vt 0.060547 0.500000
vt 0.751953 0.500000
vt 0.751953 0.500000
vt 0.751953 0.500000
vt 0.751953 0.500000
vt 0.908203 0.500000
vt 0.908203 0.500000
vt 0.908203 0.500000
vt 0.908203 0.500000
vt 0.751953 0.500000
vt 0.751953 0.500000
vt 0.751953 0.500000
vt 0.751953 0.500000
vt 0.751953 0.500000
vt 0.751953 0.500000
vt 0.751953 0.500000
vt 0.751953 0.500000
vt 0.060547 0.500000
vt 0.060547 0.500000
vt 0.060547 0.500000
vt 0.060547 0.500000
vt 0.751953 0.500000
vt 0.751953 0.500000
vt 0.751953 0.500000
vt 0.751953 0.500000
vt 0.908203 0.500000
vt 0.908203 0.500000
vt 0.908203 0.500000
vt 0.908203 0.500000
vt 0.751953 0.500000
vt 0.751953 0.500000
vt 0.751953 0.500000
vt 0.751953 0.500000
vt 0.751953 0.500000
vt 0.751953 0.500000
vt 0.751953 0.500000
vt 0.751953 0.500000
vt 0.060547 0.500000
vt 0.060547 0.500000
vt 0.060547 0.500000
vt 0.060547 0.500000
vt 0.751953 0.500000
vt 0.751953 0.500000
vt 0.751953 0.500000
vt 0.751953 0.500000
vt 0.908203 0.500000
vt 0.908203 0.500000
vt 0.908203 0.500000
vt 0.908203 0.500000
vt 0.908203 0.500000
vt 0.751953 0.500000
vt 0.751953 0.500000
vt 0.751953 0.500000
vt 0.751953 0.500000
vt 0.751953 0.500000
vt 0.751953 0.500000
vt 0.751953 0.500000
vt 0.751953 0.500000
vt 0.751953 0.500000
vt 0.751953 0.500000
vt 0.751953 0.500000
vt 0.751953 0.500000
vt 0.908203 0.500000
vt 0.908203 0.500000
vt 0.908203 0.500000
vt 0.908203 0.500000
vt 0.751953 0.500000
vt 0.751953 0.500000
vt 0.751953 0.500000
vt 0.751953 0.500000
vt 0.751953 0.500000
vt 0.751953 0.500000
vt 0.751953 0.500000
vt 0.751953 0.500000
vt 0.751953 0.500000
vt 0.751953 0.500000
vt 0.751953 0.500000
vt 0.751953 0.500000
vt 0.908203 0.500000
vt 0.908203 0.500000
vt 0.908203 0.500000
vt 0.908203 0.500000
vt 0.751953 0.500000
vt 0.751953 0.500000
vt 0.751953 0.500000
vt 0.751953 0.500000
vt 0.751953 0.500000
vt 0.751953 0.500000
vt 0.751953 0.500000
vt 0.751953 0.500000
vt 0.751953 0.500000
vt 0.751953 0.500000
vt 0.751953 0.500000
vt 0.751953 0.500000
vt 0.908203 0.500000
vt 0.908203 0.500000
vt 0.908203 0.500000
vt 0.908203 0.500000
vt 0.751953 0.500000
vt 0.751953 0.500000
vt 0.751953 0.500000
vt 0.751953 0.500000
vt 0.751953 0.500000
vt 0.751953 0.500000
vt 0.751953 0.500000
vt 0.751953 0.500000
vt 0.025391 0.500000
vt 0.025391 0.500000
vt 0.025391 0.500000
vt 0.025391 0.500000
vt 0.751953 0.500000
vt 0.751953 0.500000
vt 0.751953 0.500000
vt 0.751953 0.500000
vt 0.025391 0.500000
vt 0.025391 0.500000
vt 0.025391 0.500000
vt 0.025391 0.500000
vt 0.025391 0.500000
vt 0.025391 0.500000
vt 0.025391 0.500000
vt 0.025391 0.500000
vt 0.025391 0.500000
vt 0.025391 0.500000
vt 0.025391 0.500000
vt 0.025391 0.500000
vt 0.025391 0.500000
vt 0.025391 0.500000
vt 0.025391 0.500000
vt 0.025391 0.500000
vt 0.908203 0.500000
vt 0.908203 0.500000
vt 0.908203 0.500000
vt 0.908203 0.500000
vt 0.751953 0.500000
vt 0.751953 0.500000
vt 0.751953 0.500000
vt 0.751953 0.500000
vt 0.751953 0.500000
vt 0.751953 0.500000
vt 0.751953 0.500000
vt 0.751953 0.500000
vt 0.751953 0.500000
vt 0.751953 0.500000
vt 0.751953 0.500000
vt 0.751953 0.500000
vt 0.025391 0.500000
vt 0.025391 0.500000
vt 0.025391 0.500000
vt 0.025391 0.500000
vt 0.025391 0.500000
vt 0.025391 0.500000
vt 0.025391 0.500000
vt 0.025391 0.500000
vt 0.060547 0.500000
vt 0.060547 0.500000
vt 0.060547 0.500000
vt 0.060547 0.500000
vt 0.908203 0.500000
vt 0.908203 0.500000
vt 0.908203 0.500000
vt 0.908203 0.500000
vt 0.751953 0.500000
vt 0.751953 0.500000
vt 0.751953 0.500000
vt 0.751953 0.500000
vt 0.751953 0.500000
vt 0.751953 0.500000
vt 0.751953 0.500000
vt 0.751953 0.500000
vt 0.025391 0.500000
vt 0.025391 0.500000
vt 0.025391 0.500000
vt 0.025391 0.500000
vt 0.025391 0.500000
vt 0.025391 0.500000
vt 0.025391 0.500000
vt 0.025391 0.500000
vt 0.025391 0.500000
vt 0.025391 0.500000
vt 0.025391 0.500000
vt 0.025391 0.500000
vt 0.025391 0.500000
vt 0.025391 0.500000
vt 0.025391 0.500000
vt 0.025391 0.500000
vt 0.060547 0.500000
vt 0.060547 0.500000
vt 0.060547 0.500000
vt 0.060547 0.500000
vt 0.025391 0.500000
vt 0.025391 0.500000
vt 0.025391 0.500000
vt 0.025391 0.500000
vt 0.025391 0.500000
vt 0.025391 0.500000
vt 0.025391 0.500000
vt 0.025391 0.500000
vt 0.025391 0.500000
vt 0.025391 0.500000
vt 0.025391 0.500000
vt 0.025391 0.500000
vt 0.025391 0.500000
vt 0.025391 0.500000
vt 0.025391 0.500000
vt 0.025391 0.500000
vt 0.025391 0.500000
vt 0.025391 0.500000
vt 0.025391 0.500000
vt 0.025391 0.500000
vt 0.025391 0.500000
vt 0.025391 0.500000
vt 0.025391 0.500000
vt 0.025391 0.500000
vt 0.025391 0.500000
vt 0.025391 0.500000
vt 0.025391 0.500000
vt 0.025391 0.500000
vt 0.060547 0.500000
vt 0.060547 0.500000
vt 0.060547 0.500000
vt 0.060547 0.500000
vt 0.060547 0.500000
vt 0.060547 0.500000
vt 0.060547 0.500000
vt 0.060547 0.500000
vt 0.060547 0.500000
vt 0.060547 0.500000
vt 0.060547 0.500000
vt 0.060547 0.500000
vt 0.060547 0.500000
vt 0.060547 0.500000
vt 0.060547 0.500000
vt 0.060547 0.500000
vt 0.060547 0.500000
vt 0.060547 0.500000
vt 0.060547 0.500000
vt 0.060547 0.500000
vt 0.025391 0.500000
vt 0.025391 0.500000
vt 0.025391 0.500000
vt 0.025391 0.500000
vt 0.025391 0.500000
vt 0.025391 0.500000
vt 0.025391 0.500000
vt 0.025391 0.500000
vt 0.025391 0.500000
vt 0.025391 0.500000
vt 0.025391 0.500000
vt 0.025391 0.500000
vt 0.025391 0.500000
vt 0.025391 0.500000
vt 0.025391 0.500000
vt 0.025391 0.500000
vt 0.025391 0.500000
vt 0.025391 0.500000
vt 0.025391 0.500000
vt 0.025391 0.500000
vt 0.025391 0.500000
vt 0.025391 0.500000
vt 0.025391 0.500000
vt 0.025391 0.500000
vt 0.060547 0.500000
vt 0.060547 0.500000
vt 0.060547 0.500000
vt 0.060547 0.500000
vt 0.060547 0.500000
vt 0.060547 0.500000
vt 0.060547 0.500000
vt 0.060547 0.500000
vt 0.025391 0.500000
vt 0.025391 0.500000
vt 0.025391 0.500000
vt 0.025391 0.500000
vt 0.025391 0.500000
vt 0.025391 0.500000
vt 0.025391 0.500000
vt 0.025391 0.500000
vt 0.025391 0.500000
vt 0.025391 0.500000
vt 0.025391 0.500000
vt 0.025391 0.500000
vt 0.025391 0.500000
vt 0.025391 0.500000
vt 0.060547 0.500000
vt 0.060547 0.500000
vt 0.060547 0.500000
vt 0.060547 0.500000
vt 0.060547 0.500000
vt 0.060547 0.500000
vt 0.060547 0.500000
vt 0.060547 0.500000
vt 0.048828 0.500000
vt 0.048828 0.500000
vt 0.048828 0.500000
vt 0.048828 0.500000
vt 0.048828 0.500000
vt 0.048828 0.500000
vt 0.048828 0.500000
vt 0.048828 0.500000
vt 0.021484 0.500000
vt 0.021484 0.500000
vt 0.021484 0.500000
vt 0.021484 0.500000
vt 0.021484 0.500000
vt 0.021484 0.500000
vt 0.021484 0.500000
vt 0.021484 0.500000
vt 0.025391 0.500000
vt 0.025391 0.500000
vt 0.025391 0.500000
vt 0.025391 0.500000
vt 0.025391 0.500000
vt 0.025391 0.500000
vt 0.025391 0.500000
vt 0.025391 0.500000
vt 0.060547 0.500000
vt 0.060547 0.500000
vt 0.060547 0.500000
vt 0.060547 0.500000
vt 0.025391 0.500000
vt 0.025391 0.500000
vt 0.025391 0.500000
vt 0.025391 0.500000
vt 0.025391 0.500000
vt 0.025391 0.500000
vt 0.025391 0.500000
vt 0.025391 0.500000
vt 0.025391 0.500000
vt 0.025391 0.500000
vt 0.025391 0.500000
vt 0.025391 0.500000
vt 0.025391 0.500000
vt 0.025391 0.500000
vt 0.025391 0.500000
vt 0.025391 0.500000
vt 0.021484 0.500000
vt 0.021484 0.500000
vt 0.021484 0.500000
vt 0.021484 0.500000
vt 0.021484 0.500000
vt 0.021484 0.500000
vt 0.021484 0.500000
vt 0.021484 0.500000
vt 0.060547 0.500000
vt 0.060547 0.500000
vt 0.060547 0.500000
vt 0.060547 0.500000
vt 0.060547 0.500000
vt 0.060547 0.500000
vt 0.060547 0.500000
vt 0.060547 0.500000
vt 0.060547 0.500000
vt 0.060547 0.500000
vt 0.060547 0.500000
vt 0.060547 0.500000
vt 0.060547 0.500000
vt 0.060547 0.500000
vt 0.060547 0.500000
vt 0.060547 0.500000
vt 0.060547 0.500000
vt 0.060547 0.500000
vt 0.060547 0.500000
vt 0.060547 0.500000
vt 0.029297 0.500000
vt 0.029297 0.500000
vt 0.029297 0.500000
vt 0.029297 0.500000
vt 0.029297 0.500000
vt 0.052734 0.500000
vt 0.052734 0.500000
vt 0.052734 0.500000
vt 0.029297 0.500000
vt 0.029297 0.500000
vt 0.052734 0.500000
vt 0.029297 0.500000
vt 0.052734 0.500000
vt 0.052734 0.500000
vt 0.029297 0.500000
vt 0.029297 0.500000
vt 0.052734 0.500000
vt 0.052734 0.500000
vt 0.052734 0.500000
vt 0.029297 0.500000
vt 0.029297 0.500000
vt 0.052734 0.500000
vt 0.052734 0.500000
vt 0.029297 0.500000
vt 0.029297 0.500000
vt 0.052734 0.500000
vt 0.029297 0.500000
vt 0.029297 0.500000
vt 0.029297 0.500000
vt 0.029297 0.500000
vt 0.029297 0.500000
vt 0.029297 0.500000
vt 0.048828 0.500000
vt 0.048828 0.500000
vt 0.048828 0.500000
vt 0.048828 0.500000
vt 0.048828 0.500000
vt 0.048828 0.500000
vt 0.048828 0.500000
vt 0.048828 0.500000
vt 0.056641 0.500000
vt 0.056641 0.500000
vt 0.056641 0.500000
vt 0.056641 0.500000
vt 0.056641 0.500000
vt 0.056641 0.500000
vt 0.056641 0.500000
vt 0.056641 0.500000
vt 0.056641 0.500000
vt 0.056641 0.500000
vt 0.056641 0.500000
vt 0.056641 0.500000
vt 0.021484 0.500000
vt 0.021484 0.500000
vt 0.021484 0.500000
vt 0.021484 0.500000
vt 0.021484 0.500000
vt 0.021484 0.500000
vt 0.021484 0.500000
vt 0.021484 0.500000
vt 0.021484 0.500000
vt 0.021484 0.500000
vt 0.021484 0.500000
vt 0.021484 0.500000
vt 0.021484 0.500000
vt 0.021484 0.500000
vt 0.021484 0.500000
vt 0.021484 0.500000
vt 0.048828 0.500000
vt 0.048828 0.500000
vt 0.048828 0.500000
vt 0.048828 0.500000
vt 0.048828 0.500000
vt 0.048828 0.500000
vt 0.048828 0.500000
vt 0.048828 0.500000
vt 0.021484 0.500000
vt 0.021484 0.500000
vt 0.021484 0.500000
vt 0.021484 0.500000
vt 0.021484 0.500000
vt 0.021484 0.500000
vt 0.021484 0.500000
vt 0.021484 0.500000
vt 0.021484 0.500000
vt 0.021484 0.500000
vt 0.021484 0.500000
vt 0.021484 0.500000
vt 0.021484 0.500000
vt 0.021484 0.500000
vt 0.021484 0.500000
vt 0.021484 0.500000
vt 0.060547 0.500000
vt 0.060547 0.500000
vt 0.060547 0.500000
vt 0.025391 0.500000
vt 0.025391 0.500000
vt 0.025391 0.500000
vt 0.060547 0.500000
vt 0.025391 0.500000
vt 0.025391 0.500000
vt 0.025391 0.500000
vt 0.025391 0.500000
vt 0.025391 0.500000
vt 0.025391 0.500000
vt 0.025391 0.500000
vt 0.025391 0.500000
vt 0.048828 0.500000
vt 0.048828 0.500000
vt 0.048828 0.500000
vt 0.048828 0.500000
vt 0.048828 0.500000
vt 0.048828 0.500000
vt 0.048828 0.500000
vt 0.048828 0.500000
vt 0.751953 0.500000
vt 0.751953 0.500000
vt 0.751953 0.500000
vt 0.751953 0.500000
vt 0.021484 0.500000
vt 0.021484 0.500000
vt 0.021484 0.500000
vt 0.021484 0.500000
vt 0.021484 0.500000
vt 0.021484 0.500000
vt 0.021484 0.500000
vt 0.021484 0.500000
vt 0.908203 0.500000
vt 0.908203 0.500000
vt 0.908203 0.500000
vt 0.908203 0.500000
vt 0.751953 0.500000
vt 0.751953 0.500000
vt 0.751953 0.500000
vt 0.751953 0.500000
vt 0.751953 0.500000
vt 0.751953 0.500000
vt 0.751953 0.500000
vt 0.751953 0.500000
vt 0.021484 0.500000
vt 0.021484 0.500000
vt 0.021484 0.500000
vt 0.021484 0.500000
vt 0.021484 0.500000
vt 0.021484 0.500000
vt 0.021484 0.500000
vt 0.021484 0.500000
vt 0.048828 0.500000
vt 0.048828 0.500000
vt 0.048828 0.500000
vt 0.048828 0.500000
vt 0.048828 0.500000
vt 0.048828 0.500000
vt 0.048828 0.500000
vt 0.048828 0.500000
vt 0.060547 0.500000
vt 0.060547 0.500000
vt 0.060547 0.500000
vt 0.060547 0.500000
vt 0.751953 0.500000
vt 0.751953 0.500000
vt 0.751953 0.500000
vt 0.751953 0.500000
vt 0.021484 0.500000
vt 0.021484 0.500000
vt 0.021484 0.500000
vt 0.021484 0.500000
vt 0.021484 0.500000
vt 0.021484 0.500000
vt 0.021484 0.500000
vt 0.021484 0.500000
vt 0.908203 0.500000
vt 0.908203 0.500000
vt 0.908203 0.500000
vt 0.908203 0.500000
vt 0.751953 0.500000
vt 0.751953 0.500000
vt 0.751953 0.500000
vt 0.751953 0.500000
vt 0.751953 0.500000
vt 0.751953 0.500000
vt 0.751953 0.500000
vt 0.751953 0.500000
vt 0.021484 0.500000
vt 0.021484 0.500000
vt 0.021484 0.500000
vt 0.021484 0.500000
vt 0.021484 0.500000
vt 0.021484 0.500000
vt 0.021484 0.500000
vt 0.021484 0.500000
vt 0.025391 0.500000
vt 0.025391 0.500000
vt 0.025391 0.500000
vt 0.025391 0.500000
vt 0.025391 0.500000
vt 0.025391 0.500000
vt 0.025391 0.500000
vt 0.025391 0.500000
vt 0.025391 0.500000
vt 0.025391 0.500000
vt 0.025391 0.500000
vt 0.025391 0.500000
vt 0.025391 0.500000
vt 0.060547 0.500000
vt 0.060547 0.500000
vt 0.060547 0.500000
vt 0.060547 0.500000
vt 0.751953 0.500000
vt 0.751953 0.500000
vt 0.751953 0.500000
vt 0.751953 0.500000
vt 0.060547 0.500000
vt 0.060547 0.500000
vt 0.060547 0.500000
vt 0.060547 0.500000
vt 0.751953 0.500000
vt 0.751953 0.500000
vt 0.751953 0.500000
vt 0.751953 0.500000
vt 0.908203 0.500000
vt 0.908203 0.500000
vt 0.908203 0.500000
vt 0.908203 0.500000
vt 0.908203 0.500000
vt 0.751953 0.500000
vt 0.751953 0.500000
vt 0.751953 0.500000
vt 0.751953 0.500000
vt 0.751953 0.500000
vt 0.751953 0.500000
vt 0.751953 0.500000
vt 0.751953 0.500000
vt 0.060547 0.500000
vt 0.060547 0.500000
vt 0.060547 0.500000
vt 0.060547 0.500000
vt 0.751953 0.500000
vt 0.751953 0.500000
vt 0.751953 0.500000
vt 0.751953 0.500000
vt 0.908203 0.500000
vt 0.908203 0.500000
vt 0.908203 0.500000
vt 0.908203 0.500000
vt 0.751953 0.500000
vt 0.751953 0.500000
vt 0.751953 0.500000
vt 0.751953 0.500000
vt 0.751953 0.500000
vt 0.751953 0.500000
vt 0.751953 0.500000
vt 0.751953 0.500000
vt 0.751953 0.500000
vt 0.751953 0.500000
vt 0.751953 0.500000
vt 0.751953 0.500000
vt 0.908203 0.500000
vt 0.908203 0.500000
vt 0.908203 0.500000
vt 0.908203 0.500000
vt 0.908203 0.500000
vt 0.751953 0.500000
vt 0.751953 0.500000
vt 0.751953 0.500000
vt 0.751953 0.500000
vt 0.751953 0.500000
vt 0.751953 0.500000
vt 0.751953 0.500000
vt 0.751953 0.500000
vt 0.751953 0.500000
vt 0.751953 0.500000
vt 0.751953 0.500000
vt 0.751953 0.500000
vt 0.751953 0.500000
vt 0.751953 0.500000
vt 0.751953 0.500000
vt 0.751953 0.500000
vt 0.751953 0.500000
vt 0.751953 0.500000
vt 0.751953 0.500000
vt 0.751953 0.500000
vt 0.751953 0.500000
vt 0.751953 0.500000
vt 0.751953 0.500000
vt 0.751953 0.500000
vt 0.908203 0.500000
vt 0.908203 0.500000
vt 0.908203 0.500000
vt 0.908203 0.500000
vt 0.751953 0.500000
vt 0.751953 0.500000
vt 0.751953 0.500000
vt 0.751953 0.500000
vt 0.751953 0.500000
vt 0.751953 0.500000
vt 0.751953 0.500000
vt 0.751953 0.500000
vt 0.751953 0.500000
vt 0.751953 0.500000
vt 0.751953 0.500000
vt 0.751953 0.500000
vt 0.908203 0.500000
vt 0.908203 0.500000
vt 0.908203 0.500000
vt 0.908203 0.500000
vt 0.908203 0.500000
vt 0.751953 0.500000
vt 0.751953 0.500000
vt 0.751953 0.500000
vt 0.751953 0.500000
vt 0.751953 0.500000
vt 0.751953 0.500000
vt 0.751953 0.500000
vt 0.751953 0.500000
vt 0.025391 0.500000
vt 0.025391 0.500000
vt 0.025391 0.500000
vt 0.025391 0.500000
vt 0.025391 0.500000
vt 0.025391 0.500000
vt 0.025391 0.500000
vt 0.025391 0.500000
vt 0.025391 0.500000
vt 0.025391 0.500000
vt 0.751953 0.500000
vt 0.751953 0.500000
vt 0.751953 0.500000
vt 0.751953 0.500000
vt 0.908203 0.500000
vt 0.908203 0.500000
vt 0.908203 0.500000
vt 0.908203 0.500000
vt 0.908203 0.500000
vt 0.751953 0.500000
vt 0.751953 0.500000
vt 0.751953 0.500000
vt 0.751953 0.500000
vt 0.751953 0.500000
vt 0.751953 0.500000
vt 0.751953 0.500000
vt 0.751953 0.500000
vt 0.751953 0.500000
vt 0.751953 0.500000
vt 0.751953 0.500000
vt 0.751953 0.500000
vt 0.751953 0.500000
vt 0.751953 0.500000
vt 0.751953 0.500000
vt 0.751953 0.500000
vt 0.751953 0.500000
vt 0.751953 0.500000
vt 0.751953 0.500000
vt 0.751953 0.500000
vt 0.025391 0.500000
vt 0.025391 0.500000
vt 0.025391 0.500000
vt 0.025391 0.500000
vt 0.025391 0.500000
vt 0.025391 0.500000
vt 0.025391 0.500000
vt 0.025391 0.500000
vt 0.025391 0.500000
vt 0.025391 0.500000
vt 0.025391 0.500000
vt 0.025391 0.500000
vt 0.025391 0.500000
vt 0.025391 0.500000
vt 0.060547 0.500000
vt 0.060547 0.500000
vt 0.060547 0.500000
vt 0.060547 0.500000
vt 0.060547 0.500000
vt 0.060547 0.500000
vt 0.060547 0.500000
vt 0.060547 0.500000
vt 0.060547 0.500000
vt 0.060547 0.500000
vt 0.060547 0.500000
vt 0.060547 0.500000
vt 0.060547 0.500000
vt 0.060547 0.500000
vt 0.060547 0.500000
vt 0.060547 0.500000
vt 0.060547 0.500000
vt 0.060547 0.500000
vt 0.060547 0.500000
vt 0.060547 0.500000
vt 0.060547 0.500000
vt 0.060547 0.500000
vt 0.060547 0.500000
vt 0.060547 0.500000
vt 0.060547 0.500000
vt 0.060547 0.500000
vt 0.060547 0.500000
vt 0.060547 0.500000
vt 0.060547 0.500000
vt 0.060547 0.500000
vt 0.060547 0.500000
vt 0.060547 0.500000
vt 0.060547 0.500000
vt 0.060547 0.500000
vt 0.056641 0.500000
vt 0.056641 0.500000
vt 0.056641 0.500000
vt 0.056641 0.500000
vt 0.056641 0.500000
vt 0.056641 0.500000
vt 0.056641 0.500000
vt 0.056641 0.500000
vt 0.060547 0.500000
vt 0.060547 0.500000
vt 0.060547 0.500000
vt 0.060547 0.500000
vt 0.060547 0.500000
vt 0.060547 0.500000
vt 0.060547 0.500000
vt 0.060547 0.500000
vt 0.025391 0.500000
vt 0.025391 0.500000
vt 0.025391 0.500000
vt 0.025391 0.500000
vt 0.025391 0.500000
vt 0.025391 0.500000
vt 0.025391 0.500000
vt 0.025391 0.500000
vt 0.060547 0.500000
vt 0.060547 0.500000
vt 0.060547 0.500000
vt 0.060547 0.500000
vt 0.060547 0.500000
vt 0.060547 0.500000
vt 0.060547 0.500000
vt 0.060547 0.500000
vt 0.060547 0.500000
vt 0.060547 0.500000
vt 0.060547 0.500000
vt 0.060547 0.500000
vt 0.025391 0.500000
vt 0.025391 0.500000
vt 0.025391 0.500000
vt 0.025391 0.500000
vt 0.025391 0.500000
vt 0.025391 0.500000
vt 0.025391 0.500000
vt 0.025391 0.500000
vt 0.060547 0.500000
vt 0.060547 0.500000
vt 0.060547 0.500000
vt 0.060547 0.500000
vt 0.025391 0.500000
vt 0.025391 0.500000
vt 0.025391 0.500000
vt 0.025391 0.500000
vt 0.060547 0.500000
vt 0.060547 0.500000
vt 0.060547 0.500000
vt 0.060547 0.500000
vt 0.060547 0.500000
vt 0.060547 0.500000
vt 0.060547 0.500000
vt 0.060547 0.500000
vt 0.025391 0.500000
vt 0.025391 0.500000
vt 0.025391 0.500000
vt 0.025391 0.500000
vt 0.025391 0.500000
vt 0.025391 0.500000
vt 0.025391 0.500000
vt 0.025391 0.500000
vt 0.060547 0.500000
vt 0.060547 0.500000
vt 0.060547 0.500000
vt 0.060547 0.500000
vt 0.060547 0.500000
vt 0.060547 0.500000
vt 0.060547 0.500000
vt 0.060547 0.500000
vt 0.060547 0.500000
vt 0.060547 0.500000
vt 0.060547 0.500000
vt 0.060547 0.500000
vt 0.025391 0.500000
vt 0.025391 0.500000
vt 0.025391 0.500000
vt 0.025391 0.500000
vt 0.025391 0.500000
vt 0.025391 0.500000
vt 0.025391 0.500000
vt 0.025391 0.500000
vt 0.044922 0.500000
vt 0.044922 0.500000
vt 0.044922 0.500000
vt 0.044922 0.500000
vt 0.025391 0.500000
vt 0.025391 0.500000
vt 0.025391 0.500000
vt 0.025391 0.500000
vt 0.044922 0.500000
vt 0.044922 0.500000
vt 0.044922 0.500000
vt 0.044922 0.500000
vt 0.044922 0.500000
vt 0.044922 0.500000
vt 0.044922 0.500000
vt 0.044922 0.500000
vt 0.044922 0.500000
vt 0.044922 0.500000
vt 0.044922 0.500000
vt 0.044922 0.500000
vt 0.025391 0.500000
vt 0.025391 0.500000
vt 0.025391 0.500000
vt 0.025391 0.500000
vt 0.025391 0.500000
vt 0.025391 0.500000
vt 0.025391 0.500000
vt 0.025391 0.500000
vt 0.044922 0.500000
vt 0.044922 0.500000
vt 0.044922 0.500000
vt 0.044922 0.500000
vt 0.025391 0.500000
vt 0.025391 0.500000
vt 0.025391 0.500000
vt 0.025391 0.500000
vt 0.025391 0.500000
vt 0.025391 0.500000
vt 0.025391 0.500000
vt 0.025391 0.500000
vt 0.025391 0.500000
vt 0.044922 0.500000
vt 0.044922 0.500000
vt 0.044922 0.500000
vt 0.025391 0.500000
vt 0.044922 0.500000
vt 0.044922 0.500000
vt 0.025391 0.500000
vt 0.025391 0.500000
vt 0.025391 0.500000
vt 0.025391 0.500000
vt 0.060547 0.500000
vt 0.060547 0.500000
vt 0.060547 0.500000
vt 0.060547 0.500000
vt 0.060547 0.500000
vt 0.060547 0.500000
vt 0.060547 0.500000
vt 0.060547 0.500000
vt 0.060547 0.500000
vt 0.060547 0.500000
vt 0.060547 0.500000
vt 0.060547 0.500000
vt 0.060547 0.500000
vt 0.060547 0.500000
vt 0.060547 0.500000
vt 0.060547 0.500000
vt 0.060547 0.500000
vt 0.060547 0.500000
vt 0.060547 0.500000
vt 0.060547 0.500000
vt 0.060547 0.500000
vt 0.060547 0.500000
vt 0.060547 0.500000
vt 0.060547 0.500000
vt 0.025391 0.500000
vt 0.025391 0.500000
vt 0.025391 0.500000
vt 0.025391 0.500000
vt 0.025391 0.500000
vt 0.025391 0.500000
vt 0.025391 0.500000
vt 0.025391 0.500000
vt 0.025391 0.500000
vt 0.025391 0.500000
vt 0.025391 0.500000
vt 0.025391 0.500000
vt 0.025391 0.500000
vt 0.025391 0.500000
vt 0.025391 0.500000
vt 0.025391 0.500000
vt 0.025391 0.500000
vt 0.025391 0.500000
vt 0.025391 0.500000
vt 0.025391 0.500000
vt 0.025391 0.500000
vt 0.025391 0.500000
vt 0.025391 0.500000
vt 0.025391 0.500000
vt 0.025391 0.500000
vt 0.025391 0.500000
vt 0.025391 0.500000
vt 0.025391 0.500000
vt 0.025391 0.500000
vt 0.025391 0.500000
vt 0.025391 0.500000
vt 0.025391 0.500000
vt 0.060547 0.500000
vt 0.060547 0.500000
vt 0.060547 0.500000
vt 0.060547 0.500000
vt 0.060547 0.500000
vt 0.060547 0.500000
vt 0.060547 0.500000
vt 0.060547 0.500000
vt 0.060547 0.500000
vt 0.060547 0.500000
vt 0.060547 0.500000
vt 0.060547 0.500000
vt 0.025391 0.500000
vt 0.025391 0.500000
vt 0.025391 0.500000
vt 0.025391 0.500000
vt 0.025391 0.500000
vt 0.025391 0.500000
vt 0.025391 0.500000
vt 0.025391 0.500000
vt 0.025391 0.500000
vt 0.025391 0.500000
vt 0.025391 0.500000
vt 0.025391 0.500000
vt 0.025391 0.500000
vt 0.025391 0.500000
vt 0.025391 0.500000
vt 0.025391 0.500000
vt 0.025391 0.500000
vt 0.025391 0.500000
vt 0.025391 0.500000
vt 0.025391 0.500000
vt 0.025391 0.500000
vt 0.025391 0.500000
vt 0.025391 0.500000
vt 0.025391 0.500000
vt 0.025391 0.500000
vt 0.025391 0.500000
vt 0.025391 0.500000
vt 0.025391 0.500000
vt 0.025391 0.500000
vt 0.060547 0.500000
vt 0.060547 0.500000
vt 0.060547 0.500000
vt 0.060547 0.500000
vt 0.060547 0.500000
vt 0.060547 0.500000
vt 0.060547 0.500000
vt 0.060547 0.500000
vt 0.060547 0.500000
vt 0.060547 0.500000
vt 0.060547 0.500000
vt 0.060547 0.500000
vt 0.908203 0.500000
vt 0.908203 0.500000
vt 0.908203 0.500000
vt 0.908203 0.500000
vt 0.751953 0.500000
vt 0.751953 0.500000
vt 0.751953 0.500000
vt 0.751953 0.500000
vt 0.751953 0.500000
vt 0.751953 0.500000
vt 0.751953 0.500000
vt 0.751953 0.500000
vt 0.025391 0.500000
vt 0.025391 0.500000
vt 0.025391 0.500000
vt 0.025391 0.500000
vt 0.025391 0.500000
vt 0.025391 0.500000
vt 0.025391 0.500000
vt 0.025391 0.500000
vt 0.751953 0.500000
vt 0.751953 0.500000
vt 0.751953 0.500000
vt 0.751953 0.500000
vt 0.025391 0.500000
vt 0.025391 0.500000
vt 0.025391 0.500000
vt 0.025391 0.500000
vt 0.025391 0.500000
vt 0.025391 0.500000
vt 0.025391 0.500000
vt 0.025391 0.500000
vt 0.908203 0.500000
vt 0.908203 0.500000
vt 0.908203 0.500000
vt 0.908203 0.500000
vt 0.908203 0.500000
vt 0.751953 0.500000
vt 0.751953 0.500000
vt 0.751953 0.500000
vt 0.751953 0.500000
vt 0.751953 0.500000
vt 0.751953 0.500000
vt 0.751953 0.500000
vt 0.751953 0.500000
vt 0.025391 0.500000
vt 0.025391 0.500000
vt 0.025391 0.500000
vt 0.025391 0.500000
vt 0.025391 0.500000
vt 0.025391 0.500000
vt 0.025391 0.500000
vt 0.025391 0.500000
vt 0.751953 0.500000
vt 0.751953 0.500000
vt 0.751953 0.500000
vt 0.751953 0.500000
vt 0.908203 0.500000
vt 0.908203 0.500000
vt 0.908203 0.500000
vt 0.908203 0.500000
vt 0.908203 0.500000
vt 0.751953 0.500000
vt 0.751953 0.500000
vt 0.751953 0.500000
vt 0.751953 0.500000
vt 0.751953 0.500000
vt 0.751953 0.500000
vt 0.751953 0.500000
vt 0.751953 0.500000
vt 0.025391 0.500000
vt 0.025391 0.500000
vt 0.025391 0.500000
vt 0.751953 0.500000
vt 0.751953 0.500000
vt 0.751953 0.500000
vt 0.751953 0.500000
vt 0.025391 0.500000
vt 0.025391 0.500000
vt 0.025391 0.500000
vt 0.025391 0.500000
vt 0.025391 0.500000
vt 0.025391 0.500000
vt 0.025391 0.500000
vt 0.025391 0.500000
vt 0.025391 0.500000
vt 0.025391 0.500000
vt 0.025391 0.500000
vt 0.025391 0.500000
vt 0.025391 0.500000
vt 0.025391 0.500000
vt 0.025391 0.500000
vt 0.908203 0.500000
vt 0.908203 0.500000
vt 0.908203 0.500000
vt 0.908203 0.500000
vt 0.751953 0.500000
vt 0.751953 0.500000
vt 0.751953 0.500000
vt 0.751953 0.500000
vt 0.751953 0.500000
vt 0.751953 0.500000
vt 0.751953 0.500000
vt 0.751953 0.500000
vt 0.751953 0.500000
vt 0.751953 0.500000
vt 0.751953 0.500000
vt 0.751953 0.500000
vt 0.060547 0.500000
vt 0.060547 0.500000
vt 0.060547 0.500000
vt 0.060547 0.500000
vt 0.908203 0.500000
vt 0.908203 0.500000
vt 0.908203 0.500000
vt 0.908203 0.500000
vt 0.908203 0.500000
vt 0.751953 0.500000
vt 0.751953 0.500000
vt 0.751953 0.500000
vt 0.751953 0.500000
vt 0.751953 0.500000
vt 0.751953 0.500000
vt 0.751953 0.500000
vt 0.751953 0.500000
vt 0.751953 0.500000
vt 0.751953 0.500000
vt 0.751953 0.500000
vt 0.751953 0.500000
vt 0.060547 0.500000
vt 0.060547 0.500000
vt 0.060547 0.500000
vt 0.060547 0.500000
vt 0.908203 0.500000
vt 0.908203 0.500000
vt 0.908203 0.500000
vt 0.908203 0.500000
vt 0.751953 0.500000
vt 0.751953 0.500000
vt 0.751953 0.500000
vt 0.751953 0.500000
vt 0.751953 0.500000
vt 0.751953 0.500000
vt 0.751953 0.500000
vt 0.751953 0.500000
vt 0.751953 0.500000
vt 0.751953 0.500000
vt 0.751953 0.500000
vt 0.751953 0.500000
vt 0.060547 0.500000
vt 0.060547 0.500000
vt 0.060547 0.500000
vt 0.060547 0.500000
vt 0.908203 0.500000
vt 0.908203 0.500000
vt 0.908203 0.500000
vt 0.908203 0.500000
vt 0.751953 0.500000
vt 0.751953 0.500000
vt 0.751953 0.500000
vt 0.751953 0.500000
vt 0.751953 0.500000
vt 0.751953 0.500000
vt 0.751953 0.500000
vt 0.751953 0.500000
vt 0.751953 0.500000
vt 0.751953 0.500000
vt 0.751953 0.500000
vt 0.751953 0.500000
vt 0.908203 0.500000
vt 0.908203 0.500000
vt 0.908203 0.500000
vt 0.908203 0.500000
vt 0.751953 0.500000
vt 0.751953 0.500000
vt 0.751953 0.500000
vt 0.751953 0.500000
vt 0.751953 0.500000
vt 0.751953 0.500000
vt 0.751953 0.500000
vt 0.751953 0.500000
vt 0.751953 0.500000
vt 0.751953 0.500000
vt 0.751953 0.500000
vt 0.751953 0.500000
vt 0.908203 0.500000
vt 0.908203 0.500000
vt 0.908203 0.500000
vt 0.908203 0.500000
vt 0.908203 0.500000
vt 0.751953 0.500000
vt 0.751953 0.500000
vt 0.751953 0.500000
vt 0.751953 0.500000
vt 0.751953 0.500000
vt 0.751953 0.500000
vt 0.751953 0.500000
vt 0.751953 0.500000
vt 0.751953 0.500000
vt 0.751953 0.500000
vt 0.751953 0.500000
vt 0.751953 0.500000
vt 0.908203 0.500000
vt 0.908203 0.500000
vt 0.908203 0.500000
vt 0.908203 0.500000
vt 0.751953 0.500000
vt 0.751953 0.500000
vt 0.751953 0.500000
vt 0.751953 0.500000
vt 0.751953 0.500000
vt 0.751953 0.500000
vt 0.751953 0.500000
vt 0.751953 0.500000
vt 0.751953 0.500000
vt 0.751953 0.500000
vt 0.751953 0.500000
vt 0.751953 0.500000
vt 0.908203 0.500000
vt 0.908203 0.500000
vt 0.908203 0.500000
vt 0.908203 0.500000
vt 0.751953 0.500000
vt 0.751953 0.500000
vt 0.751953 0.500000
vt 0.751953 0.500000
vt 0.751953 0.500000
vt 0.751953 0.500000
vt 0.751953 0.500000
vt 0.751953 0.500000
vt 0.751953 0.500000
vt 0.751953 0.500000
vt 0.751953 0.500000
vt 0.751953 0.500000
vt 0.908203 0.500000
vt 0.908203 0.500000
vt 0.908203 0.500000
vt 0.908203 0.500000
vt 0.751953 0.500000
vt 0.751953 0.500000
vt 0.751953 0.500000
vt 0.751953 0.500000
vt 0.751953 0.500000
vt 0.751953 0.500000
vt 0.751953 0.500000
vt 0.751953 0.500000
vt 0.060547 0.500000
vt 0.060547 0.500000
vt 0.060547 0.500000
vt 0.060547 0.500000
vt 0.751953 0.500000
vt 0.751953 0.500000
vt 0.751953 0.500000
vt 0.751953 0.500000
vt 0.025391 0.500000
vt 0.025391 0.500000
vt 0.025391 0.500000
vt 0.025391 0.500000
vt 0.025391 0.500000
vt 0.025391 0.500000
vt 0.025391 0.500000
vt 0.025391 0.500000
vt 0.025391 0.500000
vt 0.025391 0.500000
vt 0.025391 0.500000
vt 0.025391 0.500000
vt 0.025391 0.500000
vt 0.025391 0.500000
vt 0.025391 0.500000
vt 0.025391 0.500000
vt 0.025391 0.500000
vt 0.025391 0.500000
vt 0.025391 0.500000
vt 0.025391 0.500000
vt 0.025391 0.500000
vt 0.025391 0.500000
vt 0.908203 0.500000
vt 0.908203 0.500000
vt 0.908203 0.500000
vt 0.908203 0.500000
vt 0.908203 0.500000
vt 0.751953 0.500000
vt 0.751953 0.500000
vt 0.751953 0.500000
vt 0.751953 0.500000
vt 0.751953 0.500000
vt 0.751953 0.500000
vt 0.751953 0.500000
vt 0.751953 0.500000
vt 0.060547 0.500000
vt 0.060547 0.500000
vt 0.060547 0.500000
vt 0.060547 0.500000
vt 0.751953 0.500000
vt 0.751953 0.500000
vt 0.751953 0.500000
vt 0.751953 0.500000
vt 0.025391 0.500000
vt 0.025391 0.500000
vt 0.025391 0.500000
vt 0.025391 0.500000
vt 0.025391 0.500000
vt 0.025391 0.500000
vt 0.025391 0.500000
vt 0.025391 0.500000
vt 0.060547 0.500000
vt 0.060547 0.500000
vt 0.060547 0.500000
vt 0.060547 0.500000
vt 0.060547 0.500000
vt 0.060547 0.500000
vt 0.060547 0.500000
vt 0.060547 0.500000
vt 0.060547 0.500000
vt 0.060547 0.500000
vt 0.060547 0.500000
vt 0.060547 0.500000
vt 0.908203 0.500000
vt 0.908203 0.500000
vt 0.908203 0.500000
vt 0.908203 0.500000
vt 0.751953 0.500000
vt 0.751953 0.500000
vt 0.751953 0.500000
vt 0.751953 0.500000
vt 0.751953 0.500000
vt 0.751953 0.500000
vt 0.751953 0.500000
vt 0.751953 0.500000
vt 0.025391 0.500000
vt 0.025391 0.500000
vt 0.025391 0.500000
vt 0.025391 0.500000
vt 0.025391 0.500000
vt 0.025391 0.500000
vt 0.025391 0.500000
vt 0.025391 0.500000
vt 0.751953 0.500000
vt 0.751953 0.500000
vt 0.751953 0.500000
vt 0.751953 0.500000
vt 0.025391 0.500000
vt 0.025391 0.500000
vt 0.025391 0.500000
vt 0.025391 0.500000
vt 0.025391 0.500000
vt 0.025391 0.500000
vt 0.025391 0.500000
vt 0.025391 0.500000
vt 0.060547 0.500000
vt 0.060547 0.500000
vt 0.060547 0.500000
vt 0.060547 0.500000
vt 0.060547 0.500000
vt 0.060547 0.500000
vt 0.060547 0.500000
vt 0.060547 0.500000
vt 0.025391 0.500000
vt 0.025391 0.500000
vt 0.025391 0.500000
vt 0.025391 0.500000
vt 0.025391 0.500000
vt 0.025391 0.500000
vt 0.025391 0.500000
vt 0.025391 0.500000
vt 0.025391 0.500000
vt 0.025391 0.500000
vt 0.025391 0.500000
vt 0.025391 0.500000
vt 0.025391 0.500000
vt 0.025391 0.500000
vt 0.025391 0.500000
vt 0.025391 0.500000
vt 0.025391 0.500000
vt 0.025391 0.500000
vt 0.025391 0.500000
vt 0.025391 0.500000
vt 0.025391 0.500000
vt 0.025391 0.500000
vt 0.025391 0.500000
vt 0.025391 0.500000
vt 0.025391 0.500000
vt 0.025391 0.500000
vt 0.025391 0.500000
vt 0.025391 0.500000
vt 0.025391 0.500000
vt 0.025391 0.500000
vt 0.025391 0.500000
vt 0.025391 0.500000
vt 0.025391 0.500000
vt 0.025391 0.500000
vt 0.025391 0.500000
vt 0.025391 0.500000
vt 0.025391 0.500000
vt 0.025391 0.500000
vt 0.025391 0.500000
vt 0.025391 0.500000
vt 0.025391 0.500000
vt 0.025391 0.500000
vt 0.025391 0.500000
vt 0.025391 0.500000
vt 0.025391 0.500000
vt 0.025391 0.500000
vt 0.025391 0.500000
vt 0.025391 0.500000
vt 0.025391 0.500000
vt 0.025391 0.500000
vt 0.025391 0.500000
vt 0.025391 0.500000
vt 0.060547 0.500000
vt 0.060547 0.500000
vt 0.060547 0.500000
vt 0.060547 0.500000
vt 0.060547 0.500000
vt 0.060547 0.500000
vt 0.060547 0.500000
vt 0.060547 0.500000
vt 0.060547 0.500000
vt 0.060547 0.500000
vt 0.060547 0.500000
vt 0.060547 0.500000
vt 0.060547 0.500000
vt 0.060547 0.500000
vt 0.060547 0.500000
vt 0.060547 0.500000
vt 0.025391 0.500000
vt 0.025391 0.500000
vt 0.025391 0.500000
vt 0.025391 0.500000
vt 0.025391 0.500000
vt 0.025391 0.500000
vt 0.025391 0.500000
vt 0.025391 0.500000
vt 0.060547 0.500000
vt 0.060547 0.500000
vt 0.060547 0.500000
vt 0.060547 0.500000
vt 0.025391 0.500000
vt 0.025391 0.500000
vt 0.025391 0.500000
vt 0.025391 0.500000
vt 0.025391 0.500000
vt 0.025391 0.500000
vt 0.025391 0.500000
vt 0.025391 0.500000
vt 0.025391 0.500000
vt 0.025391 0.500000
vt 0.025391 0.500000
vt 0.025391 0.500000
vt 0.025391 0.500000
vt 0.025391 0.500000
vt 0.025391 0.500000
vt 0.025391 0.500000
vt 0.025391 0.500000
vt 0.025391 0.500000
vt 0.025391 0.500000
vt 0.025391 0.500000
vt 0.025391 0.500000
vt 0.025391 0.500000
vt 0.025391 0.500000
vt 0.025391 0.500000
vt 0.025391 0.500000
vt 0.025391 0.500000
vt 0.025391 0.500000
vt 0.025391 0.500000
vt 0.060547 0.500000
vt 0.060547 0.500000
vt 0.060547 0.500000
vt 0.060547 0.500000
vt 0.060547 0.500000
vt 0.060547 0.500000
vt 0.060547 0.500000
vt 0.060547 0.500000
vt 0.025391 0.500000
vt 0.025391 0.500000
vt 0.025391 0.500000
vt 0.025391 0.500000
vt 0.025391 0.500000
vt 0.025391 0.500000
vt 0.025391 0.500000
vt 0.025391 0.500000
vt 0.025391 0.500000
vt 0.025391 0.500000
vt 0.025391 0.500000
vt 0.025391 0.500000
vt 0.025391 0.500000
vt 0.060547 0.500000
vt 0.060547 0.500000
vt 0.060547 0.500000
vt 0.060547 0.500000
vt 0.060547 0.500000
vt 0.060547 0.500000
vt 0.060547 0.500000
vt 0.060547 0.500000
vt 0.908203 0.500000
vt 0.908203 0.500000
vt 0.908203 0.500000
vt 0.908203 0.500000
vt 0.751953 0.500000
vt 0.751953 0.500000
vt 0.751953 0.500000
vt 0.751953 0.500000
vt 0.751953 0.500000
vt 0.751953 0.500000
vt 0.751953 0.500000
vt 0.751953 0.500000
vt 0.751953 0.500000
vt 0.751953 0.500000
vt 0.751953 0.500000
vt 0.751953 0.500000
vt 0.060547 0.500000
vt 0.060547 0.500000
vt 0.060547 0.500000
vt 0.060547 0.500000
vt 0.908203 0.500000
vt 0.908203 0.500000
vt 0.908203 0.500000
vt 0.908203 0.500000
vt 0.751953 0.500000
vt 0.751953 0.500000
vt 0.751953 0.500000
vt 0.751953 0.500000
vt 0.025391 0.500000
vt 0.025391 0.500000
vt 0.025391 0.500000
vt 0.025391 0.500000
vt 0.025391 0.500000
vt 0.025391 0.500000
vt 0.025391 0.500000
vt 0.025391 0.500000
vt 0.025391 0.500000
vt 0.025391 0.500000
vt 0.025391 0.500000
vt 0.025391 0.500000
vt 0.751953 0.500000
vt 0.751953 0.500000
vt 0.751953 0.500000
vt 0.751953 0.500000
vt 0.751953 0.500000
vt 0.751953 0.500000
vt 0.751953 0.500000
vt 0.751953 0.500000
vt 0.751953 0.500000
vt 0.751953 0.500000
vt 0.751953 0.500000
vt 0.751953 0.500000
vt 0.908203 0.500000
vt 0.908203 0.500000
vt 0.908203 0.500000
vt 0.908203 0.500000
vt 0.908203 0.500000
vt 0.751953 0.500000
vt 0.751953 0.500000
vt 0.751953 0.500000
vt 0.751953 0.500000
vt 0.751953 0.500000
vt 0.751953 0.500000
vt 0.751953 0.500000
vt 0.751953 0.500000
vt 0.751953 0.500000
vt 0.751953 0.500000
vt 0.751953 0.500000
vt 0.751953 0.500000
vt 0.908203 0.500000
vt 0.908203 0.500000
vt 0.908203 0.500000
vt 0.908203 0.500000
vt 0.751953 0.500000
vt 0.751953 0.500000
vt 0.751953 0.500000
vt 0.751953 0.500000
vt 0.751953 0.500000
vt 0.751953 0.500000
vt 0.751953 0.500000
vt 0.751953 0.500000
vt 0.751953 0.500000
vt 0.751953 0.500000
vt 0.751953 0.500000
vt 0.751953 0.500000
vt 0.908203 0.500000
vt 0.908203 0.500000
vt 0.908203 0.500000
vt 0.908203 0.500000
vt 0.908203 0.500000
vt 0.908203 0.500000
vt 0.751953 0.500000
vt 0.751953 0.500000
vt 0.751953 0.500000
vt 0.751953 0.500000
vt 0.751953 0.500000
vt 0.751953 0.500000
vt 0.751953 0.500000
vt 0.751953 0.500000
vt 0.751953 0.500000
vt 0.751953 0.500000
vt 0.751953 0.500000
vt 0.751953 0.500000
vt 0.751953 0.500000
vt 0.751953 0.500000
vt 0.751953 0.500000
vt 0.751953 0.500000
vt 0.751953 0.500000
vt 0.751953 0.500000
vt 0.751953 0.500000
vt 0.751953 0.500000
vt 0.751953 0.500000
vt 0.751953 0.500000
vt 0.751953 0.500000
vt 0.751953 0.500000
vt 0.908203 0.500000
vt 0.908203 0.500000
vt 0.908203 0.500000
vt 0.908203 0.500000
vt 0.751953 0.500000
vt 0.751953 0.500000
vt 0.751953 0.500000
vt 0.751953 0.500000
vt 0.751953 0.500000
vt 0.751953 0.500000
vt 0.751953 0.500000
vt 0.751953 0.500000
vt 0.751953 0.500000
vt 0.751953 0.500000
vt 0.751953 0.500000
vt 0.751953 0.500000
vt 0.908203 0.500000
vt 0.908203 0.500000
vt 0.908203 0.500000
vt 0.025391 0.500000
vt 0.025391 0.500000
vt 0.025391 0.500000
vt 0.908203 0.500000
vt 0.908203 0.500000
vt 0.751953 0.500000
vt 0.751953 0.500000
vt 0.751953 0.500000
vt 0.751953 0.500000
vt 0.751953 0.500000
vt 0.751953 0.500000
vt 0.751953 0.500000
vt 0.751953 0.500000
vt 0.025391 0.500000
vt 0.025391 0.500000
vt 0.025391 0.500000
vt 0.025391 0.500000
vt 0.025391 0.500000
vt 0.025391 0.500000
vt 0.025391 0.500000
vt 0.751953 0.500000
vt 0.751953 0.500000
vt 0.751953 0.500000
vt 0.751953 0.500000
vt 0.060547 0.500000
vt 0.060547 0.500000
vt 0.060547 0.500000
vt 0.060547 0.500000
vt 0.908203 0.500000
vt 0.908203 0.500000
vt 0.908203 0.500000
vt 0.908203 0.500000
vt 0.908203 0.500000
vt 0.751953 0.500000
vt 0.751953 0.500000
vt 0.751953 0.500000
vt 0.751953 0.500000
vt 0.751953 0.500000
vt 0.751953 0.500000
vt 0.751953 0.500000
vt 0.751953 0.500000
vt 0.060547 0.500000
vt 0.060547 0.500000
vt 0.060547 0.500000
vt 0.060547 0.500000
vt 0.751953 0.500000
vt 0.751953 0.500000
vt 0.751953 0.500000
vt 0.751953 0.500000
vt 0.751953 0.500000
vt 0.751953 0.500000
vt 0.751953 0.500000
vt 0.751953 0.500000
vt 0.751953 0.500000
vt 0.751953 0.500000
vt 0.751953 0.500000
vt 0.751953 0.500000
vt 0.060547 0.500000
vt 0.060547 0.500000
vt 0.060547 0.500000
vt 0.060547 0.500000
vt 0.751953 0.500000
vt 0.751953 0.500000
vt 0.751953 0.500000
vt 0.751953 0.500000
vt 0.056641 0.500000
vt 0.056641 0.500000
vt 0.056641 0.500000
vt 0.025391 0.500000
vt 0.025391 0.500000
vt 0.025391 0.500000
vt 0.056641 0.500000
vt 0.025391 0.500000
vt 0.025391 0.500000
vt 0.025391 0.500000
vt 0.025391 0.500000
vt 0.025391 0.500000
vt 0.025391 0.500000
vt 0.025391 0.500000
vt 0.025391 0.500000
vt 0.060547 0.500000
vt 0.060547 0.500000
vt 0.060547 0.500000
vt 0.060547 0.500000
vt 0.060547 0.500000
vt 0.060547 0.500000
vt 0.060547 0.500000
vt 0.060547 0.500000
vt 0.060547 0.500000
vt 0.060547 0.500000
vt 0.060547 0.500000
vt 0.060547 0.500000
vt 0.060547 0.500000
vt 0.060547 0.500000
vt 0.060547 0.500000
vt 0.060547 0.500000
vt 0.060547 0.500000
vt 0.060547 0.500000
vt 0.060547 0.500000
vt 0.060547 0.500000
vt 0.060547 0.500000
vt 0.060547 0.500000
vt 0.060547 0.500000
vt 0.060547 0.500000
vt 0.060547 0.500000
vt 0.060547 0.500000
vt 0.060547 0.500000
vt 0.060547 0.500000
vt 0.025391 0.500000
vt 0.025391 0.500000
vt 0.025391 0.500000
vt 0.025391 0.500000
vt 0.025391 0.500000
vt 0.025391 0.500000
vt 0.025391 0.500000
vt 0.025391 0.500000
vt 0.025391 0.500000
vt 0.025391 0.500000
vt 0.025391 0.500000
vt 0.025391 0.500000
vt 0.044922 0.500000
vt 0.044922 0.500000
vt 0.044922 0.500000
vt 0.044922 0.500000
vt 0.044922 0.500000
vt 0.044922 0.500000
vt 0.044922 0.500000
vt 0.044922 0.500000
vt 0.044922 0.500000
vt 0.044922 0.500000
vt 0.044922 0.500000
vt 0.044922 0.500000
vt 0.044922 0.500000
vt 0.044922 0.500000
vt 0.044922 0.500000
vt 0.044922 0.500000
vt 0.025391 0.500000
vt 0.025391 0.500000
vt 0.025391 0.500000
vt 0.025391 0.500000
vt 0.060547 0.500000
vt 0.060547 0.500000
vt 0.060547 0.500000
vt 0.060547 0.500000
vt 0.060547 0.500000
vt 0.060547 0.500000
vt 0.060547 0.500000
vt 0.060547 0.500000
vt 0.044922 0.500000
vt 0.044922 0.500000
vt 0.044922 0.500000
vt 0.044922 0.500000
vt 0.044922 0.500000
vt 0.044922 0.500000
vt 0.044922 0.500000
vt 0.044922 0.500000
vt 0.025391 0.500000
vt 0.025391 0.500000
vt 0.025391 0.500000
vt 0.025391 0.500000
vt 0.025391 0.500000
vt 0.025391 0.500000
vt 0.025391 0.500000
vt 0.025391 0.500000
vt 0.025391 0.500000
vt 0.025391 0.500000
vt 0.025391 0.500000
vt 0.025391 0.500000
vt 0.056641 0.500000
vt 0.056641 0.500000
vt 0.056641 0.500000
vt 0.056641 0.500000
vt 0.056641 0.500000
vt 0.056641 0.500000
vt 0.056641 0.500000
vt 0.056641 0.500000
vt 0.056641 0.500000
vt 0.056641 0.500000
vt 0.056641 0.500000
vt 0.056641 0.500000
vt 0.056641 0.500000
vt 0.056641 0.500000
vt 0.060547 0.500000
vt 0.060547 0.500000
vt 0.060547 0.500000
vt 0.060547 0.500000
vt 0.060547 0.500000
vt 0.060547 0.500000
vt 0.060547 0.500000
vt 0.060547 0.500000
vt 0.060547 0.500000
vt 0.060547 0.500000
vt 0.060547 0.500000
vt 0.060547 0.500000
vt 0.060547 0.500000
vt 0.060547 0.500000
vt 0.060547 0.500000
vt 0.060547 0.500000
vt 0.060547 0.500000
vt 0.060547 0.500000
vt 0.060547 0.500000
vt 0.060547 0.500000
vt 0.060547 0.500000
vt 0.060547 0.500000
vt 0.060547 0.500000
vt 0.060547 0.500000
vt 0.060547 0.500000
vt 0.025391 0.500000
vt 0.025391 0.500000
vt 0.025391 0.500000
vt 0.025391 0.500000
vt 0.025391 0.500000
vt 0.025391 0.500000
vt 0.025391 0.500000
vt 0.025391 0.500000
vt 0.025391 0.500000
vt 0.025391 0.500000
vt 0.025391 0.500000
vt 0.025391 0.500000
vt 0.044922 0.500000
vt 0.044922 0.500000
vt 0.044922 0.500000
vt 0.044922 0.500000
vt 0.044922 0.500000
vt 0.025391 0.500000
vt 0.025391 0.500000
vt 0.025391 0.500000
vt 0.025391 0.500000
vt 0.044922 0.500000
vt 0.044922 0.500000
vt 0.044922 0.500000
vt 0.044922 0.500000
vt 0.025391 0.500000
vt 0.025391 0.500000
vt 0.025391 0.500000
vt 0.025391 0.500000
vt 0.025391 0.500000
vt 0.025391 0.500000
vt 0.025391 0.500000
vt 0.025391 0.500000
vt 0.044922 0.500000
vt 0.044922 0.500000
vt 0.044922 0.500000
vt 0.044922 0.500000
vt 0.044922 0.500000
vt 0.044922 0.500000
vt 0.044922 0.500000
vt 0.044922 0.500000
vt 0.025391 0.500000
vt 0.025391 0.500000
vt 0.025391 0.500000
vt 0.025391 0.500000
vt 0.025391 0.500000
vt 0.025391 0.500000
vt 0.025391 0.500000
vt 0.025391 0.500000
vt 0.044922 0.500000
vt 0.044922 0.500000
vt 0.044922 0.500000
vt 0.044922 0.500000
vt 0.025391 0.500000
vt 0.025391 0.500000
vt 0.025391 0.500000
vt 0.025391 0.500000
vt 0.025391 0.500000
vt 0.025391 0.500000
vt 0.025391 0.500000
vt 0.025391 0.500000
vt 0.025391 0.500000
vt 0.025391 0.500000
vt 0.021484 0.500000
vt 0.021484 0.500000
vt 0.021484 0.500000
vt 0.021484 0.500000
vt 0.060547 0.500000
vt 0.060547 0.500000
vt 0.060547 0.500000
vt 0.060547 0.500000
vt 0.060547 0.500000
vt 0.060547 0.500000
vt 0.060547 0.500000
vt 0.060547 0.500000
vt 0.060547 0.500000
vt 0.060547 0.500000
vt 0.060547 0.500000
vt 0.060547 0.500000
vt 0.060547 0.500000
vt 0.060547 0.500000
vt 0.060547 0.500000
vt 0.060547 0.500000
vt 0.021484 0.500000
vt 0.021484 0.500000
vt 0.021484 0.500000
vt 0.021484 0.500000
vt 0.048828 0.500000
vt 0.048828 0.500000
vt 0.048828 0.500000
vt 0.048828 0.500000
vt 0.021484 0.500000
vt 0.021484 0.500000
vt 0.021484 0.500000
vt 0.021484 0.500000
vt 0.060547 0.500000
vt 0.060547 0.500000
vt 0.060547 0.500000
vt 0.060547 0.500000
vt 0.060547 0.500000
vt 0.060547 0.500000
vt 0.060547 0.500000
vt 0.060547 0.500000
vt 0.021484 0.500000
vt 0.021484 0.500000
vt 0.021484 0.500000
vt 0.021484 0.500000
vt 0.048828 0.500000
vt 0.048828 0.500000
vt 0.048828 0.500000
vt 0.048828 0.500000
vt 0.021484 0.500000
vt 0.021484 0.500000
vt 0.021484 0.500000
vt 0.021484 0.500000
vt 0.021484 0.500000
vt 0.021484 0.500000
vt 0.021484 0.500000
vt 0.021484 0.500000
vt 0.048828 0.500000
vt 0.048828 0.500000
vt 0.048828 0.500000
vt 0.048828 0.500000
vt 0.021484 0.500000
vt 0.021484 0.500000
vt 0.021484 0.500000
vt 0.021484 0.500000
vt 0.056641 0.500000
vt 0.056641 0.500000
vt 0.056641 0.500000
vt 0.056641 0.500000
vt 0.056641 0.500000
vt 0.056641 0.500000
vt 0.056641 0.500000
vt 0.056641 0.500000
vt 0.056641 0.500000
vt 0.056641 0.500000
vt 0.056641 0.500000
vt 0.056641 0.500000
vt 0.056641 0.500000
vt 0.056641 0.500000
vt 0.056641 0.500000
vt 0.056641 0.500000
vt 0.056641 0.500000
vt 0.056641 0.500000
vt 0.056641 0.500000
vt 0.056641 0.500000
vt 0.021484 0.500000
vt 0.021484 0.500000
vt 0.021484 0.500000
vt 0.021484 0.500000
vt 0.060547 0.500000
vt 0.060547 0.500000
vt 0.060547 0.500000
vt 0.060547 0.500000
vt 0.060547 0.500000
vt 0.060547 0.500000
vt 0.060547 0.500000
vt 0.060547 0.500000
vt 0.060547 0.500000
vt 0.060547 0.500000
vt 0.060547 0.500000
vt 0.060547 0.500000
vt 0.060547 0.500000
vt 0.060547 0.500000
vt 0.060547 0.500000
vt 0.060547 0.500000
vt 0.060547 0.500000
vt 0.060547 0.500000
vt 0.060547 0.500000
vt 0.060547 0.500000
vt 0.060547 0.500000
vt 0.060547 0.500000
vt 0.060547 0.500000
vt 0.060547 0.500000
vt 0.033203 0.500000
vt 0.033203 0.500000
vt 0.033203 0.500000
vt 0.064453 0.500000
vt 0.064453 0.500000
vt 0.064453 0.500000
vt 0.033203 0.500000
vt 0.064453 0.500000
vt 0.033203 0.500000
vt 0.064453 0.500000
vt 0.064453 0.500000
vt 0.033203 0.500000
vt 0.033203 0.500000
vt 0.064453 0.500000
vt 0.060547 0.500000
vt 0.060547 0.500000
vt 0.033203 0.500000
vt 0.033203 0.500000
vt 0.060547 0.500000
vt 0.060547 0.500000
vt 0.033203 0.500000
vt 0.064453 0.500000
vt 0.064453 0.500000
vt 0.064453 0.500000
vt 0.033203 0.500000
vt 0.033203 0.500000
vt 0.064453 0.500000
vt 0.029297 0.500000
vt 0.029297 0.500000
vt 0.029297 0.500000
vt 0.029297 0.500000
vt 0.029297 0.500000
vt 0.052734 0.500000
vt 0.052734 0.500000
vt 0.052734 0.500000
vt 0.029297 0.500000
vt 0.029297 0.500000
vt 0.052734 0.500000
vt 0.029297 0.500000
vt 0.029297 0.500000
vt 0.029297 0.500000
vt 0.064453 0.500000
vt 0.064453 0.500000
vt 0.033203 0.500000
vt 0.064453 0.500000
vt 0.033203 0.500000
vt 0.052734 0.500000
vt 0.052734 0.500000
vt 0.029297 0.500000
vt 0.029297 0.500000
vt 0.052734 0.500000
vt 0.052734 0.500000
vt 0.052734 0.500000
vt 0.029297 0.500000
vt 0.029297 0.500000
vt 0.052734 0.500000
vt 0.029297 0.500000
vt 0.052734 0.500000
vt 0.052734 0.500000
vt 0.052734 0.500000
vt 0.029297 0.500000
vt 0.052734 0.500000
vt 0.029297 0.500000
vt 0.029297 0.500000
vt 0.052734 0.500000
vt 0.029297 0.500000
vt 0.029297 0.500000
vt 0.052734 0.500000
vt 0.052734 0.500000
vt 0.029297 0.500000
vt 0.052734 0.500000
vt 0.033203 0.500000
vt 0.033203 0.500000
vt 0.033203 0.500000
vt 0.033203 0.500000
vt 0.033203 0.500000
vt 0.064453 0.500000
vt 0.064453 0.500000
vt 0.064453 0.500000
vt 0.033203 0.500000
vt 0.064453 0.500000
vt 0.029297 0.500000
vt 0.052734 0.500000
vt 0.052734 0.500000
vt 0.052734 0.500000
vt 0.029297 0.500000
vt 0.029297 0.500000
vt 0.052734 0.500000
vt 0.052734 0.500000
vt 0.029297 0.500000
vt 0.029297 0.500000
vt 0.029297 0.500000
vt 0.052734 0.500000
vt 0.029297 0.500000
vt 0.029297 0.500000
vt 0.033203 0.500000
vt 0.033203 0.500000
vt 0.033203 0.500000
vt 0.064453 0.500000
vt 0.064453 0.500000
vt 0.064453 0.500000
vt 0.033203 0.500000
vt 0.033203 0.500000
vt 0.064453 0.500000
vt 0.033203 0.500000
vt 0.064453 0.500000
vt 0.064453 0.500000
vt 0.033203 0.500000
vt 0.033203 0.500000
vt 0.033203 0.500000
vt 0.064453 0.500000
vt 0.033203 0.500000
vt 0.029297 0.500000
vt 0.029297 0.500000
vt 0.029297 0.500000
vt 0.052734 0.500000
vt 0.052734 0.500000
vt 0.029297 0.500000
vt 0.052734 0.500000
vt 0.052734 0.500000
vt 0.052734 0.500000
vt 0.052734 0.500000
vt 0.052734 0.500000
vt 0.029297 0.500000
vt 0.029297 0.500000
vt 0.052734 0.500000
vt 0.033203 0.500000
vt 0.064453 0.500000
vt 0.064453 0.500000
vt 0.033203 0.500000
vt 0.033203 0.500000
vt 0.064453 0.500000
vt 0.064453 0.500000
vt 0.064453 0.500000
vt 0.033203 0.500000
vt 0.033203 0.500000
vt 0.064453 0.500000
vt 0.029297 0.500000
vt 0.029297 0.500000
vt 0.052734 0.500000
vt 0.029297 0.500000
vt 0.029297 0.500000
vt 0.029297 0.500000
vt 0.052734 0.500000
vt 0.052734 0.500000
vt 0.029297 0.500000
vt 0.029297 0.500000
vt 0.029297 0.500000
vt 0.052734 0.500000
vt 0.029297 0.500000
vt 0.064453 0.500000
vt 0.064453 0.500000
vt 0.033203 0.500000
vt 0.064453 0.500000
vt 0.033203 0.500000
vt 0.033203 0.500000
vt 0.033203 0.500000
vt 0.029297 0.500000
vt 0.029297 0.500000
vt 0.029297 0.500000
vt 0.029297 0.500000
vt 0.033203 0.500000
vt 0.033203 0.500000
vt 0.029297 0.500000
vt 0.029297 0.500000
vt 0.029297 0.500000
vt 0.029297 0.500000
vt 0.029297 0.500000
vt 0.029297 0.500000
vt 0.029297 0.500000
vt 0.029297 0.500000
vt 0.029297 0.500000
vt 0.052734 0.500000
vt 0.052734 0.500000
vt 0.052734 0.500000
vt 0.029297 0.500000
vt 0.029297 0.500000
vt 0.052734 0.500000
vt 0.029297 0.500000
vt 0.052734 0.500000
vt 0.052734 0.500000
vt 0.029297 0.500000
vt 0.029297 0.500000
vt 0.052734 0.500000
vt 0.052734 0.500000
vt 0.052734 0.500000
vt 0.029297 0.500000
vt 0.029297 0.500000
vt 0.052734 0.500000
vt 0.052734 0.500000
vt 0.029297 0.500000
vt 0.029297 0.500000
vt 0.052734 0.500000
vt 0.029297 0.500000
vt 0.029297 0.500000
vt 0.029297 0.500000
vt 0.052734 0.500000
vt 0.052734 0.500000
vt 0.052734 0.500000
vt 0.029297 0.500000
vt 0.029297 0.500000
vt 0.052734 0.500000
vt 0.029297 0.500000
vt 0.052734 0.500000
vt 0.052734 0.500000
vt 0.029297 0.500000
vt 0.029297 0.500000
vt 0.052734 0.500000
vt 0.052734 0.500000
vt 0.052734 0.500000
vt 0.029297 0.500000
vt 0.029297 0.500000
vt 0.052734 0.500000
vt 0.052734 0.500000
vt 0.029297 0.500000
vt 0.029297 0.500000
vt 0.052734 0.500000
vt 0.029297 0.500000
vt 0.029297 0.500000
vt 0.048828 0.500000
vt 0.048828 0.500000
vt 0.048828 0.500000
vt 0.048828 0.500000
vt 0.025391 0.500000
vt 0.025391 0.500000
vt 0.025391 0.500000
vt 0.025391 0.500000
vt 0.025391 0.500000
vt 0.025391 0.500000
vt 0.025391 0.500000
vt 0.025391 0.500000
vt 0.025391 0.500000
vt 0.025391 0.500000
vt 0.025391 0.500000
vt 0.025391 0.500000
vt 0.025391 0.500000
vt 0.025391 0.500000
vt 0.025391 0.500000
vt 0.025391 0.500000
vt 0.025391 0.500000
vt 0.025391 0.500000
vt 0.025391 0.500000
vt 0.025391 0.500000
vt 0.025391 0.500000
vt 0.025391 0.500000
vt 0.025391 0.500000
vt 0.025391 0.500000
vt 0.025391 0.500000
vt 0.025391 0.500000
vt 0.025391 0.500000
vt 0.025391 0.500000
vt 0.025391 0.500000
vt 0.025391 0.500000
vt 0.025391 0.500000
vt 0.025391 0.500000
vt 0.025391 0.500000
vt 0.025391 0.500000
vt 0.025391 0.500000
vt 0.025391 0.500000
vt 0.025391 0.500000
vt 0.025391 0.500000
vt 0.025391 0.500000
vt 0.025391 0.500000
vt 0.025391 0.500000
vt 0.025391 0.500000
vt 0.021484 0.500000
vt 0.021484 0.500000
vt 0.021484 0.500000
vt 0.021484 0.500000
vt 0.021484 0.500000
vt 0.021484 0.500000
vt 0.021484 0.500000
vt 0.021484 0.500000
vt 0.048828 0.500000
vt 0.048828 0.500000
vt 0.048828 0.500000
vt 0.048828 0.500000
vt 0.048828 0.500000
vt 0.048828 0.500000
vt 0.048828 0.500000
vt 0.048828 0.500000
vt 0.021484 0.500000
vt 0.021484 0.500000
vt 0.021484 0.500000
vt 0.021484 0.500000
vt 0.025391 0.500000
vt 0.025391 0.500000
vt 0.025391 0.500000
vt 0.025391 0.500000
vt 0.025391 0.500000
vt 0.025391 0.500000
vt 0.025391 0.500000
vt 0.025391 0.500000
vt 0.025391 0.500000
vt 0.025391 0.500000
vt 0.025391 0.500000
vt 0.025391 0.500000
vt 0.021484 0.500000
vt 0.021484 0.500000
vt 0.021484 0.500000
vt 0.021484 0.500000
vt 0.029297 0.500000
vt 0.029297 0.500000
vt 0.029297 0.500000
vt 0.029297 0.500000
vt 0.029297 0.500000
vt 0.029297 0.500000
vt 0.029297 0.500000
vt 0.052734 0.500000
vt 0.052734 0.500000
vt 0.052734 0.500000
vt 0.029297 0.500000
vt 0.029297 0.500000
vt 0.052734 0.500000
vt 0.052734 0.500000
vt 0.052734 0.500000
vt 0.052734 0.500000
vt 0.029297 0.500000
vt 0.029297 0.500000
vt 0.052734 0.500000
vt 0.029297 0.500000
vt 0.060547 0.500000
vt 0.060547 0.500000
vt 0.060547 0.500000
vt 0.060547 0.500000
vt 0.060547 0.500000
vt 0.060547 0.500000
vt 0.052734 0.500000
vt 0.029297 0.500000
vt 0.052734 0.500000
vt 0.052734 0.500000
vt 0.052734 0.500000
vt 0.052734 0.500000
vt 0.029297 0.500000
vt 0.052734 0.500000
vt 0.029297 0.500000
vt 0.029297 0.500000
vt 0.052734 0.500000
vt 0.029297 0.500000
vt 0.029297 0.500000
vt 0.029297 0.500000
vt 0.052734 0.500000
vt 0.029297 0.500000
vt 0.029297 0.500000
vt 0.052734 0.500000
vt 0.052734 0.500000
vt 0.052734 0.500000
vt 0.052734 0.500000
vt 0.052734 0.500000
vt 0.029297 0.500000
vt 0.052734 0.500000
vt 0.060547 0.500000
vt 0.060547 0.500000
vt 0.052734 0.500000
vt 0.029297 0.500000
vt 0.029297 0.500000
vt 0.029297 0.500000
vt 0.029297 0.500000
vt 0.052734 0.500000
vt 0.060547 0.500000
vt 0.060547 0.500000
vt 0.060547 0.500000
vt 0.060547 0.500000
vt 0.060547 0.500000
vt 0.060547 0.500000
vt 0.029297 0.500000
vt 0.029297 0.500000
vt 0.029297 0.500000
vt 0.052734 0.500000
vt 0.052734 0.500000
vt 0.052734 0.500000
vt 0.029297 0.500000
vt 0.029297 0.500000
vt 0.052734 0.500000
vt 0.029297 0.500000
vt 0.052734 0.500000
vt 0.052734 0.500000
vt 0.029297 0.500000
vt 0.029297 0.500000
vt 0.052734 0.500000
vt 0.052734 0.500000
vt 0.052734 0.500000
vt 0.029297 0.500000
vt 0.029297 0.500000
vt 0.052734 0.500000
vt 0.052734 0.500000
vt 0.029297 0.500000
vt 0.029297 0.500000
vt 0.052734 0.500000
vt 0.060547 0.500000
vt 0.060547 0.500000
vt 0.060547 0.500000
vt 0.060547 0.500000
vt 0.060547 0.500000
vt 0.060547 0.500000
vt 0.060547 0.500000
vt 0.060547 0.500000
vt 0.060547 0.500000
vt 0.060547 0.500000
vt 0.060547 0.500000
vt 0.060547 0.500000
vt 0.060547 0.500000
vt 0.060547 0.500000
vt 0.029297 0.500000
vt 0.029297 0.500000
vt 0.029297 0.500000
vt 0.052734 0.500000
vt 0.052734 0.500000
vt 0.052734 0.500000
vt 0.029297 0.500000
vt 0.029297 0.500000
vt 0.052734 0.500000
vt 0.029297 0.500000
vt 0.060547 0.500000
vt 0.060547 0.500000
vt 0.052734 0.500000
vt 0.052734 0.500000
vt 0.029297 0.500000
vt 0.029297 0.500000
vt 0.052734 0.500000
vt 0.052734 0.500000
vt 0.052734 0.500000
vt 0.029297 0.500000
vt 0.029297 0.500000
vt 0.052734 0.500000
vt 0.052734 0.500000
vt 0.029297 0.500000
vt 0.029297 0.500000
vt 0.052734 0.500000
vt 0.029297 0.500000
vt 0.029297 0.500000
vt 0.029297 0.500000
vt 0.052734 0.500000
vt 0.052734 0.500000
vt 0.052734 0.500000
vt 0.029297 0.500000
vt 0.029297 0.500000
vt 0.052734 0.500000
vt 0.029297 0.500000
vt 0.060547 0.500000
vt 0.060547 0.500000
vt 0.060547 0.500000
vt 0.060547 0.500000
vt 0.052734 0.500000
vt 0.052734 0.500000
vt 0.052734 0.500000
vt 0.029297 0.500000
vt 0.052734 0.500000
vt 0.052734 0.500000
vt 0.029297 0.500000
vt 0.052734 0.500000
vt 0.029297 0.500000
vt 0.029297 0.500000
vt 0.052734 0.500000
vt 0.029297 0.500000
vt 0.029297 0.500000
vt 0.029297 0.500000
vt 0.052734 0.500000
vt 0.029297 0.500000
vt 0.029297 0.500000
vt 0.052734 0.500000
vt 0.052734 0.500000
vt 0.052734 0.500000
vt 0.052734 0.500000
vt 0.052734 0.500000
vt 0.052734 0.500000
vt 0.052734 0.500000
vt 0.029297 0.500000
vt 0.052734 0.500000
vt 0.060547 0.500000
vt 0.060547 0.500000
vt 0.029297 0.500000
vt 0.029297 0.500000
vt 0.052734 0.500000
vt 0.029297 0.500000
vt 0.029297 0.500000
vt 0.029297 0.500000
vt 0.052734 0.500000
vt 0.052734 0.500000
vt 0.029297 0.500000
vt 0.029297 0.500000
vt 0.029297 0.500000
vt 0.052734 0.500000
vt 0.060547 0.500000
vt 0.060547 0.500000
vt 0.060547 0.500000
vt 0.060547 0.500000
vt 0.060547 0.500000
vt 0.060547 0.500000
vt 0.060547 0.500000
vt 0.060547 0.500000
vt 0.029297 0.500000
vt 0.029297 0.500000
vt 0.048828 0.500000
vt 0.048828 0.500000
vt 0.048828 0.500000
vt 0.048828 0.500000
vt 0.056641 0.500000
vt 0.056641 0.500000
vt 0.056641 0.500000
vt 0.056641 0.500000
vt 0.056641 0.500000
vt 0.056641 0.500000
vt 0.056641 0.500000
vt 0.056641 0.500000
vt 0.056641 0.500000
vt 0.056641 0.500000
vt 0.056641 0.500000
vt 0.056641 0.500000
vt 0.021484 0.500000
vt 0.021484 0.500000
vt 0.021484 0.500000
vt 0.021484 0.500000
vt 0.056641 0.500000
vt 0.056641 0.500000
vt 0.056641 0.500000
vt 0.056641 0.500000
vt 0.060547 0.500000
vt 0.060547 0.500000
vt 0.060547 0.500000
vt 0.060547 0.500000
vt 0.060547 0.500000
vt 0.056641 0.500000
vt 0.056641 0.500000
vt 0.056641 0.500000
vt 0.056641 0.500000
vt 0.056641 0.500000
vt 0.056641 0.500000
vt 0.056641 0.500000
vt 0.056641 0.500000
vt 0.060547 0.500000
vt 0.060547 0.500000
vt 0.060547 0.500000
vt 0.060547 0.500000
vt 0.060547 0.500000
vt 0.060547 0.500000
vt 0.056641 0.500000
vt 0.056641 0.500000
vt 0.056641 0.500000
vt 0.056641 0.500000
vt 0.060547 0.500000
vt 0.060547 0.500000
vt 0.060547 0.500000
vt 0.060547 0.500000
vt 0.060547 0.500000
vt 0.060547 0.500000
vt 0.060547 0.500000
vt 0.056641 0.500000
vt 0.056641 0.500000
vt 0.056641 0.500000
vt 0.056641 0.500000
vt 0.056641 0.500000
vt 0.056641 0.500000
vt 0.056641 0.500000
vt 0.056641 0.500000
vt 0.056641 0.500000
vt 0.056641 0.500000
vt 0.056641 0.500000
vt 0.056641 0.500000
vt 0.021484 0.500000
vt 0.021484 0.500000
vt 0.021484 0.500000
vt 0.021484 0.500000
vt 0.021484 0.500000
vt 0.021484 0.500000
vt 0.021484 0.500000
vt 0.021484 0.500000
vt 0.056641 0.500000
vt 0.056641 0.500000
vt 0.056641 0.500000
vt 0.056641 0.500000
vt 0.056641 0.500000
vt 0.056641 0.500000
vt 0.056641 0.500000
vt 0.056641 0.500000
vt 0.056641 0.500000
vt 0.056641 0.500000
vt 0.056641 0.500000
vt 0.056641 0.500000
vt 0.021484 0.500000
vt 0.021484 0.500000
vt 0.021484 0.500000
vt 0.021484 0.500000
vt 0.048828 0.500000
vt 0.048828 0.500000
vt 0.048828 0.500000
vt 0.048828 0.500000
vt 0.048828 0.500000
vt 0.048828 0.500000
vt 0.048828 0.500000
vt 0.048828 0.500000
vt 0.021484 0.500000
vt 0.021484 0.500000
vt 0.021484 0.500000
vt 0.021484 0.500000
vt 0.021484 0.500000
vt 0.021484 0.500000
vt 0.021484 0.500000
vt 0.021484 0.500000
vt 0.021484 0.500000
vt 0.021484 0.500000
vt 0.021484 0.500000
vt 0.021484 0.500000
vt 0.060547 0.500000
vt 0.060547 0.500000
vt 0.060547 0.500000
vt 0.060547 0.500000
vt 0.060547 0.500000
vt 0.060547 0.500000
vt 0.060547 0.500000
vt 0.060547 0.500000
vt 0.021484 0.500000
vt 0.021484 0.500000
vt 0.021484 0.500000
vt 0.021484 0.500000
vt 0.048828 0.500000
vt 0.048828 0.500000
vt 0.048828 0.500000
vt 0.048828 0.500000
vt 0.060547 0.500000
vt 0.060547 0.500000
vt 0.060547 0.500000
vt 0.060547 0.500000
vt 0.060547 0.500000
vt 0.060547 0.500000
vt 0.060547 0.500000
vt 0.060547 0.500000
vt 0.048828 0.500000
vt 0.048828 0.500000
vt 0.048828 0.500000
vt 0.048828 0.500000
vt 0.048828 0.500000
vt 0.048828 0.500000
vt 0.048828 0.500000
vt 0.048828 0.500000
vt 0.021484 0.500000
vt 0.021484 0.500000
vt 0.021484 0.500000
vt 0.021484 0.500000
vt 0.060547 0.500000
vt 0.060547 0.500000
vt 0.060547 0.500000
vt 0.060547 0.500000
vt 0.021484 0.500000
vt 0.021484 0.500000
vt 0.021484 0.500000
vt 0.021484 0.500000
vt 0.021484 0.500000
vt 0.021484 0.500000
vt 0.021484 0.500000
vt 0.021484 0.500000
vt 0.021484 0.500000
vt 0.021484 0.500000
vt 0.021484 0.500000
vt 0.021484 0.500000
vt 0.060547 0.500000
vt 0.060547 0.500000
vt 0.060547 0.500000
vt 0.060547 0.500000
vt 0.060547 0.500000
vt 0.060547 0.500000
vt 0.060547 0.500000
vt 0.060547 0.500000
vt 0.021484 0.500000
vt 0.021484 0.500000
vt 0.021484 0.500000
vt 0.021484 0.500000
vt 0.025391 0.500000
vt 0.025391 0.500000
vt 0.025391 0.500000
vt 0.025391 0.500000
vt 0.025391 0.500000
vt 0.025391 0.500000
vt 0.025391 0.500000
vt 0.025391 0.500000
vt 0.025391 0.500000
vt 0.025391 0.500000
vt 0.025391 0.500000
vt 0.025391 0.500000
vt 0.025391 0.500000
vt 0.025391 0.500000
vt 0.025391 0.500000
vt 0.025391 0.500000
vt 0.025391 0.500000
vt 0.025391 0.500000
vt 0.025391 0.500000
vt 0.025391 0.500000
vt 0.025391 0.500000
vt 0.025391 0.500000
vt 0.025391 0.500000
vt 0.025391 0.500000
vt 0.025391 0.500000
vt 0.025391 0.500000
vt 0.025391 0.500000
vt 0.025391 0.500000
vt 0.025391 0.500000
vt 0.025391 0.500000
vt 0.025391 0.500000
vt 0.025391 0.500000
vt 0.025391 0.500000
vt 0.025391 0.500000
vt 0.025391 0.500000
vt 0.025391 0.500000
vt 0.025391 0.500000
vt 0.025391 0.500000
vt 0.025391 0.500000
vt 0.025391 0.500000
vt 0.025391 0.500000
vt 0.025391 0.500000
vt 0.025391 0.500000
vt 0.025391 0.500000
vt 0.025391 0.500000
vt 0.025391 0.500000
vt 0.025391 0.500000
vt 0.025391 0.500000
vt 0.025391 0.500000
vt 0.025391 0.500000
vt 0.025391 0.500000
vt 0.025391 0.500000
vt 0.025391 0.500000
vt 0.025391 0.500000
vt 0.025391 0.500000
vt 0.025391 0.500000
vt 0.025391 0.500000
vt 0.025391 0.500000
vt 0.025391 0.500000
vt 0.025391 0.500000
vt 0.025391 0.500000
vt 0.025391 0.500000
vt 0.025391 0.500000
vt 0.025391 0.500000
vt 0.025391 0.500000
vt 0.025391 0.500000
vt 0.025391 0.500000
vt 0.025391 0.500000
vt 0.025391 0.500000
vt 0.025391 0.500000
vt 0.021484 0.500000
vt 0.021484 0.500000
vt 0.021484 0.500000
vt 0.021484 0.500000
vt 0.048828 0.500000
vt 0.048828 0.500000
vt 0.048828 0.500000
vt 0.048828 0.500000
vt 0.048828 0.500000
vt 0.048828 0.500000
vt 0.048828 0.500000
vt 0.048828 0.500000
vt 0.060547 0.500000
vt 0.060547 0.500000
vt 0.060547 0.500000
vt 0.060547 0.500000
vt 0.060547 0.500000
vt 0.060547 0.500000
vt 0.060547 0.500000
vt 0.060547 0.500000
vt 0.029297 0.500000
vt 0.029297 0.500000
vt 0.029297 0.500000
vt 0.029297 0.500000
vt 0.029297 0.500000
vt 0.052734 0.500000
vt 0.052734 0.500000
vt 0.052734 0.500000
vt 0.029297 0.500000
vt 0.029297 0.500000
vt 0.052734 0.500000
vt 0.029297 0.500000
vt 0.060547 0.500000
vt 0.060547 0.500000
vt 0.060547 0.500000
vt 0.060547 0.500000
vt 0.029297 0.500000
vt 0.029297 0.500000
vt 0.052734 0.500000
vt 0.052734 0.500000
vt 0.029297 0.500000
vt 0.029297 0.500000
vt 0.052734 0.500000
vt 0.052734 0.500000
vt 0.052734 0.500000
vt 0.029297 0.500000
vt 0.029297 0.500000
vt 0.052734 0.500000
vt 0.029297 0.500000
vt 0.029297 0.500000
vt 0.052734 0.500000
vt 0.029297 0.500000
vt 0.029297 0.500000
vt 0.052734 0.500000
vt 0.060547 0.500000
vt 0.060547 0.500000
vt 0.033203 0.500000
vt 0.033203 0.500000
vt 0.033203 0.500000
vt 0.029297 0.500000
vt 0.029297 0.500000
vt 0.060547 0.500000
vt 0.060547 0.500000
vt 0.033203 0.500000
vt 0.033203 0.500000
vt 0.029297 0.500000
vt 0.029297 0.500000
vt 0.033203 0.500000
vt 0.033203 0.500000
vt 0.029297 0.500000
vt 0.029297 0.500000
vt 0.060547 0.500000
vt 0.060547 0.500000
vt 0.033203 0.500000
vt 0.033203 0.500000
vt 0.029297 0.500000
vt 0.029297 0.500000
vt 0.060547 0.500000
vt 0.060547 0.500000
vt 0.033203 0.500000
vt 0.033203 0.500000
vt 0.033203 0.500000
vt 0.033203 0.500000
vt 0.033203 0.500000
vt 0.033203 0.500000
vt 0.033203 0.500000
vt 0.029297 0.500000
vt 0.029297 0.500000
vt 0.029297 0.500000
vt 0.029297 0.500000
vt 0.029297 0.500000
vt 0.052734 0.500000
vt 0.052734 0.500000
vt 0.052734 0.500000
vt 0.029297 0.500000
vt 0.029297 0.500000
vt 0.052734 0.500000
vt 0.052734 0.500000
vt 0.052734 0.500000
vt 0.052734 0.500000
vt 0.029297 0.500000
vt 0.029297 0.500000
vt 0.052734 0.500000
vt 0.029297 0.500000
vt 0.029297 0.500000
vt 0.052734 0.500000
vt 0.052734 0.500000
vt 0.052734 0.500000
vt 0.052734 0.500000
vt 0.052734 0.500000
vt 0.029297 0.500000
vt 0.052734 0.500000
vt 0.029297 0.500000
vt 0.029297 0.500000
vt 0.052734 0.500000
vt 0.029297 0.500000
vt 0.029297 0.500000
vt 0.029297 0.500000
vt 0.052734 0.500000
vt 0.029297 0.500000
vt 0.029297 0.500000
vt 0.052734 0.500000
vt 0.052734 0.500000
vt 0.052734 0.500000
vt 0.052734 0.500000
vt 0.052734 0.500000
vt 0.029297 0.500000
vt 0.052734 0.500000
vt 0.052734 0.500000
vt 0.029297 0.500000
vt 0.029297 0.500000
vt 0.029297 0.500000
vt 0.029297 0.500000
vt 0.052734 0.500000
vt 0.033203 0.500000
vt 0.033203 0.500000
vt 0.033203 0.500000
vt 0.033203 0.500000
vt 0.033203 0.500000
vt 0.033203 0.500000
vt 0.033203 0.500000
vt 0.033203 0.500000
vt 0.033203 0.500000
vt 0.033203 0.500000
vt 0.033203 0.500000
vt 0.033203 0.500000
vt 0.029297 0.500000
vt 0.029297 0.500000
vt 0.029297 0.500000
vt 0.060547 0.500000
vt 0.060547 0.500000
vt 0.029297 0.500000
vt 0.029297 0.500000
vt 0.052734 0.500000
vt 0.052734 0.500000
vt 0.052734 0.500000
vt 0.029297 0.500000
vt 0.029297 0.500000
vt 0.052734 0.500000
vt 0.029297 0.500000
vt 0.033203 0.500000
vt 0.033203 0.500000
vt 0.029297 0.500000
vt 0.052734 0.500000
vt 0.052734 0.500000
vt 0.029297 0.500000
vt 0.029297 0.500000
vt 0.052734 0.500000
vt 0.052734 0.500000
vt 0.052734 0.500000
vt 0.029297 0.500000
vt 0.029297 0.500000
vt 0.052734 0.500000
vt 0.033203 0.500000
vt 0.033203 0.500000
vt 0.029297 0.500000
vt 0.029297 0.500000
vt 0.052734 0.500000
vt 0.029297 0.500000
vt 0.029297 0.500000
vt 0.052734 0.500000
vt 0.060547 0.500000
vt 0.060547 0.500000
vt 0.060547 0.500000
vt 0.060547 0.500000
vt 0.033203 0.500000
vt 0.033203 0.500000
vt 0.029297 0.500000
vt 0.029297 0.500000
vt 0.033203 0.500000
vt 0.033203 0.500000
vt 0.033203 0.500000
vt 0.033203 0.500000
vt 0.033203 0.500000
vt 0.033203 0.500000
vt 0.029297 0.500000
vt 0.029297 0.500000
vt 0.060547 0.500000
vt 0.060547 0.500000
vt 0.060547 0.500000
vt 0.029297 0.500000
vt 0.029297 0.500000
vt 0.060547 0.500000
vt 0.060547 0.500000
vt 0.060547 0.500000
vt 0.060547 0.500000
vt 0.060547 0.500000
vt 0.029297 0.500000
vt 0.029297 0.500000
vt 0.029297 0.500000
vt 0.029297 0.500000
vt 0.052734 0.500000
vt 0.052734 0.500000
vt 0.052734 0.500000
vt 0.029297 0.500000
vt 0.029297 0.500000
vt 0.052734 0.500000
vt 0.029297 0.500000
vt 0.052734 0.500000
vt 0.052734 0.500000
vt 0.029297 0.500000
vt 0.052734 0.500000
vt 0.052734 0.500000
vt 0.052734 0.500000
vt 0.029297 0.500000
vt 0.052734 0.500000
vt 0.060547 0.500000
vt 0.060547 0.500000
vt 0.029297 0.500000
vt 0.029297 0.500000
vt 0.052734 0.500000
vt 0.029297 0.500000
vt 0.029297 0.500000
vt 0.029297 0.500000
vt 0.052734 0.500000
vt 0.029297 0.500000
vt 0.052734 0.500000
vt 0.052734 0.500000
vt 0.052734 0.500000
vt 0.029297 0.500000
vt 0.052734 0.500000
vt 0.052734 0.500000
vt 0.052734 0.500000
vt 0.052734 0.500000
vt 0.029297 0.500000
vt 0.052734 0.500000
vt 0.029297 0.500000
vt 0.029297 0.500000
vt 0.052734 0.500000
vt 0.029297 0.500000
vt 0.029297 0.500000
vt 0.029297 0.500000
vt 0.052734 0.500000
vt 0.052734 0.500000
vt 0.029297 0.500000
vt 0.029297 0.500000
vt 0.029297 0.500000
vt 0.052734 0.500000
vt 0.060547 0.500000
vt 0.060547 0.500000
vt 0.060547 0.500000
vt 0.060547 0.500000
vt 0.060547 0.500000
vt 0.060547 0.500000
vt 0.029297 0.500000
vt 0.029297 0.500000
vt 0.029297 0.500000
vt 0.052734 0.500000
vt 0.052734 0.500000
vt 0.052734 0.500000
vt 0.029297 0.500000
vt 0.029297 0.500000
vt 0.052734 0.500000
vt 0.029297 0.500000
vt 0.052734 0.500000
vt 0.052734 0.500000
vt 0.029297 0.500000
vt 0.029297 0.500000
vt 0.052734 0.500000
vt 0.052734 0.500000
vt 0.052734 0.500000
vt 0.029297 0.500000
vt 0.029297 0.500000
vt 0.052734 0.500000
vt 0.052734 0.500000
vt 0.029297 0.500000
vt 0.029297 0.500000
vt 0.052734 0.500000
vt 0.060547 0.500000
vt 0.060547 0.500000
vt 0.029297 0.500000
vt 0.029297 0.500000
vt 0.048828 0.500000
vt 0.048828 0.500000
vt 0.048828 0.500000
vt 0.048828 0.500000
vt 0.021484 0.500000
vt 0.021484 0.500000
vt 0.021484 0.500000
vt 0.021484 0.500000
vt 0.056641 0.500000
vt 0.056641 0.500000
vt 0.056641 0.500000
vt 0.056641 0.500000
vt 0.056641 0.500000
vt 0.056641 0.500000
vt 0.056641 0.500000
vt 0.056641 0.500000
vt 0.056641 0.500000
vt 0.056641 0.500000
vt 0.056641 0.500000
vt 0.056641 0.500000
vt 0.056641 0.500000
vt 0.056641 0.500000
vt 0.056641 0.500000
vt 0.056641 0.500000
vt 0.056641 0.500000
vt 0.056641 0.500000
vt 0.056641 0.500000
vt 0.056641 0.500000
vt 0.056641 0.500000
vt 0.056641 0.500000
vt 0.056641 0.500000
vt 0.056641 0.500000
vt 0.056641 0.500000
vt 0.056641 0.500000
vt 0.056641 0.500000
vt 0.056641 0.500000
vt 0.056641 0.500000
vt 0.056641 0.500000
vt 0.056641 0.500000
vt 0.056641 0.500000
vt 0.021484 0.500000
vt 0.021484 0.500000
vt 0.021484 0.500000
vt 0.021484 0.500000
vt 0.021484 0.500000
vt 0.021484 0.500000
vt 0.021484 0.500000
vt 0.021484 0.500000
vt 0.021484 0.500000
vt 0.021484 0.500000
vt 0.021484 0.500000
vt 0.021484 0.500000
vt 0.060547 0.500000
vt 0.060547 0.500000
vt 0.060547 0.500000
vt 0.060547 0.500000
vt 0.048828 0.500000
vt 0.048828 0.500000
vt 0.048828 0.500000
vt 0.048828 0.500000
vt 0.021484 0.500000
vt 0.021484 0.500000
vt 0.021484 0.500000
vt 0.021484 0.500000
vt 0.021484 0.500000
vt 0.021484 0.500000
vt 0.021484 0.500000
vt 0.021484 0.500000
vt 0.048828 0.500000
vt 0.048828 0.500000
vt 0.048828 0.500000
vt 0.048828 0.500000
vt 0.021484 0.500000
vt 0.021484 0.500000
vt 0.021484 0.500000
vt 0.021484 0.500000
vt 0.021484 0.500000
vt 0.021484 0.500000
vt 0.021484 0.500000
vt 0.021484 0.500000
vt 0.048828 0.500000
vt 0.048828 0.500000
vt 0.048828 0.500000
vt 0.048828 0.500000
vt 0.060547 0.500000
vt 0.060547 0.500000
vt 0.060547 0.500000
vt 0.060547 0.500000
vt 0.021484 0.500000
vt 0.021484 0.500000
vt 0.021484 0.500000
vt 0.021484 0.500000
vt 0.021484 0.500000
vt 0.021484 0.500000
vt 0.021484 0.500000
vt 0.021484 0.500000
vt 0.060547 0.500000
vt 0.060547 0.500000
vt 0.060547 0.500000
vt 0.060547 0.500000
vt 0.060547 0.500000
vt 0.060547 0.500000
vt 0.060547 0.500000
vt 0.060547 0.500000
vt 0.025391 0.500000
vt 0.025391 0.500000
vt 0.025391 0.500000
vt 0.025391 0.500000
vt 0.025391 0.500000
vt 0.025391 0.500000
vt 0.025391 0.500000
vt 0.025391 0.500000
vt 0.025391 0.500000
vt 0.025391 0.500000
vt 0.025391 0.500000
vt 0.025391 0.500000
vt 0.025391 0.500000
vt 0.025391 0.500000
vt 0.025391 0.500000
vt 0.025391 0.500000
vt 0.025391 0.500000
vt 0.025391 0.500000
vt 0.025391 0.500000
vt 0.025391 0.500000
vt 0.025391 0.500000
vt 0.025391 0.500000
vt 0.025391 0.500000
vt 0.025391 0.500000
vt 0.025391 0.500000
vt 0.025391 0.500000
vt 0.025391 0.500000
vt 0.025391 0.500000
vt 0.025391 0.500000
vt 0.025391 0.500000
vt 0.025391 0.500000
vt 0.025391 0.500000
vt 0.025391 0.500000
vt 0.025391 0.500000
vt 0.025391 0.500000
vt 0.025391 0.500000
vt 0.025391 0.500000
vt 0.025391 0.500000
vt 0.025391 0.500000
vt 0.025391 0.500000
vt 0.025391 0.500000
vt 0.025391 0.500000
vt 0.025391 0.500000
vt 0.025391 0.500000
vt 0.025391 0.500000
vt 0.025391 0.500000
vt 0.025391 0.500000
vt 0.025391 0.500000
vt 0.060547 0.500000
vt 0.060547 0.500000
vt 0.060547 0.500000
vt 0.060547 0.500000
vt 0.060547 0.500000
vt 0.060547 0.500000
vt 0.060547 0.500000
vt 0.060547 0.500000
vt 0.025391 0.500000
vt 0.025391 0.500000
vt 0.025391 0.500000
vt 0.025391 0.500000
vt 0.025391 0.500000
vt 0.025391 0.500000
vt 0.025391 0.500000
vt 0.025391 0.500000
vt 0.025391 0.500000
vt 0.025391 0.500000
vt 0.025391 0.500000
vt 0.025391 0.500000
vt 0.060547 0.500000
vt 0.060547 0.500000
vt 0.060547 0.500000
vt 0.060547 0.500000
vt 0.060547 0.500000
vt 0.060547 0.500000
vt 0.060547 0.500000
vt 0.060547 0.500000
vt 0.060547 0.500000
vt 0.060547 0.500000
vt 0.060547 0.500000
vt 0.060547 0.500000
vt 0.025391 0.500000
vt 0.025391 0.500000
vt 0.025391 0.500000
vt 0.025391 0.500000
vt 0.025391 0.500000
vt 0.025391 0.500000
vt 0.025391 0.500000
vt 0.025391 0.500000
vt 0.060547 0.500000
vt 0.060547 0.500000
vt 0.060547 0.500000
vt 0.060547 0.500000
vt 0.025391 0.500000
vt 0.025391 0.500000
vt 0.025391 0.500000
vt 0.025391 0.500000
vt 0.025391 0.500000
vt 0.025391 0.500000
vt 0.025391 0.500000
vt 0.025391 0.500000
vt 0.025391 0.500000
vt 0.025391 0.500000
vt 0.025391 0.500000
vt 0.025391 0.500000
vt 0.025391 0.500000
vt 0.025391 0.500000
vt 0.025391 0.500000
vt 0.025391 0.500000
vt 0.025391 0.500000
vt 0.025391 0.500000
vt 0.025391 0.500000
vt 0.025391 0.500000
vt 0.751953 0.500000
vt 0.751953 0.500000
vt 0.751953 0.500000
vt 0.751953 0.500000
vt 0.908203 0.500000
vt 0.908203 0.500000
vt 0.908203 0.500000
vt 0.751953 0.500000
vt 0.751953 0.500000
vt 0.908203 0.500000
vt 0.017578 0.500000
vt 0.017578 0.500000
vt 0.017578 0.500000
vt 0.751953 0.500000
vt 0.751953 0.500000
vt 0.751953 0.500000
vt 0.017578 0.500000
vt 0.751953 0.500000
vt 0.751953 0.500000
vt 0.751953 0.500000
vt 0.751953 0.500000
vt 0.751953 0.500000
vt 0.751953 0.500000
vt 0.751953 0.500000
vt 0.908203 0.500000
vt 0.908203 0.500000
vt 0.908203 0.500000
vt 0.751953 0.500000
vt 0.751953 0.500000
vt 0.908203 0.500000
vt 0.017578 0.500000
vt 0.017578 0.500000
vt 0.017578 0.500000
vt 0.751953 0.500000
vt 0.751953 0.500000
vt 0.751953 0.500000
vt 0.017578 0.500000
vt 0.751953 0.500000
vt 0.751953 0.500000
vt 0.751953 0.500000
vt 0.751953 0.500000
vt 0.751953 0.500000
vt 0.751953 0.500000
vt 0.751953 0.500000
vt 0.751953 0.500000
vt 0.751953 0.500000
vt 0.017578 0.500000
vt 0.017578 0.500000
vt 0.017578 0.500000
vt 0.751953 0.500000
vt 0.751953 0.500000
vt 0.751953 0.500000
vt 0.017578 0.500000
vt 0.751953 0.500000
vt 0.751953 0.500000
vt 0.751953 0.500000
vt 0.751953 0.500000
vt 0.751953 0.500000
vt 0.751953 0.500000
vt 0.751953 0.500000
vt 0.751953 0.500000
vt 0.751953 0.500000
vt 0.017578 0.500000
vt 0.017578 0.500000
vt 0.017578 0.500000
vt 0.751953 0.500000
vt 0.751953 0.500000
vt 0.751953 0.500000
vt 0.017578 0.500000
vt 0.751953 0.500000
vt 0.751953 0.500000
vt 0.751953 0.500000
vt 0.908203 0.500000
vt 0.908203 0.500000
vt 0.908203 0.500000
vt 0.751953 0.500000
vt 0.751953 0.500000
vt 0.751953 0.500000
vt 0.908203 0.500000
vt 0.017578 0.500000
vt 0.017578 0.500000
vt 0.017578 0.500000
vt 0.751953 0.500000
vt 0.751953 0.500000
vt 0.751953 0.500000
vt 0.751953 0.500000
vt 0.017578 0.500000
vt 0.751953 0.500000
vt 0.751953 0.500000
vt 0.751953 0.500000
vt 0.025391 0.500000
vt 0.025391 0.500000
vt 0.025391 0.500000
vt 0.025391 0.500000
vt 0.751953 0.500000
vt 0.751953 0.500000
vt 0.751953 0.500000
vt 0.751953 0.500000
vt 0.908203 0.500000
vt 0.908203 0.500000
vt 0.908203 0.500000
vt 0.751953 0.500000
vt 0.751953 0.500000
vt 0.908203 0.500000
vt 0.017578 0.500000
vt 0.017578 0.500000
vt 0.017578 0.500000
vt 0.751953 0.500000
vt 0.751953 0.500000
vt 0.751953 0.500000
vt 0.017578 0.500000
vt 0.751953 0.500000
vt 0.751953 0.500000
vt 0.751953 0.500000
vt 0.751953 0.500000
vt 0.751953 0.500000
vt 0.751953 0.500000
vt 0.751953 0.500000
vt 0.908203 0.500000
vt 0.908203 0.500000
vt 0.908203 0.500000
vt 0.751953 0.500000
vt 0.751953 0.500000
vt 0.908203 0.500000
vt 0.017578 0.500000
vt 0.017578 0.500000
vt 0.017578 0.500000
vt 0.751953 0.500000
vt 0.751953 0.500000
vt 0.751953 0.500000
vt 0.017578 0.500000
vt 0.751953 0.500000
vt 0.751953 0.500000
vt 0.751953 0.500000
vt 0.751953 0.500000
vt 0.751953 0.500000
vt 0.751953 0.500000
vt 0.751953 0.500000
vt 0.908203 0.500000
vt 0.908203 0.500000
vt 0.908203 0.500000
vt 0.751953 0.500000
vt 0.751953 0.500000
vt 0.908203 0.500000
vt 0.017578 0.500000
vt 0.017578 0.500000
vt 0.017578 0.500000
vt 0.751953 0.500000
vt 0.751953 0.500000
vt 0.751953 0.500000
vt 0.017578 0.500000
vt 0.751953 0.500000
vt 0.751953 0.500000
vt 0.751953 0.500000
vt 0.751953 0.500000
vt 0.751953 0.500000
vt 0.751953 0.500000
vt 0.751953 0.500000
vt 0.908203 0.500000
vt 0.908203 0.500000
vt 0.908203 0.500000
vt 0.751953 0.500000
vt 0.751953 0.500000
vt 0.908203 0.500000
vt 0.017578 0.500000
vt 0.017578 0.500000
vt 0.017578 0.500000
vt 0.751953 0.500000
vt 0.751953 0.500000
vt 0.751953 0.500000
vt 0.017578 0.500000
vt 0.751953 0.500000
vt 0.751953 0.500000
vt 0.751953 0.500000
vt 0.751953 0.500000
vt 0.751953 0.500000
vt 0.751953 0.500000
vt 0.751953 0.500000
vt 0.908203 0.500000
vt 0.908203 0.500000
vt 0.908203 0.500000
vt 0.751953 0.500000
vt 0.751953 0.500000
vt 0.908203 0.500000
vt 0.017578 0.500000
vt 0.017578 0.500000
vt 0.017578 0.500000
vt 0.751953 0.500000
vt 0.751953 0.500000
vt 0.751953 0.500000
vt 0.017578 0.500000
vt 0.751953 0.500000
vt 0.751953 0.500000
vt 0.751953 0.500000
vt 0.751953 0.500000
vt 0.751953 0.500000
vt 0.751953 0.500000
vt 0.751953 0.500000
vt 0.908203 0.500000
vt 0.908203 0.500000
vt 0.908203 0.500000
vt 0.751953 0.500000
vt 0.751953 0.500000
vt 0.908203 0.500000
vt 0.017578 0.500000
vt 0.017578 0.500000
vt 0.017578 0.500000
vt 0.751953 0.500000
vt 0.751953 0.500000
vt 0.751953 0.500000
vt 0.017578 0.500000
vt 0.751953 0.500000
vt 0.751953 0.500000
vt 0.751953 0.500000
vt 0.751953 0.500000
vt 0.751953 0.500000
vt 0.751953 0.500000
vt 0.751953 0.500000
vt 0.908203 0.500000
vt 0.908203 0.500000
vt 0.908203 0.500000
vt 0.751953 0.500000
vt 0.751953 0.500000
vt 0.908203 0.500000
vt 0.017578 0.500000
vt 0.017578 0.500000
vt 0.017578 0.500000
vt 0.751953 0.500000
vt 0.751953 0.500000
vt 0.751953 0.500000
vt 0.017578 0.500000
vt 0.751953 0.500000
vt 0.751953 0.500000
vt 0.751953 0.500000
vt 0.751953 0.500000
vt 0.751953 0.500000
vt 0.751953 0.500000
vt 0.751953 0.500000
vt 0.908203 0.500000
vt 0.908203 0.500000
vt 0.908203 0.500000
vt 0.751953 0.500000
vt 0.751953 0.500000
vt 0.908203 0.500000
vt 0.017578 0.500000
vt 0.017578 0.500000
vt 0.017578 0.500000
vt 0.751953 0.500000
vt 0.751953 0.500000
vt 0.751953 0.500000
vt 0.017578 0.500000
vt 0.751953 0.500000
vt 0.751953 0.500000
vt 0.751953 0.500000
vt 0.751953 0.500000
vt 0.751953 0.500000
vt 0.751953 0.500000
vt 0.751953 0.500000
vt 0.908203 0.500000
vt 0.908203 0.500000
vt 0.908203 0.500000
vt 0.751953 0.500000
vt 0.751953 0.500000
vt 0.908203 0.500000
vt 0.017578 0.500000
vt 0.017578 0.500000
vt 0.017578 0.500000
vt 0.751953 0.500000
vt 0.751953 0.500000
vt 0.751953 0.500000
vt 0.017578 0.500000
vt 0.751953 0.500000
vt 0.751953 0.500000
vt 0.751953 0.500000
vt 0.025391 0.500000
vt 0.025391 0.500000
vt 0.025391 0.500000
vt 0.025391 0.500000
vt 0.025391 0.500000
vt 0.025391 0.500000
vt 0.025391 0.500000
vt 0.025391 0.500000
vt 0.025391 0.500000
vt 0.025391 0.500000
vt 0.025391 0.500000
vt 0.025391 0.500000
vt 0.025391 0.500000
vt 0.025391 0.500000
vt 0.025391 0.500000
vt 0.025391 0.500000
vt 0.025391 0.500000
vt 0.025391 0.500000
vt 0.025391 0.500000
vt 0.025391 0.500000
vt 0.025391 0.500000
vt 0.025391 0.500000
vt 0.025391 0.500000
vt 0.025391 0.500000
vt 0.025391 0.500000
vt 0.025391 0.500000
vt 0.025391 0.500000
vt 0.025391 0.500000
vt 0.025391 0.500000
vt 0.025391 0.500000
vt 0.025391 0.500000
vt 0.025391 0.500000
vt 0.025391 0.500000
vt 0.025391 0.500000
vt 0.025391 0.500000
vt 0.025391 0.500000
vt 0.025391 0.500000
vt 0.025391 0.500000
vt 0.060547 0.500000
vt 0.060547 0.500000
vt 0.060547 0.500000
vt 0.060547 0.500000
vt 0.060547 0.500000
vt 0.060547 0.500000
vt 0.060547 0.500000
vt 0.060547 0.500000
vt 0.060547 0.500000
vt 0.060547 0.500000
vt 0.060547 0.500000
vt 0.060547 0.500000
vt 0.025391 0.500000
vt 0.025391 0.500000
vt 0.025391 0.500000
vt 0.025391 0.500000
vt 0.025391 0.500000
vt 0.025391 0.500000
vt 0.025391 0.500000
vt 0.025391 0.500000
vt 0.025391 0.500000
vt 0.025391 0.500000
vt 0.025391 0.500000
vt 0.025391 0.500000
vt 0.025391 0.500000
vt 0.025391 0.500000
vt 0.025391 0.500000
vt 0.025391 0.500000
vt 0.751953 0.500000
vt 0.751953 0.500000
vt 0.751953 0.500000
vt 0.751953 0.500000
vt 0.751953 0.500000
vt 0.751953 0.500000
vt 0.017578 0.500000
vt 0.017578 0.500000
vt 0.017578 0.500000
vt 0.751953 0.500000
vt 0.751953 0.500000
vt 0.751953 0.500000
vt 0.017578 0.500000
vt 0.751953 0.500000
vt 0.017578 0.500000
vt 0.017578 0.500000
vt 0.017578 0.500000
vt 0.751953 0.500000
vt 0.751953 0.500000
vt 0.751953 0.500000
vt 0.017578 0.500000
vt 0.751953 0.500000
vt 0.751953 0.500000
vt 0.751953 0.500000
vt 0.751953 0.500000
vt 0.751953 0.500000
vt 0.751953 0.500000
vt 0.751953 0.500000
vt 0.751953 0.500000
vt 0.908203 0.500000
vt 0.908203 0.500000
vt 0.908203 0.500000
vt 0.751953 0.500000
vt 0.751953 0.500000
vt 0.908203 0.500000
vt 0.017578 0.500000
vt 0.017578 0.500000
vt 0.017578 0.500000
vt 0.751953 0.500000
vt 0.751953 0.500000
vt 0.751953 0.500000
vt 0.017578 0.500000
vt 0.751953 0.500000
vt 0.751953 0.500000
vt 0.751953 0.500000
vt 0.751953 0.500000
vt 0.751953 0.500000
vt 0.751953 0.500000
vt 0.751953 0.500000
vt 0.908203 0.500000
vt 0.908203 0.500000
vt 0.908203 0.500000
vt 0.751953 0.500000
vt 0.751953 0.500000
vt 0.908203 0.500000
vt 0.017578 0.500000
vt 0.017578 0.500000
vt 0.017578 0.500000
vt 0.751953 0.500000
vt 0.751953 0.500000
vt 0.751953 0.500000
vt 0.017578 0.500000
vt 0.751953 0.500000
vt 0.751953 0.500000
vt 0.751953 0.500000
vt 0.044922 0.500000
vt 0.044922 0.500000
vt 0.044922 0.500000
vt 0.044922 0.500000
vt 0.044922 0.500000
vt 0.044922 0.500000
vt 0.044922 0.500000
vt 0.044922 0.500000
vt 0.751953 0.500000
vt 0.751953 0.500000
vt 0.751953 0.500000
vt 0.751953 0.500000
vt 0.908203 0.500000
vt 0.908203 0.500000
vt 0.908203 0.500000
vt 0.751953 0.500000
vt 0.751953 0.500000
vt 0.908203 0.500000
vt 0.017578 0.500000
vt 0.017578 0.500000
vt 0.017578 0.500000
vt 0.751953 0.500000
vt 0.751953 0.500000
vt 0.751953 0.500000
vt 0.017578 0.500000
vt 0.751953 0.500000
vt 0.751953 0.500000
vt 0.751953 0.500000
vt 0.751953 0.500000
vt 0.751953 0.500000
vt 0.751953 0.500000
vt 0.751953 0.500000
vt 0.908203 0.500000
vt 0.908203 0.500000
vt 0.908203 0.500000
vt 0.751953 0.500000
vt 0.751953 0.500000
vt 0.908203 0.500000
vt 0.017578 0.500000
vt 0.017578 0.500000
vt 0.017578 0.500000
vt 0.751953 0.500000
vt 0.751953 0.500000
vt 0.751953 0.500000
vt 0.017578 0.500000
vt 0.751953 0.500000
vt 0.751953 0.500000
vt 0.751953 0.500000
vt 0.751953 0.500000
vt 0.751953 0.500000
vt 0.751953 0.500000
vt 0.751953 0.500000
vt 0.751953 0.500000
vt 0.751953 0.500000
vt 0.017578 0.500000
vt 0.017578 0.500000
vt 0.017578 0.500000
vt 0.751953 0.500000
vt 0.751953 0.500000
vt 0.751953 0.500000
vt 0.017578 0.500000
vt 0.751953 0.500000
vt 0.751953 0.500000
vt 0.751953 0.500000
vt 0.751953 0.500000
vt 0.751953 0.500000
vt 0.751953 0.500000
vt 0.908203 0.500000
vt 0.908203 0.500000
vt 0.908203 0.500000
vt 0.751953 0.500000
vt 0.751953 0.500000
vt 0.908203 0.500000
vt 0.017578 0.500000
vt 0.017578 0.500000
vt 0.017578 0.500000
vt 0.751953 0.500000
vt 0.751953 0.500000
vt 0.751953 0.500000
vt 0.017578 0.500000
vt 0.751953 0.500000
vt 0.751953 0.500000
vt 0.751953 0.500000
vt 0.751953 0.500000
vt 0.751953 0.500000
vt 0.751953 0.500000
vt 0.751953 0.500000
vt 0.908203 0.500000
vt 0.908203 0.500000
vt 0.908203 0.500000
vt 0.751953 0.500000
vt 0.751953 0.500000
vt 0.908203 0.500000
vt 0.017578 0.500000
vt 0.017578 0.500000
vt 0.017578 0.500000
vt 0.751953 0.500000
vt 0.751953 0.500000
vt 0.751953 0.500000
vt 0.017578 0.500000
vt 0.751953 0.500000
vt 0.751953 0.500000
vt 0.751953 0.500000
vt 0.751953 0.500000
vt 0.751953 0.500000
vt 0.751953 0.500000
vt 0.751953 0.500000
vt 0.908203 0.500000
vt 0.908203 0.500000
vt 0.908203 0.500000
vt 0.751953 0.500000
vt 0.751953 0.500000
vt 0.908203 0.500000
vt 0.017578 0.500000
vt 0.017578 0.500000
vt 0.017578 0.500000
vt 0.751953 0.500000
vt 0.751953 0.500000
vt 0.751953 0.500000
vt 0.017578 0.500000
vt 0.751953 0.500000
vt 0.751953 0.500000
vt 0.751953 0.500000
vt 0.751953 0.500000
vt 0.751953 0.500000
vt 0.751953 0.500000
vt 0.751953 0.500000
vt 0.751953 0.500000
vt 0.751953 0.500000
vt 0.017578 0.500000
vt 0.017578 0.500000
vt 0.017578 0.500000
vt 0.751953 0.500000
vt 0.751953 0.500000
vt 0.751953 0.500000
vt 0.017578 0.500000
vt 0.751953 0.500000
vt 0.751953 0.500000
vt 0.751953 0.500000
vt 0.025391 0.500000
vt 0.025391 0.500000
vt 0.025391 0.500000
vt 0.025391 0.500000
vt 0.025391 0.500000
vt 0.025391 0.500000
vt 0.025391 0.500000
vt 0.025391 0.500000
vt 0.025391 0.500000
vt 0.025391 0.500000
vt 0.025391 0.500000
vt 0.025391 0.500000
vt 0.025391 0.500000
vt 0.025391 0.500000
vt 0.025391 0.500000
vt 0.025391 0.500000
vt 0.025391 0.500000
vt 0.025391 0.500000
vt 0.025391 0.500000
vt 0.025391 0.500000
vt 0.025391 0.500000
vt 0.025391 0.500000
vt 0.025391 0.500000
vt 0.025391 0.500000
vt 0.025391 0.500000
vt 0.025391 0.500000
vt 0.025391 0.500000
vt 0.025391 0.500000
vt 0.025391 0.500000
vt 0.025391 0.500000
vt 0.025391 0.500000
vt 0.025391 0.500000
vt 0.025391 0.500000
vt 0.060547 0.500000
vt 0.060547 0.500000
vt 0.060547 0.500000
vt 0.060547 0.500000
vt 0.060547 0.500000
vt 0.060547 0.500000
vt 0.060547 0.500000
vt 0.060547 0.500000
vt 0.060547 0.500000
vt 0.060547 0.500000
vt 0.060547 0.500000
vt 0.060547 0.500000
vt 0.060547 0.500000
vt 0.060547 0.500000
vt 0.060547 0.500000
vt 0.060547 0.500000
vt 0.060547 0.500000
vt 0.060547 0.500000
vt 0.060547 0.500000
vt 0.060547 0.500000
vt 0.060547 0.500000
vt 0.060547 0.500000
vt 0.060547 0.500000
vt 0.060547 0.500000
vt 0.060547 0.500000
vt 0.060547 0.500000
vt 0.060547 0.500000
vt 0.060547 0.500000
vt 0.060547 0.500000
vt 0.060547 0.500000
vt 0.060547 0.500000
vt 0.060547 0.500000
vt 0.056641 0.500000
vt 0.056641 0.500000
vt 0.056641 0.500000
vt 0.056641 0.500000
vt 0.056641 0.500000
vt 0.056641 0.500000
vt 0.056641 0.500000
vt 0.056641 0.500000
vt 0.060547 0.500000
vt 0.060547 0.500000
vt 0.060547 0.500000
vt 0.060547 0.500000
vt 0.060547 0.500000
vt 0.060547 0.500000
vt 0.060547 0.500000
vt 0.060547 0.500000
vt 0.060547 0.500000
vt 0.060547 0.500000
vt 0.060547 0.500000
vt 0.060547 0.500000
vt 0.025391 0.500000
vt 0.025391 0.500000
vt 0.025391 0.500000
vt 0.025391 0.500000
vt 0.025391 0.500000
vt 0.025391 0.500000
vt 0.025391 0.500000
vt 0.025391 0.500000
vt 0.060547 0.500000
vt 0.060547 0.500000
vt 0.060547 0.500000
vt 0.060547 0.500000
vt 0.060547 0.500000
vt 0.060547 0.500000
vt 0.060547 0.500000
vt 0.060547 0.500000
vt 0.060547 0.500000
vt 0.060547 0.500000
vt 0.060547 0.500000
vt 0.060547 0.500000
vt 0.025391 0.500000
vt 0.025391 0.500000
vt 0.025391 0.500000
vt 0.025391 0.500000
vt 0.025391 0.500000
vt 0.025391 0.500000
vt 0.025391 0.500000
vt 0.025391 0.500000
vt 0.025391 0.500000
vt 0.025391 0.500000
vt 0.025391 0.500000
vt 0.025391 0.500000
vt 0.025391 0.500000
vt 0.025391 0.500000
vt 0.025391 0.500000
vt 0.025391 0.500000
vt 0.025391 0.500000
vt 0.025391 0.500000
vt 0.025391 0.500000
vt 0.025391 0.500000
vt 0.025391 0.500000
vt 0.025391 0.500000
vt 0.025391 0.500000
vt 0.025391 0.500000
vt 0.025391 0.500000
vt 0.025391 0.500000
vt 0.025391 0.500000
vt 0.025391 0.500000
vt 0.025391 0.500000
vt 0.025391 0.500000
vt 0.025391 0.500000
vt 0.025391 0.500000
vt 0.025391 0.500000
vt 0.025391 0.500000
vt 0.025391 0.500000
vt 0.025391 0.500000
vt 0.025391 0.500000
vt 0.025391 0.500000
vt 0.025391 0.500000
vt 0.025391 0.500000
vt 0.025391 0.500000
vt 0.025391 0.500000
vt 0.025391 0.500000
vt 0.025391 0.500000
vt 0.025391 0.500000
vt 0.025391 0.500000
vt 0.025391 0.500000
vt 0.025391 0.500000
vt 0.060547 0.500000
vt 0.060547 0.500000
vt 0.060547 0.500000
vt 0.060547 0.500000
vt 0.060547 0.500000
vt 0.060547 0.500000
vt 0.060547 0.500000
vt 0.060547 0.500000
vt 0.021484 0.500000
vt 0.021484 0.500000
vt 0.021484 0.500000
vt 0.021484 0.500000
vt 0.060547 0.500000
vt 0.060547 0.500000
vt 0.060547 0.500000
vt 0.060547 0.500000
vt 0.060547 0.500000
vt 0.060547 0.500000
vt 0.060547 0.500000
vt 0.060547 0.500000
vt 0.021484 0.500000
vt 0.021484 0.500000
vt 0.021484 0.500000
vt 0.021484 0.500000
vt 0.060547 0.500000
vt 0.060547 0.500000
vt 0.060547 0.500000
vt 0.060547 0.500000
vt 0.048828 0.500000
vt 0.048828 0.500000
vt 0.048828 0.500000
vt 0.048828 0.500000
vt 0.021484 0.500000
vt 0.021484 0.500000
vt 0.021484 0.500000
vt 0.021484 0.500000
vt 0.060547 0.500000
vt 0.060547 0.500000
vt 0.060547 0.500000
vt 0.060547 0.500000
vt 0.021484 0.500000
vt 0.021484 0.500000
vt 0.021484 0.500000
vt 0.021484 0.500000
vt 0.048828 0.500000
vt 0.048828 0.500000
vt 0.048828 0.500000
vt 0.048828 0.500000
vt 0.025391 0.500000
vt 0.025391 0.500000
vt 0.025391 0.500000
vt 0.025391 0.500000
vt 0.025391 0.500000
vt 0.025391 0.500000
vt 0.025391 0.500000
vt 0.025391 0.500000
vt 0.025391 0.500000
vt 0.021484 0.500000
vt 0.021484 0.500000
vt 0.021484 0.500000
vt 0.021484 0.500000
vt 0.025391 0.500000
vt 0.025391 0.500000
vt 0.025391 0.500000
vt 0.025391 0.500000
vt 0.025391 0.500000
vt 0.021484 0.500000
vt 0.021484 0.500000
vt 0.021484 0.500000
vt 0.021484 0.500000
vt 0.048828 0.500000
vt 0.048828 0.500000
vt 0.048828 0.500000
vt 0.048828 0.500000
vt 0.025391 0.500000
vt 0.025391 0.500000
vt 0.025391 0.500000
vt 0.025391 0.500000
vt 0.021484 0.500000
vt 0.021484 0.500000
vt 0.021484 0.500000
vt 0.021484 0.500000
vt 0.056641 0.500000
vt 0.056641 0.500000
vt 0.056641 0.500000
vt 0.056641 0.500000
vt 0.056641 0.500000
vt 0.056641 0.500000
vt 0.056641 0.500000
vt 0.056641 0.500000
vt 0.056641 0.500000
vt 0.056641 0.500000
vt 0.056641 0.500000
vt 0.056641 0.500000
vt 0.056641 0.500000
vt 0.056641 0.500000
vt 0.056641 0.500000
vt 0.056641 0.500000
vt 0.056641 0.500000
vt 0.056641 0.500000
vt 0.056641 0.500000
vt 0.056641 0.500000
vt 0.056641 0.500000
vt 0.056641 0.500000
vt 0.056641 0.500000
vt 0.056641 0.500000
vt 0.056641 0.500000
vt 0.056641 0.500000
vt 0.056641 0.500000
vt 0.056641 0.500000
vt 0.056641 0.500000
vt 0.056641 0.500000
vt 0.056641 0.500000
vt 0.056641 0.500000
vt 0.056641 0.500000
vt 0.056641 0.500000
vt 0.056641 0.500000
vt 0.056641 0.500000
vt 0.056641 0.500000
vt 0.056641 0.500000
vt 0.056641 0.500000
vt 0.056641 0.500000
vt 0.056641 0.500000
vt 0.056641 0.500000
vt 0.056641 0.500000
vt 0.056641 0.500000
vt 0.056641 0.500000
vt 0.056641 0.500000
vt 0.056641 0.500000
vt 0.056641 0.500000
vt 0.056641 0.500000
vt 0.056641 0.500000
vt 0.056641 0.500000
vt 0.056641 0.500000
vt 0.021484 0.500000
vt 0.021484 0.500000
vt 0.021484 0.500000
vt 0.021484 0.500000
vt 0.029297 0.500000
vt 0.029297 0.500000
vt 0.029297 0.500000
vt 0.029297 0.500000
vt 0.029297 0.500000
vt 0.052734 0.500000
vt 0.052734 0.500000
vt 0.052734 0.500000
vt 0.029297 0.500000
vt 0.029297 0.500000
vt 0.052734 0.500000
vt 0.029297 0.500000
vt 0.060547 0.500000
vt 0.060547 0.500000
vt 0.060547 0.500000
vt 0.060547 0.500000
vt 0.060547 0.500000
vt 0.060547 0.500000
vt 0.029297 0.500000
vt 0.029297 0.500000
vt 0.052734 0.500000
vt 0.052734 0.500000
vt 0.029297 0.500000
vt 0.029297 0.500000
vt 0.052734 0.500000
vt 0.052734 0.500000
vt 0.052734 0.500000
vt 0.029297 0.500000
vt 0.029297 0.500000
vt 0.052734 0.500000
vt 0.029297 0.500000
vt 0.029297 0.500000
vt 0.052734 0.500000
vt 0.029297 0.500000
vt 0.029297 0.500000
vt 0.052734 0.500000
vt 0.064453 0.500000
vt 0.064453 0.500000
vt 0.064453 0.500000
vt 0.033203 0.500000
vt 0.033203 0.500000
vt 0.033203 0.500000
vt 0.064453 0.500000
vt 0.033203 0.500000
vt 0.064453 0.500000
vt 0.064453 0.500000
vt 0.064453 0.500000
vt 0.033203 0.500000
vt 0.033203 0.500000
vt 0.033203 0.500000
vt 0.064453 0.500000
vt 0.033203 0.500000
vt 0.029297 0.500000
vt 0.029297 0.500000
vt 0.060547 0.500000
vt 0.060547 0.500000
vt 0.060547 0.500000
vt 0.060547 0.500000
vt 0.033203 0.500000
vt 0.033203 0.500000
vt 0.064453 0.500000
vt 0.064453 0.500000
vt 0.033203 0.500000
vt 0.064453 0.500000
vt 0.064453 0.500000
vt 0.064453 0.500000
vt 0.033203 0.500000
vt 0.033203 0.500000
vt 0.033203 0.500000
vt 0.033203 0.500000
vt 0.064453 0.500000
vt 0.033203 0.500000
vt 0.029297 0.500000
vt 0.029297 0.500000
vt 0.033203 0.500000
vt 0.033203 0.500000
vt 0.029297 0.500000
vt 0.029297 0.500000
vt 0.060547 0.500000
vt 0.060547 0.500000
vt 0.033203 0.500000
vt 0.033203 0.500000
vt 0.029297 0.500000
vt 0.029297 0.500000
vt 0.033203 0.500000
vt 0.033203 0.500000
vt 0.033203 0.500000
vt 0.060547 0.500000
vt 0.060547 0.500000
vt 0.060547 0.500000
vt 0.060547 0.500000
vt 0.033203 0.500000
vt 0.033203 0.500000
vt 0.064453 0.500000
vt 0.064453 0.500000
vt 0.064453 0.500000
vt 0.033203 0.500000
vt 0.033203 0.500000
vt 0.064453 0.500000
vt 0.033203 0.500000
vt 0.033203 0.500000
vt 0.064453 0.500000
vt 0.064453 0.500000
vt 0.064453 0.500000
vt 0.033203 0.500000
vt 0.064453 0.500000
vt 0.033203 0.500000
vt 0.064453 0.500000
vt 0.064453 0.500000
vt 0.033203 0.500000
vt 0.064453 0.500000
vt 0.064453 0.500000
vt 0.064453 0.500000
vt 0.064453 0.500000
vt 0.033203 0.500000
vt 0.033203 0.500000
vt 0.033203 0.500000
vt 0.064453 0.500000
vt 0.033203 0.500000
vt 0.064453 0.500000
vt 0.064453 0.500000
vt 0.064453 0.500000
vt 0.033203 0.500000
vt 0.033203 0.500000
vt 0.033203 0.500000
vt 0.064453 0.500000
vt 0.033203 0.500000
vt 0.033203 0.500000
vt 0.033203 0.500000
vt 0.064453 0.500000
vt 0.064453 0.500000
vt 0.033203 0.500000
vt 0.064453 0.500000
vt 0.064453 0.500000
vt 0.064453 0.500000
vt 0.033203 0.500000
vt 0.033203 0.500000
vt 0.033203 0.500000
vt 0.064453 0.500000
vt 0.033203 0.500000
vt 0.029297 0.500000
vt 0.029297 0.500000
vt 0.029297 0.500000
vt 0.029297 0.500000
vt 0.064453 0.500000
vt 0.064453 0.500000
vt 0.033203 0.500000
vt 0.033203 0.500000
vt 0.064453 0.500000
vt 0.029297 0.500000
vt 0.052734 0.500000
vt 0.052734 0.500000
vt 0.052734 0.500000
vt 0.029297 0.500000
vt 0.029297 0.500000
vt 0.052734 0.500000
vt 0.052734 0.500000
vt 0.052734 0.500000
vt 0.052734 0.500000
vt 0.029297 0.500000
vt 0.029297 0.500000
vt 0.052734 0.500000
vt 0.029297 0.500000
vt 0.052734 0.500000
vt 0.052734 0.500000
vt 0.029297 0.500000
vt 0.052734 0.500000
vt 0.052734 0.500000
vt 0.052734 0.500000
vt 0.029297 0.500000
vt 0.052734 0.500000
vt 0.029297 0.500000
vt 0.029297 0.500000
vt 0.052734 0.500000
vt 0.029297 0.500000
vt 0.029297 0.500000
vt 0.029297 0.500000
vt 0.052734 0.500000
vt 0.029297 0.500000
vt 0.029297 0.500000
vt 0.052734 0.500000
vt 0.052734 0.500000
vt 0.052734 0.500000
vt 0.052734 0.500000
vt 0.052734 0.500000
vt 0.029297 0.500000
vt 0.052734 0.500000
vt 0.052734 0.500000
vt 0.029297 0.500000
vt 0.029297 0.500000
vt 0.029297 0.500000
vt 0.029297 0.500000
vt 0.052734 0.500000
vt 0.033203 0.500000
vt 0.033203 0.500000
vt 0.033203 0.500000
vt 0.033203 0.500000
vt 0.033203 0.500000
vt 0.064453 0.500000
vt 0.064453 0.500000
vt 0.064453 0.500000
vt 0.033203 0.500000
vt 0.064453 0.500000
vt 0.033203 0.500000
vt 0.029297 0.500000
vt 0.029297 0.500000
vt 0.033203 0.500000
vt 0.064453 0.500000
vt 0.064453 0.500000
vt 0.064453 0.500000
vt 0.033203 0.500000
vt 0.064453 0.500000
vt 0.033203 0.500000
vt 0.064453 0.500000
vt 0.064453 0.500000
vt 0.033203 0.500000
vt 0.033203 0.500000
vt 0.064453 0.500000
vt 0.033203 0.500000
vt 0.029297 0.500000
vt 0.052734 0.500000
vt 0.052734 0.500000
vt 0.052734 0.500000
vt 0.029297 0.500000
vt 0.029297 0.500000
vt 0.052734 0.500000
vt 0.029297 0.500000
vt 0.060547 0.500000
vt 0.060547 0.500000
vt 0.033203 0.500000
vt 0.064453 0.500000
vt 0.064453 0.500000
vt 0.033203 0.500000
vt 0.064453 0.500000
vt 0.033203 0.500000
vt 0.064453 0.500000
vt 0.064453 0.500000
vt 0.033203 0.500000
vt 0.064453 0.500000
vt 0.052734 0.500000
vt 0.052734 0.500000
vt 0.029297 0.500000
vt 0.029297 0.500000
vt 0.052734 0.500000
vt 0.052734 0.500000
vt 0.052734 0.500000
vt 0.029297 0.500000
vt 0.029297 0.500000
vt 0.052734 0.500000
vt 0.052734 0.500000
vt 0.029297 0.500000
vt 0.029297 0.500000
vt 0.052734 0.500000
vt 0.064453 0.500000
vt 0.064453 0.500000
vt 0.064453 0.500000
vt 0.033203 0.500000
vt 0.033203 0.500000
vt 0.033203 0.500000
vt 0.064453 0.500000
vt 0.033203 0.500000
vt 0.064453 0.500000
vt 0.064453 0.500000
vt 0.064453 0.500000
vt 0.033203 0.500000
vt 0.033203 0.500000
vt 0.033203 0.500000
vt 0.064453 0.500000
vt 0.033203 0.500000
vt 0.060547 0.500000
vt 0.060547 0.500000
vt 0.033203 0.500000
vt 0.033203 0.500000
vt 0.064453 0.500000
vt 0.064453 0.500000
vt 0.033203 0.500000
vt 0.064453 0.500000
vt 0.033203 0.500000
vt 0.033203 0.500000
vt 0.064453 0.500000
vt 0.064453 0.500000
vt 0.033203 0.500000
vt 0.064453 0.500000
vt 0.033203 0.500000
vt 0.033203 0.500000
vt 0.029297 0.500000
vt 0.060547 0.500000
vt 0.060547 0.500000
vt 0.033203 0.500000
vt 0.033203 0.500000
vt 0.060547 0.500000
vt 0.060547 0.500000
vt 0.060547 0.500000
vt 0.060547 0.500000
vt 0.064453 0.500000
vt 0.064453 0.500000
vt 0.064453 0.500000
vt 0.033203 0.500000
vt 0.033203 0.500000
vt 0.064453 0.500000
vt 0.033203 0.500000
vt 0.033203 0.500000
vt 0.029297 0.500000
vt 0.029297 0.500000
vt 0.033203 0.500000
vt 0.033203 0.500000
vt 0.064453 0.500000
vt 0.064453 0.500000
vt 0.033203 0.500000
vt 0.064453 0.500000
vt 0.029297 0.500000
vt 0.029297 0.500000
vt 0.060547 0.500000
vt 0.060547 0.500000
vt 0.033203 0.500000
vt 0.064453 0.500000
vt 0.064453 0.500000
vt 0.064453 0.500000
vt 0.033203 0.500000
vt 0.064453 0.500000
vt 0.033203 0.500000
vt 0.033203 0.500000
vt 0.033203 0.500000
vt 0.029297 0.500000
vt 0.029297 0.500000
vt 0.033203 0.500000
vt 0.064453 0.500000
vt 0.064453 0.500000
vt 0.033203 0.500000
vt 0.064453 0.500000
vt 0.033203 0.500000
vt 0.033203 0.500000
vt 0.029297 0.500000
vt 0.029297 0.500000
vt 0.060547 0.500000
vt 0.029297 0.500000
vt 0.029297 0.500000
vt 0.060547 0.500000
vt 0.060547 0.500000
vt 0.060547 0.500000
vt 0.060547 0.500000
vt 0.060547 0.500000
vt 0.029297 0.500000
vt 0.029297 0.500000
vt 0.029297 0.500000
vt 0.029297 0.500000
vt 0.052734 0.500000
vt 0.052734 0.500000
vt 0.052734 0.500000
vt 0.029297 0.500000
vt 0.029297 0.500000
vt 0.052734 0.500000
vt 0.029297 0.500000
vt 0.052734 0.500000
vt 0.052734 0.500000
vt 0.029297 0.500000
vt 0.052734 0.500000
vt 0.052734 0.500000
vt 0.052734 0.500000
vt 0.029297 0.500000
vt 0.052734 0.500000
vt 0.029297 0.500000
vt 0.029297 0.500000
vt 0.052734 0.500000
vt 0.029297 0.500000
vt 0.029297 0.500000
vt 0.029297 0.500000
vt 0.052734 0.500000
vt 0.029297 0.500000
vt 0.029297 0.500000
vt 0.052734 0.500000
vt 0.052734 0.500000
vt 0.052734 0.500000
vt 0.052734 0.500000
vt 0.052734 0.500000
vt 0.052734 0.500000
vt 0.052734 0.500000
vt 0.029297 0.500000
vt 0.052734 0.500000
vt 0.029297 0.500000
vt 0.029297 0.500000
vt 0.052734 0.500000
vt 0.029297 0.500000
vt 0.029297 0.500000
vt 0.029297 0.500000
vt 0.052734 0.500000
vt 0.052734 0.500000
vt 0.029297 0.500000
vt 0.029297 0.500000
vt 0.029297 0.500000
vt 0.052734 0.500000
vt 0.060547 0.500000
vt 0.060547 0.500000
vt 0.029297 0.500000
vt 0.029297 0.500000
vt 0.029297 0.500000
vt 0.029297 0.500000
vt 0.064453 0.500000
vt 0.064453 0.500000
vt 0.064453 0.500000
vt 0.033203 0.500000
vt 0.033203 0.500000
vt 0.033203 0.500000
vt 0.064453 0.500000
vt 0.033203 0.500000
vt 0.064453 0.500000
vt 0.064453 0.500000
vt 0.064453 0.500000
vt 0.033203 0.500000
vt 0.033203 0.500000
vt 0.033203 0.500000
vt 0.064453 0.500000
vt 0.033203 0.500000
vt 0.029297 0.500000
vt 0.029297 0.500000
vt 0.033203 0.500000
vt 0.033203 0.500000
vt 0.064453 0.500000
vt 0.064453 0.500000
vt 0.033203 0.500000
vt 0.064453 0.500000
vt 0.064453 0.500000
vt 0.064453 0.500000
vt 0.033203 0.500000
vt 0.033203 0.500000
vt 0.033203 0.500000
vt 0.033203 0.500000
vt 0.064453 0.500000
vt 0.033203 0.500000
vt 0.029297 0.500000
vt 0.029297 0.500000
vt 0.064453 0.500000
vt 0.064453 0.500000
vt 0.033203 0.500000
vt 0.033203 0.500000
vt 0.064453 0.500000
vt 0.033203 0.500000
vt 0.029297 0.500000
vt 0.029297 0.500000
vt 0.029297 0.500000
vt 0.052734 0.500000
vt 0.052734 0.500000
vt 0.052734 0.500000
vt 0.029297 0.500000
vt 0.029297 0.500000
vt 0.052734 0.500000
vt 0.029297 0.500000
vt 0.060547 0.500000
vt 0.060547 0.500000
vt 0.052734 0.500000
vt 0.052734 0.500000
vt 0.029297 0.500000
vt 0.029297 0.500000
vt 0.052734 0.500000
vt 0.052734 0.500000
vt 0.052734 0.500000
vt 0.029297 0.500000
vt 0.029297 0.500000
vt 0.052734 0.500000
vt 0.052734 0.500000
vt 0.029297 0.500000
vt 0.029297 0.500000
vt 0.052734 0.500000
vt 0.033203 0.500000
vt 0.033203 0.500000
vt 0.033203 0.500000
vt 0.060547 0.500000
vt 0.060547 0.500000
vt 0.033203 0.500000
vt 0.064453 0.500000
vt 0.064453 0.500000
vt 0.064453 0.500000
vt 0.033203 0.500000
vt 0.064453 0.500000
vt 0.033203 0.500000
vt 0.033203 0.500000
vt 0.033203 0.500000
vt 0.029297 0.500000
vt 0.033203 0.500000
vt 0.033203 0.500000
vt 0.064453 0.500000
vt 0.064453 0.500000
vt 0.033203 0.500000
vt 0.033203 0.500000
vt 0.064453 0.500000
vt 0.033203 0.500000
vt 0.060547 0.500000
vt 0.060547 0.500000
vt 0.064453 0.500000
vt 0.064453 0.500000
vt 0.064453 0.500000
vt 0.033203 0.500000
vt 0.033203 0.500000
vt 0.064453 0.500000
vt 0.033203 0.500000
vt 0.033203 0.500000
vt 0.064453 0.500000
vt 0.064453 0.500000
vt 0.033203 0.500000
vt 0.064453 0.500000
vt 0.029297 0.500000
vt 0.029297 0.500000
vt 0.060547 0.500000
vt 0.060547 0.500000
vt 0.033203 0.500000
vt 0.064453 0.500000
vt 0.064453 0.500000
vt 0.033203 0.500000
vt 0.064453 0.500000
vt 0.033203 0.500000
vt 0.033203 0.500000
vt 0.029297 0.500000
vt 0.029297 0.500000
vt 0.060547 0.500000
vt 0.029297 0.500000
vt 0.029297 0.500000
vt 0.029297 0.500000
vt 0.029297 0.500000
vt 0.060547 0.500000
vt 0.060547 0.500000
vt 0.029297 0.500000
vt 0.029297 0.500000
vt 0.052734 0.500000
vt 0.052734 0.500000
vt 0.052734 0.500000
vt 0.029297 0.500000
vt 0.029297 0.500000
vt 0.052734 0.500000
vt 0.029297 0.500000
vt 0.052734 0.500000
vt 0.052734 0.500000
vt 0.029297 0.500000
vt 0.029297 0.500000
vt 0.052734 0.500000
vt 0.052734 0.500000
vt 0.052734 0.500000
vt 0.029297 0.500000
vt 0.029297 0.500000
vt 0.052734 0.500000
vt 0.052734 0.500000
vt 0.029297 0.500000
vt 0.029297 0.500000
vt 0.052734 0.500000
vt 0.060547 0.500000
vt 0.060547 0.500000
vt 0.060547 0.500000
vt 0.060547 0.500000
vt 0.060547 0.500000
vt 0.029297 0.500000
vt 0.029297 0.500000
vt 0.048828 0.500000
vt 0.048828 0.500000
vt 0.048828 0.500000
vt 0.048828 0.500000
vt 0.021484 0.500000
vt 0.021484 0.500000
vt 0.021484 0.500000
vt 0.021484 0.500000
vt 0.025391 0.500000
vt 0.025391 0.500000
vt 0.025391 0.500000
vt 0.025391 0.500000
vt 0.025391 0.500000
vt 0.025391 0.500000
vt 0.025391 0.500000
vt 0.025391 0.500000
vt 0.025391 0.500000
vt 0.025391 0.500000
vt 0.025391 0.500000
vt 0.025391 0.500000
vt 0.025391 0.500000
vt 0.025391 0.500000
vt 0.025391 0.500000
vt 0.025391 0.500000
vt 0.025391 0.500000
vt 0.025391 0.500000
vt 0.025391 0.500000
vt 0.025391 0.500000
vt 0.025391 0.500000
vt 0.025391 0.500000
vt 0.025391 0.500000
vt 0.025391 0.500000
vt 0.025391 0.500000
vt 0.025391 0.500000
vt 0.025391 0.500000
vt 0.025391 0.500000
vt 0.025391 0.500000
vt 0.025391 0.500000
vt 0.025391 0.500000
vt 0.025391 0.500000
vt 0.025391 0.500000
vt 0.025391 0.500000
vt 0.025391 0.500000
vt 0.025391 0.500000
vt 0.025391 0.500000
vt 0.025391 0.500000
vt 0.025391 0.500000
vt 0.025391 0.500000
vt 0.025391 0.500000
vt 0.025391 0.500000
vt 0.025391 0.500000
vt 0.025391 0.500000
vt 0.025391 0.500000
vt 0.025391 0.500000
vt 0.025391 0.500000
vt 0.025391 0.500000
vt 0.025391 0.500000
vt 0.025391 0.500000
vt 0.025391 0.500000
vt 0.025391 0.500000
vt 0.025391 0.500000
vt 0.025391 0.500000
vt 0.025391 0.500000
vt 0.025391 0.500000
vt 0.025391 0.500000
vt 0.025391 0.500000
vt 0.025391 0.500000
vt 0.025391 0.500000
vt 0.025391 0.500000
vt 0.025391 0.500000
vt 0.025391 0.500000
vt 0.025391 0.500000
vt 0.025391 0.500000
vt 0.025391 0.500000
vt 0.025391 0.500000
vt 0.025391 0.500000
vt 0.025391 0.500000
vt 0.025391 0.500000
vt 0.025391 0.500000
vt 0.025391 0.500000
vt 0.025391 0.500000
vt 0.025391 0.500000
vt 0.025391 0.500000
vt 0.025391 0.500000
vt 0.025391 0.500000
vt 0.025391 0.500000
vt 0.025391 0.500000
vt 0.025391 0.500000
vt 0.025391 0.500000
vt 0.025391 0.500000
vt 0.025391 0.500000
vt 0.025391 0.500000
vt 0.025391 0.500000
vt 0.025391 0.500000
vt 0.025391 0.500000
vt 0.025391 0.500000
vt 0.025391 0.500000
vt 0.025391 0.500000
vt 0.025391 0.500000
vt 0.025391 0.500000
vt 0.025391 0.500000
vt 0.025391 0.500000
vt 0.025391 0.500000
vt 0.025391 0.500000
vt 0.025391 0.500000
vt 0.025391 0.500000
vt 0.025391 0.500000
vt 0.025391 0.500000
vt 0.025391 0.500000
vt 0.025391 0.500000
vt 0.025391 0.500000
vt 0.025391 0.500000
vt 0.025391 0.500000
vt 0.025391 0.500000
vt 0.025391 0.500000
vt 0.025391 0.500000
vt 0.025391 0.500000
vt 0.025391 0.500000
vt 0.025391 0.500000
vt 0.025391 0.500000
vt 0.025391 0.500000
vt 0.025391 0.500000
vt 0.025391 0.500000
vt 0.025391 0.500000
vt 0.025391 0.500000
vt 0.025391 0.500000
vt 0.025391 0.500000
vt 0.025391 0.500000
vt 0.025391 0.500000
vt 0.025391 0.500000
vt 0.025391 0.500000
vt 0.025391 0.500000
vt 0.025391 0.500000
vt 0.025391 0.500000
vt 0.021484 0.500000
vt 0.021484 0.500000
vt 0.021484 0.500000
vt 0.021484 0.500000
vt 0.060547 0.500000
vt 0.060547 0.500000
vt 0.060547 0.500000
vt 0.060547 0.500000
vt 0.060547 0.500000
vt 0.060547 0.500000
vt 0.060547 0.500000
vt 0.060547 0.500000
vt 0.021484 0.500000
vt 0.021484 0.500000
vt 0.021484 0.500000
vt 0.021484 0.500000
vt 0.025391 0.500000
vt 0.025391 0.500000
vt 0.025391 0.500000
vt 0.025391 0.500000
vt 0.751953 0.500000
vt 0.751953 0.500000
vt 0.751953 0.500000
vt 0.751953 0.500000
vt 0.908203 0.500000
vt 0.908203 0.500000
vt 0.908203 0.500000
vt 0.751953 0.500000
vt 0.751953 0.500000
vt 0.908203 0.500000
vt 0.017578 0.500000
vt 0.017578 0.500000
vt 0.017578 0.500000
vt 0.751953 0.500000
vt 0.751953 0.500000
vt 0.751953 0.500000
vt 0.017578 0.500000
vt 0.751953 0.500000
vt 0.751953 0.500000
vt 0.751953 0.500000
vt 0.751953 0.500000
vt 0.751953 0.500000
vt 0.751953 0.500000
vt 0.751953 0.500000
vt 0.908203 0.500000
vt 0.908203 0.500000
vt 0.908203 0.500000
vt 0.751953 0.500000
vt 0.751953 0.500000
vt 0.908203 0.500000
vt 0.017578 0.500000
vt 0.017578 0.500000
vt 0.017578 0.500000
vt 0.751953 0.500000
vt 0.751953 0.500000
vt 0.751953 0.500000
vt 0.017578 0.500000
vt 0.751953 0.500000
vt 0.751953 0.500000
vt 0.751953 0.500000
vt 0.751953 0.500000
vt 0.751953 0.500000
vt 0.751953 0.500000
vt 0.751953 0.500000
vt 0.908203 0.500000
vt 0.908203 0.500000
vt 0.908203 0.500000
vt 0.751953 0.500000
vt 0.751953 0.500000
vt 0.908203 0.500000
vt 0.017578 0.500000
vt 0.017578 0.500000
vt 0.017578 0.500000
vt 0.751953 0.500000
vt 0.751953 0.500000
vt 0.751953 0.500000
vt 0.017578 0.500000
vt 0.751953 0.500000
vt 0.751953 0.500000
vt 0.751953 0.500000
vt 0.751953 0.500000
vt 0.751953 0.500000
vt 0.751953 0.500000
vt 0.751953 0.500000
vt 0.908203 0.500000
vt 0.908203 0.500000
vt 0.908203 0.500000
vt 0.751953 0.500000
vt 0.751953 0.500000
vt 0.908203 0.500000
vt 0.017578 0.500000
vt 0.017578 0.500000
vt 0.017578 0.500000
vt 0.751953 0.500000
vt 0.751953 0.500000
vt 0.751953 0.500000
vt 0.017578 0.500000
vt 0.751953 0.500000
vt 0.751953 0.500000
vt 0.751953 0.500000
vt 0.751953 0.500000
vt 0.751953 0.500000
vt 0.751953 0.500000
vt 0.751953 0.500000
vt 0.908203 0.500000
vt 0.908203 0.500000
vt 0.908203 0.500000
vt 0.751953 0.500000
vt 0.751953 0.500000
vt 0.908203 0.500000
vt 0.017578 0.500000
vt 0.017578 0.500000
vt 0.017578 0.500000
vt 0.751953 0.500000
vt 0.751953 0.500000
vt 0.751953 0.500000
vt 0.017578 0.500000
vt 0.751953 0.500000
vt 0.751953 0.500000
vt 0.751953 0.500000
vt 0.021484 0.500000
vt 0.021484 0.500000
vt 0.021484 0.500000
vt 0.021484 0.500000
vt 0.048828 0.500000
vt 0.048828 0.500000
vt 0.048828 0.500000
vt 0.048828 0.500000
vt 0.751953 0.500000
vt 0.751953 0.500000
vt 0.751953 0.500000
vt 0.751953 0.500000
vt 0.908203 0.500000
vt 0.908203 0.500000
vt 0.908203 0.500000
vt 0.751953 0.500000
vt 0.751953 0.500000
vt 0.908203 0.500000
vt 0.017578 0.500000
vt 0.017578 0.500000
vt 0.017578 0.500000
vt 0.751953 0.500000
vt 0.751953 0.500000
vt 0.751953 0.500000
vt 0.017578 0.500000
vt 0.751953 0.500000
vt 0.751953 0.500000
vt 0.751953 0.500000
vt 0.751953 0.500000
vt 0.751953 0.500000
vt 0.751953 0.500000
vt 0.751953 0.500000
vt 0.908203 0.500000
vt 0.908203 0.500000
vt 0.908203 0.500000
vt 0.751953 0.500000
vt 0.751953 0.500000
vt 0.908203 0.500000
vt 0.017578 0.500000
vt 0.017578 0.500000
vt 0.017578 0.500000
vt 0.751953 0.500000
vt 0.751953 0.500000
vt 0.751953 0.500000
vt 0.017578 0.500000
vt 0.751953 0.500000
vt 0.751953 0.500000
vt 0.751953 0.500000
vt 0.751953 0.500000
vt 0.751953 0.500000
vt 0.751953 0.500000
vt 0.751953 0.500000
vt 0.908203 0.500000
vt 0.908203 0.500000
vt 0.908203 0.500000
vt 0.751953 0.500000
vt 0.751953 0.500000
vt 0.908203 0.500000
vt 0.017578 0.500000
vt 0.017578 0.500000
vt 0.017578 0.500000
vt 0.751953 0.500000
vt 0.751953 0.500000
vt 0.751953 0.500000
vt 0.017578 0.500000
vt 0.751953 0.500000
vt 0.751953 0.500000
vt 0.751953 0.500000
vt 0.751953 0.500000
vt 0.751953 0.500000
vt 0.751953 0.500000
vt 0.751953 0.500000
vt 0.908203 0.500000
vt 0.908203 0.500000
vt 0.908203 0.500000
vt 0.751953 0.500000
vt 0.751953 0.500000
vt 0.908203 0.500000
vt 0.017578 0.500000
vt 0.017578 0.500000
vt 0.017578 0.500000
vt 0.751953 0.500000
vt 0.751953 0.500000
vt 0.751953 0.500000
vt 0.017578 0.500000
vt 0.751953 0.500000
vt 0.751953 0.500000
vt 0.751953 0.500000
vt 0.048828 0.500000
vt 0.048828 0.500000
vt 0.048828 0.500000
vt 0.048828 0.500000
vt 0.021484 0.500000
vt 0.021484 0.500000
vt 0.021484 0.500000
vt 0.021484 0.500000
vt 0.025391 0.500000
vt 0.025391 0.500000
vt 0.025391 0.500000
vt 0.025391 0.500000
vt 0.751953 0.500000
vt 0.751953 0.500000
vt 0.751953 0.500000
vt 0.751953 0.500000
vt 0.751953 0.500000
vt 0.751953 0.500000
vt 0.017578 0.500000
vt 0.017578 0.500000
vt 0.017578 0.500000
vt 0.751953 0.500000
vt 0.751953 0.500000
vt 0.751953 0.500000
vt 0.017578 0.500000
vt 0.751953 0.500000
vt 0.751953 0.500000
vt 0.751953 0.500000
vt 0.751953 0.500000
vt 0.751953 0.500000
vt 0.751953 0.500000
vt 0.751953 0.500000
vt 0.908203 0.500000
vt 0.908203 0.500000
vt 0.908203 0.500000
vt 0.751953 0.500000
vt 0.751953 0.500000
vt 0.908203 0.500000
vt 0.017578 0.500000
vt 0.017578 0.500000
vt 0.017578 0.500000
vt 0.751953 0.500000
vt 0.751953 0.500000
vt 0.751953 0.500000
vt 0.017578 0.500000
vt 0.751953 0.500000
vt 0.751953 0.500000
vt 0.751953 0.500000
vt 0.751953 0.500000
vt 0.751953 0.500000
vt 0.751953 0.500000
vt 0.751953 0.500000
vt 0.751953 0.500000
vt 0.751953 0.500000
vt 0.017578 0.500000
vt 0.017578 0.500000
vt 0.017578 0.500000
vt 0.751953 0.500000
vt 0.751953 0.500000
vt 0.751953 0.500000
vt 0.017578 0.500000
vt 0.751953 0.500000
vt 0.751953 0.500000
vt 0.751953 0.500000
vt 0.751953 0.500000
vt 0.751953 0.500000
vt 0.751953 0.500000
vt 0.751953 0.500000
vt 0.908203 0.500000
vt 0.908203 0.500000
vt 0.908203 0.500000
vt 0.751953 0.500000
vt 0.751953 0.500000
vt 0.908203 0.500000
vt 0.017578 0.500000
vt 0.017578 0.500000
vt 0.017578 0.500000
vt 0.751953 0.500000
vt 0.751953 0.500000
vt 0.751953 0.500000
vt 0.017578 0.500000
vt 0.751953 0.500000
vt 0.751953 0.500000
vt 0.751953 0.500000
vt 0.751953 0.500000
vt 0.751953 0.500000
vt 0.751953 0.500000
vt 0.751953 0.500000
vt 0.751953 0.500000
vt 0.751953 0.500000
vt 0.017578 0.500000
vt 0.017578 0.500000
vt 0.017578 0.500000
vt 0.751953 0.500000
vt 0.751953 0.500000
vt 0.751953 0.500000
vt 0.017578 0.500000
vt 0.751953 0.500000
vt 0.751953 0.500000
vt 0.751953 0.500000
vt 0.060547 0.500000
vt 0.060547 0.500000
vt 0.060547 0.500000
vt 0.060547 0.500000
vt 0.021484 0.500000
vt 0.021484 0.500000
vt 0.021484 0.500000
vt 0.021484 0.500000
vt 0.025391 0.500000
vt 0.025391 0.500000
vt 0.025391 0.500000
vt 0.025391 0.500000
vt 0.025391 0.500000
vt 0.025391 0.500000
vt 0.025391 0.500000
vt 0.025391 0.500000
vt 0.048828 0.500000
vt 0.048828 0.500000
vt 0.048828 0.500000
vt 0.048828 0.500000
vt 0.025391 0.500000
vt 0.025391 0.500000
vt 0.025391 0.500000
vt 0.025391 0.500000
vt 0.025391 0.500000
vt 0.025391 0.500000
vt 0.025391 0.500000
vt 0.025391 0.500000
vt 0.021484 0.500000
vt 0.021484 0.500000
vt 0.021484 0.500000
vt 0.021484 0.500000
vt 0.021484 0.500000
vt 0.021484 0.500000
vt 0.021484 0.500000
vt 0.021484 0.500000
vt 0.048828 0.500000
vt 0.048828 0.500000
vt 0.048828 0.500000
vt 0.048828 0.500000
vt 0.021484 0.500000
vt 0.021484 0.500000
vt 0.021484 0.500000
vt 0.021484 0.500000
vt 0.056641 0.500000
vt 0.056641 0.500000
vt 0.056641 0.500000
vt 0.056641 0.500000
vt 0.056641 0.500000
vt 0.056641 0.500000
vt 0.056641 0.500000
vt 0.056641 0.500000
vt 0.056641 0.500000
vt 0.056641 0.500000
vt 0.056641 0.500000
vt 0.056641 0.500000
vt 0.056641 0.500000
vt 0.056641 0.500000
vt 0.056641 0.500000
vt 0.056641 0.500000
vt 0.056641 0.500000
vt 0.056641 0.500000
vt 0.056641 0.500000
vt 0.056641 0.500000
vt 0.056641 0.500000
vt 0.056641 0.500000
vt 0.056641 0.500000
vt 0.056641 0.500000
vt 0.056641 0.500000
vt 0.056641 0.500000
vt 0.056641 0.500000
vt 0.056641 0.500000
vt 0.056641 0.500000
vt 0.056641 0.500000
vt 0.056641 0.500000
vt 0.056641 0.500000
vt 0.021484 0.500000
vt 0.021484 0.500000
vt 0.021484 0.500000
vt 0.021484 0.500000
vt 0.060547 0.500000
vt 0.060547 0.500000
vt 0.060547 0.500000
vt 0.060547 0.500000
vt 0.029297 0.500000
vt 0.029297 0.500000
vt 0.029297 0.500000
vt 0.029297 0.500000
vt 0.029297 0.500000
vt 0.052734 0.500000
vt 0.052734 0.500000
vt 0.052734 0.500000
vt 0.029297 0.500000
vt 0.029297 0.500000
vt 0.052734 0.500000
vt 0.029297 0.500000
vt 0.052734 0.500000
vt 0.052734 0.500000
vt 0.029297 0.500000
vt 0.029297 0.500000
vt 0.052734 0.500000
vt 0.052734 0.500000
vt 0.052734 0.500000
vt 0.029297 0.500000
vt 0.029297 0.500000
vt 0.052734 0.500000
vt 0.060547 0.500000
vt 0.060547 0.500000
vt 0.052734 0.500000
vt 0.029297 0.500000
vt 0.029297 0.500000
vt 0.052734 0.500000
vt 0.060547 0.500000
vt 0.060547 0.500000
vt 0.060547 0.500000
vt 0.029297 0.500000
vt 0.029297 0.500000
vt 0.064453 0.500000
vt 0.064453 0.500000
vt 0.064453 0.500000
vt 0.033203 0.500000
vt 0.033203 0.500000
vt 0.033203 0.500000
vt 0.064453 0.500000
vt 0.033203 0.500000
vt 0.064453 0.500000
vt 0.064453 0.500000
vt 0.064453 0.500000
vt 0.033203 0.500000
vt 0.033203 0.500000
vt 0.033203 0.500000
vt 0.064453 0.500000
vt 0.033203 0.500000
vt 0.033203 0.500000
vt 0.033203 0.500000
vt 0.064453 0.500000
vt 0.064453 0.500000
vt 0.033203 0.500000
vt 0.064453 0.500000
vt 0.064453 0.500000
vt 0.064453 0.500000
vt 0.033203 0.500000
vt 0.033203 0.500000
vt 0.033203 0.500000
vt 0.064453 0.500000
vt 0.060547 0.500000
vt 0.060547 0.500000
vt 0.033203 0.500000
vt 0.033203 0.500000
vt 0.033203 0.500000
vt 0.033203 0.500000
vt 0.064453 0.500000
vt 0.064453 0.500000
vt 0.064453 0.500000
vt 0.033203 0.500000
vt 0.033203 0.500000
vt 0.064453 0.500000
vt 0.033203 0.500000
vt 0.033203 0.500000
vt 0.064453 0.500000
vt 0.064453 0.500000
vt 0.064453 0.500000
vt 0.033203 0.500000
vt 0.064453 0.500000
vt 0.033203 0.500000
vt 0.064453 0.500000
vt 0.064453 0.500000
vt 0.033203 0.500000
vt 0.064453 0.500000
vt 0.064453 0.500000
vt 0.064453 0.500000
vt 0.064453 0.500000
vt 0.033203 0.500000
vt 0.033203 0.500000
vt 0.033203 0.500000
vt 0.064453 0.500000
vt 0.033203 0.500000
vt 0.064453 0.500000
vt 0.064453 0.500000
vt 0.064453 0.500000
vt 0.033203 0.500000
vt 0.033203 0.500000
vt 0.033203 0.500000
vt 0.064453 0.500000
vt 0.033203 0.500000
vt 0.033203 0.500000
vt 0.033203 0.500000
vt 0.064453 0.500000
vt 0.064453 0.500000
vt 0.033203 0.500000
vt 0.064453 0.500000
vt 0.033203 0.500000
vt 0.064453 0.500000
vt 0.064453 0.500000
vt 0.033203 0.500000
vt 0.033203 0.500000
vt 0.033203 0.500000
vt 0.064453 0.500000
vt 0.064453 0.500000
vt 0.064453 0.500000
vt 0.033203 0.500000
vt 0.033203 0.500000
vt 0.064453 0.500000
vt 0.029297 0.500000
vt 0.029297 0.500000
vt 0.029297 0.500000
vt 0.052734 0.500000
vt 0.052734 0.500000
vt 0.052734 0.500000
vt 0.029297 0.500000
vt 0.029297 0.500000
vt 0.052734 0.500000
vt 0.029297 0.500000
vt 0.052734 0.500000
vt 0.052734 0.500000
vt 0.029297 0.500000
vt 0.029297 0.500000
vt 0.052734 0.500000
vt 0.052734 0.500000
vt 0.052734 0.500000
vt 0.029297 0.500000
vt 0.029297 0.500000
vt 0.052734 0.500000
vt 0.052734 0.500000
vt 0.029297 0.500000
vt 0.029297 0.500000
vt 0.052734 0.500000
vt 0.033203 0.500000
vt 0.033203 0.500000
vt 0.033203 0.500000
vt 0.064453 0.500000
vt 0.064453 0.500000
vt 0.064453 0.500000
vt 0.033203 0.500000
vt 0.064453 0.500000
vt 0.033203 0.500000
vt 0.033203 0.500000
vt 0.033203 0.500000
vt 0.064453 0.500000
vt 0.064453 0.500000
vt 0.033203 0.500000
vt 0.033203 0.500000
vt 0.064453 0.500000
vt 0.033203 0.500000
vt 0.064453 0.500000
vt 0.064453 0.500000
vt 0.064453 0.500000
vt 0.033203 0.500000
vt 0.033203 0.500000
vt 0.064453 0.500000
vt 0.033203 0.500000
vt 0.033203 0.500000
vt 0.064453 0.500000
vt 0.064453 0.500000
vt 0.033203 0.500000
vt 0.064453 0.500000
vt 0.033203 0.500000
vt 0.064453 0.500000
vt 0.064453 0.500000
vt 0.033203 0.500000
vt 0.064453 0.500000
vt 0.064453 0.500000
vt 0.064453 0.500000
vt 0.064453 0.500000
vt 0.033203 0.500000
vt 0.033203 0.500000
vt 0.033203 0.500000
vt 0.064453 0.500000
vt 0.033203 0.500000
vt 0.033203 0.500000
vt 0.064453 0.500000
vt 0.064453 0.500000
vt 0.064453 0.500000
vt 0.033203 0.500000
vt 0.033203 0.500000
vt 0.033203 0.500000
vt 0.064453 0.500000
vt 0.033203 0.500000
vt 0.060547 0.500000
vt 0.060547 0.500000
vt 0.033203 0.500000
vt 0.033203 0.500000
vt 0.064453 0.500000
vt 0.064453 0.500000
vt 0.064453 0.500000
vt 0.033203 0.500000
vt 0.064453 0.500000
vt 0.064453 0.500000
vt 0.064453 0.500000
vt 0.033203 0.500000
vt 0.033203 0.500000
vt 0.033203 0.500000
vt 0.064453 0.500000
vt 0.033203 0.500000
vt 0.033203 0.500000
vt 0.033203 0.500000
vt 0.033203 0.500000
vt 0.064453 0.500000
vt 0.064453 0.500000
vt 0.064453 0.500000
vt 0.033203 0.500000
vt 0.033203 0.500000
vt 0.064453 0.500000
vt 0.033203 0.500000
vt 0.064453 0.500000
vt 0.064453 0.500000
vt 0.064453 0.500000
vt 0.033203 0.500000
vt 0.033203 0.500000
vt 0.064453 0.500000
vt 0.033203 0.500000
vt 0.060547 0.500000
vt 0.060547 0.500000
vt 0.033203 0.500000
vt 0.064453 0.500000
vt 0.064453 0.500000
vt 0.033203 0.500000
vt 0.064453 0.500000
vt 0.033203 0.500000
vt 0.064453 0.500000
vt 0.064453 0.500000
vt 0.033203 0.500000
vt 0.064453 0.500000
vt 0.029297 0.500000
vt 0.029297 0.500000
vt 0.060547 0.500000
vt 0.029297 0.500000
vt 0.029297 0.500000
vt 0.052734 0.500000
vt 0.052734 0.500000
vt 0.052734 0.500000
vt 0.029297 0.500000
vt 0.029297 0.500000
vt 0.052734 0.500000
vt 0.029297 0.500000
vt 0.060547 0.500000
vt 0.060547 0.500000
vt 0.060547 0.500000
vt 0.060547 0.500000
vt 0.060547 0.500000
vt 0.060547 0.500000
vt 0.052734 0.500000
vt 0.052734 0.500000
vt 0.029297 0.500000
vt 0.029297 0.500000
vt 0.052734 0.500000
vt 0.052734 0.500000
vt 0.052734 0.500000
vt 0.029297 0.500000
vt 0.052734 0.500000
vt 0.029297 0.500000
vt 0.029297 0.500000
vt 0.052734 0.500000
vt 0.029297 0.500000
vt 0.029297 0.500000
vt 0.029297 0.500000
vt 0.052734 0.500000
vt 0.029297 0.500000
vt 0.029297 0.500000
vt 0.052734 0.500000
vt 0.052734 0.500000
vt 0.052734 0.500000
vt 0.052734 0.500000
vt 0.052734 0.500000
vt 0.052734 0.500000
vt 0.052734 0.500000
vt 0.029297 0.500000
vt 0.052734 0.500000
vt 0.060547 0.500000
vt 0.060547 0.500000
vt 0.029297 0.500000
vt 0.029297 0.500000
vt 0.052734 0.500000
vt 0.029297 0.500000
vt 0.029297 0.500000
vt 0.029297 0.500000
vt 0.052734 0.500000
vt 0.052734 0.500000
vt 0.029297 0.500000
vt 0.029297 0.500000
vt 0.029297 0.500000
vt 0.052734 0.500000
vt 0.060547 0.500000
vt 0.060547 0.500000
vt 0.029297 0.500000
vt 0.029297 0.500000
vt 0.029297 0.500000
vt 0.029297 0.500000
vt 0.005859 0.500000
vt 0.005859 0.500000
vt 0.005859 0.500000
vt 0.005859 0.500000
vt 0.005859 0.500000
vt 0.005859 0.500000
vt 0.005859 0.500000
vt 0.005859 0.500000
vt 0.005859 0.500000
vt 0.005859 0.500000
vt 0.005859 0.500000
vt 0.005859 0.500000
vt 0.029297 0.500000
vt 0.029297 0.500000
vt 0.001953 0.500000
vt 0.001953 0.500000
vt 0.001953 0.500000
vt 0.001953 0.500000
vt 0.001953 0.500000
vt 0.001953 0.500000
vt 0.001953 0.500000
vt 0.001953 0.500000
vt 0.001953 0.500000
vt 0.001953 0.500000
vt 0.001953 0.500000
vt 0.001953 0.500000
vt 0.001953 0.500000
vt 0.001953 0.500000
vt 0.005859 0.500000
vt 0.005859 0.500000
vt 0.001953 0.500000
vt 0.005859 0.500000
vt 0.029297 0.500000
vt 0.029297 0.500000
vt 0.001953 0.500000
vt 0.001953 0.500000
vt 0.005859 0.500000
vt 0.005859 0.500000
vt 0.005859 0.500000
vt 0.001953 0.500000
vt 0.005859 0.500000
vt 0.029297 0.500000
vt 0.029297 0.500000
vt 0.005859 0.500000
vt 0.005859 0.500000
vt 0.005859 0.500000
vt 0.029297 0.500000
vt 0.029297 0.500000
vt 0.001953 0.500000
vt 0.001953 0.500000
vt 0.001953 0.500000
vt 0.005859 0.500000
vt 0.005859 0.500000
vt 0.005859 0.500000
vt 0.029297 0.500000
vt 0.029297 0.500000
vt 0.001953 0.500000
vt 0.001953 0.500000
vt 0.005859 0.500000
vt 0.005859 0.500000
vt 0.005859 0.500000
vt 0.001953 0.500000
vt 0.005859 0.500000
vt 0.005859 0.500000
vt 0.001953 0.500000
vt 0.001953 0.500000
vt 0.001953 0.500000
vt 0.005859 0.500000
vt 0.001953 0.500000
vt 0.005859 0.500000
vt 0.029297 0.500000
vt 0.005859 0.500000
vt 0.001953 0.500000
vt 0.005859 0.500000
vt 0.005859 0.500000
vt 0.001953 0.500000
vt 0.005859 0.500000
vt 0.005859 0.500000
vt 0.005859 0.500000
vt 0.005859 0.500000
vt 0.029297 0.500000
vt 0.029297 0.500000
vt 0.001953 0.500000
vt 0.001953 0.500000
vt 0.001953 0.500000
vt 0.001953 0.500000
vt 0.001953 0.500000
vt 0.005859 0.500000
vt 0.001953 0.500000
vt 0.005859 0.500000
vt 0.029297 0.500000
vt 0.029297 0.500000
vt 0.001953 0.500000
vt 0.005859 0.500000
vt 0.005859 0.500000
vt 0.001953 0.500000
vt 0.005859 0.500000
vt 0.029297 0.500000
vt 0.029297 0.500000
vt 0.005859 0.500000
vt 0.001953 0.500000
vt 0.001953 0.500000
vt 0.001953 0.500000
vt 0.005859 0.500000
vt 0.005859 0.500000
vt 0.001953 0.500000
vt 0.005859 0.500000
vt 0.029297 0.500000
vt 0.029297 0.500000
vt 0.005859 0.500000
vt 0.005859 0.500000
vt 0.005859 0.500000
vt 0.005859 0.500000
vt 0.005859 0.500000
vt 0.005859 0.500000
vt 0.029297 0.500000
vt 0.029297 0.500000
vt 0.029297 0.500000
vt 0.029297 0.500000
vt 0.060547 0.500000
vt 0.060547 0.500000
vt 0.060547 0.500000
vt 0.060547 0.500000
vt 0.060547 0.500000
vt 0.060547 0.500000
vt 0.029297 0.500000
vt 0.029297 0.500000
vt 0.029297 0.500000
vt 0.052734 0.500000
vt 0.052734 0.500000
vt 0.052734 0.500000
vt 0.029297 0.500000
vt 0.029297 0.500000
vt 0.029297 0.500000
vt 0.029297 0.500000
vt 0.052734 0.500000
vt 0.052734 0.500000
vt 0.052734 0.500000
vt 0.052734 0.500000
vt 0.029297 0.500000
vt 0.029297 0.500000
vt 0.029297 0.500000
vt 0.052734 0.500000
vt 0.029297 0.500000
vt 0.052734 0.500000
vt 0.052734 0.500000
vt 0.029297 0.500000
vt 0.052734 0.500000
vt 0.052734 0.500000
vt 0.052734 0.500000
vt 0.029297 0.500000
vt 0.052734 0.500000
vt 0.029297 0.500000
vt 0.029297 0.500000
vt 0.052734 0.500000
vt 0.029297 0.500000
vt 0.029297 0.500000
vt 0.029297 0.500000
vt 0.052734 0.500000
vt 0.029297 0.500000
vt 0.060547 0.500000
vt 0.060547 0.500000
vt 0.029297 0.500000
vt 0.052734 0.500000
vt 0.052734 0.500000
vt 0.052734 0.500000
vt 0.052734 0.500000
vt 0.052734 0.500000
vt 0.029297 0.500000
vt 0.052734 0.500000
vt 0.052734 0.500000
vt 0.029297 0.500000
vt 0.029297 0.500000
vt 0.029297 0.500000
vt 0.029297 0.500000
vt 0.052734 0.500000
vt 0.029297 0.500000
vt 0.029297 0.500000
vt 0.060547 0.500000
vt 0.060547 0.500000
vt 0.060547 0.500000
vt 0.060547 0.500000
vt 0.029297 0.500000
vt 0.052734 0.500000
vt 0.052734 0.500000
vt 0.052734 0.500000
vt 0.029297 0.500000
vt 0.029297 0.500000
vt 0.052734 0.500000
vt 0.029297 0.500000
vt 0.052734 0.500000
vt 0.052734 0.500000
vt 0.029297 0.500000
vt 0.029297 0.500000
vt 0.052734 0.500000
vt 0.052734 0.500000
vt 0.052734 0.500000
vt 0.029297 0.500000
vt 0.029297 0.500000
vt 0.052734 0.500000
vt 0.052734 0.500000
vt 0.029297 0.500000
vt 0.029297 0.500000
vt 0.052734 0.500000
vt 0.060547 0.500000
vt 0.060547 0.500000
vt 0.060547 0.500000
vt 0.060547 0.500000
vt 0.029297 0.500000
vt 0.029297 0.500000
vt 0.048828 0.500000
vt 0.048828 0.500000
vt 0.048828 0.500000
vt 0.048828 0.500000
vt 0.025391 0.500000
vt 0.025391 0.500000
vt 0.025391 0.500000
vt 0.025391 0.500000
vt 0.025391 0.500000
vt 0.025391 0.500000
vt 0.025391 0.500000
vt 0.025391 0.500000
vt 0.025391 0.500000
vt 0.025391 0.500000
vt 0.025391 0.500000
vt 0.025391 0.500000
vt 0.025391 0.500000
vt 0.025391 0.500000
vt 0.025391 0.500000
vt 0.025391 0.500000
vt 0.025391 0.500000
vt 0.025391 0.500000
vt 0.025391 0.500000
vt 0.025391 0.500000
vt 0.025391 0.500000
vt 0.025391 0.500000
vt 0.025391 0.500000
vt 0.025391 0.500000
vt 0.025391 0.500000
vt 0.025391 0.500000
vt 0.025391 0.500000
vt 0.025391 0.500000
vt 0.025391 0.500000
vt 0.025391 0.500000
vt 0.025391 0.500000
vt 0.025391 0.500000
vt 0.025391 0.500000
vt 0.025391 0.500000
vt 0.025391 0.500000
vt 0.025391 0.500000
vt 0.025391 0.500000
vt 0.025391 0.500000
vt 0.025391 0.500000
vt 0.025391 0.500000
vt 0.025391 0.500000
vt 0.025391 0.500000
vt 0.025391 0.500000
vt 0.025391 0.500000
vt 0.025391 0.500000
vt 0.025391 0.500000
vt 0.025391 0.500000
vt 0.025391 0.500000
vt 0.025391 0.500000
vt 0.025391 0.500000
vt 0.025391 0.500000
vt 0.025391 0.500000
vt 0.025391 0.500000
vt 0.025391 0.500000
vt 0.025391 0.500000
vt 0.025391 0.500000
vt 0.025391 0.500000
vt 0.025391 0.500000
vt 0.025391 0.500000
vt 0.025391 0.500000
vt 0.025391 0.500000
vt 0.025391 0.500000
vt 0.025391 0.500000
vt 0.025391 0.500000
vt 0.025391 0.500000
vt 0.025391 0.500000
vt 0.025391 0.500000
vt 0.025391 0.500000
vt 0.044922 0.500000
vt 0.044922 0.500000
vt 0.044922 0.500000
vt 0.044922 0.500000
vt 0.044922 0.500000
vt 0.044922 0.500000
vt 0.044922 0.500000
vt 0.044922 0.500000
vt 0.044922 0.500000
vt 0.044922 0.500000
vt 0.044922 0.500000
vt 0.044922 0.500000
vt 0.025391 0.500000
vt 0.025391 0.500000
vt 0.025391 0.500000
vt 0.044922 0.500000
vt 0.044922 0.500000
vt 0.044922 0.500000
vt 0.044922 0.500000
vt 0.025391 0.500000
vt 0.025391 0.500000
vt 0.025391 0.500000
vt 0.025391 0.500000
vt 0.025391 0.500000
vt 0.025391 0.500000
vt 0.025391 0.500000
vt 0.025391 0.500000
vt 0.025391 0.500000
vt 0.025391 0.500000
vt 0.025391 0.500000
vt 0.025391 0.500000
vt 0.025391 0.500000
vt 0.025391 0.500000
vt 0.025391 0.500000
vt 0.025391 0.500000
vt 0.025391 0.500000
vt 0.025391 0.500000
vt 0.025391 0.500000
vt 0.025391 0.500000
vt 0.025391 0.500000
vt 0.044922 0.500000
vt 0.044922 0.500000
vt 0.044922 0.500000
vt 0.044922 0.500000
vt 0.044922 0.500000
vt 0.044922 0.500000
vt 0.025391 0.500000
vt 0.025391 0.500000
vt 0.025391 0.500000
vt 0.044922 0.500000
vt 0.044922 0.500000
vt 0.025391 0.500000
vt 0.025391 0.500000
vt 0.025391 0.500000
vt 0.025391 0.500000
vt 0.044922 0.500000
vt 0.044922 0.500000
vt 0.044922 0.500000
vt 0.044922 0.500000
vt 0.025391 0.500000
vt 0.025391 0.500000
vt 0.025391 0.500000
vt 0.025391 0.500000
vt 0.025391 0.500000
vt 0.025391 0.500000
vt 0.025391 0.500000
vt 0.025391 0.500000
vt 0.025391 0.500000
vt 0.025391 0.500000
vt 0.025391 0.500000
vt 0.025391 0.500000
vt 0.025391 0.500000
vt 0.025391 0.500000
vt 0.025391 0.500000
vt 0.025391 0.500000
vt 0.025391 0.500000
vt 0.025391 0.500000
vt 0.025391 0.500000
vt 0.025391 0.500000
vt 0.021484 0.500000
vt 0.021484 0.500000
vt 0.021484 0.500000
vt 0.021484 0.500000
vt 0.751953 0.500000
vt 0.751953 0.500000
vt 0.751953 0.500000
vt 0.751953 0.500000
vt 0.908203 0.500000
vt 0.908203 0.500000
vt 0.908203 0.500000
vt 0.751953 0.500000
vt 0.751953 0.500000
vt 0.908203 0.500000
vt 0.017578 0.500000
vt 0.017578 0.500000
vt 0.017578 0.500000
vt 0.751953 0.500000
vt 0.751953 0.500000
vt 0.751953 0.500000
vt 0.017578 0.500000
vt 0.751953 0.500000
vt 0.751953 0.500000
vt 0.751953 0.500000
vt 0.751953 0.500000
vt 0.751953 0.500000
vt 0.017578 0.500000
vt 0.017578 0.500000
vt 0.017578 0.500000
vt 0.751953 0.500000
vt 0.751953 0.500000
vt 0.017578 0.500000
vt 0.751953 0.500000
vt 0.751953 0.500000
vt 0.751953 0.500000
vt 0.751953 0.500000
vt 0.751953 0.500000
vt 0.751953 0.500000
vt 0.751953 0.500000
vt 0.908203 0.500000
vt 0.908203 0.500000
vt 0.908203 0.500000
vt 0.908203 0.500000
vt 0.751953 0.500000
vt 0.751953 0.500000
vt 0.908203 0.500000
vt 0.017578 0.500000
vt 0.017578 0.500000
vt 0.017578 0.500000
vt 0.751953 0.500000
vt 0.751953 0.500000
vt 0.751953 0.500000
vt 0.017578 0.500000
vt 0.751953 0.500000
vt 0.751953 0.500000
vt 0.751953 0.500000
vt 0.751953 0.500000
vt 0.751953 0.500000
vt 0.751953 0.500000
vt 0.751953 0.500000
vt 0.908203 0.500000
vt 0.908203 0.500000
vt 0.908203 0.500000
vt 0.751953 0.500000
vt 0.751953 0.500000
vt 0.908203 0.500000
vt 0.017578 0.500000
vt 0.017578 0.500000
vt 0.017578 0.500000
vt 0.751953 0.500000
vt 0.751953 0.500000
vt 0.751953 0.500000
vt 0.017578 0.500000
vt 0.751953 0.500000
vt 0.751953 0.500000
vt 0.751953 0.500000
vt 0.044922 0.500000
vt 0.044922 0.500000
vt 0.044922 0.500000
vt 0.044922 0.500000
vt 0.044922 0.500000
vt 0.044922 0.500000
vt 0.044922 0.500000
vt 0.044922 0.500000
vt 0.044922 0.500000
vt 0.044922 0.500000
vt 0.044922 0.500000
vt 0.044922 0.500000
vt 0.044922 0.500000
vt 0.044922 0.500000
vt 0.044922 0.500000
vt 0.044922 0.500000
vt 0.021484 0.500000
vt 0.021484 0.500000
vt 0.021484 0.500000
vt 0.021484 0.500000
vt 0.751953 0.500000
vt 0.751953 0.500000
vt 0.751953 0.500000
vt 0.751953 0.500000
vt 0.908203 0.500000
vt 0.908203 0.500000
vt 0.908203 0.500000
vt 0.751953 0.500000
vt 0.751953 0.500000
vt 0.908203 0.500000
vt 0.017578 0.500000
vt 0.017578 0.500000
vt 0.017578 0.500000
vt 0.751953 0.500000
vt 0.751953 0.500000
vt 0.751953 0.500000
vt 0.017578 0.500000
vt 0.751953 0.500000
vt 0.751953 0.500000
vt 0.751953 0.500000
vt 0.751953 0.500000
vt 0.751953 0.500000
vt 0.751953 0.500000
vt 0.751953 0.500000
vt 0.908203 0.500000
vt 0.908203 0.500000
vt 0.908203 0.500000
vt 0.751953 0.500000
vt 0.751953 0.500000
vt 0.908203 0.500000
vt 0.017578 0.500000
vt 0.017578 0.500000
vt 0.017578 0.500000
vt 0.751953 0.500000
vt 0.751953 0.500000
vt 0.751953 0.500000
vt 0.017578 0.500000
vt 0.751953 0.500000
vt 0.751953 0.500000
vt 0.751953 0.500000
vt 0.751953 0.500000
vt 0.751953 0.500000
vt 0.751953 0.500000
vt 0.751953 0.500000
vt 0.751953 0.500000
vt 0.751953 0.500000
vt 0.017578 0.500000
vt 0.017578 0.500000
vt 0.017578 0.500000
vt 0.751953 0.500000
vt 0.751953 0.500000
vt 0.751953 0.500000
vt 0.017578 0.500000
vt 0.751953 0.500000
vt 0.751953 0.500000
vt 0.751953 0.500000
vt 0.751953 0.500000
vt 0.751953 0.500000
vt 0.751953 0.500000
vt 0.908203 0.500000
vt 0.908203 0.500000
vt 0.908203 0.500000
vt 0.751953 0.500000
vt 0.751953 0.500000
vt 0.908203 0.500000
vt 0.017578 0.500000
vt 0.017578 0.500000
vt 0.017578 0.500000
vt 0.751953 0.500000
vt 0.751953 0.500000
vt 0.751953 0.500000
vt 0.017578 0.500000
vt 0.751953 0.500000
vt 0.751953 0.500000
vt 0.751953 0.500000
vt 0.048828 0.500000
vt 0.048828 0.500000
vt 0.048828 0.500000
vt 0.048828 0.500000
vt 0.751953 0.500000
vt 0.751953 0.500000
vt 0.751953 0.500000
vt 0.751953 0.500000
vt 0.908203 0.500000
vt 0.908203 0.500000
vt 0.908203 0.500000
vt 0.751953 0.500000
vt 0.751953 0.500000
vt 0.908203 0.500000
vt 0.017578 0.500000
vt 0.017578 0.500000
vt 0.017578 0.500000
vt 0.751953 0.500000
vt 0.751953 0.500000
vt 0.751953 0.500000
vt 0.017578 0.500000
vt 0.751953 0.500000
vt 0.751953 0.500000
vt 0.751953 0.500000
vt 0.751953 0.500000
vt 0.751953 0.500000
vt 0.751953 0.500000
vt 0.751953 0.500000
vt 0.908203 0.500000
vt 0.908203 0.500000
vt 0.908203 0.500000
vt 0.751953 0.500000
vt 0.751953 0.500000
vt 0.908203 0.500000
vt 0.017578 0.500000
vt 0.017578 0.500000
vt 0.017578 0.500000
vt 0.751953 0.500000
vt 0.751953 0.500000
vt 0.751953 0.500000
vt 0.017578 0.500000
vt 0.751953 0.500000
vt 0.751953 0.500000
vt 0.751953 0.500000
vt 0.751953 0.500000
vt 0.751953 0.500000
vt 0.751953 0.500000
vt 0.751953 0.500000
vt 0.017578 0.500000
vt 0.017578 0.500000
vt 0.017578 0.500000
vt 0.751953 0.500000
vt 0.751953 0.500000
vt 0.017578 0.500000
vt 0.751953 0.500000
vt 0.751953 0.500000
vt 0.751953 0.500000
vt 0.751953 0.500000
vt 0.025391 0.500000
vt 0.025391 0.500000
vt 0.025391 0.500000
vt 0.025391 0.500000
vt 0.025391 0.500000
vt 0.025391 0.500000
vt 0.025391 0.500000
vt 0.025391 0.500000
vt 0.025391 0.500000
vt 0.025391 0.500000
vt 0.025391 0.500000
vt 0.060547 0.500000
vt 0.060547 0.500000
vt 0.060547 0.500000
vt 0.025391 0.500000
vt 0.025391 0.500000
vt 0.060547 0.500000
vt 0.060547 0.500000
vt 0.060547 0.500000
vt 0.025391 0.500000
vt 0.025391 0.500000
vt 0.025391 0.500000
vt 0.060547 0.500000
vt 0.025391 0.500000
vt 0.025391 0.500000
vt 0.060547 0.500000
vt 0.025391 0.500000
vt 0.025391 0.500000
vt 0.060547 0.500000
vt 0.060547 0.500000
vt 0.060547 0.500000
vt 0.060547 0.500000
vt 0.060547 0.500000
vt 0.060547 0.500000
vt 0.060547 0.500000
vt 0.060547 0.500000
vt 0.060547 0.500000
vt 0.060547 0.500000
vt 0.060547 0.500000
vt 0.060547 0.500000
vt 0.044922 0.500000
vt 0.044922 0.500000
vt 0.044922 0.500000
vt 0.044922 0.500000
vt 0.060547 0.500000
vt 0.060547 0.500000
vt 0.060547 0.500000
vt 0.060547 0.500000
vt 0.060547 0.500000
vt 0.060547 0.500000
vt 0.060547 0.500000
vt 0.060547 0.500000
vt 0.044922 0.500000
vt 0.044922 0.500000
vt 0.044922 0.500000
vt 0.044922 0.500000
vt 0.060547 0.500000
vt 0.060547 0.500000
vt 0.060547 0.500000
vt 0.060547 0.500000
vt 0.060547 0.500000
vt 0.060547 0.500000
vt 0.060547 0.500000
vt 0.060547 0.500000
vt 0.060547 0.500000
vt 0.060547 0.500000
vt 0.060547 0.500000
vt 0.060547 0.500000
vt 0.060547 0.500000
vt 0.060547 0.500000
vt 0.060547 0.500000
vt 0.060547 0.500000
vt 0.060547 0.500000
vt 0.060547 0.500000
vt 0.060547 0.500000
vt 0.060547 0.500000
vt 0.060547 0.500000
vt 0.060547 0.500000
vt 0.060547 0.500000
vt 0.060547 0.500000
vt 0.060547 0.500000
vt 0.060547 0.500000
vt 0.060547 0.500000
vt 0.060547 0.500000
vt 0.060547 0.500000
vt 0.060547 0.500000
vt 0.060547 0.500000
vt 0.060547 0.500000
vt 0.060547 0.500000
vt 0.060547 0.500000
vt 0.060547 0.500000
vt 0.060547 0.500000
vt 0.060547 0.500000
vt 0.060547 0.500000
vt 0.060547 0.500000
vt 0.060547 0.500000
vt 0.060547 0.500000
vt 0.060547 0.500000
vt 0.060547 0.500000
vt 0.060547 0.500000
vt 0.060547 0.500000
vt 0.060547 0.500000
vt 0.060547 0.500000
vt 0.060547 0.500000
vt 0.060547 0.500000
vt 0.060547 0.500000
vt 0.060547 0.500000
vt 0.060547 0.500000
vt 0.060547 0.500000
vt 0.060547 0.500000
vt 0.060547 0.500000
vt 0.060547 0.500000
vt 0.060547 0.500000
vt 0.060547 0.500000
vt 0.060547 0.500000
vt 0.060547 0.500000
vt 0.060547 0.500000
vt 0.060547 0.500000
vt 0.060547 0.500000
vt 0.060547 0.500000
vt 0.060547 0.500000
vt 0.060547 0.500000
vt 0.060547 0.500000
vt 0.060547 0.500000
vt 0.060547 0.500000
vt 0.060547 0.500000
vt 0.060547 0.500000
vt 0.060547 0.500000
vt 0.060547 0.500000
vt 0.060547 0.500000
vt 0.060547 0.500000
vt 0.060547 0.500000
vt 0.060547 0.500000
vt 0.060547 0.500000
vt 0.060547 0.500000
vt 0.060547 0.500000
vt 0.060547 0.500000
vt 0.060547 0.500000
vt 0.060547 0.500000
vt 0.060547 0.500000
vt 0.060547 0.500000
vt 0.060547 0.500000
vt 0.060547 0.500000
vt 0.060547 0.500000
vt 0.060547 0.500000
vt 0.060547 0.500000
vt 0.060547 0.500000
vt 0.060547 0.500000
vt 0.060547 0.500000
vt 0.060547 0.500000
vt 0.060547 0.500000
vt 0.060547 0.500000
vt 0.025391 0.500000
vt 0.025391 0.500000
vt 0.025391 0.500000
vt 0.025391 0.500000
vt 0.025391 0.500000
vt 0.025391 0.500000
vt 0.025391 0.500000
vt 0.025391 0.500000
vt 0.060547 0.500000
vt 0.060547 0.500000
vt 0.060547 0.500000
vt 0.060547 0.500000
vt 0.060547 0.500000
vt 0.060547 0.500000
vt 0.060547 0.500000
vt 0.060547 0.500000
vt 0.060547 0.500000
vt 0.060547 0.500000
vt 0.060547 0.500000
vt 0.060547 0.500000
vt 0.060547 0.500000
vt 0.060547 0.500000
vt 0.060547 0.500000
vt 0.060547 0.500000
vt 0.060547 0.500000
vt 0.060547 0.500000
vt 0.060547 0.500000
vt 0.060547 0.500000
vt 0.060547 0.500000
vt 0.060547 0.500000
vt 0.060547 0.500000
vt 0.060547 0.500000
vt 0.060547 0.500000
vt 0.060547 0.500000
vt 0.060547 0.500000
vt 0.060547 0.500000
vt 0.060547 0.500000
vt 0.060547 0.500000
vt 0.060547 0.500000
vt 0.060547 0.500000
vt 0.060547 0.500000
vt 0.060547 0.500000
vt 0.060547 0.500000
vt 0.060547 0.500000
vt 0.060547 0.500000
vt 0.060547 0.500000
vt 0.060547 0.500000
vt 0.060547 0.500000
vt 0.060547 0.500000
vt 0.060547 0.500000
vt 0.060547 0.500000
vt 0.060547 0.500000
vt 0.044922 0.500000
vt 0.044922 0.500000
vt 0.044922 0.500000
vt 0.044922 0.500000
vt 0.060547 0.500000
vt 0.060547 0.500000
vt 0.060547 0.500000
vt 0.060547 0.500000
vt 0.060547 0.500000
vt 0.060547 0.500000
vt 0.060547 0.500000
vt 0.060547 0.500000
vt 0.044922 0.500000
vt 0.044922 0.500000
vt 0.044922 0.500000
vt 0.044922 0.500000
vt 0.044922 0.500000
vt 0.044922 0.500000
vt 0.044922 0.500000
vt 0.044922 0.500000
vt 0.060547 0.500000
vt 0.060547 0.500000
vt 0.060547 0.500000
vt 0.060547 0.500000
vt 0.060547 0.500000
vt 0.060547 0.500000
vt 0.060547 0.500000
vt 0.060547 0.500000
vt 0.060547 0.500000
vt 0.060547 0.500000
vt 0.060547 0.500000
vt 0.060547 0.500000
vt 0.025391 0.500000
vt 0.025391 0.500000
vt 0.025391 0.500000
vt 0.025391 0.500000
vt 0.025391 0.500000
vt 0.025391 0.500000
vt 0.025391 0.500000
vt 0.025391 0.500000
vt 0.060547 0.500000
vt 0.060547 0.500000
vt 0.060547 0.500000
vt 0.060547 0.500000
vt 0.060547 0.500000
vt 0.060547 0.500000
vt 0.060547 0.500000
vt 0.060547 0.500000
vt 0.025391 0.500000
vt 0.025391 0.500000
vt 0.025391 0.500000
vt 0.025391 0.500000
vt 0.025391 0.500000
vt 0.025391 0.500000
vt 0.025391 0.500000
vt 0.025391 0.500000
vt 0.044922 0.500000
vt 0.044922 0.500000
vt 0.044922 0.500000
vt 0.044922 0.500000
vt 0.044922 0.500000
vt 0.060547 0.500000
vt 0.060547 0.500000
vt 0.060547 0.500000
vt 0.060547 0.500000
vt 0.751953 0.500000
vt 0.751953 0.500000
vt 0.751953 0.500000
vt 0.751953 0.500000
vt 0.751953 0.500000
vt 0.751953 0.500000
vt 0.751953 0.500000
vt 0.751953 0.500000
vt 0.044922 0.500000
vt 0.044922 0.500000
vt 0.044922 0.500000
vt 0.044922 0.500000
vt 0.044922 0.500000
vt 0.044922 0.500000
vt 0.044922 0.500000
vt 0.044922 0.500000
vt 0.751953 0.500000
vt 0.751953 0.500000
vt 0.751953 0.500000
vt 0.751953 0.500000
vt 0.751953 0.500000
vt 0.751953 0.500000
vt 0.751953 0.500000
vt 0.751953 0.500000
vt 0.751953 0.500000
vt 0.751953 0.500000
vt 0.751953 0.500000
vt 0.751953 0.500000
vt 0.751953 0.500000
vt 0.751953 0.500000
vt 0.751953 0.500000
vt 0.751953 0.500000
vt 0.060547 0.500000
vt 0.060547 0.500000
vt 0.060547 0.500000
vt 0.060547 0.500000
vt 0.060547 0.500000
vt 0.060547 0.500000
vt 0.060547 0.500000
vt 0.060547 0.500000
vt 0.751953 0.500000
vt 0.751953 0.500000
vt 0.751953 0.500000
vt 0.751953 0.500000
vt 0.751953 0.500000
vt 0.751953 0.500000
vt 0.751953 0.500000
vt 0.751953 0.500000
vt 0.751953 0.500000
vt 0.751953 0.500000
vt 0.751953 0.500000
vt 0.751953 0.500000
vt 0.751953 0.500000
vt 0.751953 0.500000
vt 0.751953 0.500000
vt 0.751953 0.500000
vt 0.751953 0.500000
vt 0.751953 0.500000
vt 0.751953 0.500000
vt 0.751953 0.500000
vt 0.751953 0.500000
vt 0.751953 0.500000
vt 0.751953 0.500000
vt 0.751953 0.500000
vt 0.751953 0.500000
vt 0.751953 0.500000
vt 0.751953 0.500000
vt 0.751953 0.500000
vt 0.751953 0.500000
vt 0.751953 0.500000
vt 0.751953 0.500000
vt 0.751953 0.500000
vt 0.751953 0.500000
vt 0.751953 0.500000
vt 0.751953 0.500000
vt 0.751953 0.500000
vt 0.751953 0.500000
vt 0.751953 0.500000
vt 0.751953 0.500000
vt 0.751953 0.500000
vt 0.751953 0.500000
vt 0.751953 0.500000
vt 0.751953 0.500000
vt 0.751953 0.500000
vt 0.751953 0.500000
vt 0.751953 0.500000
vt 0.751953 0.500000
vt 0.751953 0.500000
vt 0.751953 0.500000
vt 0.751953 0.500000
vt 0.751953 0.500000
vt 0.751953 0.500000
vt 0.751953 0.500000
vt 0.751953 0.500000
vt 0.751953 0.500000
vt 0.751953 0.500000
vt 0.751953 0.500000
vt 0.751953 0.500000
vt 0.751953 0.500000
vt 0.751953 0.500000
vt 0.751953 0.500000
vt 0.751953 0.500000
vt 0.751953 0.500000
vt 0.751953 0.500000
vt 0.751953 0.500000
vt 0.751953 0.500000
vt 0.751953 0.500000
vt 0.751953 0.500000
vt 0.751953 0.500000
vt 0.751953 0.500000
vt 0.751953 0.500000
vt 0.751953 0.500000
vt 0.751953 0.500000
vt 0.751953 0.500000
vt 0.751953 0.500000
vt 0.751953 0.500000
vt 0.060547 0.500000
vt 0.060547 0.500000
vt 0.060547 0.500000
vt 0.060547 0.500000
vt 0.751953 0.500000
vt 0.751953 0.500000
vt 0.751953 0.500000
vt 0.751953 0.500000
vt 0.751953 0.500000
vt 0.751953 0.500000
vt 0.751953 0.500000
vt 0.751953 0.500000
vt 0.751953 0.500000
vt 0.751953 0.500000
vt 0.751953 0.500000
vt 0.751953 0.500000
vt 0.751953 0.500000
vt 0.751953 0.500000
vt 0.751953 0.500000
vt 0.751953 0.500000
vt 0.751953 0.500000
vt 0.751953 0.500000
vt 0.751953 0.500000
vt 0.751953 0.500000
vt 0.751953 0.500000
vt 0.751953 0.500000
vt 0.751953 0.500000
vt 0.751953 0.500000
vt 0.751953 0.500000
vt 0.751953 0.500000
vt 0.751953 0.500000
vt 0.751953 0.500000
vt 0.751953 0.500000
vt 0.751953 0.500000
vt 0.751953 0.500000
vt 0.751953 0.500000
vt 0.751953 0.500000
vt 0.751953 0.500000
vt 0.751953 0.500000
vt 0.751953 0.500000
vt 0.751953 0.500000
vt 0.751953 0.500000
vt 0.751953 0.500000
vt 0.751953 0.500000
vt 0.751953 0.500000
vt 0.751953 0.500000
vt 0.751953 0.500000
vt 0.751953 0.500000
vt 0.751953 0.500000
vt 0.751953 0.500000
vt 0.751953 0.500000
vt 0.751953 0.500000
vt 0.751953 0.500000
vt 0.751953 0.500000
vt 0.751953 0.500000
vt 0.751953 0.500000
vt 0.751953 0.500000
vt 0.751953 0.500000
vt 0.751953 0.500000
vt 0.751953 0.500000
vt 0.751953 0.500000
vt 0.751953 0.500000
vt 0.751953 0.500000
vt 0.751953 0.500000
vt 0.751953 0.500000
vt 0.751953 0.500000
vt 0.751953 0.500000
vt 0.751953 0.500000
vt 0.751953 0.500000
vt 0.751953 0.500000
vt 0.751953 0.500000
vt 0.751953 0.500000
vt 0.751953 0.500000
vt 0.751953 0.500000
vt 0.751953 0.500000
vt 0.751953 0.500000
vt 0.751953 0.500000
vt 0.751953 0.500000
vt 0.751953 0.500000
vt 0.751953 0.500000
vt 0.751953 0.500000
vt 0.751953 0.500000
vt 0.751953 0.500000
vt 0.751953 0.500000
vt 0.751953 0.500000
vt 0.751953 0.500000
vt 0.751953 0.500000
vt 0.751953 0.500000
vt 0.751953 0.500000
vt 0.751953 0.500000
vt 0.751953 0.500000
vt 0.751953 0.500000
vt 0.060547 0.500000
vt 0.060547 0.500000
vt 0.060547 0.500000
vt 0.060547 0.500000
vt 0.751953 0.500000
vt 0.751953 0.500000
vt 0.751953 0.500000
vt 0.751953 0.500000
vt 0.751953 0.500000
vt 0.751953 0.500000
vt 0.751953 0.500000
vt 0.751953 0.500000
vt 0.060547 0.500000
vt 0.060547 0.500000
vt 0.060547 0.500000
vt 0.060547 0.500000
vt 0.025391 0.500000
vt 0.025391 0.500000
vt 0.025391 0.500000
vt 0.025391 0.500000
vt 0.025391 0.500000
vt 0.025391 0.500000
vt 0.025391 0.500000
vt 0.025391 0.500000
vt 0.025391 0.500000
vt 0.025391 0.500000
vt 0.025391 0.500000
vt 0.025391 0.500000
vt 0.025391 0.500000
vt 0.025391 0.500000
vt 0.025391 0.500000
vt 0.025391 0.500000
vt 0.025391 0.500000
vt 0.025391 0.500000
vt 0.025391 0.500000
vt 0.025391 0.500000
vt 0.025391 0.500000
vt 0.025391 0.500000
vt 0.025391 0.500000
vt 0.025391 0.500000
vt 0.025391 0.500000
vt 0.025391 0.500000
vt 0.025391 0.500000
vt 0.025391 0.500000
vt 0.025391 0.500000
vt 0.025391 0.500000
vt 0.025391 0.500000
vt 0.025391 0.500000
vt 0.025391 0.500000
vt 0.025391 0.500000
vt 0.025391 0.500000
vt 0.025391 0.500000
vt 0.025391 0.500000
vt 0.025391 0.500000
vt 0.025391 0.500000
vt 0.025391 0.500000
vt 0.025391 0.500000
vt 0.025391 0.500000
vt 0.025391 0.500000
vt 0.025391 0.500000
vt 0.025391 0.500000
vt 0.025391 0.500000
vt 0.025391 0.500000
vt 0.025391 0.500000
vt 0.025391 0.500000
vt 0.025391 0.500000
vt 0.025391 0.500000
vt 0.025391 0.500000
vt 0.025391 0.500000
vt 0.025391 0.500000
vt 0.025391 0.500000
vt 0.025391 0.500000
vt 0.025391 0.500000
vt 0.025391 0.500000
vt 0.025391 0.500000
vt 0.025391 0.500000
vt 0.025391 0.500000
vt 0.025391 0.500000
vt 0.025391 0.500000
vt 0.025391 0.500000
vt 0.025391 0.500000
vt 0.025391 0.500000
vt 0.025391 0.500000
vt 0.025391 0.500000
vt 0.025391 0.500000
vt 0.025391 0.500000
vt 0.025391 0.500000
vt 0.025391 0.500000
vt 0.025391 0.500000
vt 0.025391 0.500000
vt 0.025391 0.500000
vt 0.025391 0.500000
vt 0.025391 0.500000
vt 0.025391 0.500000
vt 0.025391 0.500000
vt 0.025391 0.500000
vt 0.025391 0.500000
vt 0.025391 0.500000
vt 0.025391 0.500000
vt 0.044922 0.500000
vt 0.044922 0.500000
vt 0.044922 0.500000
vt 0.044922 0.500000
vt 0.025391 0.500000
vt 0.025391 0.500000
vt 0.025391 0.500000
vt 0.025391 0.500000
vt 0.025391 0.500000
vt 0.025391 0.500000
vt 0.025391 0.500000
vt 0.025391 0.500000
vt 0.025391 0.500000
vt 0.025391 0.500000
vt 0.044922 0.500000
vt 0.044922 0.500000
vt 0.044922 0.500000
vt 0.044922 0.500000
vt 0.025391 0.500000
vt 0.025391 0.500000
vt 0.025391 0.500000
vt 0.025391 0.500000
vt 0.025391 0.500000
vt 0.025391 0.500000
vt 0.025391 0.500000
vt 0.025391 0.500000
vt 0.025391 0.500000
vt 0.025391 0.500000
vt 0.025391 0.500000
vt 0.025391 0.500000
vt 0.025391 0.500000
vt 0.025391 0.500000
vt 0.025391 0.500000
vt 0.025391 0.500000
vt 0.025391 0.500000
vt 0.025391 0.500000
vt 0.025391 0.500000
vt 0.025391 0.500000
vt 0.025391 0.500000
vt 0.025391 0.500000
vt 0.025391 0.500000
vt 0.025391 0.500000
vt 0.025391 0.500000
vt 0.025391 0.500000
vt 0.025391 0.500000
vt 0.025391 0.500000
vt 0.025391 0.500000
vt 0.025391 0.500000
vt 0.025391 0.500000
vt 0.025391 0.500000
vt 0.025391 0.500000
vt 0.025391 0.500000
vt 0.025391 0.500000
vt 0.025391 0.500000
vt 0.025391 0.500000
vt 0.025391 0.500000
vt 0.025391 0.500000
vt 0.025391 0.500000
vt 0.025391 0.500000
vt 0.025391 0.500000
vt 0.025391 0.500000
vt 0.025391 0.500000
vt 0.025391 0.500000
vt 0.025391 0.500000
vt 0.025391 0.500000
vt 0.025391 0.500000
vt 0.025391 0.500000
vt 0.025391 0.500000
vt 0.025391 0.500000
vt 0.025391 0.500000
vt 0.025391 0.500000
vt 0.025391 0.500000
vt 0.025391 0.500000
vt 0.025391 0.500000
vt 0.025391 0.500000
vt 0.025391 0.500000
vt 0.025391 0.500000
vt 0.025391 0.500000
vt 0.025391 0.500000
vt 0.025391 0.500000
vt 0.025391 0.500000
vt 0.025391 0.500000
vt 0.025391 0.500000
vt 0.025391 0.500000
vt 0.025391 0.500000
vt 0.025391 0.500000
vt 0.025391 0.500000
vt 0.025391 0.500000
vt 0.025391 0.500000
vt 0.025391 0.500000
vt 0.025391 0.500000
vt 0.025391 0.500000
vt 0.025391 0.500000
vt 0.025391 0.500000
vt 0.025391 0.500000
vt 0.025391 0.500000
vt 0.025391 0.500000
vt 0.025391 0.500000
vt 0.025391 0.500000
vt 0.025391 0.500000
vt 0.025391 0.500000
vt 0.025391 0.500000
vt 0.025391 0.500000
vt 0.025391 0.500000
vt 0.025391 0.500000
vt 0.025391 0.500000
vt 0.025391 0.500000
vt 0.025391 0.500000
vt 0.025391 0.500000
vt 0.025391 0.500000
vt 0.025391 0.500000
vt 0.025391 0.500000
vt 0.025391 0.500000
vt 0.025391 0.500000
vt 0.025391 0.500000
vt 0.025391 0.500000
vt 0.025391 0.500000
vt 0.025391 0.500000
vt 0.025391 0.500000
vt 0.025391 0.500000
vt 0.025391 0.500000
vt 0.025391 0.500000
vt 0.025391 0.500000
vt 0.025391 0.500000
vt 0.025391 0.500000
vt 0.025391 0.500000
vt 0.025391 0.500000
vt 0.025391 0.500000
vt 0.025391 0.500000
vt 0.025391 0.500000
vt 0.025391 0.500000
vt 0.025391 0.500000
vt 0.025391 0.500000
vt 0.025391 0.500000
vt 0.025391 0.500000
vt 0.025391 0.500000
vt 0.025391 0.500000
vt 0.025391 0.500000
vt 0.025391 0.500000
vt 0.025391 0.500000
vt 0.025391 0.500000
vt 0.025391 0.500000
vt 0.025391 0.500000
vt 0.025391 0.500000
vt 0.025391 0.500000
vt 0.025391 0.500000
vt 0.025391 0.500000
vt 0.025391 0.500000
vt 0.025391 0.500000
vt 0.025391 0.500000
vt 0.025391 0.500000
vt 0.025391 0.500000
vt 0.025391 0.500000
vt 0.025391 0.500000
vt 0.025391 0.500000
vt 0.025391 0.500000
vt 0.025391 0.500000
vt 0.025391 0.500000
vt 0.025391 0.500000
vt 0.025391 0.500000
vt 0.025391 0.500000
vt 0.025391 0.500000
vt 0.025391 0.500000
vt 0.025391 0.500000
vt 0.025391 0.500000
vt 0.025391 0.500000
vt 0.025391 0.500000
vt 0.025391 0.500000
vt 0.025391 0.500000
vt 0.025391 0.500000
vt 0.025391 0.500000
vt 0.025391 0.500000
vt 0.025391 0.500000
vt 0.025391 0.500000
vt 0.025391 0.500000
vt 0.025391 0.500000
vt 0.025391 0.500000
vt 0.025391 0.500000
vt 0.025391 0.500000
vt 0.025391 0.500000
vt 0.025391 0.500000
vt 0.025391 0.500000
vt 0.025391 0.500000
vt 0.025391 0.500000
vt 0.025391 0.500000
vt 0.025391 0.500000
vt 0.025391 0.500000
vt 0.025391 0.500000
vt 0.025391 0.500000
vt 0.025391 0.500000
vt 0.025391 0.500000
vt 0.025391 0.500000
vt 0.025391 0.500000
vt 0.025391 0.500000
vt 0.025391 0.500000
vt 0.025391 0.500000
vt 0.025391 0.500000
vt 0.025391 0.500000
vt 0.025391 0.500000
vt 0.025391 0.500000
vt 0.025391 0.500000
vt 0.025391 0.500000
vt 0.025391 0.500000
vt 0.025391 0.500000
vt 0.025391 0.500000
vt 0.025391 0.500000
vt 0.025391 0.500000
vt 0.025391 0.500000
vt 0.025391 0.500000
vt 0.025391 0.500000
vt 0.025391 0.500000
vt 0.025391 0.500000
vt 0.025391 0.500000
vt 0.025391 0.500000
vt 0.025391 0.500000
vt 0.025391 0.500000
vt 0.025391 0.500000
vt 0.025391 0.500000
vt 0.025391 0.500000
vt 0.025391 0.500000
vt 0.025391 0.500000
vt 0.025391 0.500000
vt 0.025391 0.500000
vt 0.025391 0.500000
vt 0.025391 0.500000
vt 0.025391 0.500000
vt 0.025391 0.500000
vt 0.025391 0.500000
vt 0.025391 0.500000
vt 0.025391 0.500000
vt 0.025391 0.500000
vt 0.025391 0.500000
vt 0.025391 0.500000
vt 0.025391 0.500000
vt 0.025391 0.500000
vt 0.025391 0.500000
vt 0.025391 0.500000
vt 0.025391 0.500000
vt 0.025391 0.500000
vt 0.025391 0.500000
vt 0.025391 0.500000
vt 0.025391 0.500000
vt 0.025391 0.500000
vt 0.025391 0.500000
vt 0.025391 0.500000
vt 0.025391 0.500000
vt 0.025391 0.500000
vt 0.025391 0.500000
vt 0.025391 0.500000
vt 0.025391 0.500000
vt 0.025391 0.500000
vt 0.025391 0.500000
vt 0.025391 0.500000
vt 0.025391 0.500000
vt 0.025391 0.500000
vt 0.025391 0.500000
vt 0.025391 0.500000
vt 0.025391 0.500000
vt 0.025391 0.500000
vt 0.025391 0.500000
vt 0.025391 0.500000
vt 0.025391 0.500000
vt 0.025391 0.500000
vt 0.025391 0.500000
vt 0.025391 0.500000
vt 0.025391 0.500000
vt 0.025391 0.500000
vt 0.025391 0.500000
vt 0.025391 0.500000
vt 0.025391 0.500000
vt 0.025391 0.500000
vt 0.025391 0.500000
vt 0.025391 0.500000
vt 0.025391 0.500000
vt 0.025391 0.500000
vt 0.025391 0.500000
vt 0.025391 0.500000
vt 0.025391 0.500000
vt 0.025391 0.500000
vt 0.025391 0.500000
vt 0.025391 0.500000
vt 0.025391 0.500000
vt 0.025391 0.500000
vt 0.025391 0.500000
vt 0.025391 0.500000
vt 0.025391 0.500000
vt 0.025391 0.500000
vt 0.025391 0.500000
vt 0.048828 0.500000
vt 0.048828 0.500000
vt 0.048828 0.500000
vt 0.048828 0.500000
vt 0.048828 0.500000
vt 0.048828 0.500000
vt 0.048828 0.500000
vt 0.048828 0.500000
vt 0.048828 0.500000
vt 0.048828 0.500000
vt 0.048828 0.500000
vt 0.048828 0.500000
vt 0.048828 0.500000
vt 0.048828 0.500000
vt 0.048828 0.500000
vt 0.048828 0.500000
vt 0.060547 0.500000
vt 0.060547 0.500000
vt 0.060547 0.500000
vt 0.060547 0.500000
vt 0.060547 0.500000
vt 0.060547 0.500000
vt 0.060547 0.500000
vt 0.060547 0.500000
vt 0.060547 0.500000
vt 0.060547 0.500000
vt 0.060547 0.500000
vt 0.060547 0.500000
vt 0.060547 0.500000
vt 0.060547 0.500000
vt 0.060547 0.500000
vt 0.060547 0.500000
vt 0.060547 0.500000
vt 0.060547 0.500000
vt 0.060547 0.500000
vt 0.060547 0.500000
vt 0.060547 0.500000
vt 0.060547 0.500000
vt 0.060547 0.500000
vt 0.060547 0.500000
vt 0.060547 0.500000
vt 0.060547 0.500000
vt 0.060547 0.500000
vt 0.060547 0.500000
vt 0.060547 0.500000
vt 0.060547 0.500000
vt 0.060547 0.500000
vt 0.060547 0.500000
vt 0.060547 0.500000
vt 0.060547 0.500000
vt 0.060547 0.500000
vt 0.060547 0.500000
vt 0.060547 0.500000
vt 0.060547 0.500000
vt 0.060547 0.500000
vt 0.025391 0.500000
vt 0.025391 0.500000
vt 0.025391 0.500000
vt 0.025391 0.500000
vt 0.025391 0.500000
vt 0.025391 0.500000
vt 0.025391 0.500000
vt 0.025391 0.500000
vt 0.025391 0.500000
vt 0.025391 0.500000
vt 0.025391 0.500000
vt 0.025391 0.500000
vt 0.025391 0.500000
vt 0.025391 0.500000
vt 0.025391 0.500000
vt 0.025391 0.500000
vt 0.025391 0.500000
vt 0.025391 0.500000
vt 0.025391 0.500000
vt 0.025391 0.500000
vt 0.025391 0.500000
vt 0.025391 0.500000
vt 0.025391 0.500000
vt 0.025391 0.500000
vt 0.025391 0.500000
vt 0.025391 0.500000
vt 0.025391 0.500000
vt 0.025391 0.500000
vt 0.025391 0.500000
vt 0.025391 0.500000
vt 0.025391 0.500000
vt 0.025391 0.500000
vt 0.025391 0.500000
vt 0.025391 0.500000
vt 0.025391 0.500000
vt 0.025391 0.500000
vt 0.060547 0.500000
vt 0.060547 0.500000
vt 0.060547 0.500000
vt 0.060547 0.500000
vt 0.060547 0.500000
vt 0.060547 0.500000
vt 0.060547 0.500000
vt 0.060547 0.500000
vt 0.060547 0.500000
vt 0.060547 0.500000
vt 0.060547 0.500000
vt 0.060547 0.500000
vt 0.060547 0.500000
vt 0.060547 0.500000
vt 0.060547 0.500000
vt 0.060547 0.500000
vt 0.060547 0.500000
vt 0.060547 0.500000
vt 0.060547 0.500000
vt 0.060547 0.500000
vt 0.060547 0.500000
vt 0.060547 0.500000
vt 0.060547 0.500000
vt 0.060547 0.500000
vt 0.060547 0.500000
vt 0.060547 0.500000
vt 0.060547 0.500000
vt 0.060547 0.500000
vt 0.060547 0.500000
vt 0.060547 0.500000
vt 0.060547 0.500000
vt 0.060547 0.500000
vt 0.060547 0.500000
vt 0.060547 0.500000
vt 0.060547 0.500000
vt 0.060547 0.500000
vt 0.060547 0.500000
vt 0.060547 0.500000
vt 0.060547 0.500000
vt 0.060547 0.500000
vt 0.060547 0.500000
vt 0.060547 0.500000
vt 0.060547 0.500000
vt 0.060547 0.500000
vt 0.060547 0.500000
vt 0.060547 0.500000
vt 0.060547 0.500000
vt 0.060547 0.500000
vt 0.060547 0.500000
vt 0.060547 0.500000
vt 0.060547 0.500000
vt 0.060547 0.500000
vt 0.060547 0.500000
vt 0.060547 0.500000
vt 0.060547 0.500000
vt 0.060547 0.500000
vt 0.060547 0.500000
vt 0.060547 0.500000
vt 0.060547 0.500000
vt 0.060547 0.500000
vt 0.060547 0.500000
vt 0.060547 0.500000
vt 0.060547 0.500000
vt 0.060547 0.500000
vt 0.044922 0.500000
vt 0.044922 0.500000
vt 0.044922 0.500000
vt 0.044922 0.500000
vt 0.060547 0.500000
vt 0.060547 0.500000
vt 0.060547 0.500000
vt 0.060547 0.500000
vt 0.060547 0.500000
vt 0.060547 0.500000
vt 0.060547 0.500000
vt 0.060547 0.500000
vt 0.060547 0.500000
vt 0.060547 0.500000
vt 0.060547 0.500000
vt 0.060547 0.500000
vt 0.060547 0.500000
vt 0.060547 0.500000
vt 0.060547 0.500000
vt 0.060547 0.500000
vt 0.044922 0.500000
vt 0.044922 0.500000
vt 0.044922 0.500000
vt 0.044922 0.500000
vt 0.060547 0.500000
vt 0.060547 0.500000
vt 0.060547 0.500000
vt 0.060547 0.500000
vt 0.060547 0.500000
vt 0.060547 0.500000
vt 0.060547 0.500000
vt 0.060547 0.500000
vt 0.060547 0.500000
vt 0.060547 0.500000
vt 0.060547 0.500000
vt 0.060547 0.500000
vt 0.060547 0.500000
vt 0.060547 0.500000
vt 0.060547 0.500000
vt 0.060547 0.500000
vt 0.060547 0.500000
vt 0.060547 0.500000
vt 0.060547 0.500000
vt 0.060547 0.500000
vt 0.060547 0.500000
vt 0.060547 0.500000
vt 0.060547 0.500000
vt 0.060547 0.500000
vt 0.060547 0.500000
vt 0.060547 0.500000
vt 0.060547 0.500000
vt 0.060547 0.500000
vt 0.060547 0.500000
vt 0.060547 0.500000
vt 0.060547 0.500000
vt 0.060547 0.500000
vt 0.060547 0.500000
vt 0.060547 0.500000
vt 0.060547 0.500000
vt 0.060547 0.500000
vt 0.060547 0.500000
vt 0.060547 0.500000
vt 0.060547 0.500000
vt 0.060547 0.500000
vt 0.060547 0.500000
vt 0.060547 0.500000
vt 0.060547 0.500000
vt 0.060547 0.500000
vt 0.060547 0.500000
vt 0.060547 0.500000
vt 0.060547 0.500000
vt 0.060547 0.500000
vt 0.060547 0.500000
vt 0.060547 0.500000
vt 0.060547 0.500000
vt 0.060547 0.500000
vt 0.060547 0.500000
vt 0.060547 0.500000
vt 0.060547 0.500000
vt 0.060547 0.500000
vt 0.060547 0.500000
vt 0.060547 0.500000
vt 0.060547 0.500000
vt 0.060547 0.500000
vt 0.060547 0.500000
vt 0.060547 0.500000
vt 0.060547 0.500000
vt 0.060547 0.500000
vt 0.060547 0.500000
vt 0.060547 0.500000
vt 0.060547 0.500000
vt 0.060547 0.500000
vt 0.060547 0.500000
vt 0.060547 0.500000
vt 0.060547 0.500000
vt 0.060547 0.500000
vt 0.060547 0.500000
vt 0.060547 0.500000
vt 0.060547 0.500000
vt 0.060547 0.500000
vt 0.060547 0.500000
vt 0.060547 0.500000
vt 0.060547 0.500000
vt 0.060547 0.500000
vt 0.060547 0.500000
vt 0.060547 0.500000
vt 0.060547 0.500000
vt 0.060547 0.500000
vt 0.060547 0.500000
vt 0.060547 0.500000
vt 0.060547 0.500000
vt 0.060547 0.500000
vt 0.060547 0.500000
vt 0.060547 0.500000
vt 0.060547 0.500000
vt 0.060547 0.500000
vt 0.060547 0.500000
vt 0.060547 0.500000
vt 0.060547 0.500000
vt 0.060547 0.500000
vt 0.060547 0.500000
vt 0.060547 0.500000
vt 0.060547 0.500000
vt 0.060547 0.500000
vt 0.060547 0.500000
vt 0.060547 0.500000
vt 0.060547 0.500000
vt 0.060547 0.500000
vt 0.060547 0.500000
vt 0.060547 0.500000
vt 0.060547 0.500000
vt 0.060547 0.500000
vt 0.060547 0.500000
vt 0.060547 0.500000
vt 0.060547 0.500000
vt 0.060547 0.500000
vt 0.044922 0.500000
vt 0.044922 0.500000
vt 0.044922 0.500000
vt 0.044922 0.500000
vt 0.060547 0.500000
vt 0.060547 0.500000
vt 0.060547 0.500000
vt 0.060547 0.500000
vt 0.060547 0.500000
vt 0.060547 0.500000
vt 0.060547 0.500000
vt 0.060547 0.500000
vt 0.908203 0.500000
vt 0.908203 0.500000
vt 0.908203 0.500000
vt 0.908203 0.500000
vt 0.908203 0.500000
vt 0.908203 0.500000
vt 0.908203 0.500000
vt 0.908203 0.500000
vt 0.908203 0.500000
vt 0.908203 0.500000
vt 0.908203 0.500000
vt 0.908203 0.500000
vt 0.908203 0.500000
vt 0.908203 0.500000
vt 0.908203 0.500000
vt 0.908203 0.500000
vt 0.908203 0.500000
vt 0.908203 0.500000
vt 0.908203 0.500000
vt 0.908203 0.500000
vt 0.908203 0.500000
vt 0.908203 0.500000
vt 0.908203 0.500000
vt 0.908203 0.500000
vt 0.908203 0.500000
vt 0.908203 0.500000
vt 0.908203 0.500000
vt 0.908203 0.500000
vt 0.908203 0.500000
vt 0.908203 0.500000
vt 0.908203 0.500000
vt 0.908203 0.500000
vt 0.908203 0.500000
vt 0.908203 0.500000
vt 0.908203 0.500000
vt 0.908203 0.500000
vt 0.908203 0.500000
vt 0.908203 0.500000
vt 0.908203 0.500000
vt 0.908203 0.500000
vt 0.908203 0.500000
vt 0.908203 0.500000
vt 0.908203 0.500000
vt 0.908203 0.500000
vt 0.908203 0.500000
vt 0.908203 0.500000
vt 0.908203 0.500000
vt 0.908203 0.500000
vt 0.908203 0.500000
vt 0.908203 0.500000
vt 0.908203 0.500000
vt 0.908203 0.500000
vt 0.908203 0.500000
vt 0.908203 0.500000
vt 0.908203 0.500000
vt 0.908203 0.500000
vt 0.908203 0.500000
vt 0.908203 0.500000
vt 0.908203 0.500000
vt 0.908203 0.500000
vt 0.908203 0.500000
vt 0.908203 0.500000
vt 0.908203 0.500000
vt 0.908203 0.500000
vt 0.908203 0.500000
vt 0.908203 0.500000
vt 0.908203 0.500000
vt 0.908203 0.500000
vt 0.908203 0.500000
vt 0.908203 0.500000
vt 0.908203 0.500000
vt 0.908203 0.500000
vt 0.908203 0.500000
vt 0.908203 0.500000
vt 0.908203 0.500000
vt 0.908203 0.500000
vt 0.908203 0.500000
vt 0.908203 0.500000
vt 0.908203 0.500000
vt 0.908203 0.500000
vt 0.908203 0.500000
vt 0.908203 0.500000
vt 0.908203 0.500000
vt 0.908203 0.500000
vt 0.908203 0.500000
vt 0.908203 0.500000
vt 0.908203 0.500000
vt 0.908203 0.500000
vt 0.908203 0.500000
vt 0.908203 0.500000
vt 0.908203 0.500000
vt 0.908203 0.500000
vt 0.908203 0.500000
vt 0.908203 0.500000
vt 0.908203 0.500000
vt 0.908203 0.500000
vt 0.908203 0.500000
vt 0.908203 0.500000
vt 0.908203 0.500000
vt 0.908203 0.500000
vt 0.908203 0.500000
vt 0.908203 0.500000
vt 0.908203 0.500000
vt 0.908203 0.500000
vt 0.908203 0.500000
vt 0.908203 0.500000
vt 0.908203 0.500000
vt 0.908203 0.500000
vt 0.060547 0.500000
vt 0.060547 0.500000
vt 0.060547 0.500000
vt 0.060547 0.500000
vt 0.025391 0.500000
vt 0.025391 0.500000
vt 0.025391 0.500000
vt 0.025391 0.500000
vt 0.025391 0.500000
vt 0.025391 0.500000
vt 0.025391 0.500000
vt 0.025391 0.500000
vt 0.025391 0.500000
vt 0.025391 0.500000
vt 0.025391 0.500000
vt 0.025391 0.500000
vt 0.025391 0.500000
vt 0.025391 0.500000
vt 0.025391 0.500000
vt 0.025391 0.500000
vt 0.025391 0.500000
vt 0.025391 0.500000
vt 0.025391 0.500000
vt 0.025391 0.500000
vt 0.025391 0.500000
vt 0.025391 0.500000
vt 0.025391 0.500000
vt 0.025391 0.500000
vt 0.025391 0.500000
vt 0.025391 0.500000
vt 0.025391 0.500000
vt 0.025391 0.500000
vt 0.025391 0.500000
vt 0.025391 0.500000
vt 0.025391 0.500000
vt 0.025391 0.500000
vt 0.025391 0.500000
vt 0.025391 0.500000
vt 0.025391 0.500000
vt 0.025391 0.500000
vt 0.025391 0.500000
vt 0.025391 0.500000
vt 0.025391 0.500000
vt 0.025391 0.500000
vt 0.025391 0.500000
vt 0.025391 0.500000
vt 0.025391 0.500000
vt 0.025391 0.500000
vt 0.025391 0.500000
vt 0.025391 0.500000
vt 0.025391 0.500000
vt 0.025391 0.500000
vt 0.025391 0.500000
vt 0.025391 0.500000
vt 0.025391 0.500000
vt 0.025391 0.500000
vt 0.025391 0.500000
vt 0.025391 0.500000
vt 0.025391 0.500000
vt 0.025391 0.500000
vt 0.025391 0.500000
vt 0.025391 0.500000
vt 0.025391 0.500000
vt 0.025391 0.500000
vt 0.025391 0.500000
vt 0.025391 0.500000
vt 0.025391 0.500000
vt 0.025391 0.500000
vt 0.025391 0.500000
vt 0.025391 0.500000
vt 0.025391 0.500000
vt 0.025391 0.500000
vt 0.025391 0.500000
vt 0.025391 0.500000
vt 0.025391 0.500000
vt 0.025391 0.500000
vt 0.025391 0.500000
vt 0.025391 0.500000
vt 0.025391 0.500000
vt 0.025391 0.500000
vt 0.025391 0.500000
vt 0.025391 0.500000
vt 0.025391 0.500000
vt 0.025391 0.500000
vt 0.025391 0.500000
vt 0.025391 0.500000
vt 0.025391 0.500000
vt 0.025391 0.500000
vt 0.025391 0.500000
vt 0.025391 0.500000
vt 0.025391 0.500000
vt 0.025391 0.500000
vt 0.025391 0.500000
vt 0.025391 0.500000
vt 0.025391 0.500000
vt 0.025391 0.500000
vt 0.025391 0.500000
vt 0.025391 0.500000
vt 0.044922 0.500000
vt 0.044922 0.500000
vt 0.044922 0.500000
vt 0.044922 0.500000
vt 0.044922 0.500000
vt 0.044922 0.500000
vt 0.044922 0.500000
vt 0.044922 0.500000
vt 0.025391 0.500000
vt 0.025391 0.500000
vt 0.025391 0.500000
vt 0.025391 0.500000
vt 0.025391 0.500000
vt 0.025391 0.500000
vt 0.025391 0.500000
vt 0.025391 0.500000
vt 0.025391 0.500000
vt 0.025391 0.500000
vt 0.025391 0.500000
vt 0.025391 0.500000
vt 0.025391 0.500000
vt 0.025391 0.500000
vt 0.060547 0.500000
vt 0.060547 0.500000
vt 0.060547 0.500000
vt 0.060547 0.500000
vt 0.751953 0.500000
vt 0.751953 0.500000
vt 0.751953 0.500000
vt 0.751953 0.500000
vt 0.044922 0.500000
vt 0.044922 0.500000
vt 0.044922 0.500000
vt 0.044922 0.500000
vt 0.044922 0.500000
vt 0.044922 0.500000
vt 0.044922 0.500000
vt 0.044922 0.500000
vt 0.751953 0.500000
vt 0.751953 0.500000
vt 0.751953 0.500000
vt 0.751953 0.500000
vt 0.751953 0.500000
vt 0.751953 0.500000
vt 0.751953 0.500000
vt 0.751953 0.500000
vt 0.751953 0.500000
vt 0.751953 0.500000
vt 0.751953 0.500000
vt 0.751953 0.500000
vt 0.751953 0.500000
vt 0.751953 0.500000
vt 0.751953 0.500000
vt 0.751953 0.500000
vt 0.060547 0.500000
vt 0.060547 0.500000
vt 0.060547 0.500000
vt 0.060547 0.500000
vt 0.751953 0.500000
vt 0.751953 0.500000
vt 0.751953 0.500000
vt 0.751953 0.500000
vt 0.751953 0.500000
vt 0.751953 0.500000
vt 0.751953 0.500000
vt 0.751953 0.500000
vt 0.751953 0.500000
vt 0.751953 0.500000
vt 0.751953 0.500000
vt 0.751953 0.500000
vt 0.751953 0.500000
vt 0.751953 0.500000
vt 0.751953 0.500000
vt 0.751953 0.500000
vt 0.751953 0.500000
vt 0.751953 0.500000
vt 0.751953 0.500000
vt 0.751953 0.500000
vt 0.751953 0.500000
vt 0.751953 0.500000
vt 0.751953 0.500000
vt 0.751953 0.500000
vt 0.751953 0.500000
vt 0.751953 0.500000
vt 0.751953 0.500000
vt 0.751953 0.500000
vt 0.751953 0.500000
vt 0.751953 0.500000
vt 0.751953 0.500000
vt 0.751953 0.500000
vt 0.751953 0.500000
vt 0.751953 0.500000
vt 0.751953 0.500000
vt 0.751953 0.500000
vt 0.751953 0.500000
vt 0.751953 0.500000
vt 0.751953 0.500000
vt 0.751953 0.500000
vt 0.751953 0.500000
vt 0.751953 0.500000
vt 0.751953 0.500000
vt 0.751953 0.500000
vt 0.751953 0.500000
vt 0.751953 0.500000
vt 0.751953 0.500000
vt 0.751953 0.500000
vt 0.751953 0.500000
vt 0.751953 0.500000
vt 0.751953 0.500000
vt 0.751953 0.500000
vt 0.751953 0.500000
vt 0.751953 0.500000
vt 0.751953 0.500000
vt 0.751953 0.500000
vt 0.044922 0.500000
vt 0.044922 0.500000
vt 0.044922 0.500000
vt 0.044922 0.500000
vt 0.044922 0.500000
vt 0.751953 0.500000
vt 0.751953 0.500000
vt 0.751953 0.500000
vt 0.751953 0.500000
vt 0.751953 0.500000
vt 0.751953 0.500000
vt 0.751953 0.500000
vt 0.751953 0.500000
vt 0.751953 0.500000
vt 0.751953 0.500000
vt 0.751953 0.500000
vt 0.751953 0.500000
vt 0.751953 0.500000
vt 0.751953 0.500000
vt 0.751953 0.500000
vt 0.751953 0.500000
vt 0.751953 0.500000
vt 0.751953 0.500000
vt 0.751953 0.500000
vt 0.751953 0.500000
vt 0.751953 0.500000
vt 0.751953 0.500000
vt 0.751953 0.500000
vt 0.751953 0.500000
vt 0.751953 0.500000
vt 0.751953 0.500000
vt 0.751953 0.500000
vt 0.751953 0.500000
vt 0.751953 0.500000
vt 0.751953 0.500000
vt 0.751953 0.500000
vt 0.751953 0.500000
vt 0.751953 0.500000
vt 0.751953 0.500000
vt 0.751953 0.500000
vt 0.751953 0.500000
vt 0.751953 0.500000
vt 0.751953 0.500000
vt 0.751953 0.500000
vt 0.751953 0.500000
vt 0.751953 0.500000
vt 0.751953 0.500000
vt 0.751953 0.500000
vt 0.751953 0.500000
vt 0.751953 0.500000
vt 0.751953 0.500000
vt 0.751953 0.500000
vt 0.751953 0.500000
vt 0.751953 0.500000
vt 0.751953 0.500000
vt 0.751953 0.500000
vt 0.751953 0.500000
vt 0.751953 0.500000
vt 0.751953 0.500000
vt 0.751953 0.500000
vt 0.751953 0.500000
vt 0.751953 0.500000
vt 0.751953 0.500000
vt 0.751953 0.500000
vt 0.751953 0.500000
vt 0.751953 0.500000
vt 0.751953 0.500000
vt 0.751953 0.500000
vt 0.751953 0.500000
vt 0.751953 0.500000
vt 0.751953 0.500000
vt 0.751953 0.500000
vt 0.751953 0.500000
vt 0.751953 0.500000
vt 0.751953 0.500000
vt 0.751953 0.500000
vt 0.751953 0.500000
vt 0.751953 0.500000
vt 0.751953 0.500000
vt 0.751953 0.500000
vt 0.751953 0.500000
vt 0.751953 0.500000
vt 0.751953 0.500000
vt 0.751953 0.500000
vt 0.751953 0.500000
vt 0.751953 0.500000
vt 0.751953 0.500000
vt 0.751953 0.500000
vt 0.751953 0.500000
vt 0.751953 0.500000
vt 0.751953 0.500000
vt 0.751953 0.500000
vt 0.751953 0.500000
vt 0.751953 0.500000
vt 0.751953 0.500000
vt 0.751953 0.500000
vt 0.751953 0.500000
vt 0.751953 0.500000
vt 0.751953 0.500000
vt 0.751953 0.500000
vt 0.751953 0.500000
vt 0.751953 0.500000
vt 0.751953 0.500000
vt 0.751953 0.500000
vt 0.751953 0.500000
vt 0.751953 0.500000
vt 0.751953 0.500000
vt 0.751953 0.500000
vt 0.751953 0.500000
vt 0.751953 0.500000
vt 0.751953 0.500000
vt 0.751953 0.500000
vt 0.751953 0.500000
vt 0.751953 0.500000
vt 0.751953 0.500000
vt 0.751953 0.500000
vt 0.751953 0.500000
vt 0.751953 0.500000
vt 0.751953 0.500000
vt 0.751953 0.500000
vt 0.751953 0.500000
vt 0.751953 0.500000
vt 0.751953 0.500000
vt 0.751953 0.500000
vt 0.751953 0.500000
vt 0.751953 0.500000
vt 0.751953 0.500000
vt 0.751953 0.500000
vt 0.751953 0.500000
vt 0.751953 0.500000
vt 0.751953 0.500000
vt 0.751953 0.500000
vt 0.751953 0.500000
vt 0.751953 0.500000
vt 0.751953 0.500000
vt 0.751953 0.500000
vt 0.751953 0.500000
vt 0.751953 0.500000
vt 0.751953 0.500000
vt 0.751953 0.500000
vt 0.751953 0.500000
vt 0.751953 0.500000
vt 0.751953 0.500000
vt 0.751953 0.500000
vt 0.751953 0.500000
vt 0.751953 0.500000
vt 0.751953 0.500000
vt 0.751953 0.500000
vt 0.751953 0.500000
vt 0.751953 0.500000
vt 0.751953 0.500000
vt 0.751953 0.500000
vt 0.751953 0.500000
vt 0.751953 0.500000
vt 0.751953 0.500000
vt 0.751953 0.500000
vt 0.751953 0.500000
vt 0.751953 0.500000
vt 0.751953 0.500000
vt 0.751953 0.500000
vt 0.751953 0.500000
vt 0.751953 0.500000
vt 0.751953 0.500000
vt 0.751953 0.500000
vt 0.751953 0.500000
vt 0.751953 0.500000
vt 0.751953 0.500000
vt 0.751953 0.500000
vt 0.751953 0.500000
vt 0.751953 0.500000
vt 0.751953 0.500000
vt 0.751953 0.500000
vt 0.751953 0.500000
vt 0.751953 0.500000
vt 0.751953 0.500000
vt 0.751953 0.500000
vt 0.751953 0.500000
vt 0.751953 0.500000
vt 0.751953 0.500000
vt 0.751953 0.500000
vt 0.751953 0.500000
vt 0.751953 0.500000
vt 0.751953 0.500000
vt 0.751953 0.500000
vt 0.751953 0.500000
vt 0.751953 0.500000
vt 0.751953 0.500000
vt 0.751953 0.500000
vt 0.751953 0.500000
vt 0.751953 0.500000
vt 0.751953 0.500000
vt 0.751953 0.500000
vt 0.751953 0.500000
vt 0.751953 0.500000
vt 0.751953 0.500000
vt 0.751953 0.500000
vt 0.751953 0.500000
vt 0.751953 0.500000
vt 0.751953 0.500000
vt 0.751953 0.500000
vt 0.751953 0.500000
vt 0.751953 0.500000
vt 0.751953 0.500000
vt 0.751953 0.500000
vt 0.751953 0.500000
vt 0.751953 0.500000
vt 0.751953 0.500000
vt 0.751953 0.500000
vt 0.751953 0.500000
vt 0.751953 0.500000
vt 0.751953 0.500000
vt 0.751953 0.500000
vt 0.751953 0.500000
vt 0.751953 0.500000
vt 0.751953 0.500000
vt 0.751953 0.500000
vt 0.751953 0.500000
vt 0.751953 0.500000
vt 0.751953 0.500000
vt 0.751953 0.500000
vt 0.751953 0.500000
vt 0.751953 0.500000
vt 0.025391 0.500000
vt 0.025391 0.500000
vt 0.025391 0.500000
vt 0.025391 0.500000
vt 0.025391 0.500000
vt 0.025391 0.500000
vt 0.025391 0.500000
vt 0.025391 0.500000
vt 0.025391 0.500000
vt 0.025391 0.500000
vt 0.025391 0.500000
vt 0.025391 0.500000
vt 0.025391 0.500000
vt 0.025391 0.500000
vt 0.025391 0.500000
vt 0.025391 0.500000
vt 0.025391 0.500000
vt 0.025391 0.500000
vt 0.025391 0.500000
vt 0.025391 0.500000
vt 0.025391 0.500000
vt 0.025391 0.500000
vt 0.025391 0.500000
vt 0.025391 0.500000
vt 0.025391 0.500000
vt 0.025391 0.500000
vt 0.025391 0.500000
vt 0.025391 0.500000
vt 0.025391 0.500000
vt 0.025391 0.500000
vt 0.025391 0.500000
vt 0.025391 0.500000
vt 0.025391 0.500000
vt 0.025391 0.500000
vt 0.025391 0.500000
vt 0.025391 0.500000
vt 0.025391 0.500000
vt 0.025391 0.500000
vt 0.025391 0.500000
vt 0.025391 0.500000
vt 0.025391 0.500000
vt 0.025391 0.500000
vt 0.025391 0.500000
vt 0.025391 0.500000
vt 0.025391 0.500000
vt 0.025391 0.500000
vt 0.025391 0.500000
vt 0.025391 0.500000
vt 0.025391 0.500000
vt 0.025391 0.500000
vt 0.025391 0.500000
vt 0.025391 0.500000
vt 0.025391 0.500000
vt 0.025391 0.500000
vt 0.025391 0.500000
vt 0.025391 0.500000
vt 0.025391 0.500000
vt 0.025391 0.500000
vt 0.025391 0.500000
vt 0.025391 0.500000
vt 0.025391 0.500000
vt 0.025391 0.500000
vt 0.025391 0.500000
vt 0.025391 0.500000
vt 0.025391 0.500000
vt 0.025391 0.500000
vt 0.025391 0.500000
vt 0.025391 0.500000
vt 0.025391 0.500000
vt 0.025391 0.500000
vt 0.025391 0.500000
vt 0.025391 0.500000
vt 0.025391 0.500000
vt 0.025391 0.500000
vt 0.025391 0.500000
vt 0.025391 0.500000
vt 0.025391 0.500000
vt 0.025391 0.500000
vt 0.025391 0.500000
vt 0.025391 0.500000
vt 0.025391 0.500000
vt 0.025391 0.500000
vt 0.025391 0.500000
vt 0.025391 0.500000
vt 0.025391 0.500000
vt 0.025391 0.500000
vt 0.025391 0.500000
vt 0.025391 0.500000
vt 0.025391 0.500000
vt 0.025391 0.500000
vt 0.025391 0.500000
vt 0.025391 0.500000
vt 0.025391 0.500000
vt 0.044922 0.500000
vt 0.044922 0.500000
vt 0.044922 0.500000
vt 0.044922 0.500000
vt 0.025391 0.500000
vt 0.025391 0.500000
vt 0.025391 0.500000
vt 0.025391 0.500000
vt 0.025391 0.500000
vt 0.025391 0.500000
vt 0.025391 0.500000
vt 0.025391 0.500000
vt 0.025391 0.500000
vt 0.025391 0.500000
vt 0.025391 0.500000
vt 0.025391 0.500000
vt 0.025391 0.500000
vt 0.025391 0.500000
vt 0.025391 0.500000
vt 0.025391 0.500000
vt 0.025391 0.500000
vt 0.025391 0.500000
vt 0.025391 0.500000
vt 0.025391 0.500000
vt 0.025391 0.500000
vt 0.025391 0.500000
vt 0.025391 0.500000
vt 0.025391 0.500000
vt 0.025391 0.500000
vt 0.025391 0.500000
vt 0.044922 0.500000
vt 0.044922 0.500000
vt 0.044922 0.500000
vt 0.044922 0.500000
vt 0.025391 0.500000
vt 0.025391 0.500000
vt 0.025391 0.500000
vt 0.025391 0.500000
vt 0.025391 0.500000
vt 0.025391 0.500000
vt 0.025391 0.500000
vt 0.025391 0.500000
vt 0.025391 0.500000
vt 0.025391 0.500000
vt 0.025391 0.500000
vt 0.025391 0.500000
vt 0.025391 0.500000
vt 0.025391 0.500000
vt 0.025391 0.500000
vt 0.025391 0.500000
vt 0.025391 0.500000
vt 0.025391 0.500000
vt 0.025391 0.500000
vt 0.025391 0.500000
vt 0.025391 0.500000
vt 0.025391 0.500000
vt 0.025391 0.500000
vt 0.025391 0.500000
vt 0.025391 0.500000
vt 0.025391 0.500000
vt 0.025391 0.500000
vt 0.025391 0.500000
vt 0.025391 0.500000
vt 0.025391 0.500000
vt 0.025391 0.500000
vt 0.025391 0.500000
vt 0.025391 0.500000
vt 0.025391 0.500000
vt 0.025391 0.500000
vt 0.025391 0.500000
vt 0.025391 0.500000
vt 0.025391 0.500000
vt 0.025391 0.500000
vt 0.025391 0.500000
vt 0.025391 0.500000
vt 0.025391 0.500000
vt 0.025391 0.500000
vt 0.025391 0.500000
vt 0.025391 0.500000
vt 0.025391 0.500000
vt 0.025391 0.500000
vt 0.025391 0.500000
vt 0.025391 0.500000
vt 0.025391 0.500000
vt 0.025391 0.500000
vt 0.025391 0.500000
vt 0.025391 0.500000
vt 0.025391 0.500000
vt 0.025391 0.500000
vt 0.025391 0.500000
vt 0.025391 0.500000
vt 0.025391 0.500000
vt 0.025391 0.500000
vt 0.025391 0.500000
vt 0.025391 0.500000
vt 0.025391 0.500000
vt 0.025391 0.500000
vt 0.025391 0.500000
vt 0.025391 0.500000
vt 0.025391 0.500000
vt 0.025391 0.500000
vt 0.025391 0.500000
vt 0.025391 0.500000
vt 0.025391 0.500000
vt 0.025391 0.500000
vt 0.025391 0.500000
vt 0.025391 0.500000
vt 0.025391 0.500000
vt 0.025391 0.500000
vt 0.025391 0.500000
vt 0.025391 0.500000
vt 0.025391 0.500000
vt 0.025391 0.500000
vt 0.025391 0.500000
vt 0.025391 0.500000
vt 0.025391 0.500000
vt 0.025391 0.500000
vt 0.025391 0.500000
vt 0.025391 0.500000
vt 0.025391 0.500000
vt 0.025391 0.500000
vt 0.025391 0.500000
vt 0.025391 0.500000
vt 0.025391 0.500000
vt 0.025391 0.500000
vt 0.025391 0.500000
vt 0.025391 0.500000
vt 0.025391 0.500000
vt 0.025391 0.500000
vt 0.025391 0.500000
vt 0.025391 0.500000
vt 0.025391 0.500000
vt 0.025391 0.500000
vt 0.025391 0.500000
vt 0.025391 0.500000
vt 0.025391 0.500000
vt 0.025391 0.500000
vt 0.025391 0.500000
vt 0.025391 0.500000
vt 0.025391 0.500000
vt 0.025391 0.500000
vt 0.025391 0.500000
vt 0.025391 0.500000
vt 0.025391 0.500000
vt 0.025391 0.500000
vt 0.025391 0.500000
vt 0.025391 0.500000
vt 0.025391 0.500000
vt 0.025391 0.500000
vt 0.025391 0.500000
vt 0.025391 0.500000
vt 0.025391 0.500000
vt 0.025391 0.500000
vt 0.025391 0.500000
vt 0.025391 0.500000
vt 0.025391 0.500000
vt 0.025391 0.500000
vt 0.025391 0.500000
vt 0.025391 0.500000
vt 0.025391 0.500000
vt 0.025391 0.500000
vt 0.025391 0.500000
vt 0.025391 0.500000
vt 0.025391 0.500000
vt 0.025391 0.500000
vt 0.025391 0.500000
vt 0.025391 0.500000
vt 0.025391 0.500000
vt 0.025391 0.500000
vt 0.025391 0.500000
vt 0.025391 0.500000
vt 0.025391 0.500000
vt 0.025391 0.500000
vt 0.025391 0.500000
vt 0.025391 0.500000
vt 0.025391 0.500000
vt 0.025391 0.500000
vt 0.025391 0.500000
vt 0.025391 0.500000
vt 0.025391 0.500000
vt 0.025391 0.500000
vt 0.025391 0.500000
vt 0.025391 0.500000
vt 0.025391 0.500000
vt 0.025391 0.500000
vt 0.025391 0.500000
vt 0.025391 0.500000
vt 0.025391 0.500000
vt 0.025391 0.500000
vt 0.025391 0.500000
vt 0.025391 0.500000
vt 0.025391 0.500000
vt 0.025391 0.500000
vt 0.025391 0.500000
vt 0.025391 0.500000
vt 0.025391 0.500000
vt 0.025391 0.500000
vt 0.025391 0.500000
vt 0.025391 0.500000
vt 0.025391 0.500000
vt 0.025391 0.500000
vt 0.025391 0.500000
vt 0.025391 0.500000
vt 0.025391 0.500000
vt 0.025391 0.500000
vt 0.025391 0.500000
vt 0.025391 0.500000
vt 0.025391 0.500000
vt 0.025391 0.500000
vt 0.025391 0.500000
vt 0.025391 0.500000
vt 0.025391 0.500000
vt 0.025391 0.500000
vt 0.025391 0.500000
vt 0.025391 0.500000
vt 0.025391 0.500000
vt 0.025391 0.500000
vt 0.025391 0.500000
vt 0.025391 0.500000
vt 0.025391 0.500000
vt 0.025391 0.500000
vt 0.025391 0.500000
vt 0.025391 0.500000
vt 0.025391 0.500000
vt 0.025391 0.500000
vt 0.025391 0.500000
vt 0.025391 0.500000
vt 0.025391 0.500000
vt 0.025391 0.500000
vt 0.025391 0.500000
vt 0.025391 0.500000
vt 0.025391 0.500000
vt 0.025391 0.500000
vt 0.025391 0.500000
vt 0.025391 0.500000
vt 0.025391 0.500000
vt 0.025391 0.500000
vt 0.025391 0.500000
vt 0.025391 0.500000
vt 0.025391 0.500000
vt 0.025391 0.500000
vt 0.025391 0.500000
vt 0.025391 0.500000
vt 0.025391 0.500000
vt 0.025391 0.500000
vt 0.025391 0.500000
vt 0.025391 0.500000
vt 0.025391 0.500000
vt 0.025391 0.500000
vt 0.025391 0.500000
vt 0.025391 0.500000
vt 0.025391 0.500000
vt 0.025391 0.500000
vt 0.025391 0.500000
vt 0.025391 0.500000
vt 0.025391 0.500000
vt 0.025391 0.500000
vt 0.025391 0.500000
vt 0.025391 0.500000
vt 0.025391 0.500000
vt 0.025391 0.500000
vt 0.048828 0.500000
vt 0.048828 0.500000
vt 0.048828 0.500000
vt 0.048828 0.500000
vt 0.048828 0.500000
vt 0.048828 0.500000
vt 0.048828 0.500000
vt 0.048828 0.500000
vt 0.048828 0.500000
vt 0.048828 0.500000
vt 0.048828 0.500000
vt 0.048828 0.500000
vt 0.048828 0.500000
vt 0.048828 0.500000
vt 0.048828 0.500000
vt 0.048828 0.500000
vt 0.021484 0.500000
vt 0.021484 0.500000
vt 0.021484 0.500000
vt 0.021484 0.500000
vt 0.021484 0.500000
vt 0.021484 0.500000
vt 0.021484 0.500000
vt 0.021484 0.500000
vt 0.021484 0.500000
vt 0.021484 0.500000
vt 0.021484 0.500000
vt 0.021484 0.500000
vt 0.021484 0.500000
vt 0.021484 0.500000
vt 0.021484 0.500000
vt 0.021484 0.500000
vt 0.021484 0.500000
vt 0.021484 0.500000
vt 0.021484 0.500000
vt 0.021484 0.500000
vt 0.021484 0.500000
vt 0.021484 0.500000
vt 0.021484 0.500000
vt 0.021484 0.500000
vt 0.021484 0.500000
vt 0.021484 0.500000
vt 0.021484 0.500000
vt 0.021484 0.500000
vt 0.021484 0.500000
vt 0.021484 0.500000
vt 0.021484 0.500000
vt 0.021484 0.500000
vt 0.048828 0.500000
vt 0.048828 0.500000
vt 0.048828 0.500000
vt 0.048828 0.500000
vt 0.048828 0.500000
vt 0.048828 0.500000
vt 0.048828 0.500000
vt 0.048828 0.500000
vt 0.048828 0.500000
vt 0.048828 0.500000
vt 0.048828 0.500000
vt 0.048828 0.500000
vt 0.048828 0.500000
vt 0.048828 0.500000
vt 0.048828 0.500000
vt 0.048828 0.500000
vt 0.048828 0.500000
vt 0.048828 0.500000
vt 0.021484 0.500000
vt 0.021484 0.500000
vt 0.021484 0.500000
vt 0.021484 0.500000
vt 0.060547 0.500000
vt 0.060547 0.500000
vt 0.060547 0.500000
vt 0.060547 0.500000
vt 0.021484 0.500000
vt 0.021484 0.500000
vt 0.021484 0.500000
vt 0.021484 0.500000
vt 0.021484 0.500000
vt 0.021484 0.500000
vt 0.021484 0.500000
vt 0.021484 0.500000
vt 0.021484 0.500000
vt 0.021484 0.500000
vt 0.021484 0.500000
vt 0.021484 0.500000
vt 0.021484 0.500000
vt 0.021484 0.500000
vt 0.021484 0.500000
vt 0.021484 0.500000
vt 0.021484 0.500000
vt 0.021484 0.500000
vt 0.021484 0.500000
vt 0.021484 0.500000
vt 0.021484 0.500000
vt 0.021484 0.500000
vt 0.021484 0.500000
vt 0.021484 0.500000
vt 0.021484 0.500000
vt 0.021484 0.500000
vt 0.021484 0.500000
vt 0.021484 0.500000
vt 0.021484 0.500000
vt 0.021484 0.500000
vt 0.021484 0.500000
vt 0.021484 0.500000
vt 0.021484 0.500000
vt 0.021484 0.500000
vt 0.021484 0.500000
vt 0.021484 0.500000
vt 0.048828 0.500000
vt 0.048828 0.500000
vt 0.048828 0.500000
vt 0.048828 0.500000
vt 0.048828 0.500000
vt 0.048828 0.500000
vt 0.048828 0.500000
vt 0.048828 0.500000
vt 0.048828 0.500000
vt 0.048828 0.500000
vt 0.048828 0.500000
vt 0.048828 0.500000
vt 0.048828 0.500000
vt 0.048828 0.500000
vt 0.048828 0.500000
vt 0.048828 0.500000
vt 0.048828 0.500000
vt 0.048828 0.500000
vt 0.048828 0.500000
vt 0.048828 0.500000
vt 0.060547 0.500000
vt 0.060547 0.500000
vt 0.060547 0.500000
vt 0.060547 0.500000
vt 0.021484 0.500000
vt 0.021484 0.500000
vt 0.021484 0.500000
vt 0.021484 0.500000
vt 0.060547 0.500000
vt 0.060547 0.500000
vt 0.060547 0.500000
vt 0.021484 0.500000
vt 0.021484 0.500000
vt 0.021484 0.500000
vt 0.060547 0.500000
vt 0.021484 0.500000
vt 0.021484 0.500000
vt 0.021484 0.500000
vt 0.021484 0.500000
vt 0.021484 0.500000
vt 0.021484 0.500000
vt 0.021484 0.500000
vt 0.021484 0.500000
vt 0.021484 0.500000
vt 0.021484 0.500000
vt 0.021484 0.500000
vt 0.021484 0.500000
vt 0.021484 0.500000
vt 0.021484 0.500000
vt 0.021484 0.500000
vt 0.021484 0.500000
vt 0.021484 0.500000
vt 0.060547 0.500000
vt 0.060547 0.500000
vt 0.060547 0.500000
vt 0.021484 0.500000
vt 0.021484 0.500000
vt 0.021484 0.500000
vt 0.060547 0.500000
vt 0.021484 0.500000
vt 0.021484 0.500000
vt 0.021484 0.500000
vt 0.021484 0.500000
vt 0.021484 0.500000
vt 0.021484 0.500000
vt 0.021484 0.500000
vt 0.021484 0.500000
vt 0.021484 0.500000
vt 0.021484 0.500000
vt 0.021484 0.500000
vt 0.021484 0.500000
vt 0.021484 0.500000
vt 0.060547 0.500000
vt 0.060547 0.500000
vt 0.060547 0.500000
vt 0.060547 0.500000
vt 0.048828 0.500000
vt 0.048828 0.500000
vt 0.048828 0.500000
vt 0.048828 0.500000
vt 0.048828 0.500000
vt 0.048828 0.500000
vt 0.048828 0.500000
vt 0.048828 0.500000
vt 0.048828 0.500000
vt 0.048828 0.500000
vt 0.048828 0.500000
vt 0.048828 0.500000
vt 0.048828 0.500000
vt 0.048828 0.500000
vt 0.048828 0.500000
vt 0.048828 0.500000
vt 0.048828 0.500000
vt 0.048828 0.500000
vt 0.048828 0.500000
vt 0.048828 0.500000
vt 0.060547 0.500000
vt 0.060547 0.500000
vt 0.060547 0.500000
vt 0.060547 0.500000
vt 0.060547 0.500000
vt 0.060547 0.500000
vt 0.060547 0.500000
vt 0.021484 0.500000
vt 0.021484 0.500000
vt 0.021484 0.500000
vt 0.021484 0.500000
vt 0.021484 0.500000
vt 0.021484 0.500000
vt 0.021484 0.500000
vt 0.021484 0.500000
vt 0.021484 0.500000
vt 0.021484 0.500000
vt 0.021484 0.500000
vt 0.021484 0.500000
vt 0.021484 0.500000
vt 0.021484 0.500000
vt 0.021484 0.500000
vt 0.021484 0.500000
vt 0.021484 0.500000
vt 0.021484 0.500000
vt 0.021484 0.500000
vt 0.021484 0.500000
vt 0.021484 0.500000
vt 0.021484 0.500000
vt 0.021484 0.500000
vt 0.021484 0.500000
vt 0.021484 0.500000
vt 0.021484 0.500000
vt 0.021484 0.500000
vt 0.021484 0.500000
vt 0.021484 0.500000
vt 0.021484 0.500000
vt 0.021484 0.500000
vt 0.021484 0.500000
vt 0.021484 0.500000
vt 0.021484 0.500000
vt 0.021484 0.500000
vt 0.021484 0.500000
vt 0.021484 0.500000
vt 0.021484 0.500000
vt 0.021484 0.500000
vt 0.021484 0.500000
vt 0.060547 0.500000
vt 0.060547 0.500000
vt 0.060547 0.500000
vt 0.060547 0.500000
vt 0.060547 0.500000
vt 0.060547 0.500000
vt 0.060547 0.500000
vt 0.060547 0.500000
vt 0.048828 0.500000
vt 0.048828 0.500000
vt 0.048828 0.500000
vt 0.048828 0.500000
vt 0.048828 0.500000
vt 0.048828 0.500000
vt 0.048828 0.500000
vt 0.048828 0.500000
vt 0.048828 0.500000
vt 0.048828 0.500000
vt 0.048828 0.500000
vt 0.048828 0.500000
vt 0.048828 0.500000
vt 0.048828 0.500000
vt 0.048828 0.500000
vt 0.048828 0.500000
vt 0.048828 0.500000
vt 0.048828 0.500000
vt 0.048828 0.500000
vt 0.048828 0.500000
vt 0.060547 0.500000
vt 0.060547 0.500000
vt 0.060547 0.500000
vt 0.060547 0.500000
vt 0.021484 0.500000
vt 0.021484 0.500000
vt 0.021484 0.500000
vt 0.021484 0.500000
vt 0.021484 0.500000
vt 0.021484 0.500000
vt 0.021484 0.500000
vt 0.021484 0.500000
vt 0.021484 0.500000
vt 0.021484 0.500000
vt 0.021484 0.500000
vt 0.021484 0.500000
vt 0.021484 0.500000
vt 0.021484 0.500000
vt 0.021484 0.500000
vt 0.021484 0.500000
vt 0.021484 0.500000
vt 0.021484 0.500000
vt 0.021484 0.500000
vt 0.021484 0.500000
vt 0.021484 0.500000
vt 0.021484 0.500000
vt 0.021484 0.500000
vt 0.021484 0.500000
vt 0.060547 0.500000
vt 0.060547 0.500000
vt 0.060547 0.500000
vt 0.060547 0.500000
vt 0.994141 0.500000
vt 0.994141 0.500000
vt 0.994141 0.500000
vt 0.994141 0.500000
vt 0.060547 0.500000
vt 0.060547 0.500000
vt 0.060547 0.500000
vt 0.060547 0.500000
vt 0.060547 0.500000
vt 0.060547 0.500000
vt 0.060547 0.500000
vt 0.060547 0.500000
vn -1.0000 0.0000 0.0000
vn -1.0000 0.0001 0.0000
vn -1.0000 -0.0001 0.0000
vn 1.0000 0.0000 0.0000
vn 1.0000 0.0002 0.0000
vn 1.0000 0.0001 0.0000
vn 1.0000 -0.0001 0.0000
vn 1.0000 -0.0004 0.0000
vn 0.0000 -0.0000 1.0000
vn 0.0000 0.0000 -1.0000
vn -0.0001 0.0000 -1.0000
vn 0.0001 0.0000 -1.0000
vn 0.0002 0.0000 -1.0000
vn 0.0000 -1.0000 -0.0000
vn 0.0000 -1.0000 -0.0001
vn 0.0000 1.0000 0.0000
vn 0.0000 1.0000 -0.0001
usemtl palette.079
s 1
f 1/1/1 2/2/1 3/3/1
f 4/4/1 2/2/1 1/1/1
f 5/5/1 6/6/1 7/7/1
f 8/8/1 6/6/1 5/5/1
f 9/9/1 10/10/1 11/11/1
f 12/12/1 10/10/1 9/9/1
f 13/13/1 14/14/1 15/15/1
f 16/16/1 14/14/1 13/13/1
f 17/17/1 14/14/1 16/16/1
f 18/18/1 14/14/1 17/17/1
f 19/19/1 9/9/1 11/11/1
f 20/20/1 13/13/1 15/15/1
f 21/21/1 14/14/1 18/18/1
f 22/22/1 10/10/1 12/12/1
f 23/23/1 20/20/1 19/19/1
f 23/23/1 19/19/1 11/11/1
f 24/24/1 13/13/1 20/20/1
f 24/24/1 20/20/1 23/23/1
f 25/25/1 22/22/1 21/21/1
f 25/25/1 21/21/1 18/18/1
f 26/26/1 10/10/1 22/22/1
f 26/26/1 22/22/1 25/25/1
f 27/27/1 13/13/1 24/24/1
f 28/28/1 17/17/1 16/16/1
f 29/29/1 17/17/1 28/28/1
f 30/30/1 25/25/1 18/18/1
f 31/31/1 29/29/1 28/28/1
f 31/31/1 30/30/1 29/29/1
f 31/31/1 27/27/1 24/24/1
f 31/31/1 28/28/1 27/27/1
f 32/32/1 30/30/1 31/31/1
f 33/33/1 30/30/1 32/32/1
f 34/34/1 25/25/1 30/30/1
f 34/34/1 30/30/1 33/33/1
f 35/35/1 31/31/1 24/24/1
f 36/36/1 31/31/1 35/35/1
f 37/37/1 25/25/1 34/34/1
f 38/38/1 25/25/1 37/37/1
f 39/39/1 40/40/1 36/36/1
f 41/41/1 40/40/1 39/39/1
f 42/42/1 37/37/1 43/43/1
f 44/44/1 37/37/1 42/42/1
f 45/45/1 46/46/1 41/41/1
f 47/47/1 46/46/1 45/45/1
f 48/48/1 33/33/1 32/32/1
f 49/49/1 33/33/1 48/48/1
f 50/50/1 42/42/1 51/51/1
f 52/52/1 42/42/1 50/50/1
f 53/53/1 49/49/1 48/48/1
f 53/53/1 50/50/1 49/49/1
f 53/53/1 48/48/1 47/47/1
f 54/54/1 50/50/1 53/53/1
f 55/55/1 23/23/1 11/11/1
f 56/56/1 10/10/1 26/26/1
f 57/57/1 55/55/1 11/11/1
f 57/57/1 56/56/1 55/55/1
f 58/58/1 10/10/1 56/56/1
f 58/58/1 56/56/1 57/57/1
f 59/59/1 60/60/1 61/61/1
f 62/62/1 60/60/1 59/59/1
f 63/63/1 64/64/1 65/65/1
f 66/66/1 64/64/1 63/63/1
f 67/67/1 63/63/1 65/65/1
f 68/68/1 64/64/1 66/66/1
f 69/69/1 67/67/1 65/65/1
f 69/69/1 68/68/1 67/67/1
f 70/70/1 68/68/1 69/69/1
f 71/71/1 69/69/1 65/65/1
f 72/72/1 68/68/1 70/70/1
f 73/73/1 72/72/1 71/71/1
f 74/74/1 64/64/1 68/68/1
f 74/74/1 72/72/1 73/73/1
f 74/74/1 68/68/1 72/72/1
f 75/75/1 73/73/1 71/71/1
f 76/76/1 64/64/1 74/74/1
f 77/77/1 64/64/1 76/76/1
f 77/77/1 76/76/1 75/75/1
f 78/78/1 64/64/1 77/77/1
f 79/79/1 77/77/1 75/75/1
f 80/80/1 64/64/1 78/78/1
f 81/81/1 79/79/1 75/75/1
f 81/81/1 80/80/1 79/79/1
f 82/82/1 80/80/1 81/81/1
f 83/83/1 80/80/1 82/82/1
f 84/84/1 64/64/1 80/80/1
f 84/84/1 80/80/1 83/83/1
f 85/85/1 83/83/1 82/82/1
f 86/86/1 64/64/1 84/84/1
f 87/87/1 88/88/1 89/89/1
f 90/90/1 91/91/1 88/92/1
f 90/93/1 88/88/1 87/87/1
f 92/94/1 91/91/1 90/90/1
f 93/95/1 94/96/1 95/97/1
f 96/98/1 97/99/1 94/100/1
f 96/101/1 94/96/1 93/95/1
f 98/102/1 97/99/1 96/98/1
f 99/103/1 85/85/1 82/82/1
f 99/103/1 86/86/1 85/85/1
f 100/104/1 86/86/1 99/103/1
f 101/105/1 90/90/1 87/106/1
f 101/107/1 92/108/1 90/93/1
f 102/109/1 91/91/1 92/94/1
f 102/110/1 92/108/1 101/107/1
f 103/111/1 91/91/1 102/109/1
f 104/112/1 91/91/1 103/111/1
f 105/113/1 98/114/1 96/101/1
f 105/115/1 96/98/1 93/116/1
f 106/117/1 97/99/1 98/102/1
f 106/118/1 98/114/1 105/113/1
f 107/119/1 97/99/1 106/117/1
f 108/120/1 97/99/1 107/119/1
f 109/121/1 99/103/1 82/82/1
f 110/122/1 86/86/1 100/104/1
f 111/123/1 75/75/1 71/71/1
f 111/123/1 71/71/1 65/65/1
f 111/123/1 81/81/1 75/75/1
f 112/124/1 81/81/1 111/123/1
f 113/125/1 110/122/1 109/121/1
f 113/125/1 109/121/1 82/82/1
f 114/126/1 86/86/1 110/122/1
f 114/126/1 110/122/1 113/125/1
f 114/126/1 64/64/1 86/86/1
f 115/127/1 104/128/1 103/129/1
f 115/130/1 102/109/1 101/105/1
f 115/130/1 103/111/1 102/109/1
f 116/131/1 91/91/1 104/112/1
f 116/132/1 104/128/1 115/127/1
f 117/133/1 91/91/1 116/131/1
f 118/134/1 108/135/1 107/136/1
f 118/137/1 107/119/1 106/117/1
f 118/137/1 106/117/1 105/115/1
f 119/138/1 97/99/1 108/120/1
f 119/139/1 108/135/1 118/134/1
f 120/140/1 97/99/1 119/138/1
f 121/141/1 115/130/1 101/105/1
f 121/141/1 101/105/1 87/106/1
f 121/141/1 116/131/1 115/130/1
f 122/142/1 117/143/1 116/132/1
f 122/144/1 116/131/1 121/141/1
f 123/145/1 117/143/1 122/142/1
f 124/146/1 105/115/1 93/116/1
f 124/146/1 118/137/1 105/115/1
f 124/146/1 119/138/1 118/137/1
f 125/147/1 120/148/1 119/139/1
f 125/149/1 119/138/1 124/146/1
f 126/150/1 120/148/1 125/147/1
f 127/151/1 128/152/1 129/153/1
f 130/154/1 128/152/1 127/151/1
f 131/155/1 128/152/1 130/154/1
f 131/156/1 130/157/1 127/158/1
f 132/159/1 128/152/1 131/155/1
f 133/160/1 134/161/1 135/162/1
f 136/163/1 137/164/1 134/165/1
f 136/166/1 134/161/1 133/160/1
f 138/167/1 137/164/1 136/163/1
f 139/168/1 140/169/1 141/170/1
f 142/171/1 143/172/1 140/173/1
f 142/174/1 140/169/1 139/168/1
f 144/175/1 143/172/1 142/171/1
f 145/176/1 127/151/1 129/153/1
f 146/177/1 127/151/1 145/176/1
f 147/178/1 131/156/1 127/158/1
f 147/178/1 132/179/1 131/156/1
f 148/180/1 128/152/1 132/159/1
f 148/181/1 132/179/1 147/178/1
f 149/182/1 136/163/1 133/183/1
f 149/184/1 138/185/1 136/166/1
f 150/186/1 137/164/1 138/167/1
f 150/187/1 138/185/1 149/184/1
f 151/188/1 142/171/1 139/189/1
f 151/190/1 144/191/1 142/174/1
f 152/192/1 143/172/1 144/175/1
f 152/193/1 144/191/1 151/190/1
f 153/194/1 143/172/1 152/192/1
f 154/195/1 143/172/1 153/194/1
f 155/196/1 145/176/1 129/153/1
f 156/197/1 146/198/1 145/199/1
f 156/200/1 145/176/1 155/196/1
f 157/201/1 127/151/1 146/177/1
f 157/202/1 146/198/1 156/197/1
f 158/203/1 147/178/1 127/158/1
f 158/204/1 127/151/1 157/201/1
f 159/205/1 148/180/1 147/206/1
f 159/207/1 147/178/1 158/203/1
f 160/208/1 128/152/1 148/180/1
f 160/208/1 148/180/1 159/205/1
f 161/209/1 162/210/1 163/211/1
f 164/212/1 149/182/1 133/183/1
f 164/212/1 150/186/1 149/182/1
f 165/213/1 150/186/1 164/212/1
f 166/214/1 137/164/1 150/186/1
f 166/214/1 150/186/1 165/213/1
f 167/215/1 137/164/1 166/214/1
f 168/216/1 152/192/1 151/188/1
f 168/216/1 153/194/1 152/192/1
f 168/217/1 154/218/1 153/219/1
f 169/220/1 143/172/1 154/195/1
f 169/221/1 154/218/1 168/217/1
f 170/222/1 143/172/1 169/220/1
f 171/223/1 143/172/1 170/222/1
f 172/224/1 143/172/1 171/223/1
f 173/225/1 155/196/1 129/153/1
f 174/226/1 157/202/1 156/197/1
f 174/226/1 156/197/1 155/227/1
f 174/228/1 155/196/1 173/225/1
f 174/226/1 159/207/1 158/203/1
f 174/226/1 158/203/1 157/202/1
f 174/226/1 160/229/1 159/207/1
f 175/230/1 160/229/1 174/226/1
f 176/231/1 160/229/1 175/230/1
f 177/232/1 160/229/1 176/231/1
f 178/233/1 160/229/1 177/232/1
f 179/234/1 128/152/1 160/208/1
f 179/235/1 160/229/1 178/233/1
f 180/236/1 167/237/1 166/238/1
f 180/239/1 166/214/1 165/213/1
f 181/240/1 137/164/1 167/215/1
f 181/241/1 167/237/1 180/236/1
f 182/242/1 137/164/1 181/240/1
f 183/243/1 170/244/1 169/221/1
f 183/245/1 169/220/1 168/216/1
f 184/246/1 171/223/1 170/222/1
f 184/247/1 170/244/1 183/243/1
f 185/248/1 171/223/1 184/246/1
f 186/249/1 173/225/1 172/250/1
f 186/251/1 176/231/1 175/230/1
f 186/249/1 174/228/1 173/225/1
f 186/249/1 175/252/1 174/228/1
f 187/253/1 177/254/1 176/255/1
f 187/256/1 176/231/1 186/251/1
f 188/257/2 178/233/1 177/232/1
f 188/258/2 177/254/1 187/253/1
f 189/259/1 179/234/1 178/260/1
f 189/261/1 178/233/1 188/257/2
f 190/262/1 164/263/1 161/209/1
f 191/264/1 180/239/1 165/213/1
f 191/264/1 181/240/1 180/239/1
f 192/265/1 181/240/1 191/264/1
f 193/266/1 182/267/1 181/241/1
f 193/268/1 181/240/1 192/265/1
f 194/269/1 137/164/1 182/242/1
f 194/270/1 182/267/1 193/266/1
f 195/271/1 137/164/1 194/269/1
f 196/272/1 183/245/1 168/216/1
f 196/272/1 184/246/1 183/245/1
f 197/273/1 185/274/1 184/247/1
f 197/275/1 184/246/1 196/272/1
f 198/276/1 185/274/1 197/273/1
f 199/277/1 187/253/1 186/249/1
f 199/277/1 188/258/2 187/253/1
f 199/277/1 186/249/1 172/250/1
f 199/277/1 189/259/1 188/258/2
f 200/278/1 191/279/1 190/262/1
f 201/280/1 193/268/1 192/265/1
f 201/280/1 194/269/1 193/268/1
f 202/281/1 195/282/1 194/270/1
f 202/283/1 194/269/1 201/280/1
f 203/284/1 195/282/1 202/281/1
f 204/285/1 151/188/1 139/189/1
f 204/285/1 196/272/1 168/216/1
f 204/285/1 168/216/1 151/188/1
f 205/286/1 196/272/1 204/285/1
f 206/287/1 199/277/1 198/288/1
f 207/289/1 201/290/1 200/278/1
f 208/291/1 206/287/1 205/292/1
f 209/293/1 161/209/1 163/211/1
f 209/293/1 208/291/1 207/289/1
f 209/293/1 207/289/1 200/278/1
f 209/293/1 200/278/1 190/262/1
f 209/293/1 190/262/1 161/209/1
f 210/294/3 208/291/1 209/293/1
f 211/295/1 209/293/1 163/211/1
f 212/296/1 210/297/3 209/298/1
f 212/299/1 209/293/1 211/295/1
f 213/300/1 208/291/1 210/294/3
f 213/301/1 210/297/3 212/296/1
f 214/302/1 208/291/1 213/300/1
f 215/303/1 212/296/1 211/304/1
f 215/305/1 211/295/1 163/211/1
f 216/306/1 213/300/1 212/299/1
f 216/307/1 212/296/1 215/303/1
f 217/308/1 214/309/1 213/301/1
f 217/310/1 213/300/1 216/306/1
f 218/311/1 208/291/1 214/302/1
f 218/312/1 214/309/1 217/308/1
f 219/313/1 217/308/1 216/307/1
f 219/314/1 216/306/1 215/305/1
f 220/315/3 218/311/1 217/310/1
f 220/316/3 217/308/1 219/313/1
f 221/317/1 206/287/1 208/291/1
f 221/317/1 218/311/1 220/315/3
f 221/317/1 220/315/3 219/314/1
f 221/317/1 199/277/1 206/287/1
f 221/317/1 189/259/1 199/277/1
f 221/317/1 208/291/1 218/311/1
f 222/318/1 189/259/1 221/317/1
f 223/319/1 221/317/1 219/314/1
f 224/320/1 222/321/1 221/322/1
f 224/323/1 221/317/1 223/319/1
f 225/324/1 189/259/1 222/318/1
f 225/325/1 222/321/1 224/320/1
f 226/326/1 189/259/1 225/324/1
f 227/327/1 224/320/1 223/328/1
f 227/329/1 223/319/1 219/314/1
f 228/330/1 225/324/1 224/323/1
f 228/331/1 224/320/1 227/327/1
f 229/332/1 226/333/1 225/325/1
f 229/334/1 225/324/1 228/330/1
f 230/335/1 189/259/1 226/326/1
f 230/336/1 226/333/1 229/332/1
f 231/337/3 229/332/1 228/331/1
f 231/338/3 228/330/1 227/329/1
f 232/339/1 230/335/1 229/334/1
f 232/340/1 229/332/1 231/337/3
f 233/341/1 215/305/1 163/211/1
f 233/341/1 219/314/1 215/305/1
f 233/341/1 232/339/1 231/338/3
f 233/341/1 227/329/1 219/314/1
f 233/341/1 231/338/3 227/329/1
f 234/342/1 230/335/1 232/339/1
f 234/342/1 232/339/1 233/341/1
f 234/342/1 189/259/1 230/335/1
f 234/342/1 179/234/1 189/259/1
f 234/342/1 128/152/1 179/234/1
f 235/343/1 236/344/1 237/345/1
f 238/346/1 236/344/1 235/343/1
f 239/347/1 240/348/1 241/349/1
f 242/350/1 240/348/1 239/347/1
f 243/351/1 244/352/1 245/353/1
f 246/354/1 244/352/1 243/351/1
f 247/355/1 248/356/1 249/357/1
f 250/358/1 248/356/1 247/355/1
f 251/359/1 252/360/1 253/361/1
f 254/362/1 252/360/1 251/359/1
f 255/363/1 256/364/1 257/365/1
f 258/366/1 256/364/1 255/363/1
f 259/367/1 260/368/1 261/369/1
f 262/370/1 260/368/1 259/367/1
f 263/371/1 264/372/1 265/373/1
f 266/374/1 264/372/1 263/371/1
f 267/375/1 268/376/1 269/377/1
f 270/378/1 268/376/1 267/375/1
f 271/379/1 272/380/1 273/381/1
f 274/382/1 272/380/1 271/379/1
f 275/383/1 276/384/1 277/385/1
f 278/386/1 276/384/1 275/383/1
f 279/387/1 280/388/1 281/389/1
f 282/390/1 280/388/1 279/387/1
f 283/391/1 284/392/1 285/393/1
f 286/394/1 284/392/1 283/391/1
f 287/395/1 288/396/1 289/397/1
f 290/398/1 288/396/1 287/395/1
f 291/399/1 283/391/1 285/393/1
f 292/400/1 283/391/1 291/399/1
f 293/401/1 294/402/1 295/403/1
f 296/404/1 294/402/1 293/401/1
f 297/405/1 298/406/1 299/407/1
f 300/408/1 298/406/1 297/405/1
f 301/409/1 302/410/1 303/411/1
f 304/412/1 302/410/1 301/409/1
f 305/413/1 306/414/1 307/415/1
f 308/416/1 306/414/1 305/413/1
f 309/417/1 310/418/1 311/419/1
f 312/420/1 310/418/1 309/417/1
f 313/421/1 314/422/1 315/423/1
f 316/424/1 314/422/1 313/421/1
f 317/425/1 318/426/1 319/427/1
f 320/428/1 318/426/1 317/425/1
f 321/429/1 322/430/1 323/431/1
f 324/432/1 322/430/1 321/429/1
f 325/433/1 326/434/1 327/435/1
f 328/436/1 326/434/1 325/433/1
f 329/437/1 328/438/1 325/439/1
f 330/440/1 328/438/1 329/437/1
f 331/441/1 332/442/1 333/443/1
f 334/444/1 332/442/1 331/441/1
f 335/445/1 336/446/1 337/447/1
f 338/448/1 336/446/1 335/445/1
f 339/449/1 340/450/1 341/451/1
f 342/452/1 340/450/1 339/449/1
f 343/453/1 344/454/1 345/455/1
f 346/456/1 344/454/1 343/453/1
f 347/457/1 348/458/1 349/459/1
f 350/460/1 348/458/1 347/457/1
f 351/461/1 352/462/1 353/463/1
f 354/464/1 352/462/1 351/461/1
f 355/465/1 356/466/1 357/467/1
f 358/468/1 356/466/1 355/465/1
f 359/469/1 360/470/1 361/471/1
f 362/472/1 360/470/1 359/469/1
f 363/473/1 364/474/1 365/475/1
f 366/476/1 364/474/1 363/473/1
f 367/477/1 368/478/1 369/479/1
f 370/480/1 368/478/1 367/477/1
f 371/481/1 372/482/1 373/483/1
f 374/484/1 372/482/1 371/481/1
f 375/485/1 376/486/1 377/487/1
f 378/488/1 376/486/1 375/485/1
f 379/489/1 380/490/1 381/491/1
f 382/492/1 380/490/1 379/489/1
f 383/493/1 384/494/1 385/495/1
f 386/496/1 384/494/1 383/493/1
f 387/497/1 384/494/1 386/496/1
f 388/498/1 387/499/1 386/500/1
f 389/501/1 387/499/1 388/498/1
f 390/502/1 391/503/1 392/504/1
f 393/505/1 391/503/1 390/502/1
f 394/506/1 395/507/1 396/508/1
f 397/509/1 395/507/1 394/506/1
f 398/510/1 399/511/1 400/512/1
f 401/513/1 399/511/1 398/510/1
f 402/514/1 403/515/1 404/516/1
f 405/517/1 403/515/1 402/514/1
f 406/518/1 407/519/1 408/520/1
f 409/521/1 407/519/1 406/518/1
f 410/522/1 411/523/1 412/524/1
f 413/525/1 411/523/1 410/522/1
f 414/526/1 415/527/1 416/528/1
f 417/529/1 415/527/1 414/526/1
f 418/530/1 419/531/1 420/532/1
f 421/533/1 419/531/1 418/530/1
f 422/534/1 423/535/1 424/536/1
f 425/537/1 422/534/1 424/536/1
f 426/538/1 422/534/1 425/537/1
f 427/539/1 426/540/1 425/541/1
f 428/542/1 426/540/1 427/539/1
f 429/543/1 430/544/1 431/545/1
f 432/546/1 430/544/1 429/543/1
f 433/547/1 434/548/1 435/549/1
f 436/550/1 437/551/1 438/552/1
f 439/553/1 437/551/1 436/550/1
f 440/554/1 434/548/1 433/547/1
f 441/555/1 434/548/1 440/554/1
f 442/556/1 443/557/1 444/558/1
f 445/559/1 446/560/1 447/561/1
f 448/562/1 446/560/1 445/559/1
f 449/563/1 443/557/1 442/556/1
f 450/564/1 443/557/1 449/563/1
f 451/565/1 452/566/1 453/567/1
f 454/568/1 452/566/1 451/565/1
f 455/569/1 456/570/1 457/571/1
f 458/572/1 456/570/1 455/569/1
f 459/573/1 458/574/1 455/575/1
f 460/576/1 458/574/1 459/573/1
f 461/577/1 462/578/1 463/579/1
f 464/580/1 462/578/1 461/577/1
f 465/581/1 466/582/1 467/583/1
f 468/584/1 466/582/1 465/581/1
f 469/585/1 470/586/1 471/587/1
f 472/588/1 470/586/1 469/585/1
f 473/589/1 470/586/1 472/588/1
f 474/590/1 473/591/1 472/592/1
f 475/593/1 473/591/1 474/590/1
f 476/594/1 477/595/1 478/596/1
f 479/597/1 477/595/1 476/594/1
f 480/598/1 481/599/1 482/600/1
f 483/601/1 481/599/1 480/598/1
f 484/602/1 485/603/1 486/604/1
f 487/605/1 485/603/1 484/602/1
f 488/606/1 487/607/1 484/608/1
f 489/609/1 487/607/1 488/606/1
f 490/610/1 491/611/1 492/612/1
f 493/613/1 491/611/1 490/610/1
f 494/614/1 495/615/1 496/616/1
f 497/617/1 495/615/1 494/614/1
f 498/618/1 499/619/1 500/620/1
f 501/621/1 499/619/1 498/618/1
f 502/622/1 503/623/1 504/624/1
f 505/625/1 503/623/1 502/622/1
f 506/626/1 505/627/1 502/628/1
f 507/629/1 505/627/1 506/626/1
f 508/630/1 509/631/1 510/632/1
f 511/633/1 509/631/1 508/630/1
f 512/634/1 513/635/1 514/636/1
f 515/637/1 513/635/1 512/634/1
f 516/638/1 517/639/1 518/640/1
f 519/641/1 517/639/1 516/638/1
f 520/642/1 521/643/1 522/644/1
f 523/645/1 521/643/1 520/642/1
f 524/646/1 523/647/1 520/648/1
f 525/649/1 523/647/1 524/646/1
f 526/650/1 527/651/1 528/652/1
f 529/653/1 527/651/1 526/650/1
f 530/654/1 531/655/1 532/656/1
f 533/657/1 531/655/1 530/654/1
f 534/658/1 535/659/1 536/660/1
f 537/661/1 535/659/1 534/658/1
f 538/662/1 539/663/1 540/664/1
f 541/665/1 538/662/1 540/664/1
f 542/666/1 538/662/1 541/665/1
f 543/667/1 542/668/1 541/669/1
f 544/670/1 542/668/1 543/667/1
f 545/671/1 546/672/1 547/673/1
f 548/674/1 546/672/1 545/671/1
f 549/675/1 550/676/1 551/677/1
f 552/678/1 550/676/1 549/675/1
f 553/679/1 554/680/1 555/681/1
f 556/682/1 554/680/1 553/679/1
f 557/683/1 556/684/1 553/685/1
f 558/686/1 556/684/1 557/683/1
f 559/687/1 560/688/1 561/689/1
f 562/690/1 560/688/1 559/687/1
f 563/691/1 564/692/1 565/693/1
f 566/694/1 564/692/1 563/691/1
f 567/695/1 568/696/1 569/697/1
f 570/698/1 568/696/1 567/695/1
f 571/699/1 570/700/1 567/701/1
f 572/702/1 570/700/1 571/699/1
f 573/703/1 574/704/1 575/705/1
f 576/706/1 574/704/1 573/703/1
f 577/707/1 578/708/1 579/709/1
f 580/710/1 578/708/1 577/707/1
f 581/711/1 582/712/1 583/713/1
f 584/714/1 582/712/1 581/711/1
f 585/715/1 584/716/1 581/717/1
f 586/718/1 584/716/1 585/715/1
f 587/719/1 588/720/1 589/721/1
f 590/722/1 588/720/1 587/719/1
f 591/723/1 592/724/1 593/725/1
f 594/726/1 591/723/1 593/725/1
f 594/727/1 595/728/1 591/729/1
f 596/730/1 595/728/1 594/727/1
f 597/731/1 594/726/1 593/725/1
f 598/732/1 599/733/1 600/734/1
f 601/735/1 599/733/1 598/732/1
f 602/736/1 594/726/1 597/731/1
f 603/737/1 594/726/1 602/736/1
f 604/738/1 605/739/1 606/740/1
f 607/741/1 608/742/1 609/743/1
f 610/744/1 608/742/1 607/741/1
f 611/745/1 605/739/1 604/738/1
f 612/746/1 605/739/1 611/745/1
f 613/747/1 614/748/1 615/749/1
f 616/750/1 614/748/1 613/747/1
f 617/751/1 616/752/1 613/753/1
f 618/754/1 616/752/1 617/751/1
f 619/755/1 620/756/1 621/757/1
f 622/758/1 620/756/1 619/755/1
f 623/759/1 624/760/1 625/761/1
f 626/762/1 624/760/1 623/759/1
f 627/763/1 628/764/1 629/765/1
f 630/766/1 628/764/1 627/763/1
f 631/767/1 632/768/1 633/769/1
f 634/770/1 632/768/1 631/767/1
f 635/771/1 636/772/1 637/773/1
f 638/774/1 636/772/1 635/771/1
f 639/775/1 640/776/1 641/777/1
f 642/778/1 640/776/1 639/775/1
f 643/779/1 642/780/1 639/781/1
f 644/782/1 642/780/1 643/779/1
f 645/783/1 646/784/1 647/785/1
f 648/786/1 646/784/1 645/783/1
f 649/787/1 650/788/1 651/789/1
f 652/790/1 650/788/1 649/787/1
f 653/791/1 654/792/1 655/793/1
f 656/794/1 654/792/1 653/791/1
f 657/795/1 658/796/1 659/797/1
f 660/798/1 658/796/1 657/795/1
f 661/799/1 662/800/1 663/801/1
f 664/802/1 662/800/1 661/799/1
f 665/803/1 666/804/1 667/805/1
f 668/806/1 666/804/1 665/803/1
f 669/807/1 670/808/1 671/809/1
f 672/810/1 670/808/1 669/807/1
f 673/811/1 674/812/1 675/813/1
f 676/814/1 674/812/1 673/811/1
f 677/815/1 678/816/1 679/817/1
f 680/818/1 678/816/1 677/815/1
f 681/819/1 677/815/1 682/820/1
f 683/821/1 684/822/1 685/823/1
f 686/824/1 684/822/1 683/821/1
f 687/825/1 677/815/1 681/819/1
f 688/826/1 677/815/1 687/825/1
f 689/827/1 690/828/1 691/829/1
f 692/830/1 690/828/1 689/827/1
f 693/831/1 694/832/1 695/833/1
f 696/834/1 694/832/1 693/831/1
f 697/835/1 698/836/1 699/837/1
f 700/838/1 698/836/1 697/835/1
f 701/839/1 702/840/1 703/841/1
f 704/842/1 702/840/1 701/839/1
f 705/843/1 706/844/1 707/845/1
f 708/846/1 706/844/1 705/843/1
f 709/847/1 710/848/1 711/849/1
f 712/850/1 710/848/1 709/847/1
f 713/851/1 714/852/1 715/853/1
f 716/854/1 714/852/1 713/851/1
f 717/855/1 718/856/1 719/857/1
f 720/858/1 718/856/1 717/855/1
f 721/859/1 722/860/1 723/861/1
f 724/862/1 722/860/1 721/859/1
f 725/863/1 726/864/1 727/865/1
f 728/866/1 726/864/1 725/863/1
f 729/867/1 730/868/1 731/869/1
f 732/870/1 730/868/1 729/867/1
f 733/871/1 734/872/1 735/873/1
f 736/874/1 734/872/1 733/871/1
f 737/875/1 738/876/1 739/877/1
f 740/878/1 738/876/1 737/875/1
f 741/879/1 742/880/1 743/881/1
f 744/882/1 742/880/1 741/879/1
f 745/883/1 746/884/1 747/885/1
f 748/886/1 746/884/1 745/883/1
f 749/887/1 750/888/1 751/889/1
f 752/890/1 750/888/1 749/887/1
f 753/891/1 750/888/1 752/890/1
f 754/892/1 755/893/1 756/894/1
f 757/895/1 755/893/1 754/892/1
f 758/896/1 755/893/1 757/895/1
f 759/897/1 760/898/1 761/899/1
f 762/900/1 760/898/1 759/897/1
f 763/901/1 764/902/1 765/903/1
f 766/904/1 764/902/1 763/901/1
f 767/905/1 768/906/1 769/907/1
f 770/908/1 768/906/1 767/905/1
f 771/909/1 772/910/1 773/911/1
f 774/912/1 772/910/1 771/909/1
f 775/913/1 776/914/1 777/915/1
f 778/916/1 776/914/1 775/913/1
f 779/917/1 780/918/1 781/919/1
f 782/920/1 780/918/1 779/917/1
f 783/921/1 784/922/1 785/923/1
f 786/924/1 784/922/1 783/921/1
f 787/925/1 788/926/1 789/927/1
f 790/928/1 788/926/1 787/925/1
f 791/929/1 792/930/1 793/931/1
f 794/932/1 792/930/1 791/929/1
f 795/933/1 796/934/1 797/935/1
f 798/936/1 796/934/1 795/933/1
f 799/937/1 787/925/1 789/927/1
f 800/938/1 792/930/1 794/932/1
f 801/939/1 799/937/1 789/927/1
f 801/939/1 802/940/1 799/937/1
f 803/941/1 802/940/1 801/939/1
f 804/942/1 800/938/1 805/943/1
f 806/944/1 792/930/1 800/938/1
f 806/944/1 800/938/1 804/942/1
f 807/945/1 801/939/1 789/927/1
f 808/946/1 792/930/1 806/944/1
f 809/947/1 810/948/1 807/945/1
f 809/947/1 807/945/1 789/927/1
f 811/949/1 810/948/1 809/947/1
f 812/950/1 808/946/1 813/951/1
f 814/952/1 792/930/1 808/946/1
f 814/952/1 808/946/1 812/950/1
f 815/953/1 816/954/1 817/955/1
f 818/956/1 816/954/1 815/953/1
f 819/957/1 820/958/1 821/959/1
f 822/960/1 820/958/1 819/957/1
f 823/961/1 824/962/1 825/963/1
f 826/964/1 824/962/1 823/961/1
f 827/965/1 823/961/1 825/963/1
f 828/966/1 824/962/1 826/964/1
f 829/967/1 828/966/1 827/965/1
f 830/968/1 824/962/1 828/966/1
f 830/968/1 828/966/1 829/967/1
f 831/969/1 829/967/1 827/965/1
f 832/970/1 824/962/1 830/968/1
f 833/971/1 827/965/1 825/963/1
f 833/971/1 832/970/1 831/969/1
f 833/971/1 831/969/1 827/965/1
f 834/972/1 832/970/1 833/971/1
f 835/973/1 833/971/1 825/963/1
f 836/974/1 832/970/1 834/972/1
f 837/975/1 838/976/1 839/977/1
f 840/978/1 838/976/1 837/975/1
f 841/979/1 836/974/1 835/973/1
f 841/979/1 835/973/1 825/963/1
f 842/980/1 824/962/1 832/970/1
f 842/980/1 836/974/1 841/979/1
f 842/980/1 832/970/1 836/974/1
f 843/981/1 844/982/1 845/983/1
f 846/984/1 844/982/1 843/981/1
f 847/985/1 843/981/1 845/983/1
f 848/986/1 846/987/1 843/988/1
f 848/989/1 843/981/1 847/985/1
f 849/990/1 844/982/1 846/984/1
f 849/991/1 846/987/1 848/986/1
f 850/992/1 844/982/1 849/990/1
f 851/993/1 848/986/1 847/994/1
f 851/995/1 847/985/1 845/983/1
f 852/996/1 849/990/1 848/989/1
f 852/997/1 848/986/1 851/993/1
f 853/998/1 850/999/1 849/991/1
f 853/1000/1 849/990/1 852/996/1
f 854/1001/1 844/982/1 850/992/1
f 854/1002/1 850/999/1 853/998/1
f 855/1003/1 853/998/1 852/997/1
f 855/1004/1 852/996/1 851/995/1
f 856/1005/1 854/1001/1 853/1000/1
f 856/1006/1 853/998/1 855/1003/1
f 857/1007/1 858/1008/1 859/1009/1
f 860/1010/1 858/1008/1 857/1007/1
f 861/1011/1 855/1004/1 851/995/1
f 861/1011/1 851/995/1 845/983/1
f 861/1011/1 856/1005/1 855/1004/1
f 862/1012/1 854/1001/1 856/1005/1
f 862/1012/1 856/1005/1 861/1011/1
f 862/1012/1 844/982/1 854/1001/1
f 863/1013/1 864/1014/1 865/1015/1
f 866/1016/1 864/1014/1 863/1013/1
f 867/1017/1 868/1018/1 869/1019/1
f 870/1020/1 868/1018/1 867/1017/1
f 871/1021/1 872/1022/1 873/1023/1
f 874/1024/1 872/1022/1 871/1021/1
f 875/1025/1 876/1026/1 877/1027/1
f 878/1028/1 876/1026/1 875/1025/1
f 879/1029/1 880/1030/1 881/1031/1
f 882/1032/1 880/1030/1 879/1029/1
f 883/1033/1 884/1034/1 885/1035/1
f 886/1036/1 884/1034/1 883/1033/1
f 887/1037/1 888/1038/1 889/1039/1
f 890/1040/1 888/1038/1 887/1037/1
f 891/1041/1 892/1042/1 893/1043/1
f 894/1044/1 892/1042/1 891/1041/1
f 895/1045/1 896/1046/1 897/1047/1
f 898/1048/1 896/1046/1 895/1045/1
f 899/1049/1 900/1050/1 901/1051/1
f 902/1052/1 900/1050/1 899/1049/1
f 903/1053/1 904/1054/1 905/1055/1
f 906/1056/1 904/1054/1 903/1053/1
f 907/1057/1 908/1058/1 909/1059/1
f 910/1060/1 908/1058/1 907/1057/1
f 911/1061/1 912/1062/1 913/1063/1
f 914/1064/1 912/1062/1 911/1061/1
f 915/1065/1 916/1066/1 917/1067/1
f 918/1068/1 916/1066/1 915/1065/1
f 919/1069/1 920/1070/1 921/1071/1
f 922/1072/1 920/1070/1 919/1069/1
f 923/1073/1 924/1074/1 925/1075/1
f 926/1076/1 927/1077/1 924/1078/1
f 926/1079/1 924/1074/1 923/1073/1
f 928/1080/1 927/1077/1 926/1076/1
f 929/1081/1 927/1077/1 928/1080/1
f 930/1082/1 928/1080/1 926/1076/1
f 931/1083/1 928/1080/1 930/1082/1
f 932/1084/1 933/1085/1 934/1086/1
f 935/1087/1 933/1085/1 932/1084/1
f 936/1088/1 937/1089/1 938/1090/1
f 939/1091/1 937/1089/1 936/1088/1
f 940/1092/1 941/1093/1 942/1094/1
f 943/1095/1 941/1093/1 940/1092/1
f 944/1096/1 945/1097/1 946/1098/1
f 947/1099/1 945/1097/1 944/1096/1
f 948/1100/1 949/1101/1 950/1102/1
f 951/1103/1 949/1101/1 948/1100/1
f 952/1104/1 953/1105/1 954/1106/1
f 955/1107/1 953/1105/1 952/1104/1
f 956/1108/1 957/1109/1 958/1110/1
f 959/1111/1 957/1109/1 956/1108/1
f 960/1112/1 959/1113/1 956/1114/1
f 961/1115/1 959/1113/1 960/1112/1
f 962/1116/1 963/1117/1 964/1118/1
f 965/1119/1 963/1117/1 962/1116/1
f 966/1120/1 967/1121/1 968/1122/1
f 969/1123/1 967/1121/1 966/1120/1
f 970/1124/1 971/1125/1 972/1126/1
f 973/1127/1 971/1125/1 970/1124/1
f 974/1128/1 975/1129/1 976/1130/1
f 977/1131/1 975/1129/1 974/1128/1
f 978/1132/1 979/1133/1 980/1134/1
f 981/1135/1 979/1133/1 978/1132/1
f 982/1136/1 983/1137/1 984/1138/1
f 985/1139/1 983/1137/1 982/1136/1
f 986/1140/1 987/1141/1 988/1142/1
f 989/1143/1 987/1141/1 986/1140/1
f 990/1144/1 991/1145/1 992/1146/1
f 993/1147/1 991/1145/1 990/1144/1
f 994/1148/1 995/1149/1 996/1150/1
f 997/1151/1 995/1149/1 994/1148/1
f 998/1152/1 999/1153/1 1000/1154/1
f 1001/1155/1 999/1153/1 998/1152/1
f 1002/1156/1 1001/1157/1 998/1158/1
f 1003/1159/1 1001/1157/1 1002/1156/1
f 1004/1160/1 1005/1161/1 1006/1162/1
f 1007/1163/1 1005/1161/1 1004/1160/1
f 1008/1164/1 1009/1165/1 1010/1166/1
f 1011/1167/1 1009/1165/1 1008/1164/1
f 1012/1168/1 1013/1169/1 1014/1170/1
f 1015/1171/1 1013/1169/1 1012/1168/1
f 1016/1172/1 1017/1173/1 1018/1174/1
f 1019/1175/1 1016/1172/1 1018/1174/1
f 1020/1176/1 1019/1175/1 1018/1174/1
f 1021/1177/1 1020/1176/1 1018/1174/1
f 1022/1178/1 1020/1176/1 1021/1177/1
f 1023/1179/1 1020/1176/1 1022/1178/1
f 1024/1180/1 1025/1181/1 1026/1182/1
f 1027/1183/1 1025/1181/1 1024/1180/1
f 1028/1184/1 1025/1181/1 1027/1183/1
f 1029/1185/1 1030/1186/1 1031/1187/1
f 1032/1188/1 1030/1186/1 1029/1185/1
f 1033/1189/1 1034/1190/1 1035/1191/1
f 1036/1192/1 1034/1190/1 1033/1189/1
f 1037/1193/1 1038/1194/1 1039/1195/1
f 1040/1196/1 1038/1194/1 1037/1193/1
f 1041/1197/1 1042/1198/1 1043/1199/1
f 1044/1200/1 1042/1198/1 1041/1197/1
f 1045/1201/1 1046/1202/1 1047/1203/1
f 1048/1204/1 1045/1201/1 1047/1203/1
f 1049/1205/1 1045/1201/1 1048/1204/1
f 1050/1206/1 1049/1207/1 1048/1208/1
f 1051/1209/1 1049/1207/1 1050/1206/1
f 1052/1210/1 1053/1211/1 1054/1212/1
f 1055/1213/1 1053/1211/1 1052/1210/1
f 1056/1214/1 1057/1215/1 1058/1216/1
f 1059/1217/1 1057/1215/1 1056/1214/1
f 1060/1218/1 1061/1219/1 1062/1220/1
f 1063/1221/1 1061/1219/1 1060/1218/1
f 1064/1222/1 1065/1223/1 1066/1224/1
f 1067/1225/1 1065/1223/1 1064/1222/1
f 1068/1226/1 1067/1227/1 1064/1228/1
f 1069/1229/1 1067/1227/1 1068/1226/1
f 1070/1230/1 1071/1231/1 1072/1232/1
f 1073/1233/1 1071/1231/1 1070/1230/1
f 1074/1234/1 1075/1235/1 1076/1236/1
f 1077/1237/1 1075/1235/1 1074/1234/1
f 1078/1238/1 1079/1239/1 1080/1240/1
f 1081/1241/1 1079/1239/1 1078/1238/1
f 1082/1242/1 1079/1239/1 1081/1241/1
f 1083/1243/1 1082/1244/1 1081/1245/1
f 1084/1246/1 1082/1244/1 1083/1243/1
f 1085/1247/1 1086/1248/1 1087/1249/1
f 1088/1250/1 1086/1248/1 1085/1247/1
f 1089/1251/1 1090/1252/1 1091/1253/1
f 1092/1254/1 1090/1252/1 1089/1251/1
f 1093/1255/1 1094/1256/1 1095/1257/1
f 1096/1258/1 1094/1256/1 1093/1255/1
f 1097/1259/1 1098/1260/1 1099/1261/1
f 1100/1262/1 1098/1260/1 1097/1259/1
f 1101/1263/1 1102/1264/1 1103/1265/1
f 1104/1266/1 1102/1264/1 1101/1263/1
f 1105/1267/1 1106/1268/1 1107/1269/1
f 1108/1270/1 1106/1268/1 1105/1267/1
f 1109/1271/1 1108/1272/1 1105/1273/1
f 1110/1274/1 1108/1272/1 1109/1271/1
f 1111/1275/1 1112/1276/1 1113/1277/1
f 1114/1278/1 1112/1276/1 1111/1275/1
f 1115/1279/1 1116/1280/1 1117/1281/1
f 1118/1282/1 1116/1280/1 1115/1279/1
f 1119/1283/1 1120/1284/1 1121/1285/1
f 1122/1286/1 1119/1283/1 1121/1285/1
f 1123/1287/1 1119/1283/1 1122/1286/1
f 1124/1288/1 1123/1289/1 1122/1290/1
f 1125/1291/1 1123/1289/1 1124/1288/1
f 1126/1292/1 1127/1293/1 1128/1294/1
f 1129/1295/1 1127/1293/1 1126/1292/1
f 1130/1296/1 1131/1297/1 1132/1298/1
f 1133/1299/1 1131/1297/1 1130/1296/1
f 1134/1300/1 1131/1297/1 1133/1299/1
f 1135/1301/1 1136/1302/1 1137/1303/1
f 1138/1304/1 1136/1302/1 1135/1301/1
f 1139/1305/1 1136/1302/1 1138/1304/1
f 1140/1306/1 1141/1307/1 1142/1308/1
f 1143/1309/1 1141/1307/1 1140/1306/1
f 1144/1310/1 1145/1311/1 1146/1312/1
f 1147/1313/1 1145/1311/1 1144/1310/1
f 1148/1314/1 1145/1311/1 1147/1313/1
f 1149/1315/1 1150/1316/1 1151/1317/1
f 1152/1318/1 1150/1316/1 1149/1315/1
f 1153/1319/1 1148/1320/1 1147/1321/1
f 1154/1322/1 1148/1320/1 1153/1319/1
f 1155/1323/1 1156/1324/1 1157/1325/1
f 1158/1326/1 1156/1324/1 1155/1323/1
f 1159/1327/1 1160/1328/1 1161/1329/1
f 1162/1330/1 1160/1328/1 1159/1327/1
f 1163/1331/1 1164/1332/1 1165/1333/1
f 1166/1334/1 1164/1332/1 1163/1331/1
f 1167/1335/1 1168/1336/1 1169/1337/1
f 1170/1338/1 1168/1336/1 1167/1335/1
f 1171/1339/1 1168/1336/1 1170/1338/1
f 1172/1340/1 1167/1335/1 1173/1341/1
f 1174/1342/1 1167/1335/1 1172/1340/1
f 1175/1343/1 1167/1335/1 1174/1342/1
f 1176/1344/1 1177/1345/1 1178/1346/1
f 1179/1347/1 1177/1345/1 1176/1344/1
f 1180/1348/1 1177/1345/1 1179/1347/1
f 1181/1349/1 1182/1350/1 1183/1351/1
f 1184/1352/1 1182/1350/1 1181/1349/1
f 1185/1353/1 1186/1354/1 1187/1355/1
f 1188/1356/1 1186/1354/1 1185/1353/1
f 1189/1357/1 1190/1358/1 1191/1359/1
f 1192/1360/1 1193/1361/1 1189/1357/1
f 1194/1362/1 1195/1363/1 1192/1360/1
f 1196/1364/1 1197/1365/1 1194/1362/1
f 1198/1366/1 1192/1360/1 1189/1357/1
f 1198/1366/1 1199/1367/1 1196/1364/1
f 1198/1366/1 1196/1364/1 1194/1362/1
f 1198/1366/1 1194/1362/1 1192/1360/1
f 1200/1368/1 1199/1367/1 1198/1366/1
f 1201/1369/1 1202/1370/1 1200/1368/1
f 1203/1371/1 1198/1366/1 1189/1357/1
f 1204/1372/1 1205/1373/1 1201/1369/1
f 1204/1372/1 1201/1369/1 1200/1368/1
f 1206/1374/1 1205/1373/1 1204/1372/1
f 1207/1375/1 1204/1372/1 1203/1371/1
f 1207/1375/1 1208/1376/1 1206/1374/1
f 1207/1375/1 1206/1374/1 1204/1372/1
f 1209/1377/1 1208/1376/1 1207/1375/1
f 1210/1378/1 1208/1376/1 1209/1377/1
f 1211/1379/1 1207/1375/1 1203/1371/1
f 1212/1380/1 1210/1378/1 1209/1377/1
f 1213/1381/1 1189/1357/1 1191/1359/1
f 1213/1381/1 1212/1380/1 1211/1379/1
f 1213/1381/1 1203/1371/1 1189/1357/1
f 1213/1381/1 1211/1379/1 1203/1371/1
f 1214/1382/1 1210/1378/1 1212/1380/1
f 1214/1382/1 1212/1380/1 1213/1381/1
f 1215/1383/1 1216/1384/1 1217/1385/1
f 1218/1386/1 1216/1384/1 1215/1383/1
f 1219/1387/1 1220/1388/1 1221/1389/1
f 1222/1390/1 1220/1388/1 1219/1387/1
f 1223/1391/1 1224/1392/1 1225/1393/1
f 1226/1394/1 1224/1392/1 1223/1391/1
f 1227/1395/1 1228/1396/1 1229/1397/1
f 1230/1398/1 1228/1396/1 1227/1395/1
f 1231/1399/1 1232/1400/1 1233/1401/1
f 1234/1402/1 1232/1400/1 1231/1399/1
f 1235/1403/1 1236/1404/1 1237/1405/1
f 1238/1406/1 1236/1404/1 1235/1403/1
f 1239/1407/1 1240/1408/1 1241/1409/1
f 1242/1410/1 1240/1408/1 1239/1407/1
f 1243/1411/1 1244/1412/1 1245/1413/1
f 1246/1414/1 1244/1412/1 1243/1411/1
f 1247/1415/1 1248/1416/1 1249/1417/1
f 1250/1418/1 1248/1416/1 1247/1415/1
f 1251/1419/1 1252/1420/1 1253/1421/1
f 1254/1422/1 1252/1420/1 1251/1419/1
f 1255/1423/1 1256/1424/1 1257/1425/1
f 1258/1426/1 1256/1424/1 1255/1423/1
f 1259/1427/1 1260/1428/1 1261/1429/1
f 1262/1430/1 1260/1428/1 1259/1427/1
f 1263/1431/1 1264/1432/1 1265/1433/1
f 1266/1434/1 1264/1432/1 1263/1431/1
f 1267/1435/1 1268/1436/1 1269/1437/1
f 1270/1438/1 1268/1436/1 1267/1435/1
f 1271/1439/1 1272/1440/1 1273/1441/1
f 1274/1442/1 1272/1440/1 1271/1439/1
f 1275/1443/1 1276/1444/1 1277/1445/1
f 1278/1446/1 1276/1444/1 1275/1443/1
f 1279/1447/1 1280/1448/1 1281/1449/1
f 1282/1450/1 1280/1448/1 1279/1447/1
f 1283/1451/1 1284/1452/1 1285/1453/1
f 1286/1454/1 1284/1452/1 1283/1451/1
f 1287/1455/1 1288/1456/1 1289/1457/1
f 1290/1458/1 1288/1456/1 1287/1455/1
f 1291/1459/1 1292/1460/1 1293/1461/1
f 1294/1462/1 1292/1460/1 1291/1459/1
f 1295/1463/1 1296/1464/1 1297/1465/1
f 1298/1466/1 1296/1464/1 1295/1463/1
f 1299/1467/1 1300/1468/1 1301/1469/1
f 1302/1470/1 1300/1468/1 1299/1467/1
f 1303/1471/1 1304/1472/1 1305/1473/1
f 1306/1474/1 1304/1472/1 1303/1471/1
f 1307/1475/1 1308/1476/1 1309/1477/1
f 1310/1478/1 1308/1476/1 1307/1475/1
f 1311/1479/1 1312/1480/1 1313/1481/1
f 1314/1482/1 1312/1480/1 1311/1479/1
f 1315/1483/1 1316/1484/1 1317/1485/1
f 1318/1486/1 1315/1483/1 1317/1485/1
f 1318/1486/1 1319/1487/1 1315/1483/1
f 1320/1488/1 1319/1487/1 1318/1486/1
f 1321/1489/1 1318/1486/1 1317/1485/1
f 1322/1490/1 1318/1486/1 1321/1489/1
f 1323/1491/1 1324/1492/1 1325/1493/1
f 1326/1494/1 1324/1492/1 1323/1491/1
f 1327/1495/1 1328/1496/1 1329/1497/1
f 1330/1498/1 1328/1496/1 1327/1495/1
f 1331/1499/1 1332/1500/1 1333/1501/1
f 1334/1502/1 1332/1500/1 1331/1499/1
f 1335/1503/1 1336/1504/1 1337/1505/1
f 1338/1506/1 1336/1504/1 1335/1503/1
f 1339/1507/1 1340/1508/1 1341/1509/1
f 1342/1510/1 1339/1507/1 1341/1509/1
f 1343/1511/1 1342/1510/1 1341/1509/1
f 1344/1512/1 1345/1513/1 1342/1514/1
f 1344/1515/1 1342/1510/1 1343/1511/1
f 1346/1516/1 1345/1513/1 1344/1512/1
f 1347/1517/1 1345/1513/1 1346/1516/1
f 1348/1518/1 1349/1519/1 1350/1520/1
f 1351/1521/1 1349/1519/1 1348/1518/1
f 1352/1522/1 1353/1523/1 1354/1524/1
f 1355/1525/1 1353/1523/1 1352/1522/1
f 1356/1526/1 1357/1527/1 1358/1528/1
f 1359/1529/1 1357/1527/1 1356/1526/1
f 1360/1530/1 1361/1531/1 1362/1532/1
f 1363/1533/1 1361/1531/1 1360/1530/1
f 1364/1534/1 1365/1535/1 1366/1536/1
f 1367/1537/1 1365/1535/1 1364/1534/1
f 1368/1538/1 1369/1539/1 1370/1540/1
f 1371/1541/1 1369/1539/1 1368/1538/1
f 1372/1542/1 1373/1543/1 1374/1544/1
f 1375/1545/1 1373/1543/1 1372/1542/1
f 1376/1546/1 1377/1547/1 1378/1548/1
f 1379/1549/1 1377/1547/1 1376/1546/1
f 1380/1550/1 1381/1551/1 1382/1552/1
f 1383/1553/1 1381/1551/1 1380/1550/1
f 1384/1554/1 1385/1555/1 1386/1556/1
f 1387/1557/1 1385/1555/1 1384/1554/1
f 1388/1558/1 1389/1559/1 1390/1560/1
f 1391/1561/1 1389/1559/1 1388/1558/1
f 1392/1562/4 1393/1563/4 1394/1564/4
f 1394/1564/4 1393/1563/4 1395/1565/4
f 1396/1566/4 1397/1567/4 1398/1568/4
f 1398/1568/4 1397/1567/4 1399/1569/4
f 1400/1570/4 1401/1571/4 1402/1572/4
f 1402/1572/4 1401/1571/4 1403/1573/4
f 1404/1574/4 1405/1575/4 1406/1576/4
f 1406/1576/4 1405/1575/4 1407/1577/4
f 1408/1578/4 1409/1579/4 1410/1580/4
f 1410/1580/4 1409/1579/4 1411/1581/4
f 1412/1582/4 1413/1583/4 1414/1584/4
f 1414/1584/4 1413/1583/4 1415/1585/4
f 1416/1586/4 1417/1587/4 1418/1588/4
f 1418/1588/4 1417/1587/4 1419/1589/4
f 1420/1590/4 1421/1591/4 1422/1592/4
f 1422/1592/4 1421/1591/4 1423/1593/4
f 1424/1594/4 1422/1592/4 1425/1595/4
f 1426/1596/4 1427/1597/4 1428/1598/4
f 1428/1598/4 1427/1597/4 1429/1599/4
f 1425/1595/4 1422/1592/4 1430/1600/4
f 1430/1600/4 1422/1592/4 1431/1601/4
f 1432/1602/4 1433/1603/4 1434/1604/4
f 1435/1605/4 1436/1606/4 1437/1607/4
f 1437/1607/4 1436/1606/4 1438/1608/4
f 1434/1604/4 1433/1603/4 1439/1609/4
f 1439/1609/4 1433/1603/4 1440/1610/4
f 1441/1611/4 1442/1612/4 1443/1613/4
f 1443/1613/4 1442/1612/4 1444/1614/4
f 1445/1615/4 1446/1616/4 1447/1617/4
f 1447/1617/4 1446/1616/4 1448/1618/4
f 1449/1619/4 1450/1620/4 1451/1621/4
f 1451/1621/4 1450/1620/4 1452/1622/4
f 1453/1623/4 1454/1624/4 1455/1625/4
f 1455/1625/4 1454/1624/4 1456/1626/4
f 1457/1627/4 1458/1628/4 1459/1629/4
f 1459/1629/4 1458/1628/4 1460/1630/4
f 1461/1631/4 1462/1632/4 1463/1633/4
f 1463/1633/4 1462/1632/4 1464/1634/4
f 1463/1635/4 1464/1636/4 1465/1637/4
f 1465/1637/4 1464/1636/4 1466/1638/4
f 1467/1639/4 1468/1640/4 1469/1641/4
f 1469/1641/4 1468/1640/4 1470/1642/4
f 1471/1643/4 1472/1644/4 1473/1645/4
f 1473/1645/4 1472/1644/4 1474/1646/4
f 1475/1647/4 1476/1648/4 1477/1649/4
f 1477/1649/4 1476/1648/4 1478/1650/4
f 1479/1651/4 1480/1652/4 1481/1653/4
f 1481/1653/4 1480/1652/4 1482/1654/4
f 1483/1655/4 1484/1656/4 1485/1657/4
f 1485/1657/4 1484/1656/4 1486/1658/4
f 1487/1659/4 1488/1660/4 1489/1661/4
f 1489/1661/4 1488/1660/4 1490/1662/4
f 1491/1663/4 1492/1664/4 1493/1665/4
f 1493/1665/4 1492/1664/4 1494/1666/4
f 1494/1666/4 1492/1664/4 1495/1667/4
f 1494/1668/4 1495/1669/4 1496/1670/4
f 1496/1670/4 1495/1669/4 1497/1671/4
f 1498/1672/4 1499/1673/4 1500/1674/4
f 1500/1674/4 1499/1673/4 1501/1675/4
f 1502/1676/4 1503/1677/4 1504/1678/4
f 1504/1678/4 1503/1677/4 1505/1679/4
f 1506/1680/4 1507/1681/4 1508/1682/4
f 1508/1682/4 1507/1681/4 1509/1683/4
f 1510/1684/4 1511/1685/4 1512/1686/4
f 1512/1686/4 1511/1685/4 1513/1687/4
f 1514/1688/4 1515/1689/4 1516/1690/4
f 1514/1688/4 1516/1690/4 1517/1691/4
f 1517/1691/4 1516/1690/4 1518/1692/4
f 1517/1693/4 1518/1694/4 1519/1695/4
f 1519/1695/4 1518/1694/4 1520/1696/4
f 1521/1697/4 1522/1698/4 1523/1699/4
f 1523/1699/4 1522/1698/4 1524/1700/4
f 1525/1701/4 1526/1702/4 1527/1703/4
f 1528/1704/4 1529/1705/4 1530/1706/4
f 1530/1706/4 1529/1705/4 1531/1707/4
f 1532/1708/4 1533/1709/4 1534/1710/4
f 1534/1710/4 1533/1709/4 1535/1711/4
f 1527/1703/4 1526/1702/4 1536/1712/4
f 1536/1712/4 1526/1702/4 1537/1713/4
f 1538/1714/4 1539/1715/4 1540/1716/4
f 1541/1717/4 1542/1718/4 1543/1719/4
f 1543/1719/4 1542/1718/4 1544/1720/4
f 1540/1716/4 1539/1715/4 1545/1721/4
f 1545/1721/4 1539/1715/4 1546/1722/4
f 1547/1723/4 1548/1724/4 1549/1725/4
f 1549/1725/4 1548/1724/4 1550/1726/4
f 1549/1727/4 1550/1728/4 1551/1729/4
f 1551/1729/4 1550/1728/4 1552/1730/4
f 1553/1731/4 1554/1732/4 1555/1733/4
f 1555/1733/4 1554/1732/4 1556/1734/4
f 1557/1735/4 1558/1736/4 1559/1737/4
f 1559/1737/4 1558/1736/4 1560/1738/4
f 1561/1739/4 1562/1740/4 1563/1741/4
f 1563/1741/4 1562/1740/4 1564/1742/4
f 1565/1743/4 1566/1744/4 1567/1745/4
f 1567/1745/4 1566/1744/4 1568/1746/4
f 1568/1746/4 1566/1744/4 1569/1747/4
f 1568/1748/4 1569/1749/4 1570/1750/4
f 1570/1750/4 1569/1749/4 1571/1751/4
f 1572/1752/4 1573/1753/4 1574/1754/4
f 1574/1754/4 1573/1753/4 1575/1755/4
f 1576/1756/4 1577/1757/4 1578/1758/4
f 1578/1758/4 1577/1757/4 1579/1759/4
f 1580/1760/4 1581/1761/4 1582/1762/4
f 1582/1762/4 1581/1761/4 1583/1763/4
f 1584/1764/4 1585/1765/4 1586/1766/4
f 1586/1766/4 1585/1765/4 1587/1767/4
f 1586/1768/4 1587/1769/4 1588/1770/4
f 1588/1770/4 1587/1769/4 1589/1771/4
f 1590/1772/4 1591/1773/4 1592/1774/4
f 1592/1774/4 1591/1773/4 1593/1775/4
f 1594/1776/4 1595/1777/4 1596/1778/4
f 1596/1778/4 1595/1777/4 1597/1779/4
f 1598/1780/4 1599/1781/4 1600/1782/4
f 1600/1782/4 1599/1781/4 1601/1783/4
f 1602/1784/4 1603/1785/4 1604/1786/4
f 1604/1786/4 1603/1785/4 1605/1787/4
f 1604/1788/4 1605/1789/4 1606/1790/4
f 1606/1790/4 1605/1789/4 1607/1791/4
f 1608/1792/4 1609/1793/4 1610/1794/4
f 1610/1794/4 1609/1793/4 1611/1795/4
f 1612/1796/4 1613/1797/4 1614/1798/4
f 1614/1798/4 1613/1797/4 1615/1799/4
f 1616/1800/4 1617/1801/4 1618/1802/4
f 1618/1802/4 1617/1801/4 1619/1803/4
f 1618/1804/4 1619/1805/4 1620/1806/4
f 1620/1806/4 1619/1805/4 1621/1807/4
f 1622/1808/4 1623/1809/4 1624/1810/4
f 1624/1810/4 1623/1809/4 1625/1811/4
f 1626/1812/4 1627/1813/4 1628/1814/4
f 1628/1814/4 1627/1813/4 1629/1815/4
f 1630/1816/4 1631/1817/4 1632/1818/4
f 1630/1816/4 1632/1818/4 1633/1819/4
f 1633/1819/4 1632/1818/4 1634/1820/4
f 1633/1821/4 1634/1822/4 1635/1823/4
f 1635/1823/4 1634/1822/4 1636/1824/4
f 1637/1825/4 1638/1826/4 1639/1827/4
f 1639/1827/4 1638/1826/4 1640/1828/4
f 1641/1829/4 1642/1830/4 1643/1831/4
f 1643/1831/4 1642/1830/4 1644/1832/4
f 1645/1833/4 1646/1834/4 1647/1835/4
f 1647/1835/4 1646/1834/4 1648/1836/4
f 1647/1837/4 1648/1838/4 1649/1839/4
f 1649/1839/4 1648/1838/4 1650/1840/4
f 1651/1841/4 1652/1842/4 1653/1843/4
f 1653/1843/4 1652/1842/4 1654/1844/4
f 1655/1845/4 1656/1846/4 1657/1847/4
f 1657/1847/4 1656/1846/4 1658/1848/4
f 1659/1849/4 1660/1850/4 1661/1851/4
f 1661/1851/4 1660/1850/4 1662/1852/4
f 1661/1853/4 1662/1854/4 1663/1855/4
f 1663/1855/4 1662/1854/4 1664/1856/4
f 1665/1857/4 1666/1858/4 1667/1859/4
f 1667/1859/4 1666/1858/4 1668/1860/4
f 1669/1861/4 1670/1862/4 1671/1863/4
f 1671/1863/4 1670/1862/4 1672/1864/4
f 1673/1865/4 1674/1866/4 1675/1867/4
f 1675/1867/4 1674/1866/4 1676/1868/4
f 1675/1869/4 1676/1870/4 1677/1871/4
f 1677/1871/4 1676/1870/4 1678/1872/4
f 1679/1873/4 1680/1874/4 1681/1875/4
f 1681/1875/4 1680/1874/4 1682/1876/4
f 1683/1877/4 1684/1878/4 1685/1879/4
f 1685/1879/4 1684/1878/4 1686/1880/4
f 1687/1881/4 1688/1882/4 1689/1883/4
f 1689/1883/4 1688/1882/4 1690/1884/4
f 1691/1885/4 1692/1886/4 1693/1887/4
f 1691/1885/4 1693/1887/4 1694/1888/4
f 1694/1888/4 1693/1887/4 1695/1889/4
f 1694/1888/4 1695/1889/4 1696/1890/4
f 1694/1888/4 1696/1890/4 1697/1891/4
f 1698/1892/4 1699/1893/4 1700/1894/4
f 1700/1894/4 1699/1893/4 1701/1895/4
f 1694/1888/4 1697/1891/4 1702/1896/4
f 1702/1896/4 1697/1891/4 1703/1897/4
f 1704/1898/4 1705/1899/4 1706/1900/4
f 1707/1901/4 1708/1902/4 1709/1903/4
f 1709/1903/4 1708/1902/4 1710/1904/4
f 1706/1900/4 1705/1899/4 1711/1905/4
f 1711/1905/4 1705/1899/4 1712/1906/4
f 1713/1907/4 1714/1908/4 1715/1909/4
f 1715/1909/4 1714/1908/4 1716/1910/4
f 1716/1910/4 1714/1908/4 1717/1911/4
f 1716/1912/4 1717/1913/4 1718/1914/4
f 1718/1914/4 1717/1913/4 1719/1915/4
f 1720/1916/4 1721/1917/4 1722/1918/4
f 1722/1918/4 1721/1917/4 1723/1919/4
f 1724/1920/4 1725/1921/4 1726/1922/4
f 1726/1922/4 1725/1921/4 1727/1923/4
f 1728/1924/4 1729/1925/4 1730/1926/4
f 1730/1926/4 1729/1925/4 1731/1927/4
f 1732/1928/4 1733/1929/4 1734/1930/4
f 1734/1930/4 1733/1929/4 1735/1931/4
f 1736/1932/4 1737/1933/4 1738/1934/4
f 1738/1934/4 1737/1933/4 1739/1935/4
f 1740/1936/4 1741/1937/4 1742/1938/4
f 1742/1938/4 1741/1937/4 1743/1939/4
f 1744/1940/4 1745/1941/4 1746/1942/4
f 1746/1942/4 1745/1941/4 1747/1943/4
f 1748/1944/4 1749/1945/4 1750/1946/4
f 1750/1946/4 1749/1945/4 1751/1947/4
f 1752/1948/4 1753/1949/4 1754/1950/4
f 1754/1950/4 1753/1949/4 1755/1951/4
f 1754/1952/4 1755/1953/4 1756/1954/4
f 1756/1954/4 1755/1953/4 1757/1955/4
f 1758/1956/4 1759/1957/4 1760/1958/4
f 1760/1958/4 1759/1957/4 1761/1959/4
f 1762/1960/4 1763/1961/4 1764/1962/4
f 1764/1962/4 1763/1961/4 1765/1963/4
f 1766/1964/4 1767/1965/4 1768/1966/4
f 1768/1966/4 1767/1965/4 1769/1967/4
f 1770/1968/4 1771/1969/4 1772/1970/4
f 1772/1970/4 1771/1969/4 1773/1971/4
f 1774/1972/4 1775/1973/4 1776/1974/4
f 1776/1974/4 1775/1973/4 1777/1975/4
f 1778/1976/4 1779/1977/4 1780/1978/4
f 1780/1978/4 1779/1977/4 1781/1979/4
f 1782/1980/4 1783/1981/4 1784/1982/4
f 1784/1982/4 1783/1981/4 1785/1983/4
f 1786/1984/4 1787/1985/4 1788/1986/4
f 1788/1986/4 1787/1985/4 1789/1987/4
f 1790/1988/4 1791/1989/4 1792/1990/4
f 1792/1990/4 1791/1989/4 1793/1991/4
f 1794/1992/4 1795/1993/4 1796/1994/4
f 1796/1994/4 1795/1993/4 1797/1995/4
f 1798/1996/4 1799/1997/4 1800/1998/4
f 1800/1998/4 1799/1997/4 1801/1999/4
f 1802/2000/4 1803/2001/4 1804/2002/4
f 1804/2002/4 1803/2001/4 1805/2003/4
f 1806/2004/4 1807/2005/4 1808/2006/4
f 1808/2006/4 1807/2005/4 1809/2007/4
f 1810/2008/4 1811/2009/4 1812/2010/4
f 1812/2010/4 1811/2009/4 1813/2011/4
f 1806/2004/4 1808/2006/4 1814/2012/4
f 1814/2012/4 1808/2006/4 1815/2013/4
f 1816/2014/4 1817/2015/4 1818/2016/4
f 1818/2016/4 1817/2015/4 1819/2017/4
f 1820/2018/4 1821/2019/4 1822/2020/4
f 1822/2020/4 1821/2019/4 1823/2021/4
f 1824/2022/4 1825/2023/4 1826/2024/4
f 1826/2024/4 1825/2023/4 1827/2025/4
f 1827/2025/4 1825/2023/4 1828/2026/4
f 1829/2027/4 1830/2028/4 1831/2029/4
f 1831/2029/4 1830/2028/4 1832/2030/4
f 1832/2030/4 1830/2028/4 1833/2031/4
f 1834/2032/4 1835/2033/4 1836/2034/4
f 1836/2034/4 1835/2033/4 1837/2035/4
f 1838/2036/4 1839/2037/4 1840/2038/4
f 1840/2038/4 1839/2037/4 1841/2039/4
f 1842/2040/4 1843/2041/4 1844/2042/4
f 1844/2042/4 1843/2041/4 1845/2043/4
f 1846/2044/4 1847/2045/4 1848/2046/4
f 1848/2046/4 1847/2045/4 1849/2047/4
f 1850/2048/4 1851/2049/4 1852/2050/4
f 1852/2050/4 1851/2049/4 1853/2051/4
f 1854/2052/4 1855/2053/4 1856/2054/4
f 1856/2054/4 1855/2053/4 1857/2055/4
f 1858/2056/4 1859/2057/4 1860/2058/4
f 1860/2058/4 1859/2057/4 1861/2059/4
f 1862/2060/4 1863/2061/4 1864/2062/4
f 1864/2062/4 1863/2061/4 1865/2063/4
f 1866/2064/4 1867/2065/4 1868/2066/4
f 1868/2066/4 1867/2065/4 1869/2067/4
f 1870/2068/4 1871/2069/4 1872/2070/4
f 1872/2070/4 1871/2069/4 1873/2071/4
f 1874/2072/4 1875/2073/4 1876/2074/4
f 1876/2074/4 1875/2073/4 1877/2075/4
f 1878/2076/4 1879/2077/4 1880/2078/4
f 1880/2078/4 1879/2077/4 1881/2079/4
f 1882/2080/4 1883/2081/4 1884/2082/4
f 1884/2082/4 1883/2081/4 1885/2083/4
f 1886/2084/4 1887/2085/4 1888/2086/4
f 1888/2086/4 1887/2085/4 1889/2087/4
f 1890/2088/4 1891/2089/4 1892/2090/4
f 1892/2090/4 1891/2089/4 1893/2091/4
f 1894/2092/4 1895/2093/4 1896/2094/4
f 1896/2094/4 1895/2093/4 1897/2095/4
f 1898/2096/4 1899/2097/4 1900/2098/4
f 1900/2098/4 1899/2097/4 1901/2099/4
f 1902/2100/4 1903/2101/4 1904/2102/4
f 1904/2102/4 1903/2101/4 1905/2103/4
f 1906/2104/4 1907/2105/4 1908/2106/4
f 1908/2106/4 1907/2105/4 1909/2107/4
f 1910/2108/4 1908/2106/4 1911/2109/4
f 1911/2109/4 1908/2106/4 1912/2110/4
f 1912/2110/4 1908/2106/4 1913/2111/4
f 1914/2112/4 1915/2113/4 1916/2114/4
f 1916/2114/4 1915/2113/4 1917/2115/4
f 1917/2115/4 1915/2113/4 1918/2116/4
f 1919/2117/4 1920/2118/4 1921/2119/4
f 1921/2119/4 1920/2118/4 1922/2120/4
f 1923/2121/4 1924/2122/4 1925/2123/4
f 1925/2123/4 1924/2122/4 1926/2124/4
f 1927/2125/4 1928/2126/4 1929/2127/4
f 1929/2127/4 1928/2126/4 1930/2128/4
f 1929/2129/4 1930/2130/4 1931/2131/4
f 1931/2131/4 1930/2130/4 1932/2132/4
f 1933/2133/4 1934/2134/4 1935/2135/4
f 1935/2135/4 1934/2134/4 1936/2136/4
f 1937/2137/4 1938/2138/4 1939/2139/4
f 1939/2139/4 1938/2138/4 1940/2140/4
f 1941/2141/4 1942/2142/4 1943/2143/4
f 1943/2143/4 1942/2142/4 1944/2144/4
f 1945/2145/4 1946/2146/4 1947/2147/4
f 1947/2147/4 1946/2146/4 1948/2148/4
f 1949/2149/4 1950/2150/4 1951/2151/4
f 1951/2151/4 1950/2150/4 1952/2152/4
f 1953/2153/4 1954/2154/4 1955/2155/4
f 1953/2153/4 1955/2155/4 1956/2156/4
f 1956/2156/4 1955/2155/4 1957/2157/4
f 1956/2156/4 1957/2157/4 1958/2158/4
f 1958/2158/4 1957/2157/4 1959/2159/4
f 1960/2160/4 1961/2161/4 1962/2162/4
f 1962/2162/4 1961/2161/4 1963/2163/4
f 1963/2163/4 1961/2161/4 1964/2164/4
f 1965/2165/4 1966/2166/4 1967/2167/4
f 1967/2167/4 1966/2166/4 1968/2168/4
f 1969/2169/4 1970/2170/4 1971/2171/4
f 1971/2171/4 1970/2170/4 1972/2172/4
f 1973/2173/4 1974/2174/4 1975/2175/4
f 1975/2175/4 1974/2174/4 1976/2176/4
f 1977/2177/4 1978/2178/4 1979/2179/4
f 1977/2177/4 1979/2179/4 1980/2180/4
f 1980/2180/4 1979/2179/4 1981/2181/4
f 1980/2182/4 1981/2183/4 1982/2184/4
f 1982/2184/4 1981/2183/4 1983/2185/4
f 1984/2186/4 1985/2187/4 1986/2188/4
f 1986/2188/4 1985/2187/4 1987/2189/4
f 1988/2190/4 1989/2191/4 1990/2192/4
f 1990/2192/4 1989/2191/4 1991/2193/4
f 1992/2194/4 1993/2195/4 1994/2196/4
f 1994/2196/4 1993/2195/4 1995/2197/4
f 1994/2198/4 1995/2199/4 1996/2200/4
f 1996/2200/4 1995/2199/4 1997/2201/4
f 1998/2202/4 1999/2203/4 2000/2204/4
f 2000/2204/4 1999/2203/4 2001/2205/4
f 2002/2206/4 2003/2207/4 2004/2208/4
f 2004/2208/4 2003/2207/4 2005/2209/4
f 2006/2210/4 2007/2211/4 2008/2212/4
f 2008/2212/4 2007/2211/4 2009/2213/4
f 2008/2212/4 2009/2213/4 2010/2214/4
f 2010/2214/4 2009/2213/4 2011/2215/4
f 2010/2216/4 2011/2217/4 2012/2218/4
f 2012/2218/4 2011/2217/4 2013/2219/4
f 2014/2220/4 2015/2221/4 2016/2222/4
f 2016/2222/4 2015/2221/4 2017/2223/4
f 2018/2224/4 2019/2225/4 2020/2226/4
f 2020/2226/4 2019/2225/4 2021/2227/4
f 2022/2228/4 2023/2229/4 2024/2230/4
f 2024/2230/4 2023/2229/4 2025/2231/4
f 2026/2232/4 2027/2233/4 2028/2234/4
f 2028/2234/4 2027/2233/4 2029/2235/4
f 2030/2236/4 2031/2237/4 2032/2238/4
f 2032/2238/4 2031/2237/4 2033/2239/4
f 2034/2240/4 2035/2241/4 2036/2242/4
f 2036/2242/4 2035/2241/4 2037/2243/4
f 2036/2244/4 2037/2245/4 2038/2246/4
f 2038/2246/4 2037/2245/4 2039/2247/4
f 2040/2248/4 2041/2249/4 2042/2250/4
f 2042/2250/4 2041/2249/4 2043/2251/4
f 2044/2252/4 2045/2253/4 2046/2254/4
f 2046/2254/4 2045/2253/4 2047/2255/4
f 2048/2256/4 2049/2257/4 2050/2258/4
f 2051/2259/4 2052/2260/4 2053/2261/4
f 2048/2256/4 2050/2258/4 2054/2262/4
f 2054/2262/4 2050/2258/4 2055/2263/4
f 2054/2264/4 2055/2265/4 2056/2266/4
f 2056/2266/4 2055/2265/4 2057/2267/4
f 2058/2268/4 2059/2269/4 2060/2270/4
f 2060/2270/4 2059/2269/4 2061/2271/4
f 2053/2261/4 2052/2260/4 2062/2272/4
f 2062/2272/4 2052/2260/4 2063/2273/4
f 2064/2274/4 2065/2275/4 2066/2276/4
f 2066/2276/4 2065/2275/4 2067/2277/4
f 2067/2277/4 2065/2275/4 2068/2278/4
f 2069/2279/4 2070/2280/4 2071/2281/4
f 2071/2281/4 2070/2280/4 2072/2282/4
f 2073/2283/4 2074/2284/4 2075/2285/4
f 2075/2285/4 2074/2284/4 2076/2286/4
f 2077/2287/4 2078/2288/4 2079/2289/4
f 2079/2289/4 2078/2288/4 2080/2290/4
f 2080/2290/4 2078/2288/4 2081/2291/4
f 2080/2292/4 2081/2293/4 2082/2294/4
f 2082/2294/4 2081/2293/4 2083/2295/4
f 2084/2296/4 2085/2297/4 2086/2298/4
f 2086/2298/4 2085/2297/4 2087/2299/4
f 2088/2300/4 2089/2301/4 2090/2302/4
f 2090/2302/4 2089/2301/4 2091/2303/4
f 2092/2304/4 2093/2305/4 2094/2306/4
f 2094/2306/4 2093/2305/4 2095/2307/4
f 2096/2308/4 2097/2309/4 2098/2310/4
f 2098/2310/4 2097/2309/4 2099/2311/4
f 2100/2312/4 2101/2313/4 2102/2314/4
f 2102/2314/4 2101/2313/4 2103/2315/4
f 2104/2316/4 2105/2317/4 2106/2318/4
f 2106/2318/4 2105/2317/4 2107/2319/4
f 2108/2320/4 2109/2321/4 2110/2322/4
f 2110/2322/4 2109/2321/4 2111/2323/4
f 2112/2324/4 2113/2325/4 2114/2326/4
f 2113/2327/4 2115/2328/4 2116/2329/4
f 2114/2326/4 2113/2325/4 2116/2330/4
f 2116/2329/4 2115/2328/4 2117/2331/4
f 2117/2331/4 2115/2328/4 2118/2332/4
f 2116/2329/4 2117/2331/4 2119/2333/4
f 2119/2333/4 2117/2331/4 2120/2334/4
f 2121/2335/4 2122/2336/4 2123/2337/4
f 2123/2337/4 2122/2336/4 2124/2338/4
f 2125/2339/4 2126/2340/4 2127/2341/4
f 2127/2341/4 2126/2340/4 2128/2342/4
f 2129/2343/4 2130/2344/4 2131/2345/4
f 2131/2345/4 2130/2344/4 2132/2346/4
f 2133/2347/4 2134/2348/4 2135/2349/4
f 2135/2349/4 2134/2348/4 2136/2350/4
f 2137/2351/4 2138/2352/4 2139/2353/4
f 2139/2353/4 2138/2352/4 2140/2354/4
f 2141/2355/4 2142/2356/4 2143/2357/4
f 2143/2357/4 2142/2356/4 2144/2358/4
f 2145/2359/4 2146/2360/4 2147/2361/4
f 2147/2361/4 2146/2360/4 2148/2362/4
f 2149/2363/4 2150/2364/4 2151/2365/4
f 2151/2365/4 2150/2364/4 2152/2366/4
f 2153/2367/4 2154/2368/4 2155/2369/4
f 2155/2369/4 2154/2368/4 2156/2370/4
f 2157/2371/4 2158/2372/4 2159/2373/4
f 2159/2373/4 2158/2372/4 2160/2374/4
f 2161/2375/4 2162/2376/4 2163/2377/4
f 2163/2377/4 2162/2376/4 2164/2378/4
f 2165/2379/4 2166/2380/4 2167/2381/4
f 2167/2381/4 2166/2380/4 2168/2382/4
f 2169/2383/4 2170/2384/4 2171/2385/4
f 2171/2385/4 2170/2384/4 2172/2386/4
f 2173/2387/4 2174/2388/4 2175/2389/4
f 2175/2389/4 2174/2388/4 2176/2390/4
f 2177/2391/4 2178/2392/4 2179/2393/4
f 2179/2393/4 2178/2392/4 2180/2394/4
f 2181/2395/4 2182/2396/4 2183/2397/4
f 2183/2397/4 2182/2396/4 2184/2398/4
f 2185/2399/4 2186/2400/4 2187/2401/4
f 2187/2401/4 2186/2400/4 2188/2402/4
f 2189/2403/4 2190/2404/4 2191/2405/4
f 2191/2405/4 2190/2404/4 2192/2406/4
f 2193/2407/4 2194/2408/4 2195/2409/4
f 2195/2409/4 2194/2408/4 2196/2410/4
f 2197/2411/4 2198/2412/4 2199/2413/4
f 2199/2413/4 2198/2412/4 2200/2414/4
f 2201/2415/4 2202/2416/4 2203/2417/4
f 2203/2417/4 2202/2416/4 2204/2418/4
f 2205/2419/4 2206/2420/4 2207/2421/4
f 2207/2421/4 2206/2420/4 2208/2422/4
f 2209/2423/4 2210/2424/4 2211/2425/4
f 2211/2425/4 2210/2424/4 2212/2426/4
f 2213/2427/4 2214/2428/4 2215/2429/4
f 2213/2427/4 2215/2429/4 2216/2430/4
f 2215/2429/4 2217/2431/4 2216/2430/4
f 2216/2430/4 2217/2431/4 2218/2432/4
f 2219/2433/4 2220/2434/4 2221/2435/4
f 2221/2435/4 2220/2434/4 2222/2436/4
f 2223/2437/4 2224/2438/4 2225/2439/4
f 2225/2439/4 2224/2438/4 2226/2440/4
f 2227/2441/4 2228/2442/4 2229/2443/4
f 2229/2443/4 2230/2444/4 2231/2445/4
f 2231/2445/4 2232/2446/4 2233/2447/4
f 2231/2445/4 2233/2447/4 2234/2448/4
f 2227/2441/4 2229/2443/4 2235/2449/4
f 2236/2450/4 2237/2451/4 2235/2449/4
f 2234/2448/4 2236/2450/4 2235/2449/4
f 2231/2445/4 2234/2448/4 2235/2449/4
f 2229/2443/4 2231/2445/4 2235/2449/4
f 2235/2449/4 2237/2451/4 2238/2452/4
f 2238/2452/4 2237/2451/4 2239/2453/4
f 2239/2453/4 2240/2454/4 2241/2455/4
f 2238/2452/4 2239/2453/4 2241/2455/4
f 2227/2441/4 2235/2449/4 2242/2456/4
f 2241/2455/4 2243/2457/4 2244/2458/4
f 2238/2452/4 2241/2455/4 2244/2458/4
f 2244/2458/4 2243/2457/4 2245/2459/4
f 2242/2456/4 2244/2458/4 2246/2460/4
f 2244/2458/4 2245/2459/4 2246/2460/4
f 2246/2460/4 2245/2459/4 2247/2461/4
f 2242/2456/4 2246/2460/4 2248/2462/4
f 2247/2461/4 2245/2459/4 2249/2463/4
f 2227/2441/4 2242/2456/4 2250/2464/4
f 2248/2462/4 2249/2463/4 2250/2464/4
f 2242/2456/4 2248/2462/4 2250/2464/4
f 2249/2463/4 2245/2459/4 2251/2465/4
f 2250/2464/4 2249/2463/4 2251/2465/4
f 2252/2466/4 2253/2467/4 2254/2468/4
f 2254/2468/4 2253/2467/4 2255/2469/4
f 2256/2470/4 2257/2471/4 2258/2472/4
f 2258/2472/4 2257/2471/4 2259/2473/4
f 2260/2474/4 2261/2475/4 2262/2476/4
f 2262/2476/4 2261/2475/4 2263/2477/4
f 2264/2478/4 2265/2479/4 2266/2480/4
f 2266/2480/4 2265/2479/4 2267/2481/4
f 2267/2481/4 2265/2479/4 2268/2482/4
f 2269/2483/4 2270/2484/4 2271/2485/4
f 2271/2485/4 2270/2484/4 2272/2486/4
f 2273/2487/4 2274/2488/4 2275/2489/4
f 2275/2489/4 2274/2488/4 2276/2490/4
f 2277/2491/4 2278/2492/4 2279/2493/4
f 2279/2493/4 2278/2492/4 2280/2494/4
f 2281/2495/4 2282/2496/4 2283/2497/4
f 2283/2497/4 2282/2496/4 2284/2498/4
f 2285/2499/4 2286/2500/4 2287/2501/4
f 2287/2501/4 2286/2500/4 2288/2502/4
f 2289/2503/4 2290/2504/4 2291/2505/4
f 2291/2505/4 2290/2504/4 2292/2506/4
f 2293/2507/4 2294/2508/4 2295/2509/4
f 2295/2509/4 2294/2508/4 2296/2510/4
f 2297/2511/4 2298/2512/4 2299/2513/4
f 2297/2511/4 2299/2513/4 2300/2514/4
f 2299/2515/4 2301/2516/4 2300/2517/4
f 2300/2517/4 2301/2516/4 2302/2518/4
f 2297/2511/4 2300/2514/4 2303/2519/4
f 2303/2519/4 2300/2514/4 2304/2520/4
f 2305/2521/4 2306/2522/4 2307/2523/4
f 2307/2523/4 2306/2522/4 2308/2524/4
f 2308/2524/4 2306/2522/4 2309/2525/4
f 2309/2525/4 2306/2522/4 2310/2526/4
f 2310/2526/4 2306/2522/4 2311/2527/4
f 2311/2527/4 2306/2522/4 2312/2528/4
f 2313/2529/4 2314/2530/4 2315/2531/4
f 2315/2531/4 2314/2530/4 2316/2532/4
f 2317/2533/4 2318/2534/4 2319/2535/4
f 2319/2535/4 2318/2534/4 2320/2536/4
f 2321/2537/4 2322/2538/4 2323/2539/4
f 2323/2539/4 2322/2538/4 2324/2540/4
f 2325/2541/4 2326/2542/4 2327/2543/4
f 2327/2543/4 2326/2542/4 2328/2544/4
f 2329/2545/4 2330/2546/4 2331/2547/4
f 2331/2547/4 2330/2546/4 2332/2548/4
f 2333/2549/4 2334/2550/4 2335/2551/4
f 2335/2551/4 2334/2550/4 2336/2552/4
f 2337/2553/4 2338/2554/4 2339/2555/4
f 2339/2555/4 2338/2554/4 2340/2556/4
f 2341/2557/4 2342/2558/4 2343/2559/4
f 2343/2559/4 2342/2558/4 2344/2560/4
f 2345/2561/4 2346/2562/4 2347/2563/4
f 2347/2563/4 2346/2562/4 2348/2564/4
f 2349/2565/4 2350/2566/4 2351/2567/4
f 2351/2567/4 2350/2566/4 2352/2568/4
f 2353/2569/4 2354/2570/4 2355/2571/4
f 2355/2571/4 2354/2570/4 2356/2572/4
f 2357/2573/4 2358/2574/4 2359/2575/4
f 2359/2575/4 2358/2574/4 2360/2576/4
f 2361/2577/4 2362/2578/4 2363/2579/4
f 2363/2579/4 2362/2578/4 2364/2580/4
f 2365/2581/4 2366/2582/4 2367/2583/4
f 2367/2583/4 2366/2582/4 2368/2584/4
f 2369/2585/4 2370/2586/4 2371/2587/4
f 2371/2587/4 2370/2586/4 2372/2588/4
f 2373/2589/4 2374/2590/4 2375/2591/4
f 2375/2591/4 2374/2590/4 2376/2592/4
f 2377/2593/4 2378/2594/4 2379/2595/4
f 2379/2595/4 2378/2594/4 2380/2596/4
f 2381/2597/4 2382/2598/4 2383/2599/4
f 2383/2599/4 2382/2598/4 2384/2600/4
f 2385/2601/4 2386/2602/4 2387/2603/4
f 2387/2603/4 2386/2602/4 2388/2604/4
f 2389/2605/4 2390/2606/4 2391/2607/4
f 2391/2607/4 2390/2606/4 2392/2608/4
f 2393/2609/4 2394/2610/4 2395/2611/4
f 2395/2611/4 2394/2610/4 2396/2612/4
f 2397/2613/4 2398/2614/4 2399/2615/4
f 2399/2615/4 2398/2614/4 2400/2616/4
f 2401/2617/4 2402/2618/4 2403/2619/4
f 2403/2619/4 2402/2618/4 2404/2620/4
f 2404/2620/4 2402/2618/4 2405/2621/4
f 2405/2621/4 2402/2618/4 2406/2622/4
f 2401/2617/4 2403/2619/4 2407/2623/4
f 2404/2620/4 2405/2621/4 2408/2624/4
f 2408/2624/4 2405/2621/4 2409/2625/4
f 2406/2622/4 2402/2618/4 2410/2626/4
f 2408/2624/4 2409/2625/4 2411/2627/4
f 2409/2625/4 2410/2626/4 2411/2627/4
f 2407/2623/4 2408/2624/4 2411/2627/4
f 2411/2627/4 2410/2626/4 2412/2628/4
f 2407/2623/4 2411/2627/4 2413/2629/4
f 2412/2628/4 2410/2626/4 2414/2630/4
f 2401/2617/4 2407/2623/4 2415/2631/4
f 2413/2629/4 2414/2630/4 2415/2631/4
f 2407/2623/4 2413/2629/4 2415/2631/4
f 2415/2631/4 2414/2630/4 2416/2632/4
f 2401/2617/4 2415/2631/4 2417/2633/4
f 2416/2632/4 2414/2630/4 2418/2634/4
f 2401/2617/4 2417/2633/4 2419/2635/4
f 2417/2633/4 2418/2634/4 2419/2635/4
f 2419/2635/4 2418/2634/4 2420/2636/4
f 2401/2617/4 2419/2635/4 2421/2637/4
f 2420/2636/4 2418/2634/4 2422/2638/4
f 2414/2630/4 2410/2626/4 2423/2639/4
f 2418/2634/4 2414/2630/4 2423/2639/4
f 2422/2638/4 2418/2634/4 2423/2639/4
f 2410/2626/4 2402/2618/4 2424/2640/4
f 2423/2639/4 2410/2626/4 2424/2640/4
f 2425/2641/4 2426/2642/4 2427/2643/4
f 2426/2644/4 2428/2645/4 2429/2646/4
f 2427/2643/4 2426/2642/4 2429/2647/4
f 2429/2646/4 2428/2645/4 2430/2648/4
f 2425/2641/4 2427/2643/4 2431/2649/4
f 2427/2650/4 2429/2646/4 2431/2651/4
f 2429/2647/4 2430/2652/4 2432/2653/4
f 2431/2651/4 2429/2646/4 2432/2654/4
f 2422/2638/4 2423/2639/4 2433/2655/4
f 2421/2637/4 2422/2638/4 2433/2655/4
f 2401/2617/4 2421/2637/4 2433/2655/4
f 2433/2655/4 2423/2639/4 2434/2656/4
f 2431/2649/4 2432/2653/4 2435/2657/4
f 2425/2641/4 2431/2649/4 2435/2657/4
f 2435/2657/4 2432/2653/4 2436/2658/4
f 2424/2640/4 2402/2618/4 2437/2659/4
f 2437/2659/4 2402/2618/4 2438/2660/4
f 2425/2641/4 2435/2657/4 2439/2661/4
f 2435/2662/4 2436/2663/4 2440/2664/4
f 2439/2661/4 2435/2657/4 2440/2665/4
f 2436/2658/4 2432/2653/4 2441/2666/4
f 2440/2664/4 2436/2663/4 2441/2667/4
f 2442/2668/4 2443/2669/4 2444/2670/4
f 2444/2670/4 2443/2669/4 2445/2671/4
f 2442/2668/4 2444/2670/4 2446/2672/4
f 2444/2673/4 2445/2674/4 2447/2675/4
f 2446/2672/4 2444/2670/4 2447/2676/4
f 2445/2671/4 2443/2669/4 2448/2677/4
f 2447/2675/4 2445/2674/4 2448/2678/4
f 2448/2677/4 2443/2669/4 2449/2679/4
f 2449/2679/4 2443/2669/4 2450/2680/4
f 2450/2680/4 2443/2669/4 2451/2681/4
f 2439/2682/4 2440/2664/4 2452/2683/4
f 2440/2665/4 2441/2666/4 2453/2684/4
f 2452/2683/4 2440/2664/4 2453/2685/4
f 2432/2653/4 2430/2652/4 2454/2686/4
f 2453/2684/4 2441/2666/4 2454/2686/4
f 2441/2666/4 2432/2653/4 2454/2686/4
f 2446/2687/4 2447/2675/4 2455/2688/4
f 2442/2668/4 2446/2672/4 2455/2689/4
f 2447/2676/4 2448/2677/4 2456/2690/4
f 2455/2688/4 2447/2675/4 2456/2691/4
f 2448/2678/4 2449/2692/4 2457/2693/4
f 2456/2690/4 2448/2677/4 2457/2694/4
f 2449/2679/4 2450/2680/4 2458/2695/4
f 2457/2693/4 2449/2692/4 2458/2696/4
f 2451/2681/4 2443/2669/4 2459/2697/4
f 2450/2698/4 2451/2699/4 2459/2700/4
f 2459/2697/4 2443/2669/4 2460/2701/4
f 2456/2691/4 2457/2693/4 2461/2702/4
f 2455/2689/4 2456/2690/4 2461/2703/4
f 2457/2694/4 2458/2695/4 2462/2704/5
f 2461/2702/4 2457/2693/4 2462/2705/5
f 2458/2695/4 2450/2680/4 2463/2706/4
f 2462/2704/5 2458/2695/4 2463/2706/4
f 2463/2706/4 2450/2680/4 2464/2707/4
f 2450/2698/4 2459/2700/4 2465/2708/4
f 2459/2700/4 2460/2709/4 2465/2708/4
f 2460/2701/4 2443/2669/4 2466/2710/4
f 2465/2708/4 2460/2709/4 2466/2711/4
f 2467/2712/4 2468/2713/4 2469/2714/4
f 2469/2714/4 2468/2713/4 2470/2715/4
f 2470/2715/4 2468/2713/4 2471/2716/4
f 2468/2717/4 2472/2718/4 2473/2719/4
f 2471/2716/4 2468/2713/4 2473/2720/4
f 2473/2719/4 2472/2718/4 2474/2721/4
f 2461/2703/4 2462/2704/5 2475/2722/4
f 2462/2704/5 2463/2706/4 2475/2722/4
f 2463/2723/4 2464/2724/4 2476/2725/4
f 2475/2722/4 2463/2706/4 2476/2726/4
f 2464/2707/4 2450/2680/4 2477/2727/4
f 2476/2725/4 2464/2724/4 2477/2728/4
f 2450/2698/4 2465/2708/4 2478/2729/4
f 2477/2727/4 2450/2680/4 2478/2730/4
f 2465/2731/4 2466/2710/4 2479/2732/4
f 2478/2729/4 2465/2708/4 2479/2733/4
f 2466/2710/4 2443/2669/4 2480/2734/4
f 2479/2732/4 2466/2710/4 2480/2734/4
f 2480/2734/4 2443/2669/4 2481/2735/4
f 2467/2712/4 2469/2714/4 2482/2736/4
f 2482/2736/4 2469/2714/4 2483/2737/4
f 2483/2737/4 2469/2714/4 2484/2738/4
f 2469/2739/4 2470/2740/4 2485/2741/4
f 2484/2738/4 2469/2714/4 2485/2742/4
f 2470/2715/4 2471/2716/4 2486/2743/4
f 2485/2741/4 2470/2740/4 2486/2744/4
f 2486/2743/4 2471/2716/4 2487/2745/4
f 2471/2746/4 2473/2719/4 2488/2747/4
f 2487/2745/4 2471/2716/4 2488/2748/4
f 2473/2720/4 2474/2749/4 2489/2750/4
f 2488/2747/4 2473/2719/4 2489/2751/4
f 2489/2750/4 2474/2749/4 2490/2752/4
f 2491/2753/4 2492/2754/4 2493/2755/4
f 2478/2729/4 2479/2733/4 2494/2756/4
f 2475/2757/4 2476/2725/4 2494/2756/4
f 2461/2703/4 2475/2722/4 2494/2758/4
f 2476/2725/4 2477/2728/4 2494/2756/4
f 2477/2728/4 2478/2729/4 2494/2756/4
f 2479/2733/4 2480/2759/4 2494/2756/4
f 2494/2756/4 2480/2759/4 2495/2760/4
f 2495/2760/4 2480/2759/4 2496/2761/4
f 2496/2761/4 2480/2759/4 2497/2762/4
f 2497/2762/4 2480/2759/4 2498/2763/4
f 2481/2735/4 2482/2764/4 2499/2765/4
f 2498/2763/4 2480/2759/4 2499/2766/4
f 2480/2734/4 2481/2735/4 2499/2765/4
f 2483/2737/4 2484/2738/4 2500/2767/4
f 2484/2768/4 2485/2741/4 2501/2769/4
f 2500/2767/4 2484/2738/4 2501/2770/4
f 2485/2742/4 2486/2743/4 2502/2771/4
f 2501/2769/4 2485/2741/4 2502/2772/4
f 2486/2743/4 2487/2745/4 2502/2771/4
f 2487/2773/4 2488/2747/4 2503/2774/4
f 2502/2771/4 2487/2745/4 2503/2775/4
f 2488/2748/4 2489/2750/4 2504/2776/4
f 2503/2774/4 2488/2747/4 2504/2777/4
f 2494/2758/4 2495/2778/4 2505/2779/4
f 2495/2760/4 2496/2761/4 2505/2780/4
f 2496/2781/4 2497/2782/4 2506/2783/4
f 2505/2780/4 2496/2761/4 2506/2784/4
f 2497/2762/4 2498/2763/4 2507/2785/4
f 2506/2783/4 2497/2782/4 2507/2786/4
f 2498/2787/4 2499/2765/4 2508/2788/4
f 2507/2785/4 2498/2763/4 2508/2789/4
f 2499/2765/4 2482/2764/4 2509/2790/4
f 2508/2788/4 2499/2765/4 2509/2790/4
f 2500/2791/4 2501/2769/4 2510/2792/4
f 2502/2771/4 2503/2775/4 2511/2793/4
f 2501/2770/4 2502/2771/4 2511/2793/4
f 2510/2792/4 2501/2769/4 2511/2794/4
f 2503/2775/4 2504/2776/4 2511/2793/4
f 2511/2793/4 2504/2776/4 2512/2795/4
f 2512/2795/4 2504/2776/4 2513/2796/4
f 2504/2776/4 2489/2750/4 2514/2797/4
f 2513/2796/4 2504/2776/4 2514/2797/4
f 2490/2798/4 2493/2755/4 2515/2799/4
f 2509/2790/4 2510/2800/4 2516/2801/4
f 2508/2788/4 2509/2790/4 2516/2801/4
f 2505/2779/4 2506/2783/4 2516/2801/4
f 2506/2783/4 2507/2786/4 2516/2801/4
f 2507/2786/4 2508/2788/4 2516/2801/4
f 2512/2795/4 2513/2796/4 2517/2802/4
f 2517/2802/4 2513/2796/4 2518/2803/4
f 2514/2804/4 2515/2799/4 2519/2805/4
f 2516/2801/4 2517/2806/4 2520/2807/4
f 2518/2808/4 2519/2805/4 2521/2809/4
f 2516/2801/4 2520/2807/4 2522/2810/4
f 2520/2807/4 2521/2809/4 2522/2810/4
f 2455/2689/4 2461/2703/4 2522/2810/4
f 2442/2668/4 2455/2689/4 2522/2810/4
f 2505/2779/4 2516/2801/4 2522/2810/4
f 2461/2703/4 2494/2758/4 2522/2810/4
f 2494/2758/4 2505/2779/4 2522/2810/4
f 2522/2810/4 2521/2809/4 2523/2811/6
f 2442/2668/4 2522/2810/4 2524/2812/4
f 2522/2813/4 2523/2814/6 2525/2815/4
f 2524/2812/4 2522/2810/4 2525/2816/4
f 2523/2811/6 2521/2809/4 2526/2817/4
f 2525/2815/4 2523/2814/6 2526/2818/4
f 2526/2817/4 2521/2809/4 2527/2819/7
f 2524/2820/4 2525/2815/4 2528/2821/4
f 2442/2668/4 2524/2812/4 2528/2822/4
f 2525/2816/4 2526/2817/4 2529/2823/4
f 2528/2821/4 2525/2815/4 2529/2824/4
f 2526/2818/4 2527/2825/7 2530/2826/4
f 2529/2823/4 2526/2817/4 2530/2827/4
f 2527/2819/7 2521/2809/4 2531/2828/4
f 2530/2826/4 2527/2825/7 2531/2829/4
f 2529/2824/4 2530/2826/4 2532/2830/4
f 2528/2822/4 2529/2823/4 2532/2831/4
f 2530/2827/4 2531/2828/4 2533/2832/8
f 2532/2830/4 2530/2826/4 2533/2833/8
f 2521/2809/4 2519/2805/4 2534/2834/4
f 2533/2832/8 2531/2828/4 2534/2834/4
f 2519/2805/4 2515/2799/4 2534/2834/4
f 2531/2828/4 2521/2809/4 2534/2834/4
f 2515/2799/4 2493/2755/4 2535/2835/4
f 2534/2834/4 2515/2799/4 2535/2835/4
f 2532/2831/4 2533/2832/8 2536/2836/4
f 2533/2832/8 2534/2834/4 2536/2836/4
f 2534/2837/4 2535/2838/4 2537/2839/4
f 2536/2836/4 2534/2834/4 2537/2840/4
f 2535/2835/4 2493/2755/4 2538/2841/4
f 2537/2839/4 2535/2838/4 2538/2842/4
f 2493/2755/4 2492/2754/4 2539/2843/4
f 2538/2841/4 2493/2755/4 2539/2843/4
f 2536/2844/4 2537/2839/4 2540/2845/4
f 2532/2831/4 2536/2836/4 2540/2846/4
f 2537/2840/4 2538/2841/4 2541/2847/4
f 2540/2845/4 2537/2839/4 2541/2848/4
f 2538/2842/4 2539/2849/4 2542/2850/4
f 2541/2847/4 2538/2841/4 2542/2851/4
f 2539/2843/4 2492/2754/4 2543/2852/4
f 2542/2850/4 2539/2849/4 2543/2853/4
f 2541/2848/4 2542/2850/4 2544/2854/5
f 2540/2846/4 2541/2847/4 2544/2855/5
f 2542/2851/4 2543/2852/4 2545/2856/4
f 2544/2854/5 2542/2850/4 2545/2857/4
f 2540/2846/4 2544/2855/5 2546/2858/4
f 2532/2831/4 2540/2846/4 2546/2858/4
f 2544/2855/5 2545/2856/4 2546/2858/4
f 2528/2822/4 2532/2831/4 2546/2858/4
f 2442/2668/4 2528/2822/4 2546/2858/4
f 2543/2852/4 2492/2754/4 2547/2859/4
f 2546/2858/4 2545/2856/4 2547/2859/4
f 2545/2856/4 2543/2852/4 2547/2859/4
f 2548/2860/4 2549/2861/4 2550/2862/4
f 2550/2862/4 2549/2861/4 2551/2863/4
f 2552/2864/4 2553/2865/4 2554/2866/4
f 2554/2866/4 2553/2865/4 2555/2867/4
f 2556/2868/4 2557/2869/4 2558/2870/4
f 2558/2870/4 2557/2869/4 2559/2871/4
f 2552/2864/4 2554/2866/4 2560/2872/4
f 2556/2868/4 2558/2870/4 2561/2873/4
f 2559/2871/4 2557/2869/4 2562/2874/4
f 2555/2867/4 2553/2865/4 2563/2875/4
f 2560/2872/4 2561/2873/4 2564/2876/4
f 2552/2864/4 2560/2872/4 2564/2876/4
f 2561/2873/4 2558/2870/4 2565/2877/4
f 2564/2876/4 2561/2873/4 2565/2877/4
f 2562/2874/4 2563/2875/4 2566/2878/4
f 2559/2871/4 2562/2874/4 2566/2878/4
f 2563/2875/4 2553/2865/4 2567/2879/4
f 2566/2878/4 2563/2875/4 2567/2879/4
f 2565/2877/4 2558/2870/4 2568/2880/4
f 2559/2871/4 2566/2878/4 2569/2881/4
f 2565/2877/4 2568/2880/4 2570/2882/4
f 2568/2880/4 2569/2881/4 2570/2882/4
f 2569/2881/4 2566/2878/4 2571/2883/4
f 2570/2882/4 2569/2881/4 2571/2883/4
f 2565/2877/4 2570/2882/4 2572/2884/4
f 2572/2884/4 2570/2882/4 2573/2885/4
f 2571/2883/4 2566/2878/4 2574/2886/4
f 2574/2886/4 2566/2878/4 2575/2887/4
f 2573/2885/4 2576/2888/4 2577/2889/4
f 2577/2889/4 2576/2888/4 2578/2890/4
f 2579/2891/4 2574/2886/4 2580/2892/4
f 2580/2892/4 2574/2886/4 2581/2893/4
f 2578/2890/4 2582/2894/4 2583/2895/4
f 2583/2895/4 2582/2894/4 2584/2896/4
f 2585/2897/4 2580/2892/4 2586/2898/4
f 2586/2898/4 2580/2892/4 2587/2899/4
f 2584/2896/4 2586/2898/4 2588/2900/4
f 2588/2900/4 2586/2898/4 2589/2901/4
f 2552/2864/4 2564/2876/4 2590/2902/4
f 2567/2879/4 2553/2865/4 2591/2903/4
f 2552/2864/4 2590/2902/4 2592/2904/4
f 2590/2902/4 2591/2903/4 2592/2904/4
f 2591/2903/4 2553/2865/4 2593/2905/4
f 2592/2904/4 2591/2903/4 2593/2905/4
f 2594/2906/4 2595/2907/4 2596/2908/4
f 2596/2908/4 2595/2907/4 2597/2909/4
f 2598/2910/4 2599/2911/4 2600/2912/4
f 2600/2912/4 2599/2911/4 2601/2913/4
f 2602/2914/4 2603/2915/4 2604/2916/4
f 2604/2916/4 2603/2915/4 2605/2917/4
f 2606/2918/9 2607/2919/9 2608/2920/9
f 2609/2921/9 2607/2919/9 2606/2918/9
f 2610/2922/9 2611/2923/9 2612/2924/9
f 2613/2925/9 2611/2923/9 2610/2922/9
f 2614/2926/9 2615/2927/9 2616/2928/9
f 2617/2929/9 2615/2927/9 2614/2926/9
f 2618/2930/9 2615/2927/9 2617/2929/9
f 2619/2931/9 2615/2927/9 2618/2930/9
f 2620/2932/9 2614/2926/9 2616/2928/9
f 2621/2933/9 2618/2930/9 2617/2929/9
f 2622/2934/9 2618/2930/9 2621/2933/9
f 2623/2935/9 2615/2927/9 2619/2931/9
f 2624/2936/9 2622/2934/9 2621/2933/9
f 2624/2936/9 2623/2935/9 2622/2934/9
f 2624/2936/9 2620/2932/9 2616/2928/9
f 2624/2936/9 2621/2933/9 2620/2932/9
f 2625/2937/9 2615/2927/9 2623/2935/9
f 2625/2937/9 2623/2935/9 2624/2936/9
f 2626/2938/9 2627/2939/9 2628/2940/9
f 2629/2941/9 2627/2939/9 2626/2938/9
f 2630/2942/9 2631/2943/9 2632/2944/9
f 2633/2945/9 2631/2943/9 2630/2942/9
f 2634/2946/9 2631/2943/9 2633/2945/9
f 2635/2947/9 2631/2943/9 2634/2946/9
f 2636/2948/9 2630/2942/9 2632/2944/9
f 2637/2949/9 2633/2950/9 2630/2951/9
f 2637/2952/9 2630/2942/9 2636/2948/9
f 2638/2953/9 2634/2946/9 2633/2945/9
f 2638/2954/9 2633/2950/9 2637/2949/9
f 2639/2955/9 2635/2956/9 2634/2957/9
f 2639/2958/9 2634/2946/9 2638/2953/9
f 2640/2959/9 2631/2943/9 2635/2947/9
f 2640/2960/9 2635/2956/9 2639/2955/9
f 2641/2961/9 2631/2943/9 2640/2959/9
f 2642/2962/9 2643/2963/9 2644/2964/9
f 2645/2965/9 2643/2963/9 2642/2962/9
f 2646/2966/9 2643/2963/9 2645/2965/9
f 2647/2967/9 2643/2963/9 2646/2966/9
f 2648/2968/9 2639/2955/9 2638/2954/9
f 2648/2969/9 2636/2948/9 2632/2944/9
f 2648/2968/9 2637/2949/9 2636/2970/9
f 2648/2968/9 2638/2954/9 2637/2949/9
f 2648/2968/9 2640/2960/9 2639/2955/9
f 2648/2968/9 2641/2971/9 2640/2960/9
f 2649/2972/9 2641/2971/9 2648/2968/9
f 2650/2973/9 2641/2971/9 2649/2972/9
f 2651/2974/9 2631/2943/9 2641/2961/9
f 2651/2975/9 2641/2971/9 2650/2973/9
f 2652/2976/9 2649/2977/9 2648/2969/9
f 2653/2978/9 2650/2973/9 2649/2972/9
f 2653/2979/9 2649/2977/9 2652/2976/9
f 2654/2980/9 2651/2974/9 2650/2981/9
f 2654/2982/9 2650/2973/9 2653/2978/9
f 2655/2983/9 2631/2943/9 2651/2974/9
f 2655/2983/9 2651/2974/9 2654/2980/9
f 2656/2984/9 2652/2976/9 2648/2969/9
f 2656/2985/9 2654/2982/9 2653/2978/9
f 2656/2985/9 2655/2986/9 2654/2982/9
f 2656/2985/9 2653/2978/9 2652/2987/9
f 2657/2988/9 2655/2986/9 2656/2985/9
f 2658/2989/9 2655/2986/9 2657/2988/9
f 2659/2990/9 2631/2943/9 2655/2983/9
f 2659/2991/9 2655/2986/9 2658/2989/9
f 2660/2992/9 2646/2966/9 2645/2965/9
f 2661/2993/9 2646/2966/9 2660/2992/9
f 2662/2994/9 2658/2989/9 2657/2988/9
f 2662/2995/9 2657/2996/9 2656/2984/9
f 2663/2997/9 2659/2990/9 2658/2998/9
f 2663/2999/9 2658/2989/9 2662/2994/9
f 2664/3000/9 2642/2962/9 2644/2964/9
f 2665/3001/9 2660/2992/9 2645/2965/9
f 2666/3002/9 2646/2966/9 2661/2993/9
f 2667/3003/9 2643/2963/9 2647/2967/9
f 2668/3004/9 2665/3001/9 2664/3000/9
f 2668/3004/9 2660/2992/9 2665/3001/9
f 2669/3005/9 2667/3003/9 2666/3002/9
f 2669/3005/9 2666/3002/9 2661/2993/9
f 2670/3006/9 2648/2969/9 2632/2944/9
f 2670/3006/9 2656/2984/9 2648/2969/9
f 2670/3006/9 2663/2997/9 2662/2995/9
f 2670/3006/9 2662/2995/9 2656/2984/9
f 2671/3007/9 2663/2997/9 2670/3006/9
f 2672/3008/9 2670/3006/9 2632/2944/9
f 2673/3009/9 2671/3010/9 2670/3011/9
f 2673/3012/9 2670/3006/9 2672/3008/9
f 2674/3013/9 2663/2997/9 2671/3007/9
f 2674/3014/9 2671/3010/9 2673/3009/9
f 2675/3015/9 2663/2997/9 2674/3013/9
f 2676/3016/9 2673/3009/9 2672/3017/9
f 2676/3018/9 2672/3008/9 2632/2944/9
f 2677/3019/9 2674/3013/9 2673/3012/9
f 2677/3020/9 2673/3009/9 2676/3016/9
f 2678/3021/9 2675/3022/9 2674/3014/9
f 2678/3023/9 2674/3013/9 2677/3019/9
f 2679/3024/9 2663/2997/9 2675/3015/9
f 2679/3025/9 2675/3022/9 2678/3021/9
f 2680/3026/9 2678/3021/9 2677/3020/9
f 2680/3027/9 2677/3019/9 2676/3018/9
f 2681/3028/9 2679/3024/9 2678/3023/9
f 2681/3029/9 2678/3021/9 2680/3026/9
f 2682/3030/9 2668/3004/9 2664/3000/9
f 2682/3030/9 2669/3005/9 2668/3004/9
f 2682/3030/9 2664/3000/9 2644/2964/9
f 2683/3031/9 2669/3005/9 2682/3030/9
f 2684/3032/9 2682/3030/9 2644/2964/9
f 2685/3033/9 2682/3030/9 2684/3032/9
f 2686/3034/9 2669/3005/9 2683/3031/9
f 2687/3035/9 2667/3003/9 2669/3005/9
f 2687/3035/9 2669/3005/9 2686/3034/9
f 2688/3036/9 2682/3030/9 2685/3033/9
f 2689/3037/9 2686/3034/9 2683/3031/9
f 2690/3038/9 2688/3036/9 2685/3033/9
f 2690/3038/9 2689/3037/9 2688/3036/9
f 2691/3039/9 2686/3034/9 2689/3037/9
f 2691/3039/9 2689/3037/9 2690/3038/9
f 2692/3040/9 2684/3032/9 2644/2964/9
f 2693/3041/9 2690/3038/9 2685/3033/9
f 2694/3042/9 2686/3034/9 2691/3039/9
f 2695/3043/9 2667/3003/9 2687/3035/9
f 2696/3044/9 2679/3024/9 2681/3028/9
f 2696/3044/9 2681/3028/9 2680/3027/9
f 2696/3044/9 2663/2997/9 2679/3024/9
f 2697/3045/9 2659/2990/9 2663/2997/9
f 2697/3045/9 2663/2997/9 2696/3044/9
f 2698/3046/9 2696/3044/9 2680/3027/9
f 2699/3047/9 2697/3048/9 2696/3049/9
f 2699/3050/9 2696/3044/9 2698/3046/9
f 2700/3051/9 2659/2990/9 2697/3045/9
f 2700/3052/9 2697/3048/9 2699/3047/9
f 2701/3053/9 2631/2943/9 2659/2990/9
f 2701/3053/9 2659/2990/9 2700/3051/9
f 2702/3054/9 2693/3041/9 2692/3040/9
f 2702/3054/9 2690/3038/9 2693/3041/9
f 2703/3055/9 2695/3043/9 2694/3042/9
f 2703/3055/9 2694/3042/9 2691/3039/9
f 2704/3056/9 2699/3047/9 2698/3057/9
f 2704/3058/9 2698/3046/9 2680/3027/9
f 2705/3059/9 2700/3051/9 2699/3050/9
f 2705/3060/9 2699/3047/9 2704/3056/9
f 2706/3061/9 2701/3062/9 2700/3052/9
f 2706/3063/9 2700/3051/9 2705/3059/9
f 2707/3064/9 2631/2943/9 2701/3053/9
f 2707/3065/9 2701/3062/9 2706/3061/9
f 2708/3066/9 2706/3061/9 2705/3060/9
f 2708/3067/9 2705/3059/9 2704/3058/9
f 2709/3068/9 2707/3064/9 2706/3063/9
f 2709/3069/9 2706/3061/9 2708/3066/9
f 2710/3070/9 2704/3058/9 2680/3027/9
f 2710/3070/9 2676/3018/9 2632/2944/9
f 2710/3070/9 2709/3068/9 2708/3067/9
f 2710/3070/9 2680/3027/9 2676/3018/9
f 2710/3070/9 2708/3067/9 2704/3058/9
f 2711/3071/9 2709/3068/9 2710/3070/9
f 2712/3072/9 2710/3070/9 2632/2944/9
f 2713/3073/9 2711/3074/9 2710/3075/9
f 2713/3076/9 2710/3070/9 2712/3072/9
f 2714/3077/9 2709/3068/9 2711/3071/9
f 2714/3078/9 2711/3074/9 2713/3073/9
f 2715/3079/9 2709/3068/9 2714/3077/9
f 2716/3080/9 2702/3054/9 2692/3040/9
f 2716/3080/9 2703/3055/9 2702/3054/9
f 2716/3080/9 2692/3040/9 2644/2964/9
f 2717/3081/9 2703/3055/9 2716/3080/9
f 2718/3082/9 2703/3055/9 2717/3081/9
f 2719/3083/9 2703/3055/9 2718/3082/9
f 2720/3084/9 2715/3085/9 2714/3078/9
f 2720/3084/9 2714/3078/9 2713/3073/9
f 2720/3084/9 2713/3073/9 2712/3086/9
f 2720/3087/9 2712/3072/9 2632/2944/9
f 2721/3088/9 2715/3085/9 2720/3084/9
f 2722/3089/9 2715/3085/9 2721/3088/9
f 2723/3090/9 2709/3068/9 2715/3079/9
f 2723/3091/9 2715/3085/9 2722/3089/9
f 2724/3092/9 2720/3087/9 2632/2944/9
f 2724/3092/9 2721/3093/9 2720/3087/9
f 2725/3094/9 2722/3089/9 2721/3088/9
f 2725/3095/9 2721/3093/9 2724/3092/9
f 2726/3096/9 2723/3090/9 2722/3097/9
f 2726/3098/9 2722/3089/9 2725/3094/9
f 2727/3099/9 2709/3068/9 2723/3090/9
f 2727/3099/9 2723/3090/9 2726/3096/9
f 2728/3100/9 2724/3092/9 2632/2944/9
f 2728/3101/9 2726/3098/9 2725/3094/9
f 2728/3101/9 2727/3102/9 2726/3098/9
f 2728/3101/9 2725/3094/9 2724/3103/9
f 2729/3104/9 2727/3102/9 2728/3101/9
f 2730/3105/9 2727/3102/9 2729/3104/9
f 2731/3106/9 2727/3102/9 2730/3105/9
f 2732/3107/9 2727/3102/9 2731/3106/9
f 2733/3108/9 2709/3068/9 2727/3099/9
f 2733/3109/9 2727/3102/9 2732/3107/9
f 2734/3110/9 2718/3082/9 2717/3081/9
f 2735/3111/9 2718/3082/9 2734/3110/9
f 2736/3112/9 2729/3113/9 2728/3100/9
f 2736/3114/9 2730/3105/9 2729/3104/9
f 2737/3115/9 2731/3116/9 2730/3117/9
f 2737/3118/9 2730/3105/9 2736/3114/9
f 2738/3119/9 2732/3107/9 2731/3106/9
f 2738/3120/9 2731/3116/9 2737/3115/9
f 2739/3121/9 2733/3108/9 2732/3122/9
f 2739/3123/9 2732/3107/9 2738/3119/9
f 2740/3124/9 2716/3080/9 2644/2964/9
f 2741/3125/9 2734/3110/9 2717/3081/9
f 2742/3126/9 2718/3082/9 2735/3111/9
f 2743/3127/9 2703/3055/9 2719/3083/9
f 2744/3128/9 2741/3125/9 2740/3124/9
f 2744/3128/9 2734/3110/9 2741/3125/9
f 2745/3129/9 2742/3126/9 2735/3111/9
f 2745/3129/9 2743/3127/9 2742/3126/9
f 2746/3130/9 2744/3128/9 2740/3124/9
f 2746/3130/9 2745/3129/9 2744/3128/9
f 2746/3130/9 2740/3124/9 2644/2964/9
f 2747/3131/9 2667/3003/9 2695/3043/9
f 2747/3131/9 2745/3129/9 2746/3130/9
f 2747/3131/9 2743/3127/9 2745/3129/9
f 2747/3131/9 2703/3055/9 2743/3127/9
f 2747/3131/9 2643/2963/9 2667/3003/9
f 2747/3131/9 2695/3043/9 2703/3055/9
f 2748/3132/9 2737/3115/9 2736/3112/9
f 2748/3132/9 2738/3120/9 2737/3115/9
f 2748/3132/9 2736/3112/9 2728/3100/9
f 2748/3132/9 2739/3121/9 2738/3120/9
f 2748/3132/9 2728/3100/9 2632/2944/9
f 2749/3133/9 2707/3064/9 2709/3068/9
f 2749/3133/9 2739/3121/9 2748/3132/9
f 2749/3133/9 2733/3108/9 2739/3121/9
f 2749/3133/9 2709/3068/9 2733/3108/9
f 2749/3133/9 2631/2943/9 2707/3064/9
f 2750/3134/9 2751/3135/9 2752/3136/9
f 2753/3137/9 2751/3135/9 2750/3134/9
f 2754/3138/9 2755/3139/9 2756/3140/9
f 2757/3141/9 2755/3139/9 2754/3138/9
f 2758/3142/9 2759/3143/9 2760/3144/9
f 2761/3145/9 2759/3143/9 2758/3142/9
f 2762/3146/9 2763/3147/9 2764/3148/9
f 2765/3149/9 2763/3147/9 2762/3146/9
f 2766/3150/9 2767/3151/9 2768/3152/9
f 2769/3153/9 2767/3151/9 2766/3150/9
f 2770/3154/9 2771/3155/9 2772/3156/9
f 2773/3157/9 2771/3155/9 2770/3154/9
f 2774/3158/9 2775/3159/9 2769/3160/9
f 2774/3158/9 2769/3160/9 2766/3161/9
f 2776/3162/9 2775/3159/9 2774/3158/9
f 2777/3163/9 2778/3164/9 2779/3165/9
f 2780/3166/9 2778/3164/9 2777/3163/9
f 2781/3167/9 2782/3168/9 2783/3169/9
f 2784/3170/9 2782/3168/9 2781/3167/9
f 2785/3171/9 2774/3158/9 2766/3161/9
f 2786/3172/9 2774/3158/9 2785/3171/9
f 2787/3173/9 2775/3159/9 2776/3162/9
f 2788/3174/9 2775/3159/9 2787/3173/9
f 2789/3175/9 2774/3158/9 2786/3172/9
f 2790/3176/9 2787/3173/9 2776/3162/9
f 2791/3177/9 2792/3178/9 2793/3179/9
f 2794/3180/9 2792/3178/9 2791/3177/9
f 2795/3181/9 2785/3171/9 2766/3161/9
f 2796/3182/9 2790/3176/9 2789/3175/9
f 2796/3182/9 2789/3175/9 2786/3172/9
f 2797/3183/9 2787/3173/9 2790/3176/9
f 2797/3183/9 2790/3176/9 2796/3182/9
f 2798/3184/9 2775/3159/9 2788/3174/9
f 2799/3185/9 2797/3183/9 2796/3182/9
f 2799/3185/9 2798/3184/9 2797/3183/9
f 2799/3185/9 2795/3181/9 2766/3161/9
f 2799/3185/9 2796/3182/9 2795/3181/9
f 2800/3186/9 2798/3184/9 2799/3185/9
f 2801/3187/9 2775/3159/9 2798/3184/9
f 2801/3187/9 2798/3184/9 2800/3186/9
f 2802/3188/9 2803/3189/9 2804/3190/9
f 2805/3191/9 2803/3189/9 2802/3188/9
f 2806/3192/9 2807/3193/9 2808/3194/9
f 2809/3195/9 2807/3193/9 2806/3192/9
f 2810/3196/9 2811/3197/9 2812/3198/9
f 2813/3199/9 2811/3197/9 2810/3196/9
f 2814/3200/9 2800/3201/9 2799/3202/9
f 2815/3203/9 2800/3201/9 2814/3200/9
f 2816/3204/9 2817/3205/9 2818/3206/9
f 2819/3207/9 2817/3205/9 2816/3204/9
f 2820/3208/9 2821/3209/9 2822/3210/9
f 2823/3211/9 2821/3209/9 2820/3208/9
f 2824/3212/9 2825/3213/9 2826/3214/9
f 2827/3215/9 2825/3213/9 2824/3212/9
f 2828/3216/9 2829/3217/9 2830/3218/9
f 2831/3219/9 2829/3217/9 2828/3216/9
f 2832/3220/9 2833/3221/9 2834/3222/9
f 2835/3223/9 2833/3221/9 2832/3220/9
f 2836/3224/9 2837/3225/9 2838/3226/9
f 2839/3227/9 2837/3225/9 2836/3224/9
f 2840/3228/9 2841/3229/9 2842/3230/9
f 2843/3231/9 2841/3229/9 2840/3228/9
f 2844/3232/9 2845/3233/9 2846/3234/9
f 2847/3235/9 2845/3233/9 2844/3232/9
f 2848/3236/9 2849/3237/9 2850/3238/9
f 2851/3239/9 2849/3237/9 2848/3236/9
f 2852/3240/9 2853/3241/9 2854/3242/9
f 2855/3243/9 2853/3241/9 2852/3240/9
f 2856/3244/9 2857/3245/9 2858/3246/9
f 2859/3247/9 2857/3245/9 2856/3244/9
f 2860/3248/9 2861/3249/9 2862/3250/9
f 2863/3251/9 2861/3249/9 2860/3248/9
f 2864/3252/9 2859/3253/9 2856/3254/9
f 2865/3255/9 2859/3253/9 2864/3252/9
f 2866/3256/9 2867/3257/9 2868/3258/9
f 2869/3259/9 2867/3257/9 2866/3256/9
f 2870/3260/9 2871/3261/9 2869/3262/9
f 2872/3263/9 2871/3261/9 2870/3260/9
f 2873/3264/9 2874/3265/9 2875/3266/9
f 2876/3267/9 2874/3265/9 2873/3264/9
f 2877/3268/9 2876/3269/9 2873/3270/9
f 2878/3271/9 2876/3269/9 2877/3268/9
f 2879/3272/9 2880/3273/9 2881/3274/9
f 2882/3275/9 2880/3273/9 2879/3272/9
f 2883/3276/9 2884/3277/9 2885/3278/9
f 2886/3279/9 2884/3277/9 2883/3276/9
f 2887/3280/9 2888/3281/9 2889/3282/9
f 2890/3283/9 2888/3281/9 2887/3280/9
f 2891/3284/9 2892/3285/9 2893/3286/9
f 2894/3287/9 2892/3285/9 2891/3284/9
f 2895/3288/9 2896/3289/9 2897/3290/9
f 2898/3291/9 2896/3289/9 2895/3288/9
f 2899/3292/9 2900/3293/9 2901/3294/9
f 2902/3295/9 2900/3293/9 2899/3292/9
f 2903/3296/9 2904/3297/9 2905/3298/9
f 2906/3299/9 2904/3297/9 2903/3296/9
f 2907/3300/9 2908/3301/9 2909/3302/9
f 2910/3303/9 2908/3301/9 2907/3300/9
f 2911/3304/9 2912/3305/9 2913/3306/9
f 2914/3307/9 2912/3305/9 2911/3304/9
f 2915/3308/9 2916/3309/9 2917/3310/9
f 2918/3311/9 2916/3309/9 2915/3308/9
f 2919/3312/9 2916/3309/9 2918/3311/9
f 2920/3313/9 2916/3309/9 2919/3312/9
f 2921/3314/9 2919/3312/9 2918/3311/9
f 2922/3315/9 2919/3312/9 2921/3314/9
f 2923/3316/9 2921/3314/9 2924/3317/9
f 2923/3316/9 2925/3318/9 2922/3315/9
f 2923/3316/9 2922/3315/9 2921/3314/9
f 2926/3319/9 2925/3318/9 2923/3316/9
f 2927/3320/9 2925/3318/9 2926/3319/9
f 2928/3321/9 2925/3318/9 2927/3320/9
f 2929/3322/9 2930/3323/9 2928/3321/9
f 2931/3324/9 2930/3323/9 2929/3322/9
f 2932/3325/9 2933/3326/9 2931/3324/9
f 2934/3327/9 2933/3326/9 2932/3325/9
f 2935/3328/9 2936/3329/9 2934/3327/9
f 2937/3330/9 2936/3329/9 2935/3328/9
f 2938/3331/9 2939/3332/9 2937/3330/9
f 2940/3333/9 2939/3332/9 2938/3331/9
f 2941/3334/9 2923/3316/9 2924/3317/9
f 2942/3335/9 2927/3320/9 2926/3319/9
f 2943/3336/9 2927/3320/9 2942/3335/9
f 2944/3337/9 2945/3338/9 2940/3333/9
f 2946/3339/9 2943/3336/9 2942/3335/9
f 2946/3339/9 2944/3337/9 2943/3336/9
f 2946/3339/9 2941/3334/9 2924/3317/9
f 2946/3339/9 2942/3335/9 2941/3334/9
f 2947/3340/9 2944/3337/9 2946/3339/9
f 2948/3341/9 2944/3337/9 2947/3340/9
f 2949/3342/9 2945/3338/9 2944/3337/9
f 2949/3342/9 2944/3337/9 2948/3341/9
f 2950/3343/9 2946/3339/9 2924/3317/9
f 2951/3344/9 2948/3341/9 2947/3340/9
f 2952/3345/9 2948/3341/9 2951/3344/9
f 2953/3346/9 2945/3338/9 2949/3342/9
f 2954/3347/9 2950/3343/9 2924/3317/9
f 2954/3347/9 2953/3346/9 2952/3345/9
f 2954/3347/9 2952/3345/9 2951/3344/9
f 2954/3347/9 2951/3344/9 2950/3343/9
f 2955/3348/9 2953/3346/9 2954/3347/9
f 2956/3349/9 2953/3346/9 2955/3348/9
f 2957/3350/9 2945/3338/9 2953/3346/9
f 2957/3350/9 2953/3346/9 2956/3349/9
f 2958/3351/9 2945/3338/9 2957/3350/9
f 2959/3352/9 2945/3338/9 2958/3351/9
f 2960/3353/9 2958/3351/9 2961/3354/9
f 2962/3355/9 2958/3351/9 2960/3353/9
f 2963/3356/9 2960/3353/9 2964/3357/9
f 2965/3358/9 2960/3353/9 2963/3356/9
f 2966/3359/9 2963/3356/9 2967/3360/9
f 2968/3361/9 2963/3356/9 2966/3359/9
f 2969/3362/9 2954/3347/9 2924/3317/9
f 2970/3363/9 2956/3349/9 2955/3348/9
f 2971/3364/9 2956/3349/9 2970/3363/9
f 2972/3365/9 2966/3359/9 2973/3366/9
f 2974/3367/9 2966/3359/9 2972/3365/9
f 2975/3368/9 2969/3362/9 2924/3317/9
f 2975/3368/9 2971/3364/9 2970/3363/9
f 2975/3368/9 2972/3365/9 2971/3364/9
f 2975/3368/9 2970/3363/9 2969/3362/9
f 2976/3369/9 2972/3365/9 2975/3368/9
f 2977/3370/9 2972/3365/9 2976/3369/9
f 2978/3371/9 2972/3365/9 2977/3370/9
f 2979/3372/9 2915/3308/9 2917/3310/9
f 2980/3373/9 2915/3308/9 2979/3372/9
f 2981/3374/9 2977/3370/9 2976/3369/9
f 2982/3375/9 2977/3370/9 2981/3374/9
f 2983/3376/9 2916/3309/9 2920/3313/9
f 2984/3377/9 2916/3309/9 2983/3376/9
f 2985/3378/9 2986/3379/9 2987/3380/9
f 2988/3381/9 2986/3379/9 2985/3378/9
f 2989/3382/9 2990/3383/9 2991/3384/9
f 2992/3385/9 2990/3383/9 2989/3382/9
f 2993/3386/9 2994/3387/9 2995/3388/9
f 2996/3389/9 2994/3387/9 2993/3386/9
f 2997/3390/9 2998/3391/9 2999/3392/9
f 3000/3393/9 2998/3391/9 2997/3390/9
f 3001/3394/9 3002/3395/9 3003/3396/9
f 3004/3397/9 3002/3395/9 3001/3394/9
f 3005/3398/9 3006/3399/9 3007/3400/9
f 3008/3401/9 3006/3399/9 3005/3398/9
f 3009/3402/9 3005/3398/9 3007/3400/9
f 3010/3403/9 3008/3404/9 3005/3405/9
f 3010/3406/9 3005/3398/9 3009/3402/9
f 3011/3407/9 3006/3399/9 3008/3401/9
f 3011/3408/9 3008/3404/9 3010/3403/9
f 3012/3409/9 3006/3399/9 3011/3407/9
f 3013/3410/9 3002/3395/9 3004/3397/9
f 3014/3411/9 3002/3395/9 3013/3410/9
f 3015/3412/9 3002/3395/9 3014/3411/9
f 3016/3413/9 3002/3395/9 3015/3412/9
f 3017/3414/9 3009/3402/9 3007/3400/9
f 3018/3415/9 3009/3402/9 3017/3414/9
f 3019/3416/9 3010/3403/9 3009/3417/9
f 3019/3418/9 3009/3402/9 3018/3415/9
f 3020/3419/9 3011/3407/9 3010/3406/9
f 3020/3420/9 3010/3403/9 3019/3416/9
f 3021/3421/9 3012/3422/9 3011/3408/9
f 3021/3423/9 3011/3407/9 3020/3419/9
f 3022/3424/9 3006/3399/9 3012/3409/9
f 3022/3425/9 3012/3422/9 3021/3421/9
f 3023/3426/9 3019/3418/9 3018/3415/9
f 3023/3426/9 3020/3419/9 3019/3418/9
f 3024/3427/9 3020/3419/9 3023/3426/9
f 3025/3428/9 3021/3421/9 3020/3420/9
f 3025/3429/9 3020/3419/9 3024/3427/9
f 3026/3430/9 3022/3424/9 3021/3423/9
f 3026/3431/9 3021/3421/9 3025/3428/9
f 3027/3432/9 3001/3394/9 3003/3396/9
f 3028/3433/9 3013/3410/9 3004/3397/9
f 3029/3434/9 3023/3435/9 3030/3436/9
f 3031/3437/9 3026/3430/9 3025/3429/9
f 3031/3437/9 3025/3429/9 3024/3427/9
f 3032/3438/9 3026/3430/9 3031/3437/9
f 3033/3439/9 3027/3432/9 3003/3396/9
f 3033/3439/9 3028/3433/9 3027/3432/9
f 3034/3440/9 3013/3410/9 3028/3433/9
f 3034/3440/9 3028/3433/9 3033/3439/9
f 3035/3441/9 3031/3442/9 3029/3434/9
f 3036/3443/9 3026/3430/9 3032/3438/9
f 3037/3444/9 3026/3430/9 3036/3443/9
f 3038/3445/9 3036/3446/9 3035/3441/9
f 3039/3447/9 3026/3430/9 3037/3444/9
f 3040/3448/9 3026/3430/9 3039/3447/9
f 3041/3449/9 3013/3410/9 3034/3440/9
f 3042/3450/9 3015/3412/9 3014/3411/9
f 3043/3451/9 3039/3452/9 3038/3445/9
f 3044/3453/9 3026/3430/9 3040/3448/9
f 3045/3454/9 3026/3430/9 3044/3453/9
f 3046/3455/9 3033/3439/9 3003/3396/9
f 3047/3456/9 3041/3449/9 3034/3440/9
f 3047/3456/9 3042/3450/9 3041/3449/9
f 3048/3457/9 3049/3458/9 3050/3459/9
f 3051/3460/9 3049/3458/9 3048/3457/9
f 3052/3461/9 3029/3434/9 3030/3436/9
f 3052/3461/9 3035/3441/9 3029/3434/9
f 3052/3461/9 3043/3451/9 3038/3445/9
f 3052/3461/9 3038/3445/9 3035/3441/9
f 3052/3461/9 3044/3462/9 3043/3451/9
f 3053/3463/9 3044/3462/9 3052/3461/9
f 3054/3464/9 3026/3430/9 3045/3454/9
f 3055/3465/9 3026/3430/9 3054/3464/9
f 3056/3466/9 3022/3424/9 3026/3430/9
f 3056/3466/9 3026/3430/9 3055/3465/9
f 3057/3467/9 3006/3399/9 3022/3424/9
f 3057/3467/9 3022/3424/9 3056/3466/9
f 3058/3468/9 3054/3464/9 3045/3454/9
f 3059/3469/9 3055/3470/9 3054/3471/9
f 3059/3472/9 3054/3464/9 3058/3468/9
f 3060/3473/9 3056/3466/9 3055/3465/9
f 3060/3474/9 3055/3470/9 3059/3469/9
f 3061/3475/9 3057/3476/9 3056/3477/9
f 3061/3478/9 3056/3466/9 3060/3473/9
f 3062/3479/9 3006/3399/9 3057/3467/9
f 3062/3480/9 3057/3476/9 3061/3475/9
f 3063/3481/9 3006/3399/9 3062/3479/9
f 3064/3482/9 3058/3468/9 3045/3454/9
f 3064/3483/9 3059/3469/9 3058/3484/9
f 3064/3483/9 3063/3485/9 3062/3480/9
f 3064/3483/9 3062/3480/9 3061/3475/9
f 3064/3483/9 3060/3474/9 3059/3469/9
f 3064/3483/9 3061/3475/9 3060/3474/9
f 3065/3486/9 3063/3485/9 3064/3483/9
f 3066/3487/9 3063/3485/9 3065/3486/9
f 3067/3488/9 3006/3399/9 3063/3481/9
f 3067/3489/9 3063/3485/9 3066/3487/9
f 3068/3490/9 3065/3491/9 3064/3482/9
f 3069/3492/9 3066/3487/9 3065/3486/9
f 3069/3493/9 3065/3491/9 3068/3490/9
f 3070/3494/9 3067/3488/9 3066/3495/9
f 3070/3496/9 3066/3487/9 3069/3492/9
f 3071/3497/9 3006/3399/9 3067/3488/9
f 3071/3497/9 3067/3488/9 3070/3494/9
f 3072/3498/9 3068/3490/9 3064/3482/9
f 3072/3499/9 3070/3496/9 3069/3492/9
f 3072/3499/9 3071/3500/9 3070/3496/9
f 3072/3499/9 3069/3492/9 3068/3501/9
f 3073/3502/9 3071/3500/9 3072/3499/9
f 3074/3503/9 3071/3500/9 3073/3502/9
f 3075/3504/9 3006/3399/9 3071/3497/9
f 3075/3505/9 3071/3500/9 3074/3503/9
f 3076/3506/9 3074/3503/9 3073/3502/9
f 3076/3507/9 3073/3508/9 3072/3498/9
f 3077/3509/9 3075/3504/9 3074/3510/9
f 3077/3511/9 3074/3503/9 3076/3506/9
f 3078/3512/9 3079/3513/9 3080/3514/9
f 3081/3515/9 3079/3513/9 3078/3512/9
f 3082/3516/9 3083/3517/9 3084/3518/9
f 3085/3519/9 3083/3517/9 3082/3516/9
f 3086/3520/9 3087/3521/9 3088/3522/9
f 3089/3523/9 3087/3521/9 3086/3520/9
f 3090/3524/9 3064/3482/9 3045/3454/9
f 3090/3524/9 3072/3498/9 3064/3482/9
f 3090/3524/9 3076/3507/9 3072/3498/9
f 3090/3524/9 3077/3509/9 3076/3507/9
f 3091/3525/9 3006/3399/9 3075/3504/9
f 3091/3525/9 3075/3504/9 3077/3509/9
f 3091/3525/9 3077/3509/9 3090/3524/9
f 3092/3526/9 3006/3399/9 3091/3525/9
f 3093/3527/9 3047/3456/9 3046/3455/9
f 3093/3527/9 3046/3455/9 3003/3396/9
f 3094/3528/9 3042/3450/9 3047/3456/9
f 3094/3528/9 3047/3456/9 3093/3527/9
f 3095/3529/9 3090/3524/9 3089/3530/9
f 3095/3529/9 3091/3525/9 3090/3524/9
f 3096/3531/9 3092/3532/9 3091/3533/9
f 3096/3534/9 3091/3525/9 3095/3529/9
f 3097/3535/9 3006/3399/9 3092/3526/9
f 3097/3536/9 3092/3532/9 3096/3531/9
f 3098/3537/9 3006/3399/9 3097/3535/9
f 3099/3538/9 3086/3520/9 3088/3522/9
f 3100/3539/9 3086/3520/9 3099/3538/9
f 3101/3540/9 3095/3529/9 3089/3530/9
f 3102/3541/9 3096/3531/9 3095/3542/9
f 3102/3543/9 3095/3529/9 3101/3540/9
f 3103/3544/9 3097/3535/9 3096/3534/9
f 3103/3545/9 3096/3531/9 3102/3541/9
f 3104/3546/9 3098/3547/9 3097/3536/9
f 3104/3548/9 3097/3535/9 3103/3544/9
f 3105/3549/9 3006/3399/9 3098/3537/9
f 3105/3550/9 3098/3547/9 3104/3546/9
f 3106/3551/9 3099/3538/9 3088/3522/9
f 3107/3552/9 3099/3538/9 3106/3551/9
f 3108/3553/9 3101/3540/9 3100/3554/9
f 3108/3553/9 3103/3544/9 3102/3543/9
f 3108/3553/9 3102/3543/9 3101/3540/9
f 3109/3555/9 3104/3546/9 3103/3545/9
f 3109/3556/9 3103/3544/9 3108/3553/9
f 3110/3557/9 3105/3549/9 3104/3548/9
f 3110/3558/9 3104/3546/9 3109/3555/9
f 3111/3559/9 3093/3527/9 3003/3396/9
f 3112/3560/9 3093/3527/9 3111/3559/9
f 3113/3561/9 3042/3450/9 3094/3528/9
f 3114/3562/9 3015/3412/9 3042/3450/9
f 3114/3562/9 3042/3450/9 3113/3561/9
f 3115/3563/9 3106/3551/9 3088/3522/9
f 3116/3564/9 3106/3551/9 3115/3563/9
f 3117/3565/9 3108/3553/9 3107/3566/9
f 3117/3565/9 3110/3557/9 3109/3556/9
f 3117/3565/9 3109/3556/9 3108/3553/9
f 3118/3567/9 3119/3568/9 3120/3569/9
f 3121/3570/9 3119/3568/9 3118/3567/9
f 3122/3571/9 3115/3563/9 3088/3522/9
f 3123/3572/9 3115/3563/9 3122/3571/9
f 3124/3573/9 3117/3565/9 3116/3574/9
f 3125/3575/9 3093/3527/9 3112/3560/9
f 3126/3576/9 3113/3561/9 3094/3528/9
f 3127/3577/9 3015/3412/9 3114/3562/9
f 3128/3578/9 3124/3573/9 3123/3579/9
f 3129/3580/9 3111/3559/9 3003/3396/9
f 3130/3581/9 3125/3575/9 3112/3560/9
f 3130/3581/9 3126/3576/9 3125/3575/9
f 3131/3582/9 3113/3561/9 3126/3576/9
f 3131/3582/9 3126/3576/9 3130/3581/9
f 3132/3583/9 3133/3584/9 3127/3577/9
f 3132/3583/9 3127/3577/9 3114/3562/9
f 3134/3585/9 3117/3565/9 3124/3573/9
f 3134/3585/9 3124/3573/9 3128/3578/9
f 3134/3585/9 3110/3557/9 3117/3565/9
f 3134/3585/9 3128/3578/9 3135/3586/9
f 3136/3587/9 3110/3557/9 3134/3585/9
f 3137/3588/9 3134/3585/9 3135/3586/9
f 3138/3589/9 3136/3590/9 3134/3591/9
f 3138/3592/9 3134/3585/9 3137/3588/9
f 3139/3593/9 3110/3557/9 3136/3587/9
f 3139/3594/9 3136/3590/9 3138/3589/9
f 3140/3595/9 3110/3557/9 3139/3593/9
f 3141/3596/9 3138/3589/9 3137/3597/9
f 3141/3598/9 3137/3588/9 3135/3586/9
f 3141/3596/9 3140/3599/9 3139/3594/9
f 3141/3596/9 3139/3594/9 3138/3589/9
f 3142/3600/9 3140/3599/9 3141/3596/9
f 3143/3601/9 3140/3599/9 3142/3600/9
f 3144/3602/9 3110/3557/9 3140/3595/9
f 3144/3603/9 3140/3599/9 3143/3601/9
f 3145/3604/9 3131/3582/9 3130/3581/9
f 3145/3604/9 3132/3583/9 3131/3582/9
f 3145/3604/9 3133/3584/9 3132/3583/9
f 3145/3604/9 3130/3581/9 3129/3580/9
f 3146/3605/9 3133/3584/9 3145/3604/9
f 3147/3606/9 3142/3607/9 3141/3598/9
f 3147/3606/9 3141/3598/9 3135/3586/9
f 3148/3608/9 3143/3601/9 3142/3600/9
f 3148/3609/9 3142/3607/9 3147/3606/9
f 3149/3610/9 3144/3602/9 3143/3611/9
f 3149/3612/9 3143/3601/9 3148/3608/9
f 3150/3613/9 3110/3557/9 3144/3602/9
f 3150/3613/9 3144/3602/9 3149/3610/9
f 3151/3614/9 3149/3612/9 3148/3608/9
f 3151/3614/9 3148/3608/9 3147/3615/9
f 3151/3614/9 3150/3616/9 3149/3612/9
f 3151/3617/9 3147/3606/9 3135/3586/9
f 3152/3618/9 3150/3616/9 3151/3614/9
f 3153/3619/9 3150/3616/9 3152/3618/9
f 3154/3620/9 3150/3616/9 3153/3619/9
f 3155/3621/9 3150/3616/9 3154/3620/9
f 3156/3622/9 3110/3557/9 3150/3613/9
f 3156/3623/9 3150/3616/9 3155/3621/9
f 3157/3624/9 3152/3625/9 3151/3617/9
f 3157/3626/9 3153/3619/9 3152/3618/9
f 3158/3627/9 3154/3628/9 3153/3629/9
f 3158/3630/9 3153/3619/9 3157/3626/9
f 3159/3631/9 3155/3621/9 3154/3620/9
f 3159/3632/9 3154/3628/9 3158/3627/9
f 3160/3633/9 3156/3622/9 3155/3634/9
f 3160/3635/9 3155/3621/9 3159/3631/9
f 3161/3636/9 3145/3604/9 3129/3580/9
f 3162/3637/9 3145/3604/9 3161/3636/9
f 3163/3638/9 3145/3604/9 3162/3637/9
f 3164/3639/9 3133/3584/9 3146/3605/9
f 3165/3640/9 3161/3636/9 3129/3580/9
f 3166/3641/9 3163/3638/9 3162/3637/9
f 3166/3641/9 3164/3639/9 3163/3638/9
f 3167/3642/9 3158/3627/9 3157/3624/9
f 3167/3642/9 3156/3622/9 3160/3633/9
f 3167/3642/9 3110/3557/9 3156/3622/9
f 3167/3642/9 3159/3632/9 3158/3627/9
f 3167/3642/9 3160/3633/9 3159/3632/9
f 3168/3643/9 3110/3557/9 3167/3642/9
f 3169/3644/9 3167/3642/9 3157/3624/9
f 3170/3645/9 3168/3646/9 3167/3647/9
f 3170/3648/9 3167/3642/9 3169/3644/9
f 3171/3649/9 3110/3557/9 3168/3643/9
f 3171/3650/9 3168/3646/9 3170/3645/9
f 3172/3651/9 3110/3557/9 3171/3649/9
f 3173/3652/9 3170/3645/9 3169/3653/9
f 3173/3654/9 3169/3644/9 3157/3624/9
f 3174/3655/9 3171/3649/9 3170/3648/9
f 3174/3656/9 3170/3645/9 3173/3652/9
f 3175/3657/9 3172/3658/9 3171/3650/9
f 3175/3659/9 3171/3649/9 3174/3655/9
f 3176/3660/9 3110/3557/9 3172/3651/9
f 3176/3661/9 3172/3658/9 3175/3657/9
f 3177/3662/9 3175/3657/9 3174/3656/9
f 3177/3663/9 3174/3655/9 3173/3654/9
f 3178/3664/9 3176/3660/9 3175/3659/9
f 3178/3665/9 3175/3657/9 3177/3662/9
f 3179/3666/9 3166/3641/9 3165/3640/9
f 3179/3666/9 3129/3580/9 3003/3396/9
f 3179/3666/9 3165/3640/9 3129/3580/9
f 3180/3667/9 3164/3639/9 3166/3641/9
f 3180/3667/9 3166/3641/9 3179/3666/9
f 3180/3667/9 3133/3584/9 3164/3639/9
f 3181/3668/9 3178/3664/9 3177/3663/9
f 3181/3668/9 3173/3654/9 3157/3624/9
f 3181/3668/9 3151/3617/9 3135/3586/9
f 3181/3668/9 3177/3663/9 3173/3654/9
f 3181/3668/9 3157/3624/9 3151/3617/9
f 3182/3669/9 3176/3660/9 3178/3664/9
f 3182/3669/9 3178/3664/9 3181/3668/9
f 3182/3669/9 3105/3549/9 3110/3557/9
f 3182/3669/9 3006/3399/9 3105/3549/9
f 3182/3669/9 3110/3557/9 3176/3660/9
f 3183/3670/9 3184/3671/9 3185/3672/9
f 3186/3673/9 3184/3671/9 3183/3670/9
f 3187/3674/9 3188/3675/9 3189/3676/9
f 3190/3677/9 3188/3675/9 3187/3674/9
f 3191/3678/9 3192/3679/9 3193/3680/9
f 3194/3681/9 3192/3679/9 3191/3678/9
f 3195/3682/9 3196/3683/9 3197/3684/9
f 3198/3685/9 3196/3683/9 3195/3682/9
f 3199/3686/9 3200/3687/9 3201/3688/9
f 3202/3689/9 3200/3687/9 3199/3686/9
f 3203/3690/9 3204/3691/9 3205/3692/9
f 3206/3693/9 3204/3691/9 3203/3690/9
f 3207/3694/9 3208/3695/9 3209/3696/9
f 3210/3697/9 3208/3695/9 3207/3694/9
f 3211/3698/9 3212/3699/9 3213/3700/9
f 3214/3701/9 3212/3699/9 3211/3698/9
f 3215/3702/9 3216/3703/9 3217/3704/9
f 3218/3705/9 3216/3703/9 3215/3702/9
f 3219/3706/9 3220/3707/9 3221/3708/9
f 3222/3709/9 3220/3707/9 3219/3706/9
f 3223/3710/9 3224/3711/9 3225/3712/9
f 3226/3713/9 3224/3711/9 3223/3710/9
f 3227/3714/9 3228/3715/9 3229/3716/9
f 3230/3717/9 3228/3715/9 3227/3714/9
f 3231/3718/9 3232/3719/9 3233/3720/9
f 3234/3721/9 3232/3719/9 3231/3718/9
f 3235/3722/9 3236/3723/9 3237/3724/9
f 3238/3725/9 3236/3723/9 3235/3722/9
f 3239/3726/9 3240/3727/9 3241/3728/9
f 3242/3729/9 3240/3727/9 3239/3726/9
f 3243/3730/9 3244/3731/9 3245/3732/9
f 3246/3733/9 3244/3731/9 3243/3730/9
f 3247/3734/9 3248/3735/9 3249/3736/9
f 3250/3737/9 3248/3735/9 3247/3734/9
f 3251/3738/9 3252/3739/9 3253/3740/9
f 3254/3741/9 3252/3739/9 3251/3738/9
f 3255/3742/9 3256/3743/9 3257/3744/9
f 3258/3745/9 3256/3743/9 3255/3742/9
f 3259/3746/9 3260/3747/9 3261/3748/9
f 3262/3749/9 3260/3747/9 3259/3746/9
f 3263/3750/9 3264/3751/9 3265/3752/9
f 3266/3753/9 3264/3751/9 3263/3750/9
f 3267/3754/9 3268/3755/9 3269/3756/9
f 3270/3757/9 3268/3755/9 3267/3754/9
f 3271/3758/9 3272/3759/9 3273/3760/9
f 3274/3761/9 3272/3759/9 3271/3758/9
f 3275/3762/9 3276/3763/9 3277/3764/9
f 3278/3765/9 3276/3763/9 3275/3762/9
f 3279/3766/9 3280/3767/9 3281/3768/9
f 3282/3769/9 3280/3767/9 3279/3766/9
f 3283/3770/9 3284/3771/9 3285/3772/9
f 3286/3773/9 3284/3771/9 3283/3770/9
f 3287/3774/9 3288/3775/9 3289/3776/9
f 3290/3777/9 3288/3775/9 3287/3774/9
f 3291/3778/9 3292/3779/9 3293/3780/9
f 3294/3781/9 3292/3779/9 3291/3778/9
f 3295/3782/9 3296/3783/9 3297/3784/9
f 3298/3785/9 3296/3783/9 3295/3782/9
f 3299/3786/9 3300/3787/9 3301/3788/9
f 3302/3789/9 3300/3787/9 3299/3786/9
f 3303/3790/9 3304/3791/9 3305/3792/9
f 3306/3793/9 3304/3791/9 3303/3790/9
f 3307/3794/9 3308/3795/9 3309/3796/9
f 3310/3797/9 3308/3795/9 3307/3794/9
f 3311/3798/9 3308/3795/9 3310/3797/9
f 3312/3799/9 3313/3800/9 3314/3801/9
f 3315/3802/9 3313/3800/9 3312/3799/9
f 3316/3803/9 3313/3800/9 3315/3802/9
f 3317/3804/9 3318/3805/9 3319/3806/9
f 3320/3807/9 3318/3805/9 3317/3804/9
f 3321/3808/9 3322/3809/9 3323/3810/9
f 3324/3811/9 3322/3809/9 3321/3808/9
f 3325/3812/9 3322/3809/9 3324/3811/9
f 3326/3813/9 3327/3814/9 3328/3815/9
f 3329/3816/9 3327/3814/9 3326/3813/9
f 3330/3817/9 3327/3814/9 3329/3816/9
f 3331/3818/9 3332/3819/9 3333/3820/9
f 3334/3821/9 3332/3819/9 3331/3818/9
f 3335/3822/9 3336/3823/9 3337/3824/9
f 3338/3825/9 3336/3823/9 3335/3822/9
f 3339/3826/9 3340/3827/9 3341/3828/9
f 3342/3829/9 3340/3827/9 3339/3826/9
f 3343/3830/9 3344/3831/9 3345/3832/9
f 3346/3833/9 3344/3831/9 3343/3830/9
f 3347/3834/9 3348/3835/9 3349/3836/9
f 3350/3837/9 3348/3835/9 3347/3834/9
f 3351/3838/9 3352/3839/9 3353/3840/9
f 3354/3841/9 3352/3839/9 3351/3838/9
f 3355/3842/9 3356/3843/9 3357/3844/9
f 3358/3845/9 3356/3843/9 3355/3842/9
f 3359/3846/9 3360/3847/9 3361/3848/9
f 3362/3849/9 3360/3847/9 3359/3846/9
f 3363/3850/9 3364/3851/9 3365/3852/9
f 3366/3853/9 3364/3851/9 3363/3850/9
f 3367/3854/9 3368/3855/9 3369/3856/9
f 3370/3857/9 3368/3855/9 3367/3854/9
f 3371/3858/9 3372/3859/9 3373/3860/9
f 3374/3861/9 3372/3859/9 3371/3858/9
f 3375/3862/9 3376/3863/9 3377/3864/9
f 3378/3865/9 3376/3863/9 3375/3862/9
f 3379/3866/9 3380/3867/9 3381/3868/9
f 3382/3869/9 3380/3867/9 3379/3866/9
f 3383/3870/9 3384/3871/9 3385/3872/9
f 3386/3873/9 3384/3871/9 3383/3870/9
f 3387/3874/9 3388/3875/9 3389/3876/9
f 3390/3877/9 3388/3875/9 3387/3874/9
f 3391/3878/9 3392/3879/9 3393/3880/9
f 3394/3881/9 3392/3879/9 3391/3878/9
f 3395/3882/9 3396/3883/9 3397/3884/9
f 3398/3885/9 3396/3883/9 3395/3882/9
f 3399/3886/9 3400/3887/9 3401/3888/9
f 3402/3889/9 3400/3887/9 3399/3886/9
f 3403/3890/9 3404/3891/9 3405/3892/9
f 3406/3893/9 3399/3886/9 3404/3894/9
f 3406/3895/9 3404/3891/9 3403/3890/9
f 3407/3896/9 3402/3897/9 3399/3898/9
f 3407/3899/9 3399/3886/9 3406/3893/9
f 3408/3900/9 3409/3901/9 3402/3889/9
f 3408/3902/9 3402/3897/9 3407/3896/9
f 3410/3903/9 3409/3901/9 3408/3900/9
f 3411/3904/9 3408/3900/9 3407/3899/9
f 3412/3905/9 3408/3900/9 3411/3904/9
f 3413/3906/9 3414/3907/9 3415/3908/9
f 3416/3909/9 3414/3907/9 3413/3906/9
f 3417/3910/9 3418/3911/9 3419/3912/9
f 3420/3913/9 3413/3906/9 3418/3914/9
f 3420/3915/9 3418/3911/9 3417/3910/9
f 3421/3916/9 3416/3917/9 3413/3918/9
f 3421/3919/9 3413/3906/9 3420/3913/9
f 3422/3920/9 3423/3921/9 3416/3909/9
f 3422/3922/9 3416/3917/9 3421/3916/9
f 3424/3923/9 3423/3921/9 3422/3920/9
f 3425/3924/9 3422/3920/9 3421/3919/9
f 3426/3925/9 3422/3920/9 3425/3924/9
f 3427/3926/9 3428/3927/9 3429/3928/9
f 3430/3929/9 3428/3927/9 3427/3926/9
f 3431/3930/9 3427/3926/9 3432/3931/9
f 3433/3932/9 3430/3933/9 3427/3934/9
f 3433/3935/9 3427/3926/9 3431/3930/9
f 3434/3936/9 3435/3937/9 3430/3929/9
f 3434/3938/9 3430/3933/9 3433/3932/9
f 3436/3939/9 3435/3937/9 3434/3936/9
f 3437/3940/9 3434/3936/9 3433/3935/9
f 3438/3941/9 3434/3936/9 3437/3940/9
f 3439/3942/9 3440/3943/9 3441/3944/9
f 3442/3945/9 3440/3943/9 3439/3942/9
f 3443/3946/9 3439/3942/9 3444/3947/9
f 3445/3948/9 3442/3949/9 3439/3950/9
f 3445/3951/9 3439/3942/9 3443/3946/9
f 3446/3952/9 3447/3953/9 3442/3945/9
f 3446/3954/9 3442/3949/9 3445/3948/9
f 3448/3955/9 3447/3953/9 3446/3952/9
f 3449/3956/9 3446/3952/9 3445/3951/9
f 3450/3957/9 3446/3952/9 3449/3956/9
f 3451/3958/9 3452/3959/9 3453/3960/9
f 3454/3961/9 3455/3962/9 3452/3963/9
f 3454/3964/9 3452/3959/9 3451/3958/9
f 3456/3965/9 3457/3966/9 3455/3967/9
f 3456/3968/9 3455/3962/9 3454/3961/9
f 3458/3969/9 3459/3970/9 3457/3971/9
f 3458/3972/9 3457/3966/9 3456/3965/9
f 3460/3973/9 3459/3970/9 3458/3969/9
f 3461/3974/9 3458/3969/9 3456/3968/9
f 3462/3975/9 3458/3969/9 3461/3974/9
f 3463/3976/9 3464/3977/9 3465/3978/9
f 3466/3979/9 3464/3977/9 3463/3976/9
f 3467/3980/9 3468/3981/9 3469/3982/9
f 3470/3983/9 3468/3981/9 3467/3980/9
f 3471/3984/9 3472/3985/9 3473/3986/9
f 3474/3987/9 3467/3980/9 3472/3988/9
f 3474/3989/9 3472/3985/9 3471/3984/9
f 3475/3990/9 3470/3991/9 3467/3992/9
f 3475/3993/9 3467/3980/9 3474/3987/9
f 3476/3994/9 3477/3995/9 3470/3983/9
f 3476/3996/9 3470/3991/9 3475/3990/9
f 3478/3997/9 3477/3995/9 3476/3994/9
f 3479/3998/9 3476/3994/9 3475/3993/9
f 3480/3999/9 3476/3994/9 3479/3998/9
f 3481/4000/9 3482/4001/9 3483/4002/9
f 3484/4003/9 3482/4001/9 3481/4000/9
f 3485/4004/9 3486/4005/9 3487/4006/9
f 3488/4007/9 3481/4000/9 3486/4008/9
f 3488/4009/9 3486/4005/9 3485/4004/9
f 3489/4010/9 3484/4011/9 3481/4012/9
f 3489/4013/9 3481/4000/9 3488/4007/9
f 3490/4014/9 3491/4015/9 3484/4003/9
f 3490/4016/9 3484/4011/9 3489/4010/9
f 3492/4017/9 3491/4015/9 3490/4014/9
f 3493/4018/9 3490/4014/9 3489/4013/9
f 3494/4019/9 3490/4014/9 3493/4018/9
f 3495/4020/9 3496/4021/9 3497/4022/9
f 3498/4023/9 3496/4021/9 3495/4020/9
f 3499/4024/9 3500/4025/9 3501/4026/9
f 3502/4027/9 3495/4020/9 3500/4028/9
f 3502/4029/9 3500/4025/9 3499/4024/9
f 3503/4030/9 3498/4031/9 3495/4032/9
f 3503/4033/9 3495/4020/9 3502/4027/9
f 3504/4034/9 3505/4035/9 3498/4023/9
f 3504/4036/9 3498/4031/9 3503/4030/9
f 3506/4037/9 3505/4035/9 3504/4034/9
f 3507/4038/9 3504/4034/9 3503/4033/9
f 3508/4039/9 3504/4034/9 3507/4038/9
f 3509/4040/9 3510/4041/9 3511/4042/9
f 3512/4043/9 3510/4041/9 3509/4040/9
f 3513/4044/9 3514/4045/9 3515/4046/9
f 3516/4047/9 3509/4040/9 3514/4048/9
f 3516/4049/9 3514/4045/9 3513/4044/9
f 3517/4050/9 3512/4051/9 3509/4052/9
f 3517/4053/9 3509/4040/9 3516/4047/9
f 3518/4054/9 3519/4055/9 3512/4043/9
f 3518/4056/9 3512/4051/9 3517/4050/9
f 3520/4057/9 3519/4055/9 3518/4054/9
f 3521/4058/9 3518/4054/9 3517/4053/9
f 3522/4059/9 3518/4054/9 3521/4058/9
f 3523/4060/9 3524/4061/9 3525/4062/9
f 3526/4063/9 3524/4061/9 3523/4060/9
f 3527/4064/9 3528/4065/9 3529/4066/9
f 3530/4067/9 3523/4060/9 3528/4068/9
f 3530/4069/9 3528/4065/9 3527/4064/9
f 3531/4070/9 3526/4071/9 3523/4072/9
f 3531/4073/9 3523/4060/9 3530/4067/9
f 3532/4074/9 3533/4075/9 3526/4063/9
f 3532/4076/9 3526/4071/9 3531/4070/9
f 3534/4077/9 3533/4075/9 3532/4074/9
f 3535/4078/9 3532/4074/9 3531/4073/9
f 3536/4079/9 3532/4074/9 3535/4078/9
f 3537/4080/9 3538/4081/9 3539/4082/9
f 3540/4083/9 3538/4081/9 3537/4080/9
f 3541/4084/9 3542/4085/9 3543/4086/9
f 3544/4087/9 3537/4080/9 3542/4088/9
f 3544/4089/9 3542/4085/9 3541/4084/9
f 3545/4090/9 3540/4091/9 3537/4092/9
f 3545/4093/9 3537/4080/9 3544/4087/9
f 3546/4094/9 3547/4095/9 3540/4083/9
f 3546/4096/9 3540/4091/9 3545/4090/9
f 3548/4097/9 3547/4095/9 3546/4094/9
f 3549/4098/9 3546/4094/9 3545/4093/9
f 3550/4099/9 3546/4094/9 3549/4098/9
f 3551/4100/9 3552/4101/9 3553/4102/9
f 3554/4103/9 3552/4101/9 3551/4100/9
f 3555/4104/9 3556/4105/9 3557/4106/9
f 3558/4107/9 3551/4100/9 3556/4108/9
f 3558/4109/9 3556/4105/9 3555/4104/9
f 3559/4110/9 3554/4111/9 3551/4112/9
f 3559/4113/9 3551/4100/9 3558/4107/9
f 3560/4114/9 3561/4115/9 3554/4103/9
f 3560/4116/9 3554/4111/9 3559/4110/9
f 3562/4117/9 3561/4115/9 3560/4114/9
f 3563/4118/9 3560/4114/9 3559/4113/9
f 3564/4119/9 3560/4114/9 3563/4118/9
f 3565/4120/9 3566/4121/9 3567/4122/9
f 3568/4123/9 3566/4121/9 3565/4120/9
f 3569/4124/9 3570/4125/9 3571/4126/9
f 3572/4127/9 3565/4120/9 3570/4128/9
f 3572/4129/9 3570/4125/9 3569/4124/9
f 3573/4130/9 3568/4131/9 3565/4132/9
f 3573/4133/9 3565/4120/9 3572/4127/9
f 3574/4134/9 3575/4135/9 3568/4123/9
f 3574/4136/9 3568/4131/9 3573/4130/9
f 3576/4137/9 3575/4135/9 3574/4134/9
f 3577/4138/9 3574/4134/9 3573/4133/9
f 3578/4139/9 3574/4134/9 3577/4138/9
f 3579/4140/9 3580/4141/9 3581/4142/9
f 3582/4143/9 3580/4141/9 3579/4140/9
f 3583/4144/9 3584/4145/9 3585/4146/9
f 3586/4147/9 3579/4140/9 3584/4148/9
f 3586/4149/9 3584/4145/9 3583/4144/9
f 3587/4150/9 3582/4151/9 3579/4152/9
f 3587/4153/9 3579/4140/9 3586/4147/9
f 3588/4154/9 3589/4155/9 3582/4143/9
f 3588/4156/9 3582/4151/9 3587/4150/9
f 3590/4157/9 3589/4155/9 3588/4154/9
f 3591/4158/9 3588/4154/9 3587/4153/9
f 3592/4159/9 3588/4154/9 3591/4158/9
f 3593/4160/9 3594/4161/9 3595/4162/9
f 3596/4163/9 3594/4161/9 3593/4160/9
f 3597/4164/9 3598/4165/9 3599/4166/9
f 3600/4167/9 3598/4165/9 3597/4164/9
f 3601/4168/9 3602/4169/9 3603/4170/9
f 3604/4171/9 3602/4169/9 3601/4168/9
f 3605/4172/9 3606/4173/9 3607/4174/9
f 3608/4175/9 3606/4173/9 3605/4172/9
f 3609/4176/9 3610/4177/9 3611/4178/9
f 3612/4179/9 3610/4177/9 3609/4176/9
f 3613/4180/9 3614/4181/9 3615/4182/9
f 3616/4183/9 3614/4181/9 3613/4180/9
f 3617/4184/9 3618/4185/9 3619/4186/9
f 3620/4187/9 3618/4185/9 3617/4184/9
f 3621/4188/9 3622/4189/9 3623/4190/9
f 3621/4188/9 3624/4191/9 3622/4189/9
f 3625/4192/9 3624/4191/9 3621/4188/9
f 3626/4193/9 3627/4194/9 3628/4195/9
f 3626/4193/9 3628/4195/9 3629/4196/9
f 3630/4197/9 3627/4194/9 3626/4193/9
f 3631/4198/9 3632/4199/9 3633/4200/9
f 3634/4201/9 3632/4199/9 3631/4198/9
f 3635/4202/9 3636/4203/9 3637/4204/9
f 3638/4205/9 3636/4203/9 3635/4202/9
f 3639/4206/9 3640/4207/9 3641/4208/9
f 3642/4209/9 3640/4207/9 3639/4206/9
f 3643/4210/9 3644/4211/9 3645/4212/9
f 3646/4213/9 3644/4211/9 3643/4210/9
f 3647/4214/9 3648/4215/9 3649/4216/9
f 3650/4217/9 3648/4215/9 3647/4214/9
f 3651/4218/9 3652/4219/9 3653/4220/9
f 3654/4221/9 3652/4219/9 3651/4218/9
f 3655/4222/9 3656/4223/9 3657/4224/9
f 3658/4225/9 3656/4223/9 3655/4222/9
f 3659/4226/9 3660/4227/9 3661/4228/9
f 3662/4229/9 3660/4227/9 3659/4226/9
f 3663/4230/9 3659/4226/9 3664/4231/9
f 3665/4232/9 3662/4233/9 3659/4234/9
f 3665/4235/9 3659/4226/9 3663/4230/9
f 3666/4236/9 3667/4237/9 3662/4229/9
f 3666/4238/9 3662/4233/9 3665/4232/9
f 3668/4239/9 3667/4237/9 3666/4236/9
f 3669/4240/9 3670/4241/9 3671/4242/9
f 3672/4243/9 3673/4244/9 3670/4245/9
f 3672/4246/9 3670/4241/9 3669/4240/9
f 3674/4247/9 3673/4244/9 3672/4243/9
f 3675/4248/9 3672/4243/9 3669/4249/9
f 3676/4250/9 3672/4243/9 3675/4248/9
f 3677/4251/9 3678/4252/9 3679/4253/9
f 3680/4254/9 3678/4252/9 3677/4251/9
f 3681/4255/9 3682/4256/9 3683/4257/9
f 3684/4258/9 3677/4251/9 3682/4259/9
f 3684/4260/9 3682/4256/9 3681/4255/9
f 3685/4261/9 3680/4262/9 3677/4263/9
f 3685/4264/9 3677/4251/9 3684/4258/9
f 3686/4265/9 3687/4266/9 3680/4254/9
f 3686/4267/9 3680/4262/9 3685/4261/9
f 3688/4268/9 3687/4266/9 3686/4265/9
f 3689/4269/9 3686/4265/9 3685/4264/9
f 3690/4270/9 3686/4265/9 3689/4269/9
f 3691/4271/9 3692/4272/9 3693/4273/9
f 3694/4274/9 3692/4272/9 3691/4271/9
f 3695/4275/9 3696/4276/9 3697/4277/9
f 3698/4278/9 3691/4271/9 3696/4279/9
f 3698/4280/9 3696/4276/9 3695/4275/9
f 3699/4281/9 3694/4282/9 3691/4283/9
f 3699/4284/9 3691/4271/9 3698/4278/9
f 3700/4285/9 3701/4286/9 3694/4274/9
f 3700/4287/9 3694/4282/9 3699/4281/9
f 3702/4288/9 3701/4286/9 3700/4285/9
f 3703/4289/9 3700/4285/9 3699/4284/9
f 3704/4290/9 3700/4285/9 3703/4289/9
f 3705/4291/9 3706/4292/9 3707/4293/9
f 3708/4294/9 3706/4292/9 3705/4291/9
f 3709/4295/9 3706/4292/9 3708/4294/9
f 3710/4296/9 3705/4291/9 3711/4297/9
f 3712/4298/9 3705/4291/9 3710/4296/9
f 3713/4299/9 3714/4300/9 3715/4301/9
f 3716/4302/9 3714/4300/9 3713/4299/9
f 3717/4303/9 3718/4304/9 3719/4305/9
f 3720/4306/9 3713/4299/9 3718/4307/9
f 3720/4308/9 3718/4304/9 3717/4303/9
f 3721/4309/9 3716/4310/9 3713/4311/9
f 3721/4312/9 3713/4299/9 3720/4306/9
f 3722/4313/9 3723/4314/9 3716/4302/9
f 3722/4315/9 3716/4310/9 3721/4309/9
f 3724/4316/9 3723/4314/9 3722/4313/9
f 3725/4317/9 3722/4313/9 3721/4312/9
f 3726/4318/9 3722/4313/9 3725/4317/9
f 3727/4319/9 3728/4320/9 3729/4321/9
f 3730/4322/9 3728/4320/9 3727/4319/9
f 3731/4323/9 3732/4324/9 3733/4325/9
f 3734/4326/9 3727/4319/9 3732/4327/9
f 3734/4328/9 3732/4324/9 3731/4323/9
f 3735/4329/9 3730/4330/9 3727/4331/9
f 3735/4332/9 3727/4319/9 3734/4326/9
f 3736/4333/9 3737/4334/9 3730/4322/9
f 3736/4335/9 3730/4330/9 3735/4329/9
f 3738/4336/9 3737/4334/9 3736/4333/9
f 3739/4337/9 3736/4333/9 3735/4332/9
f 3740/4338/9 3736/4333/9 3739/4337/9
f 3741/4339/9 3742/4340/9 3743/4341/9
f 3744/4342/9 3742/4340/9 3741/4339/9
f 3745/4343/9 3741/4339/9 3746/4344/9
f 3747/4345/9 3744/4346/9 3741/4347/9
f 3747/4348/9 3741/4339/9 3745/4343/9
f 3748/4349/9 3749/4350/9 3744/4342/9
f 3748/4351/9 3744/4346/9 3747/4345/9
f 3750/4352/9 3749/4350/9 3748/4349/9
f 3751/4353/9 3748/4349/9 3747/4348/9
f 3752/4354/9 3748/4349/9 3751/4353/9
f 3753/4355/9 3754/4356/9 3752/4354/9
f 3755/4357/9 3754/4356/9 3753/4355/9
f 3756/4358/9 3757/4359/9 3758/4360/9
f 3759/4361/9 3753/4355/9 3757/4362/9
f 3759/4363/9 3757/4359/9 3756/4358/9
f 3760/4364/9 3755/4365/9 3753/4366/9
f 3760/4367/9 3753/4355/9 3759/4361/9
f 3761/4368/9 3762/4369/9 3755/4357/9
f 3761/4370/9 3755/4365/9 3760/4364/9
f 3763/4371/9 3762/4369/9 3761/4368/9
f 3764/4372/9 3761/4368/9 3760/4367/9
f 3765/4373/9 3761/4368/9 3764/4372/9
f 3766/4374/9 3767/4375/9 3768/4376/9
f 3769/4377/9 3767/4375/9 3766/4374/9
f 3770/4378/9 3771/4379/9 3772/4380/9
f 3773/4381/9 3766/4374/9 3771/4382/9
f 3773/4383/9 3771/4379/9 3770/4378/9
f 3774/4384/9 3769/4385/9 3766/4386/9
f 3774/4387/9 3766/4374/9 3773/4381/9
f 3775/4388/9 3776/4389/9 3769/4377/9
f 3775/4390/9 3769/4385/9 3774/4384/9
f 3777/4391/9 3776/4389/9 3775/4388/9
f 3778/4392/9 3775/4388/9 3774/4387/9
f 3779/4393/9 3775/4388/9 3778/4392/9
f 3780/4394/9 3781/4395/9 3782/4396/9
f 3783/4397/9 3781/4395/9 3780/4394/9
f 3784/4398/9 3785/4399/9 3786/4400/9
f 3787/4401/9 3780/4394/9 3785/4402/9
f 3787/4403/9 3785/4399/9 3784/4398/9
f 3788/4404/9 3783/4405/9 3780/4406/9
f 3788/4407/9 3780/4394/9 3787/4401/9
f 3789/4408/9 3790/4409/9 3783/4397/9
f 3789/4410/9 3783/4405/9 3788/4404/9
f 3791/4411/9 3790/4409/9 3789/4408/9
f 3792/4412/9 3789/4408/9 3788/4407/9
f 3793/4413/9 3789/4408/9 3792/4412/9
f 3794/4414/9 3795/4415/9 3796/4416/9
f 3797/4417/9 3795/4415/9 3794/4414/9
f 3798/4418/9 3794/4414/9 3799/4419/9
f 3800/4420/9 3797/4421/9 3794/4422/9
f 3800/4423/9 3794/4414/9 3798/4418/9
f 3801/4424/9 3802/4425/9 3797/4417/9
f 3801/4426/9 3797/4421/9 3800/4420/9
f 3803/4427/9 3802/4425/9 3801/4424/9
f 3804/4428/9 3801/4424/9 3800/4423/9
f 3805/4429/9 3801/4424/9 3804/4428/9
f 3806/4430/9 3807/4431/9 3808/4432/9
f 3809/4433/9 3807/4431/9 3806/4430/9
f 3810/4434/9 3811/4435/9 3812/4436/9
f 3813/4437/9 3811/4435/9 3810/4434/9
f 3814/4438/9 3815/4439/9 3816/4440/9
f 3817/4441/9 3814/4438/9 3816/4440/9
f 3818/4442/9 3814/4438/9 3817/4441/9
f 3819/4443/9 3820/4444/9 3821/4445/9
f 3822/4446/9 3820/4444/9 3819/4443/9
f 3823/4447/10 3824/4448/10 3825/4449/10
f 3825/4449/10 3824/4448/10 3826/4450/10
f 3827/4451/10 3828/4452/10 3829/4453/10
f 3829/4453/10 3828/4452/10 3830/4454/10
f 3831/4455/10 3832/4456/10 3833/4457/10
f 3833/4457/10 3832/4456/10 3834/4458/10
f 3835/4459/10 3836/4460/10 3837/4461/10
f 3837/4461/10 3836/4460/10 3838/4462/10
f 3839/4463/10 3840/4464/10 3841/4465/10
f 3841/4465/10 3840/4464/10 3842/4466/10
f 3843/4467/10 3844/4468/10 3845/4469/10
f 3845/4469/10 3844/4468/10 3846/4470/10
f 3847/4471/10 3848/4472/10 3849/4473/10
f 3849/4473/10 3848/4472/10 3850/4474/10
f 3851/4475/10 3852/4476/10 3853/4477/10
f 3853/4477/10 3852/4476/10 3854/4478/10
f 3855/4479/10 3856/4480/10 3857/4481/10
f 3857/4481/10 3856/4480/10 3858/4482/10
f 3859/4483/10 3860/4484/10 3861/4485/10
f 3861/4485/10 3860/4484/10 3862/4486/10
f 3863/4487/10 3864/4488/10 3865/4489/10
f 3865/4489/10 3864/4488/10 3866/4490/10
f 3867/4491/10 3868/4492/10 3869/4493/10
f 3869/4493/10 3868/4492/10 3870/4494/10
f 3871/4495/10 3872/4496/10 3873/4497/10
f 3873/4497/10 3872/4496/10 3874/4498/10
f 3875/4499/10 3876/4500/10 3877/4501/10
f 3877/4501/10 3876/4500/10 3878/4502/10
f 3879/4503/10 3880/4504/10 3881/4505/10
f 3881/4505/10 3880/4504/10 3882/4506/10
f 3879/4503/10 3881/4505/10 3883/4507/10
f 3883/4507/10 3881/4505/10 3884/4508/10
f 3884/4508/10 3881/4505/10 3885/4509/10
f 3882/4506/10 3880/4504/10 3886/4510/10
f 3884/4508/10 3885/4509/10 3887/4511/10
f 3885/4509/10 3886/4510/10 3887/4511/10
f 3888/4512/10 3887/4511/10 3889/4513/10
f 3886/4510/10 3880/4504/10 3890/4514/10
f 3889/4513/10 3887/4511/10 3890/4514/10
f 3887/4511/10 3886/4510/10 3890/4514/10
f 3891/4515/10 3892/4516/10 3893/4517/10
f 3893/4517/10 3892/4516/10 3894/4518/10
f 3895/4519/10 3896/4520/10 3897/4521/10
f 3897/4521/10 3896/4520/10 3898/4522/10
f 3899/4523/10 3900/4524/10 3901/4525/10
f 3901/4525/10 3900/4524/10 3902/4526/10
f 3903/4527/10 3904/4528/10 3905/4529/10
f 3905/4529/10 3904/4528/10 3906/4530/10
f 3907/4531/10 3908/4532/10 3909/4533/10
f 3909/4533/10 3908/4532/10 3910/4534/10
f 3911/4535/10 3912/4536/10 3913/4537/10
f 3913/4537/10 3912/4536/10 3914/4538/10
f 3914/4538/10 3912/4536/10 3915/4539/10
f 3916/4540/10 3917/4541/10 3918/4542/10
f 3918/4542/10 3917/4541/10 3919/4543/10
f 3919/4543/10 3917/4541/10 3920/4544/10
f 3921/4545/10 3922/4546/10 3923/4547/10
f 3923/4547/10 3922/4546/10 3924/4548/10
f 3925/4549/10 3926/4550/10 3927/4551/10
f 3927/4551/10 3926/4550/10 3928/4552/10
f 3929/4553/10 3930/4554/10 3931/4555/10
f 3931/4555/10 3930/4554/10 3932/4556/10
f 3932/4556/10 3930/4554/10 3933/4557/10
f 3934/4558/10 3935/4559/10 3936/4560/10
f 3936/4560/10 3935/4559/10 3937/4561/10
f 3937/4561/10 3935/4559/10 3938/4562/10
f 3939/4563/10 3940/4564/10 3941/4565/10
f 3941/4565/10 3940/4564/10 3942/4566/10
f 3943/4567/10 3944/4568/10 3945/4569/10
f 3945/4569/10 3944/4568/10 3946/4570/10
f 3947/4571/10 3948/4572/10 3949/4573/10
f 3949/4573/10 3948/4572/10 3950/4574/10
f 3951/4575/10 3952/4576/10 3953/4577/10
f 3953/4577/10 3952/4576/10 3954/4578/10
f 3955/4579/10 3956/4580/10 3957/4581/10
f 3957/4581/10 3956/4580/10 3958/4582/10
f 3959/4583/10 3960/4584/10 3961/4585/10
f 3961/4585/10 3960/4584/10 3962/4586/10
f 3963/4587/10 3964/4588/10 3965/4589/10
f 3965/4589/10 3964/4588/10 3966/4590/10
f 3967/4591/10 3968/4592/10 3969/4593/10
f 3969/4593/10 3968/4592/10 3970/4594/10
f 3971/4595/10 3972/4596/10 3973/4597/10
f 3973/4597/10 3972/4596/10 3974/4598/10
f 3975/4599/10 3976/4600/10 3977/4601/10
f 3977/4601/10 3976/4600/10 3978/4602/10
f 3979/4603/10 3980/4604/10 3981/4605/10
f 3981/4605/10 3980/4604/10 3982/4606/10
f 3983/4607/10 3984/4608/10 3985/4609/10
f 3985/4609/10 3984/4608/10 3986/4610/10
f 3987/4611/10 3988/4612/10 3989/4613/10
f 3989/4613/10 3988/4612/10 3990/4614/10
f 3991/4615/10 3992/4616/10 3993/4617/10
f 3993/4617/10 3992/4616/10 3994/4618/10
f 3995/4619/10 3996/4620/10 3997/4621/10
f 3997/4621/10 3996/4620/10 3998/4622/10
f 3999/4623/10 4000/4624/10 4001/4625/10
f 4001/4625/10 4000/4624/10 4002/4626/10
f 4003/4627/10 4004/4628/10 4005/4629/10
f 4005/4629/10 4004/4628/10 4006/4630/10
f 4007/4631/10 4008/4632/10 4009/4633/10
f 4008/4632/10 4010/4634/10 4009/4633/10
f 4009/4633/10 4010/4634/10 4011/4635/10
f 4012/4636/10 4013/4637/10 4014/4638/10
f 4014/4638/10 4013/4637/10 4015/4639/10
f 4016/4640/10 4017/4641/10 4018/4642/10
f 4018/4642/10 4017/4641/10 4019/4643/10
f 4020/4644/10 4021/4645/10 4022/4646/10
f 4021/4645/10 4023/4647/10 4022/4646/10
f 4022/4646/10 4023/4647/10 4024/4648/10
f 4025/4649/10 4026/4650/10 4027/4651/10
f 4027/4651/10 4026/4650/10 4028/4652/10
f 4029/4653/10 4030/4654/10 4031/4655/10
f 4031/4655/10 4030/4654/10 4032/4656/10
f 4033/4657/10 4034/4658/10 4035/4659/10
f 4035/4659/10 4034/4658/10 4036/4660/10
f 4037/4661/10 4038/4662/10 4039/4663/10
f 4039/4663/10 4038/4662/10 4040/4664/10
f 4041/4665/10 4042/4666/10 4043/4667/10
f 4043/4667/10 4042/4666/10 4044/4668/10
f 4045/4669/10 4046/4670/10 4047/4671/10
f 4047/4671/10 4046/4670/10 4048/4672/10
f 4049/4673/10 4050/4674/10 4051/4675/10
f 4051/4675/10 4050/4674/10 4052/4676/10
f 4053/4677/10 4054/4678/10 4055/4679/10
f 4055/4679/10 4054/4678/10 4056/4680/10
f 4057/4681/10 4058/4682/10 4059/4683/10
f 4059/4683/10 4058/4682/10 4060/4684/10
f 4061/4685/10 4062/4686/10 4063/4687/10
f 4063/4687/10 4062/4686/10 4064/4688/10
f 4065/4689/10 4066/4690/10 4067/4691/10
f 4067/4691/10 4066/4690/10 4068/4692/10
f 4069/4693/10 4070/4694/10 4071/4695/10
f 4071/4695/10 4070/4694/10 4072/4696/10
f 4073/4697/10 4074/4698/10 4075/4699/10
f 4075/4699/10 4074/4698/10 4076/4700/10
f 4077/4701/10 4078/4702/10 4079/4703/10
f 4079/4703/10 4078/4702/10 4080/4704/10
f 4081/4705/10 4082/4706/10 4083/4707/10
f 4083/4707/10 4082/4706/10 4084/4708/10
f 4085/4709/10 4086/4710/10 4087/4711/10
f 4087/4711/10 4086/4710/10 4088/4712/10
f 4089/4713/10 4090/4714/10 4091/4715/10
f 4091/4715/10 4090/4714/10 4092/4716/10
f 4093/4717/10 4094/4718/10 4095/4719/10
f 4095/4719/10 4094/4718/10 4096/4720/10
f 4097/4721/10 4098/4722/10 4099/4723/10
f 4099/4723/10 4098/4722/10 4100/4724/10
f 4097/4721/10 4099/4723/10 4101/4725/10
f 4099/4726/10 4100/4727/10 4102/4728/10
f 4101/4725/10 4099/4723/10 4102/4729/10
f 4100/4724/10 4098/4722/10 4103/4730/10
f 4102/4728/10 4100/4727/10 4103/4731/10
f 4103/4730/10 4098/4722/10 4104/4732/10
f 4105/4733/10 4106/4734/10 4107/4735/10
f 4107/4735/10 4106/4734/10 4108/4736/10
f 4108/4736/10 4106/4734/10 4109/4737/10
f 4109/4737/10 4106/4734/10 4110/4738/10
f 4097/4721/10 4101/4725/10 4111/4739/10
f 4111/4739/10 4101/4725/10 4112/4740/10
f 4101/4741/10 4102/4728/10 4113/4742/10
f 4112/4740/10 4101/4725/10 4113/4743/10
f 4102/4729/10 4103/4730/10 4114/4744/10
f 4113/4742/10 4102/4728/10 4114/4745/10
f 4103/4731/10 4104/4746/10 4115/4747/10
f 4114/4744/10 4103/4730/10 4115/4748/10
f 4104/4732/10 4098/4722/10 4116/4749/10
f 4115/4747/10 4104/4746/10 4116/4750/10
f 4112/4740/10 4113/4743/10 4117/4751/10
f 4113/4743/10 4114/4744/10 4117/4751/10
f 4117/4751/10 4114/4744/10 4118/4752/10
f 4114/4745/10 4115/4747/10 4119/4753/10
f 4118/4752/10 4114/4744/10 4119/4754/10
f 4115/4748/10 4116/4749/10 4120/4755/10
f 4119/4753/10 4115/4747/10 4120/4756/10
f 4121/4757/10 4122/4758/10 4123/4759/10
f 4122/4760/10 4124/4761/10 4125/4762/10
f 4123/4759/10 4122/4758/10 4125/4763/10
f 4125/4762/10 4124/4761/10 4126/4764/10
f 4127/4765/10 4128/4766/10 4129/4767/10
f 4128/4768/10 4117/4769/10 4130/4770/10
f 4129/4767/10 4128/4766/10 4130/4771/10
f 4130/4770/10 4117/4769/10 4131/4772/10
f 4118/4752/10 4119/4754/10 4132/4773/10
f 4119/4754/10 4120/4755/10 4132/4773/10
f 4132/4773/10 4120/4755/10 4133/4774/10
f 4105/4733/10 4107/4735/10 4134/4775/10
f 4134/4775/10 4107/4735/10 4135/4776/10
f 4108/4736/10 4109/4737/10 4136/4777/10
f 4136/4777/10 4109/4737/10 4137/4778/10
f 4123/4779/10 4125/4762/10 4138/4780/10
f 4125/4763/10 4126/4781/10 4138/4782/10
f 4126/4764/10 4124/4761/10 4139/4783/10
f 4138/4782/10 4126/4781/10 4139/4784/10
f 4130/4771/10 4131/4785/10 4140/4786/10
f 4129/4787/10 4130/4770/10 4140/4788/10
f 4131/4772/10 4132/4789/10 4141/4790/10
f 4140/4786/10 4131/4785/10 4141/4791/10
f 4141/4790/10 4132/4789/10 4142/4792/10
f 4133/4774/10 4120/4755/10 4143/4793/10
f 4120/4755/10 4116/4749/10 4144/4794/10
f 4143/4793/10 4120/4755/10 4144/4794/10
f 4142/4792/10 4143/4795/10 4145/4796/10
f 4141/4790/10 4142/4792/10 4145/4796/10
f 4140/4788/10 4141/4790/10 4145/4796/10
f 4144/4794/10 4116/4749/10 4146/4797/10
f 4116/4749/10 4098/4722/10 4147/4798/10
f 4146/4797/10 4116/4749/10 4147/4798/10
f 4135/4776/10 4107/4735/10 4148/4799/10
f 4108/4736/10 4136/4777/10 4149/4800/10
f 4145/4796/10 4146/4801/10 4150/4802/10
f 4147/4798/10 4098/4722/10 4151/4803/10
f 4151/4803/10 4098/4722/10 4152/4804/10
f 4140/4788/10 4145/4796/10 4153/4805/10
f 4145/4796/10 4150/4802/10 4153/4805/10
f 4150/4802/10 4151/4806/10 4153/4805/10
f 4153/4805/10 4151/4806/10 4154/4807/10
f 4105/4733/10 4134/4775/10 4155/4808/10
f 4148/4799/10 4149/4800/10 4156/4809/10
f 4135/4776/10 4148/4799/10 4156/4809/10
f 4149/4800/10 4136/4777/10 4157/4810/10
f 4156/4809/10 4149/4800/10 4157/4810/10
f 4137/4778/10 4109/4737/10 4158/4811/10
f 4139/4783/10 4124/4761/10 4159/4812/10
f 4138/4780/10 4139/4783/10 4159/4812/10
f 4159/4812/10 4124/4761/10 4160/4813/10
f 4153/4814/10 4154/4815/10 4161/4816/10
f 4140/4788/10 4153/4805/10 4161/4817/10
f 4154/4807/10 4151/4806/10 4162/4818/10
f 4161/4816/10 4154/4815/10 4162/4819/10
f 4162/4818/10 4151/4806/10 4163/4820/10
f 4123/4779/10 4138/4780/10 4164/4821/10
f 4138/4780/10 4159/4812/10 4164/4821/10
f 4159/4822/10 4160/4823/10 4165/4824/10
f 4164/4821/10 4159/4812/10 4165/4825/10
f 4165/4824/10 4160/4823/10 4166/4826/10
f 4129/4787/10 4140/4788/10 4167/4827/10
f 4140/4788/10 4161/4817/10 4167/4827/10
f 4161/4817/10 4162/4818/10 4167/4827/10
f 4162/4819/10 4163/4828/10 4168/4829/10
f 4167/4827/10 4162/4818/10 4168/4830/10
f 4168/4829/10 4163/4828/10 4169/4831/10
f 4170/4832/10 4171/4833/10 4172/4834/10
f 4171/4835/10 4173/4836/10 4174/4837/10
f 4172/4834/10 4171/4833/10 4174/4838/10
f 4174/4837/10 4173/4836/10 4175/4839/10
f 4176/4840/10 4177/4841/10 4178/4842/10
f 4177/4843/10 4179/4844/10 4180/4845/10
f 4178/4842/10 4177/4841/10 4180/4846/10
f 4180/4845/10 4179/4844/10 4181/4847/10
f 4172/4848/10 4174/4837/10 4182/4849/10
f 4174/4838/10 4175/4850/10 4182/4851/10
f 4175/4839/10 4173/4836/10 4183/4852/10
f 4182/4851/10 4175/4850/10 4183/4853/10
f 4180/4846/10 4181/4854/10 4184/4855/10
f 4178/4856/10 4180/4845/10 4184/4857/10
f 4181/4847/10 4179/4844/10 4185/4858/10
f 4184/4855/10 4181/4854/10 4185/4859/10
f 4185/4858/10 4179/4844/10 4186/4860/10
f 4152/4804/10 4098/4722/10 4187/4861/10
f 4187/4861/10 4098/4722/10 4188/4862/10
f 4188/4862/10 4098/4722/10 4189/4863/10
f 4189/4863/10 4098/4722/10 4190/4864/10
f 4185/4859/10 4186/4865/10 4191/4866/10
f 4184/4857/10 4185/4858/10 4191/4867/10
f 4186/4860/10 4179/4844/10 4192/4868/10
f 4191/4866/10 4186/4865/10 4192/4869/10
f 4152/4804/10 4187/4861/10 4193/4870/10
f 4187/4871/10 4188/4872/10 4194/4873/10
f 4193/4870/10 4187/4861/10 4194/4874/10
f 4188/4862/10 4189/4863/10 4195/4875/10
f 4194/4873/10 4188/4872/10 4195/4876/10
f 4189/4877/10 4190/4878/10 4196/4879/10
f 4195/4875/10 4189/4863/10 4196/4880/10
f 4190/4864/10 4098/4722/10 4197/4881/10
f 4196/4879/10 4190/4878/10 4197/4882/10
f 4197/4881/10 4098/4722/10 4198/4883/10
f 4195/4876/10 4196/4879/10 4199/4884/10
f 4194/4873/10 4195/4876/10 4199/4884/10
f 4197/4882/10 4198/4885/10 4199/4884/10
f 4196/4879/10 4197/4882/10 4199/4884/10
f 4152/4804/10 4193/4870/10 4199/4886/10
f 4193/4887/10 4194/4873/10 4199/4884/10
f 4199/4884/10 4198/4885/10 4200/4888/10
f 4200/4888/10 4198/4885/10 4201/4889/10
f 4198/4883/10 4098/4722/10 4202/4890/10
f 4201/4889/10 4198/4885/10 4202/4891/10
f 4199/4886/10 4200/4892/10 4203/4893/10
f 4200/4888/10 4201/4889/10 4204/4894/10
f 4203/4893/10 4200/4892/10 4204/4895/10
f 4201/4896/10 4202/4890/10 4205/4897/10
f 4204/4894/10 4201/4889/10 4205/4898/10
f 4202/4890/10 4098/4722/10 4206/4899/10
f 4205/4897/10 4202/4890/10 4206/4899/10
f 4199/4886/10 4203/4893/10 4207/4900/10
f 4204/4894/10 4205/4898/10 4207/4901/10
f 4205/4898/10 4206/4902/10 4207/4901/10
f 4203/4903/10 4204/4894/10 4207/4901/10
f 4207/4901/10 4206/4902/10 4208/4904/10
f 4208/4904/10 4206/4902/10 4209/4905/10
f 4206/4899/10 4098/4722/10 4210/4906/10
f 4209/4905/10 4206/4902/10 4210/4907/10
f 4208/4904/10 4209/4905/10 4211/4908/10
f 4207/4900/10 4208/4909/10 4211/4910/10
f 4209/4911/10 4210/4906/10 4212/4912/10
f 4211/4908/10 4209/4905/10 4212/4913/10
f 4191/4867/10 4192/4868/10 4213/4914/10
f 4192/4868/10 4179/4844/10 4213/4914/10
f 4213/4914/10 4179/4844/10 4214/4915/10
f 4182/4849/10 4183/4852/10 4215/4916/10
f 4183/4852/10 4173/4836/10 4216/4917/10
f 4215/4916/10 4183/4852/10 4216/4917/10
f 4191/4867/10 4213/4914/10 4217/4918/10
f 4213/4919/10 4214/4920/10 4217/4921/10
f 4214/4915/10 4179/4844/10 4218/4922/10
f 4217/4921/10 4214/4920/10 4218/4923/10
f 4218/4922/10 4179/4844/10 4219/4924/10
f 4211/4910/10 4212/4912/10 4220/4925/10
f 4152/4804/10 4199/4886/10 4220/4925/10
f 4199/4886/10 4207/4900/10 4220/4925/10
f 4207/4900/10 4211/4910/10 4220/4925/10
f 4220/4925/10 4212/4912/10 4221/4926/10
f 4182/4849/10 4215/4916/10 4222/4927/10
f 4215/4928/10 4216/4929/10 4222/4930/10
f 4216/4917/10 4173/4836/10 4223/4931/10
f 4222/4930/10 4216/4929/10 4223/4932/10
f 4223/4931/10 4173/4836/10 4224/4933/10
f 4218/4923/10 4219/4934/10 4225/4935/10
f 4217/4918/10 4218/4922/10 4225/4936/10
f 4219/4924/10 4179/4844/10 4226/4937/10
f 4225/4935/10 4219/4934/10 4226/4938/10
f 4226/4937/10 4179/4844/10 4227/4939/10
f 4152/4804/10 4220/4925/10 4228/4940/10
f 4220/4941/10 4221/4942/10 4229/4943/10
f 4228/4940/10 4220/4925/10 4229/4944/10
f 4221/4926/10 4212/4912/10 4230/4945/10
f 4229/4943/10 4221/4942/10 4230/4946/10
f 4230/4945/10 4212/4912/10 4231/4947/10
f 4157/4810/10 4158/4811/10 4232/4948/10
f 4156/4809/10 4157/4810/10 4232/4948/10
f 4155/4808/10 4156/4809/10 4232/4948/10
f 4158/4811/10 4109/4737/10 4233/4949/10
f 4232/4948/10 4158/4811/10 4233/4949/10
f 4172/4848/10 4182/4849/10 4234/4950/10
f 4222/4927/10 4223/4931/10 4234/4950/10
f 4182/4849/10 4222/4927/10 4234/4950/10
f 4223/4932/10 4224/4951/10 4235/4952/10
f 4234/4950/10 4223/4931/10 4235/4953/10
f 4235/4952/10 4224/4951/10 4236/4954/10
f 4184/4857/10 4191/4867/10 4237/4955/10
f 4178/4856/10 4184/4857/10 4237/4955/10
f 4191/4867/10 4217/4918/10 4237/4955/10
f 4217/4918/10 4225/4936/10 4237/4955/10
f 4225/4936/10 4226/4937/10 4237/4955/10
f 4226/4938/10 4227/4956/10 4238/4957/10
f 4237/4955/10 4226/4937/10 4238/4958/10
f 4238/4957/10 4227/4956/10 4239/4959/10
f 4228/4960/10 4229/4943/10 4240/4961/10
f 4152/4804/10 4228/4940/10 4240/4962/10
f 4229/4944/10 4230/4945/10 4241/4963/10
f 4240/4961/10 4229/4943/10 4241/4964/10
f 4230/4946/10 4231/4965/10 4242/4966/10
f 4241/4963/10 4230/4945/10 4242/4967/10
f 4231/4947/10 4212/4912/10 4243/4968/10
f 4242/4966/10 4231/4965/10 4243/4969/10
f 4241/4964/10 4242/4966/10 4244/4970/10
f 4240/4962/10 4241/4963/10 4244/4971/10
f 4242/4967/10 4243/4968/10 4245/4972/10
f 4244/4970/10 4242/4966/10 4245/4973/10
f 4246/4974/10 4247/4975/10 4248/4976/10
f 4247/4977/10 4249/4978/10 4250/4979/10
f 4248/4976/10 4247/4975/10 4250/4980/10
f 4250/4979/10 4249/4978/10 4251/4981/10
f 4252/4982/10 4253/4983/10 4254/4984/10
f 4253/4985/10 4255/4986/10 4256/4987/10
f 4254/4984/10 4253/4983/10 4256/4988/10
f 4256/4987/10 4255/4986/10 4257/4989/10
f 4155/4808/10 4232/4948/10 4258/4990/10
f 4258/4990/10 4232/4948/10 4259/4991/10
f 4248/4992/10 4250/4979/10 4260/4993/10
f 4250/4980/10 4251/4994/10 4260/4995/10
f 4251/4981/10 4249/4978/10 4261/4996/10
f 4260/4995/10 4251/4994/10 4261/4997/10
f 4254/4998/10 4256/4987/10 4262/4999/10
f 4256/4988/10 4257/5000/10 4262/5001/10
f 4257/4989/10 4255/4986/10 4263/5002/10
f 4262/5001/10 4257/5000/10 4263/5003/10
f 4263/5002/10 4255/4986/10 4264/5004/10
f 4262/4999/10 4263/5002/10 4264/5004/10
f 4264/5004/10 4255/4986/10 4265/5005/10
f 4152/4804/10 4240/4962/10 4266/5006/10
f 4240/4962/10 4244/4971/10 4266/5006/10
f 4244/4971/10 4245/4972/10 4266/5006/10
f 4259/4991/10 4232/4948/10 4267/5007/10
f 4233/4949/10 4109/4737/10 4268/5008/10
f 4262/4999/10 4264/5004/10 4269/5009/10
f 4269/5009/10 4264/5004/10 4270/5010/10
f 4105/4733/10 4155/4808/10 4271/5011/10
f 4155/4808/10 4258/4990/10 4271/5011/10
f 4271/5011/10 4258/4990/10 4272/5012/10
f 4259/4991/10 4267/5007/10 4273/5013/10
f 4267/5007/10 4268/5008/10 4273/5013/10
f 4268/5008/10 4109/4737/10 4274/5014/10
f 4273/5013/10 4268/5008/10 4274/5014/10
f 4269/5015/10 4270/5016/10 4275/5017/10
f 4262/4999/10 4269/5009/10 4275/5018/10
f 4270/5010/10 4264/5004/10 4276/5019/10
f 4275/5017/10 4270/5016/10 4276/5020/10
f 4276/5019/10 4264/5004/10 4277/5021/10
f 4277/5021/10 4264/5004/10 4278/5022/10
f 4265/5023/10 4266/5006/10 4279/5024/10
f 4260/4993/10 4261/4996/10 4280/5025/10
f 4261/4996/10 4249/4978/10 4281/5026/10
f 4280/5025/10 4261/4996/10 4281/5026/10
f 4276/5020/10 4277/5027/10 4282/5028/10
f 4275/5018/10 4276/5019/10 4282/5029/10
f 4282/5028/10 4277/5027/10 4283/5030/10
f 4278/5031/10 4279/5024/10 4284/5032/10
f 4272/5012/10 4258/4990/10 4285/5033/10
f 4259/4991/10 4273/5013/10 4286/5034/10
f 4260/4993/10 4280/5025/10 4287/5035/10
f 4280/5036/10 4281/5037/10 4287/5038/10
f 4281/5026/10 4249/4978/10 4288/5039/10
f 4287/5038/10 4281/5037/10 4288/5040/10
f 4288/5039/10 4249/4978/10 4289/5041/10
f 4262/4999/10 4275/5018/10 4290/5042/10
f 4275/5018/10 4282/5029/10 4290/5042/10
f 4290/5042/10 4282/5029/10 4291/5043/10
f 4283/5044/10 4284/5032/10 4292/5045/10
f 4248/4992/10 4260/4993/10 4293/5046/10
f 4260/4993/10 4287/5035/10 4293/5046/10
f 4287/5035/10 4288/5039/10 4293/5046/10
f 4288/5040/10 4289/5047/10 4294/5048/10
f 4293/5046/10 4288/5039/10 4294/5049/10
f 4294/5048/10 4289/5047/10 4295/5050/10
f 4254/4998/10 4262/4999/10 4296/5051/10
f 4262/4999/10 4290/5042/10 4296/5051/10
f 4296/5051/10 4290/5042/10 4297/5052/10
f 4291/5053/10 4292/5045/10 4298/5054/10
f 4274/5014/10 4109/4737/10 4299/5055/10
f 4297/5056/10 4298/5054/10 4300/5057/10
f 4105/4733/10 4271/5011/10 4301/5058/10
f 4285/5033/10 4286/5034/10 4302/5059/10
f 4272/5012/10 4285/5033/10 4302/5059/10
f 4286/5034/10 4273/5013/10 4303/5060/10
f 4302/5059/10 4286/5034/10 4303/5060/10
f 4299/5055/10 4304/5061/10 4305/5062/10
f 4274/5014/10 4299/5055/10 4305/5062/10
f 4298/5054/10 4292/5045/10 4306/5063/10
f 4292/5045/10 4284/5032/10 4306/5063/10
f 4284/5032/10 4279/5024/10 4306/5063/10
f 4279/5024/10 4266/5006/10 4306/5063/10
f 4266/5006/10 4245/4972/10 4306/5063/10
f 4300/5057/10 4298/5054/10 4306/5063/10
f 4307/5064/10 4300/5057/10 4306/5063/10
f 4306/5063/10 4245/4972/10 4308/5065/10
f 4307/5064/10 4306/5063/10 4309/5066/10
f 4306/5067/10 4308/5068/10 4310/5069/10
f 4309/5066/10 4306/5063/10 4310/5070/10
f 4308/5065/10 4245/4972/10 4311/5071/10
f 4310/5069/10 4308/5068/10 4311/5072/10
f 4311/5071/10 4245/4972/10 4312/5073/10
f 4309/5074/10 4310/5069/10 4313/5075/10
f 4307/5064/10 4309/5066/10 4313/5076/10
f 4311/5072/10 4312/5077/10 4313/5075/10
f 4310/5069/10 4311/5072/10 4313/5075/10
f 4313/5075/10 4312/5077/10 4314/5078/10
f 4314/5078/10 4312/5077/10 4315/5079/10
f 4312/5073/10 4245/4972/10 4316/5080/10
f 4315/5079/10 4312/5077/10 4316/5081/10
f 4307/5064/10 4313/5076/10 4317/5082/10
f 4313/5076/10 4314/5083/10 4317/5082/10
f 4314/5078/10 4315/5079/10 4318/5084/10
f 4317/5082/10 4314/5083/10 4318/5085/10
f 4315/5086/10 4316/5080/10 4319/5087/10
f 4318/5084/10 4315/5079/10 4319/5088/10
f 4316/5080/10 4245/4972/10 4320/5089/10
f 4319/5087/10 4316/5080/10 4320/5089/10
f 4307/5064/10 4317/5082/10 4321/5090/10
f 4318/5084/10 4319/5088/10 4321/5091/10
f 4319/5088/10 4320/5092/10 4321/5091/10
f 4317/5093/10 4318/5084/10 4321/5091/10
f 4321/5091/10 4320/5092/10 4322/5094/10
f 4322/5094/10 4320/5092/10 4323/5095/10
f 4323/5095/10 4320/5092/10 4324/5096/10
f 4324/5096/10 4320/5092/10 4325/5097/10
f 4320/5089/10 4245/4972/10 4326/5098/10
f 4325/5097/10 4320/5092/10 4326/5099/10
f 4321/5090/10 4322/5100/10 4327/5101/10
f 4322/5094/10 4323/5095/10 4327/5102/10
f 4323/5103/10 4324/5104/10 4328/5105/10
f 4327/5102/10 4323/5095/10 4328/5106/10
f 4324/5096/10 4325/5097/10 4329/5107/10
f 4328/5105/10 4324/5104/10 4329/5108/10
f 4325/5109/10 4326/5098/10 4330/5110/10
f 4329/5107/10 4325/5097/10 4330/5111/10
f 4302/5059/10 4303/5060/10 4331/5112/10
f 4303/5060/10 4305/5062/10 4331/5112/10
f 4305/5062/10 4304/5061/10 4331/5112/10
f 4301/5058/10 4302/5059/10 4331/5112/10
f 4331/5112/10 4304/5061/10 4332/5113/10
f 4329/5108/10 4330/5110/10 4333/5114/10
f 4321/5090/10 4327/5101/10 4333/5114/10
f 4328/5105/10 4329/5108/10 4333/5114/10
f 4327/5101/10 4328/5105/10 4333/5114/10
f 4307/5064/10 4321/5090/10 4333/5114/10
f 4333/5114/10 4330/5110/10 4334/5115/10
f 4334/5115/10 4330/5110/10 4335/5116/10
f 4335/5116/10 4330/5110/10 4336/5117/10
f 4337/5118/10 4338/5119/10 4339/5120/10
f 4338/5121/10 4340/5122/10 4341/5123/10
f 4339/5120/10 4338/5119/10 4341/5124/10
f 4341/5123/10 4340/5122/10 4342/5125/10
f 4343/5126/10 4344/5127/10 4345/5128/10
f 4344/5129/10 4335/5130/10 4346/5131/10
f 4345/5128/10 4344/5127/10 4346/5132/10
f 4346/5131/10 4335/5130/10 4347/5133/10
f 4336/5117/10 4330/5110/10 4348/5134/10
f 4348/5134/10 4330/5110/10 4349/5135/10
f 4339/5136/10 4341/5123/10 4350/5137/10
f 4341/5124/10 4342/5138/10 4350/5139/10
f 4342/5125/10 4340/5122/10 4351/5140/10
f 4350/5139/10 4342/5138/10 4351/5141/10
f 4346/5132/10 4347/5142/10 4352/5143/10
f 4345/5144/10 4346/5131/10 4352/5145/10
f 4347/5133/10 4348/5146/10 4353/5147/10
f 4352/5143/10 4347/5142/10 4353/5148/10
f 4353/5147/10 4348/5146/10 4354/5149/10
f 4243/4968/10 4212/4912/10 4355/5150/10
f 4210/4906/10 4098/4722/10 4355/5150/10
f 4330/5110/10 4326/5098/10 4355/5150/10
f 4212/4912/10 4210/4906/10 4355/5150/10
f 4245/4972/10 4243/4968/10 4355/5150/10
f 4326/5098/10 4245/4972/10 4355/5150/10
f 4349/5135/10 4330/5110/10 4355/5150/10
f 4355/5150/10 4098/4722/10 4356/5151/10
f 4353/5148/10 4354/5152/10 4357/5153/10
f 4352/5145/10 4353/5147/10 4357/5154/10
f 4354/5149/10 4348/5146/10 4358/5155/10
f 4357/5153/10 4354/5152/10 4358/5156/10
f 4358/5155/10 4348/5146/10 4359/5157/10
f 4349/5135/10 4355/5150/10 4360/5158/10
f 4360/5158/10 4355/5150/10 4361/5159/10
f 4361/5159/10 4355/5150/10 4362/5160/10
f 4355/5161/10 4356/5162/10 4363/5163/10
f 4362/5160/10 4355/5150/10 4363/5164/10
f 4356/5151/10 4098/4722/10 4364/5165/10
f 4363/5163/10 4356/5162/10 4364/5166/10
f 4364/5165/10 4098/4722/10 4365/5167/10
f 4301/5058/10 4331/5112/10 4366/5168/10
f 4366/5168/10 4331/5112/10 4367/5169/10
f 4362/5170/10 4363/5163/10 4368/5171/10
f 4361/5159/10 4362/5160/10 4368/5172/10
f 4363/5164/10 4364/5165/10 4369/5173/10
f 4368/5171/10 4363/5163/10 4369/5174/10
f 4364/5166/10 4365/5175/10 4370/5176/10
f 4369/5173/10 4364/5165/10 4370/5177/10
f 4365/5167/10 4098/4722/10 4371/5178/10
f 4370/5176/10 4365/5175/10 4371/5179/10
f 4369/5174/10 4370/5176/10 4372/5180/10
f 4368/5172/10 4369/5173/10 4372/5181/10
f 4370/5177/10 4371/5178/10 4373/5182/10
f 4372/5180/10 4370/5176/10 4373/5183/10
f 4352/5145/10 4357/5154/10 4374/5184/10
f 4345/5144/10 4352/5145/10 4374/5184/10
f 4358/5155/10 4359/5157/10 4374/5184/10
f 4357/5154/10 4358/5155/10 4374/5184/10
f 4359/5157/10 4360/5185/10 4374/5184/10
f 4374/5184/10 4360/5185/10 4375/5186/10
f 4301/5058/10 4366/5168/10 4376/5187/10
f 4376/5187/10 4366/5168/10 4377/5188/10
f 4345/5144/10 4374/5184/10 4378/5189/10
f 4374/5190/10 4375/5191/10 4378/5192/10
f 4375/5186/10 4360/5185/10 4379/5193/10
f 4378/5192/10 4375/5191/10 4379/5194/10
f 4379/5193/10 4360/5185/10 4380/5195/10
f 4380/5195/10 4360/5185/10 4381/5196/10
f 4381/5196/10 4360/5185/10 4382/5197/10
f 4368/5172/10 4372/5181/10 4383/5198/10
f 4372/5181/10 4373/5182/10 4383/5198/10
f 4361/5159/10 4368/5172/10 4383/5198/10
f 4350/5137/10 4351/5140/10 4384/5199/10
f 4351/5140/10 4340/5122/10 4384/5199/10
f 4384/5199/10 4340/5122/10 4385/5200/10
f 4379/5194/10 4380/5201/10 4386/5202/10
f 4378/5189/10 4379/5193/10 4386/5203/10
f 4380/5195/10 4381/5196/10 4387/5204/10
f 4386/5202/10 4380/5201/10 4387/5205/10
f 4387/5204/10 4381/5196/10 4388/5206/10
f 4377/5188/10 4366/5168/10 4389/5207/10
f 4367/5169/10 4331/5112/10 4390/5208/10
f 4384/5209/10 4385/5210/10 4391/5211/10
f 4350/5137/10 4384/5199/10 4391/5212/10
f 4385/5200/10 4340/5122/10 4392/5213/10
f 4391/5211/10 4385/5210/10 4392/5214/10
f 4392/5213/10 4340/5122/10 4393/5215/10
f 4378/5189/10 4386/5203/10 4394/5216/10
f 4386/5203/10 4387/5204/10 4394/5216/10
f 4387/5205/10 4388/5217/10 4395/5218/10
f 4394/5216/10 4387/5204/10 4395/5219/10
f 4395/5218/10 4388/5217/10 4396/5220/10
f 4382/5221/10 4383/5198/10 4397/5222/10
f 4377/5188/10 4389/5207/10 4398/5223/10
f 4389/5207/10 4390/5208/10 4398/5223/10
f 4390/5208/10 4331/5112/10 4399/5224/10
f 4398/5223/10 4390/5208/10 4399/5224/10
f 4339/5136/10 4350/5137/10 4400/5225/10
f 4350/5137/10 4391/5212/10 4400/5225/10
f 4391/5212/10 4392/5213/10 4400/5225/10
f 4392/5214/10 4393/5226/10 4401/5227/10
f 4400/5225/10 4392/5213/10 4401/5228/10
f 4401/5227/10 4393/5226/10 4402/5229/10
f 4345/5144/10 4378/5189/10 4403/5230/10
f 4378/5189/10 4394/5216/10 4403/5230/10
f 4403/5230/10 4394/5216/10 4404/5231/10
f 4396/5232/10 4397/5222/10 4405/5233/10
f 4399/5224/10 4331/5112/10 4406/5234/10
f 4404/5235/10 4405/5233/10 4407/5236/10
f 4405/5233/10 4397/5222/10 4408/5237/10
f 4407/5236/10 4405/5233/10 4408/5237/10
f 4397/5222/10 4383/5198/10 4409/5238/10
f 4408/5237/10 4397/5222/10 4409/5238/10
f 4301/5058/10 4376/5187/10 4410/5239/10
f 4377/5188/10 4398/5223/10 4411/5240/10
f 4412/5241/10 4407/5236/10 4413/5242/10
f 4407/5236/10 4408/5237/10 4413/5242/10
f 4408/5243/10 4409/5244/10 4414/5245/10
f 4413/5242/10 4408/5237/10 4414/5246/10
f 4409/5238/10 4383/5198/10 4415/5247/10
f 4414/5245/10 4409/5244/10 4415/5248/10
f 4383/5198/10 4373/5182/10 4416/5249/10
f 4415/5247/10 4383/5198/10 4416/5249/10
f 4413/5250/10 4414/5245/10 4417/5251/10
f 4412/5241/10 4413/5242/10 4417/5252/10
f 4414/5246/10 4415/5247/10 4418/5253/10
f 4417/5251/10 4414/5245/10 4418/5254/10
f 4415/5248/10 4416/5255/10 4419/5256/10
f 4418/5253/10 4415/5247/10 4419/5257/10
f 4416/5249/10 4373/5182/10 4420/5258/10
f 4419/5256/10 4416/5255/10 4420/5259/10
f 4418/5254/10 4419/5256/10 4421/5260/10
f 4417/5252/10 4418/5253/10 4421/5261/10
f 4419/5257/10 4420/5258/10 4422/5262/10
f 4421/5260/10 4419/5256/10 4422/5263/10
f 4410/5239/10 4411/5240/10 4423/5264/10
f 4411/5240/10 4398/5223/10 4423/5264/10
f 4406/5234/10 4424/5265/10 4425/5266/10
f 4399/5224/10 4406/5234/10 4425/5266/10
f 4410/5239/10 4423/5264/10 4426/5267/10
f 4423/5264/10 4425/5266/10 4426/5267/10
f 4105/4733/10 4301/5058/10 4426/5267/10
f 4301/5058/10 4410/5239/10 4426/5267/10
f 4425/5266/10 4424/5265/10 4427/5268/10
f 4426/5267/10 4425/5266/10 4427/5268/10
f 4421/5261/10 4422/5262/10 4428/5269/10
f 4412/5241/10 4417/5252/10 4428/5269/10
f 4417/5252/10 4421/5261/10 4428/5269/10
f 4373/5182/10 4371/5178/10 4429/5270/10
f 4428/5269/10 4422/5262/10 4429/5270/10
f 4371/5178/10 4098/4722/10 4429/5270/10
f 4422/5262/10 4420/5258/10 4429/5270/10
f 4420/5258/10 4373/5182/10 4429/5270/10
f 4430/5271/10 4431/5272/10 4432/5273/10
f 4432/5273/10 4431/5272/10 4433/5274/10
f 4434/5275/10 4435/5276/10 4436/5277/10
f 4436/5277/10 4435/5276/10 4437/5278/10
f 4438/5279/10 4439/5280/10 4440/5281/10
f 4440/5281/10 4439/5280/10 4441/5282/10
f 4441/5282/10 4439/5280/10 4442/5283/10
f 4442/5283/10 4439/5280/10 4443/5284/10
f 4441/5282/10 4442/5283/10 4444/5285/10
f 4444/5285/10 4442/5283/10 4445/5286/10
f 4446/5287/10 4444/5285/10 4447/5288/10
f 4445/5286/10 4448/5289/10 4447/5288/10
f 4444/5285/10 4445/5286/10 4447/5288/10
f 4447/5288/10 4448/5289/10 4449/5290/10
f 4449/5290/10 4448/5289/10 4450/5291/10
f 4450/5291/10 4448/5289/10 4451/5292/10
f 4451/5292/10 4452/5293/10 4453/5294/10
f 4453/5294/10 4452/5293/10 4454/5295/10
f 4454/5295/10 4455/5296/10 4456/5297/10
f 4456/5297/10 4455/5296/10 4457/5298/10
f 4457/5298/10 4458/5299/10 4459/5300/10
f 4459/5300/10 4458/5299/10 4460/5301/10
f 4461/5302/10 4447/5288/10 4462/5303/10
f 4462/5303/10 4447/5288/10 4463/5304/10
f 4460/5301/10 4464/5305/10 4465/5306/10
f 4465/5306/10 4464/5305/10 4466/5307/10
f 4467/5308/10 4468/5309/10 4469/5310/10
f 4449/5290/10 4450/5291/10 4470/5311/10
f 4470/5311/10 4450/5291/10 4471/5312/10
f 4466/5307/10 4472/5313/10 4473/5314/10
f 4470/5311/10 4471/5312/10 4474/5315/10
f 4471/5312/10 4473/5314/10 4474/5315/10
f 4467/5308/10 4469/5310/10 4474/5315/10
f 4469/5310/10 4470/5311/10 4474/5315/10
f 4474/5315/10 4473/5314/10 4475/5316/10
f 4475/5316/10 4473/5314/10 4476/5317/10
f 4473/5314/10 4472/5313/10 4477/5318/10
f 4476/5317/10 4473/5314/10 4477/5318/10
f 4467/5308/10 4474/5315/10 4478/5319/10
f 4478/5319/10 4474/5315/10 4479/5320/10
f 4480/5321/10 4481/5322/10 4482/5323/10
f 4482/5323/10 4481/5322/10 4483/5324/10
f 4484/5325/10 4485/5326/10 4486/5327/10
f 4486/5327/10 4485/5326/10 4487/5328/10
f 4488/5329/10 4489/5330/10 4490/5331/10
f 4475/5316/10 4476/5317/10 4491/5332/10
f 4491/5332/10 4476/5317/10 4492/5333/10
f 4477/5318/10 4472/5313/10 4493/5334/10
f 4490/5331/10 4494/5335/10 4495/5336/10
f 4488/5329/10 4490/5331/10 4495/5336/10
f 4495/5336/10 4494/5335/10 4496/5337/10
f 4496/5337/10 4494/5335/10 4497/5338/10
f 4492/5333/10 4493/5334/10 4498/5339/10
f 4491/5332/10 4492/5333/10 4498/5339/10
f 4499/5340/10 4491/5332/10 4498/5339/10
f 4498/5339/10 4493/5334/10 4500/5341/10
f 4500/5341/10 4493/5334/10 4501/5342/10
f 4501/5342/10 4493/5334/10 4502/5343/10
f 4493/5334/10 4472/5313/10 4503/5344/10
f 4502/5343/10 4493/5334/10 4503/5344/10
f 4503/5344/10 4472/5313/10 4504/5345/10
f 4504/5345/10 4472/5313/10 4505/5346/10
f 4506/5347/10 4504/5345/10 4507/5348/10
f 4507/5348/10 4504/5345/10 4508/5349/10
f 4509/5350/10 4507/5348/10 4510/5351/10
f 4510/5351/10 4507/5348/10 4511/5352/10
f 4512/5353/10 4510/5351/10 4513/5354/10
f 4513/5354/10 4510/5351/10 4514/5355/10
f 4515/5356/10 4516/5357/10 4517/5358/10
f 4517/5358/10 4516/5357/10 4518/5359/10
f 4501/5342/10 4502/5343/10 4519/5360/10
f 4519/5360/10 4502/5343/10 4520/5361/10
f 4521/5362/10 4513/5354/10 4522/5363/10
f 4522/5363/10 4513/5354/10 4523/5364/10
f 4519/5360/10 4520/5361/10 4524/5365/10
f 4520/5361/10 4522/5363/10 4524/5365/10
f 4518/5359/10 4519/5360/10 4524/5365/10
f 4524/5365/10 4522/5363/10 4525/5366/10
f 4525/5366/10 4522/5363/10 4526/5367/10
f 4526/5367/10 4522/5363/10 4527/5368/10
f 4525/5366/10 4526/5367/10 4528/5369/10
f 4528/5369/10 4526/5367/10 4529/5370/10
f 4528/5369/10 4529/5370/10 4530/5371/10
f 4529/5370/10 4531/5372/10 4530/5371/10
f 4532/5373/10 4528/5369/10 4530/5371/10
f 4530/5371/10 4531/5372/10 4533/5374/10
f 4533/5374/10 4531/5372/10 4534/5375/10
f 4534/5375/10 4531/5372/10 4535/5376/10
f 4535/5376/10 4536/5377/10 4537/5378/10
f 4537/5378/10 4536/5377/10 4538/5379/10
f 4538/5379/10 4539/5380/10 4540/5381/10
f 4540/5381/10 4539/5380/10 4541/5382/10
f 4541/5382/10 4542/5383/10 4543/5384/10
f 4543/5384/10 4542/5383/10 4544/5385/10
f 4545/5386/10 4543/5384/10 4546/5387/10
f 4546/5387/10 4543/5384/10 4547/5388/10
f 4532/5373/10 4530/5371/10 4548/5389/10
f 4533/5374/10 4534/5375/10 4549/5390/10
f 4549/5390/10 4534/5375/10 4550/5391/10
f 4551/5392/10 4546/5387/10 4552/5393/10
f 4552/5393/10 4546/5387/10 4553/5394/10
f 4532/5373/10 4548/5389/10 4554/5395/10
f 4549/5390/10 4550/5391/10 4554/5395/10
f 4550/5391/10 4552/5393/10 4554/5395/10
f 4548/5389/10 4549/5390/10 4554/5395/10
f 4554/5395/10 4552/5393/10 4555/5396/10
f 4555/5396/10 4552/5393/10 4556/5397/10
f 4556/5397/10 4552/5393/10 4557/5398/10
f 4438/5279/10 4440/5281/10 4558/5399/10
f 4558/5399/10 4440/5281/10 4559/5400/10
f 4555/5396/10 4556/5397/10 4560/5401/10
f 4560/5401/10 4556/5397/10 4561/5402/10
f 4443/5284/10 4439/5280/10 4562/5403/10
f 4562/5403/10 4439/5280/10 4563/5404/10
f 4564/5405/10 4565/5406/10 4566/5407/10
f 4566/5407/10 4565/5406/10 4567/5408/10
f 4568/5409/10 4569/5410/10 4570/5411/10
f 4570/5411/10 4569/5410/10 4571/5412/10
f 4572/5413/10 4573/5414/10 4574/5415/10
f 4574/5415/10 4573/5414/10 4575/5416/10
f 4576/5417/10 4577/5418/10 4578/5419/10
f 4578/5419/10 4577/5418/10 4579/5420/10
f 4580/5421/10 4581/5422/10 4582/5423/10
f 4582/5423/10 4581/5422/10 4583/5424/10
f 4584/5425/10 4585/5426/10 4586/5427/10
f 4586/5427/10 4585/5426/10 4587/5428/10
f 4588/5429/10 4589/5430/10 4590/5431/10
f 4589/5432/10 4586/5427/10 4591/5433/10
f 4590/5431/10 4589/5430/10 4591/5434/10
f 4586/5435/10 4587/5436/10 4592/5437/10
f 4591/5433/10 4586/5427/10 4592/5438/10
f 4587/5428/10 4593/5439/10 4594/5440/10
f 4592/5437/10 4587/5436/10 4594/5441/10
f 4594/5440/10 4593/5439/10 4595/5442/10
f 4592/5438/10 4594/5440/10 4596/5443/10
f 4596/5443/10 4594/5440/10 4597/5444/10
f 4598/5445/10 4599/5446/10 4600/5447/10
f 4600/5447/10 4599/5446/10 4601/5448/10
f 4602/5449/10 4603/5450/10 4604/5451/10
f 4603/5452/10 4600/5447/10 4605/5453/10
f 4604/5451/10 4603/5450/10 4605/5454/10
f 4600/5455/10 4601/5456/10 4606/5457/10
f 4605/5453/10 4600/5447/10 4606/5458/10
f 4601/5448/10 4607/5459/10 4608/5460/10
f 4606/5457/10 4601/5456/10 4608/5461/10
f 4608/5460/10 4607/5459/10 4609/5462/10
f 4606/5458/10 4608/5460/10 4610/5463/10
f 4610/5463/10 4608/5460/10 4611/5464/10
f 4612/5465/10 4613/5466/10 4614/5467/10
f 4614/5467/10 4613/5466/10 4615/5468/10
f 4616/5469/10 4617/5470/10 4618/5471/10
f 4617/5472/10 4614/5467/10 4619/5473/10
f 4618/5471/10 4617/5470/10 4619/5474/10
f 4614/5475/10 4615/5476/10 4620/5477/10
f 4619/5473/10 4614/5467/10 4620/5478/10
f 4615/5468/10 4621/5479/10 4622/5480/10
f 4620/5477/10 4615/5476/10 4622/5481/10
f 4622/5480/10 4621/5479/10 4623/5482/10
f 4620/5478/10 4622/5480/10 4624/5483/10
f 4624/5483/10 4622/5480/10 4625/5484/10
f 4626/5485/10 4627/5486/10 4628/5487/10
f 4628/5487/10 4627/5486/10 4629/5488/10
f 4630/5489/10 4631/5490/10 4632/5491/10
f 4631/5492/10 4628/5487/10 4633/5493/10
f 4632/5491/10 4631/5490/10 4633/5494/10
f 4628/5495/10 4629/5496/10 4634/5497/10
f 4633/5493/10 4628/5487/10 4634/5498/10
f 4629/5488/10 4635/5499/10 4636/5500/10
f 4634/5497/10 4629/5496/10 4636/5501/10
f 4636/5500/10 4635/5499/10 4637/5502/10
f 4634/5498/10 4636/5500/10 4638/5503/10
f 4638/5503/10 4636/5500/10 4639/5504/10
f 4640/5505/10 4641/5506/10 4642/5507/10
f 4642/5507/10 4641/5506/10 4643/5508/10
f 4644/5509/10 4645/5510/10 4646/5511/10
f 4645/5512/10 4642/5507/10 4647/5513/10
f 4646/5511/10 4645/5510/10 4647/5514/10
f 4642/5515/10 4643/5516/10 4648/5517/10
f 4647/5513/10 4642/5507/10 4648/5518/10
f 4643/5508/10 4649/5519/10 4650/5520/10
f 4648/5517/10 4643/5516/10 4650/5521/10
f 4650/5520/10 4649/5519/10 4651/5522/10
f 4648/5518/10 4650/5520/10 4652/5523/10
f 4652/5523/10 4650/5520/10 4653/5524/10
f 4654/5525/10 4655/5526/10 4656/5527/10
f 4656/5527/10 4655/5526/10 4657/5528/10
f 4658/5529/10 4659/5530/10 4660/5531/10
f 4660/5531/10 4659/5530/10 4661/5532/10
f 4662/5533/10 4663/5534/10 4664/5535/10
f 4664/5535/10 4663/5534/10 4665/5536/10
f 4666/5537/10 4667/5538/10 4668/5539/10
f 4667/5540/10 4664/5535/10 4669/5541/10
f 4668/5539/10 4667/5538/10 4669/5542/10
f 4664/5543/10 4665/5544/10 4670/5545/10
f 4669/5541/10 4664/5535/10 4670/5546/10
f 4665/5536/10 4671/5547/10 4672/5548/10
f 4670/5545/10 4665/5544/10 4672/5549/10
f 4672/5548/10 4671/5547/10 4673/5550/10
f 4670/5546/10 4672/5548/10 4674/5551/10
f 4674/5551/10 4672/5548/10 4675/5552/10
f 4676/5553/10 4677/5554/10 4678/5555/10
f 4678/5555/10 4677/5554/10 4679/5556/10
f 4680/5557/10 4681/5558/10 4682/5559/10
f 4681/5560/10 4678/5555/10 4683/5561/10
f 4682/5559/10 4681/5558/10 4683/5562/10
f 4678/5563/10 4679/5564/10 4684/5565/10
f 4683/5561/10 4678/5555/10 4684/5566/10
f 4679/5556/10 4685/5567/10 4686/5568/10
f 4684/5565/10 4679/5564/10 4686/5569/10
f 4686/5568/10 4685/5567/10 4687/5570/10
f 4684/5566/10 4686/5568/10 4688/5571/10
f 4688/5571/10 4686/5568/10 4689/5572/10
f 4690/5573/10 4691/5574/10 4692/5575/10
f 4692/5575/10 4691/5574/10 4693/5576/10
f 4694/5577/10 4695/5578/10 4696/5579/10
f 4695/5580/10 4692/5575/10 4697/5581/10
f 4696/5579/10 4695/5578/10 4697/5582/10
f 4692/5583/10 4693/5584/10 4698/5585/10
f 4697/5581/10 4692/5575/10 4698/5586/10
f 4693/5576/10 4699/5587/10 4700/5588/10
f 4698/5585/10 4693/5584/10 4700/5589/10
f 4700/5588/10 4699/5587/10 4701/5590/10
f 4698/5586/10 4700/5588/10 4702/5591/10
f 4702/5591/10 4700/5588/10 4703/5592/10
f 4704/5593/10 4705/5594/10 4706/5595/10
f 4706/5595/10 4705/5594/10 4707/5596/10
f 4708/5597/10 4709/5598/10 4710/5599/10
f 4709/5600/10 4706/5595/10 4711/5601/10
f 4710/5599/10 4709/5598/10 4711/5602/10
f 4706/5603/10 4707/5604/10 4712/5605/10
f 4711/5601/10 4706/5595/10 4712/5606/10
f 4707/5596/10 4713/5607/10 4714/5608/10
f 4712/5605/10 4707/5604/10 4714/5609/10
f 4714/5608/10 4713/5607/10 4715/5610/10
f 4712/5606/10 4714/5608/10 4716/5611/10
f 4716/5611/10 4714/5608/10 4717/5612/10
f 4718/5613/10 4719/5614/10 4720/5615/10
f 4720/5615/10 4719/5614/10 4721/5616/10
f 4722/5617/10 4723/5618/10 4724/5619/10
f 4724/5619/10 4723/5618/10 4725/5620/10
f 4726/5621/10 4727/5622/10 4728/5623/10
f 4728/5623/10 4727/5622/10 4729/5624/10
f 4730/5625/10 4731/5626/10 4732/5627/10
f 4732/5627/10 4731/5626/10 4733/5628/10
f 4734/5629/10 4732/5627/10 4735/5630/10
f 4732/5631/10 4733/5632/10 4736/5633/10
f 4735/5630/10 4732/5627/10 4736/5634/10
f 4733/5628/10 4737/5635/10 4738/5636/10
f 4736/5633/10 4733/5632/10 4738/5637/10
f 4738/5636/10 4737/5635/10 4739/5638/10
f 4736/5634/10 4738/5636/10 4740/5639/10
f 4740/5639/10 4738/5636/10 4741/5640/10
f 4742/5641/10 4743/5642/10 4744/5643/10
f 4744/5643/10 4743/5642/10 4745/5644/10
f 4746/5645/10 4747/5646/10 4748/5647/10
f 4747/5648/10 4744/5643/10 4749/5649/10
f 4748/5647/10 4747/5646/10 4749/5650/10
f 4744/5651/10 4745/5652/10 4750/5653/10
f 4749/5649/10 4744/5643/10 4750/5654/10
f 4745/5644/10 4751/5655/10 4752/5656/10
f 4750/5653/10 4745/5652/10 4752/5657/10
f 4752/5656/10 4751/5655/10 4753/5658/10
f 4750/5654/10 4752/5656/10 4754/5659/10
f 4754/5659/10 4752/5656/10 4755/5660/10
f 4756/5661/10 4757/5662/10 4758/5663/10
f 4758/5663/10 4757/5662/10 4759/5664/10
f 4760/5665/10 4758/5663/10 4761/5666/10
f 4758/5667/10 4759/5668/10 4762/5669/10
f 4761/5666/10 4758/5663/10 4762/5670/10
f 4759/5664/10 4763/5671/10 4764/5672/10
f 4762/5669/10 4759/5668/10 4764/5673/10
f 4764/5672/10 4763/5671/10 4765/5674/10
f 4762/5670/10 4764/5672/10 4766/5675/10
f 4766/5675/10 4764/5672/10 4767/5676/10
f 4768/5677/10 4769/5678/10 4770/5679/10
f 4770/5679/10 4769/5678/10 4771/5680/10
f 4772/5681/10 4773/5682/10 4774/5683/10
f 4773/5684/10 4770/5679/10 4775/5685/10
f 4774/5683/10 4773/5682/10 4775/5686/10
f 4770/5687/10 4771/5688/10 4776/5689/10
f 4775/5685/10 4770/5679/10 4776/5690/10
f 4771/5680/10 4777/5691/10 4778/5692/10
f 4776/5689/10 4771/5688/10 4778/5693/10
f 4778/5692/10 4777/5691/10 4779/5694/10
f 4776/5690/10 4778/5692/10 4780/5695/10
f 4780/5695/10 4778/5692/10 4781/5696/10
f 4782/5697/10 4783/5698/10 4784/5699/10
f 4784/5699/10 4783/5698/10 4785/5700/10
f 4786/5701/10 4784/5699/10 4787/5702/10
f 4784/5703/10 4785/5704/10 4788/5705/10
f 4787/5702/10 4784/5699/10 4788/5706/10
f 4785/5700/10 4789/5707/10 4790/5708/10
f 4788/5705/10 4785/5704/10 4790/5709/10
f 4790/5708/10 4789/5707/10 4791/5710/10
f 4788/5706/10 4790/5708/10 4792/5711/10
f 4792/5711/10 4790/5708/10 4793/5712/10
f 4794/5713/10 4795/5714/10 4796/5715/10
f 4796/5715/10 4795/5714/10 4797/5716/10
f 4798/5717/10 4799/5718/10 4800/5719/10
f 4800/5719/10 4799/5718/10 4801/5720/10
f 4802/5721/10 4803/5722/10 4804/5723/10
f 4804/5723/10 4803/5722/10 4805/5724/10
f 4806/5725/10 4807/5726/10 4808/5727/10
f 4808/5727/10 4807/5726/10 4809/5728/10
f 4810/5729/10 4811/5730/10 4812/5731/10
f 4812/5731/10 4811/5730/10 4813/5732/10
f 4814/5733/10 4815/5734/10 4816/5735/10
f 4816/5735/10 4815/5734/10 4817/5736/10
f 4818/5737/10 4819/5738/10 4820/5739/10
f 4820/5739/10 4819/5738/10 4821/5740/10
f 4822/5741/10 4823/5742/10 4824/5743/10
f 4824/5743/10 4823/5742/10 4825/5744/10
f 4826/5745/10 4827/5746/10 4828/5747/10
f 4828/5747/10 4827/5746/10 4829/5748/10
f 4830/5749/10 4831/5750/10 4832/5751/10
f 4832/5751/10 4831/5750/10 4833/5752/10
f 4834/5753/10 4835/5754/10 4836/5755/10
f 4836/5755/10 4835/5754/10 4837/5756/10
f 4838/5757/10 4839/5758/10 4840/5759/10
f 4840/5759/10 4839/5758/10 4841/5760/10
f 4842/5761/10 4843/5762/10 4844/5763/10
f 4844/5763/10 4843/5762/10 4845/5764/10
f 4846/5765/10 4847/5766/10 4848/5767/10
f 4848/5767/10 4847/5766/10 4849/5768/10
f 4850/5769/10 4851/5770/10 4852/5771/10
f 4852/5771/10 4851/5770/10 4853/5772/10
f 4854/5773/10 4855/5774/10 4856/5775/10
f 4856/5775/10 4855/5774/10 4857/5776/10
f 4858/5777/10 4859/5778/10 4860/5779/10
f 4860/5779/10 4859/5778/10 4861/5780/10
f 4862/5781/10 4863/5782/10 4864/5783/10
f 4864/5783/10 4863/5782/10 4865/5784/10
f 4866/5785/10 4867/5786/10 4868/5787/10
f 4868/5787/10 4867/5786/10 4869/5788/10
f 4870/5789/10 4871/5790/10 4872/5791/10
f 4872/5791/10 4871/5790/10 4873/5792/10
f 4874/5793/10 4875/5794/10 4876/5795/10
f 4876/5795/10 4875/5794/10 4877/5796/10
f 4878/5797/10 4879/5798/10 4880/5799/10
f 4880/5799/10 4879/5798/10 4881/5800/10
f 4878/5797/10 4880/5799/10 4882/5801/10
f 4880/5802/10 4881/5803/10 4883/5804/10
f 4882/5801/10 4880/5799/10 4883/5805/10
f 4881/5800/10 4879/5798/10 4884/5806/10
f 4883/5804/10 4881/5803/10 4884/5807/10
f 4884/5806/10 4879/5798/10 4885/5808/10
f 4882/5809/10 4883/5804/10 4886/5810/10
f 4878/5797/10 4882/5801/10 4886/5811/10
f 4883/5805/10 4884/5806/10 4887/5812/10
f 4886/5810/10 4883/5804/10 4887/5813/10
f 4884/5807/10 4885/5814/10 4888/5815/10
f 4887/5812/10 4884/5806/10 4888/5816/10
f 4885/5808/10 4879/5798/10 4889/5817/10
f 4888/5815/10 4885/5814/10 4889/5818/10
f 4874/5793/10 4876/5795/10 4890/5819/10
f 4890/5819/10 4876/5795/10 4891/5820/10
f 4887/5813/10 4888/5815/10 4892/5821/10
f 4886/5811/10 4887/5812/10 4892/5822/10
f 4888/5816/10 4889/5817/10 4893/5823/10
f 4892/5821/10 4888/5815/10 4893/5824/10
f 4891/5820/10 4876/5795/10 4894/5825/10
f 4877/5796/10 4875/5794/10 4895/5826/10
f 4895/5826/10 4875/5794/10 4896/5827/10
f 4892/5822/10 4893/5823/10 4897/5828/10
f 4878/5797/10 4886/5811/10 4897/5828/10
f 4886/5811/10 4892/5822/10 4897/5828/10
f 4889/5817/10 4879/5798/10 4898/5829/10
f 4897/5828/10 4893/5823/10 4898/5829/10
f 4893/5823/10 4889/5817/10 4898/5829/10
f 4899/5830/10 4900/5831/10 4901/5832/10
f 4900/5833/10 4902/5834/10 4903/5835/10
f 4901/5832/10 4900/5831/10 4903/5836/10
f 4903/5835/10 4902/5834/10 4904/5837/10
f 4905/5838/10 4906/5839/10 4907/5840/10
f 4906/5841/10 4908/5842/10 4909/5843/10
f 4907/5840/10 4906/5839/10 4909/5844/10
f 4909/5843/10 4908/5842/10 4910/5845/10
f 4901/5846/10 4903/5835/10 4911/5847/10
f 4903/5836/10 4904/5848/10 4911/5849/10
f 4904/5837/10 4902/5834/10 4912/5850/10
f 4911/5849/10 4904/5848/10 4912/5851/10
f 4909/5844/10 4910/5852/10 4913/5853/10
f 4907/5854/10 4909/5843/10 4913/5855/10
f 4910/5845/10 4908/5842/10 4914/5856/10
f 4913/5853/10 4910/5852/10 4914/5857/10
f 4874/5793/10 4890/5819/10 4915/5858/10
f 4891/5820/10 4894/5825/10 4916/5859/10
f 4914/5856/10 4908/5842/10 4917/5860/10
f 4913/5855/10 4914/5856/10 4917/5860/10
f 4917/5860/10 4908/5842/10 4918/5861/10
f 4912/5850/10 4902/5834/10 4919/5862/10
f 4911/5847/10 4912/5850/10 4919/5862/10
f 4919/5862/10 4902/5834/10 4920/5863/10
f 4917/5864/10 4918/5865/10 4921/5866/10
f 4913/5855/10 4917/5860/10 4921/5867/10
f 4918/5861/10 4908/5842/10 4922/5868/10
f 4921/5866/10 4918/5865/10 4922/5869/10
f 4922/5868/10 4908/5842/10 4923/5870/10
f 4901/5846/10 4911/5847/10 4924/5871/10
f 4911/5847/10 4919/5862/10 4924/5871/10
f 4919/5872/10 4920/5873/10 4925/5874/10
f 4924/5871/10 4919/5862/10 4925/5875/10
f 4925/5874/10 4920/5873/10 4926/5876/10
f 4907/5854/10 4913/5855/10 4927/5877/10
f 4913/5855/10 4921/5867/10 4927/5877/10
f 4921/5867/10 4922/5868/10 4927/5877/10
f 4922/5869/10 4923/5878/10 4928/5879/10
f 4927/5877/10 4922/5868/10 4928/5880/10
f 4928/5879/10 4923/5878/10 4929/5881/10
f 4930/5882/10 4931/5883/10 4932/5884/10
f 4931/5885/10 4933/5886/10 4934/5887/10
f 4932/5884/10 4931/5883/10 4934/5888/10
f 4934/5887/10 4933/5886/10 4935/5889/10
f 4936/5890/10 4937/5891/10 4938/5892/10
f 4937/5893/10 4939/5894/10 4940/5895/10
f 4938/5892/10 4937/5891/10 4940/5896/10
f 4940/5895/10 4939/5894/10 4941/5897/10
f 4932/5898/10 4934/5887/10 4942/5899/10
f 4934/5888/10 4935/5900/10 4942/5901/10
f 4935/5889/10 4933/5886/10 4943/5902/10
f 4942/5901/10 4935/5900/10 4943/5903/10
f 4943/5902/10 4933/5886/10 4944/5904/10
f 4940/5896/10 4941/5905/10 4945/5906/10
f 4938/5907/10 4940/5895/10 4945/5908/10
f 4941/5897/10 4939/5894/10 4946/5909/10
f 4945/5906/10 4941/5905/10 4946/5910/10
f 4943/5903/10 4944/5911/10 4947/5912/10
f 4942/5899/10 4943/5902/10 4947/5913/10
f 4944/5904/10 4933/5886/10 4948/5914/10
f 4947/5912/10 4944/5911/10 4948/5915/10
f 4898/5829/10 4879/5798/10 4949/5916/10
f 4949/5916/10 4879/5798/10 4950/5917/10
f 4898/5829/10 4949/5916/10 4951/5918/10
f 4949/5919/10 4950/5920/10 4952/5921/10
f 4951/5918/10 4949/5916/10 4952/5922/10
f 4950/5917/10 4879/5798/10 4953/5923/10
f 4952/5921/10 4950/5920/10 4953/5924/10
f 4953/5923/10 4879/5798/10 4954/5925/10
f 4951/5926/10 4952/5921/10 4955/5927/10
f 4898/5829/10 4951/5918/10 4955/5928/10
f 4952/5922/10 4953/5923/10 4956/5929/10
f 4955/5927/10 4952/5921/10 4956/5930/10
f 4953/5924/10 4954/5931/10 4957/5932/10
f 4956/5929/10 4953/5923/10 4957/5933/10
f 4954/5925/10 4879/5798/10 4958/5934/10
f 4957/5932/10 4954/5931/10 4958/5935/10
f 4956/5930/10 4957/5932/10 4959/5936/10
f 4955/5928/10 4956/5929/10 4959/5937/10
f 4957/5933/10 4958/5934/10 4960/5938/10
f 4959/5936/10 4957/5932/10 4960/5939/10
f 4947/5913/10 4948/5914/10 4961/5940/10
f 4942/5899/10 4947/5913/10 4961/5940/10
f 4948/5914/10 4933/5886/10 4962/5941/10
f 4961/5940/10 4948/5914/10 4962/5941/10
f 4942/5899/10 4961/5940/10 4963/5942/10
f 4961/5943/10 4962/5944/10 4963/5945/10
f 4962/5941/10 4933/5886/10 4964/5946/10
f 4963/5945/10 4962/5944/10 4964/5947/10
f 4964/5946/10 4933/5886/10 4965/5948/10
f 4945/5908/10 4946/5909/10 4966/5949/10
f 4946/5909/10 4939/5894/10 4966/5949/10
f 4966/5949/10 4939/5894/10 4967/5950/10
f 4964/5947/10 4965/5951/10 4968/5952/10
f 4963/5942/10 4964/5946/10 4968/5953/10
f 4965/5948/10 4933/5886/10 4969/5954/10
f 4968/5952/10 4965/5951/10 4969/5955/10
f 4969/5954/10 4933/5886/10 4970/5956/10
f 4966/5957/10 4967/5958/10 4971/5959/10
f 4945/5908/10 4966/5949/10 4971/5960/10
f 4967/5950/10 4939/5894/10 4972/5961/10
f 4971/5959/10 4967/5958/10 4972/5962/10
f 4972/5961/10 4939/5894/10 4973/5963/10
f 4942/5899/10 4963/5942/10 4974/5964/10
f 4963/5942/10 4968/5953/10 4974/5964/10
f 4932/5898/10 4942/5899/10 4974/5964/10
f 4968/5953/10 4969/5954/10 4974/5964/10
f 4969/5955/10 4970/5965/10 4975/5966/10
f 4974/5964/10 4969/5954/10 4975/5967/10
f 4975/5966/10 4970/5965/10 4976/5968/10
f 4971/5960/10 4972/5961/10 4977/5969/10
f 4938/5907/10 4945/5908/10 4977/5969/10
f 4945/5908/10 4971/5960/10 4977/5969/10
f 4972/5962/10 4973/5970/10 4978/5971/10
f 4977/5969/10 4972/5961/10 4978/5972/10
f 4978/5971/10 4973/5970/10 4979/5973/10
f 4980/5974/10 4981/5975/10 4982/5976/10
f 4981/5977/10 4983/5978/10 4984/5979/10
f 4982/5976/10 4981/5975/10 4984/5980/10
f 4984/5979/10 4983/5978/10 4985/5981/10
f 4985/5981/10 4983/5978/10 4986/5982/10
f 4987/5983/10 4988/5984/10 4989/5985/10
f 4988/5986/10 4990/5987/10 4991/5988/10
f 4989/5985/10 4988/5984/10 4991/5989/10
f 4991/5988/10 4990/5987/10 4992/5990/10
f 4874/5793/10 4915/5858/10 4993/5991/10
f 4915/5858/10 4916/5859/10 4993/5991/10
f 4993/5991/10 4916/5859/10 4994/5992/10
f 4982/5993/10 4984/5979/10 4995/5994/10
f 4984/5979/10 4985/5981/10 4995/5994/10
f 4985/5995/10 4986/5996/10 4995/5997/10
f 4986/5982/10 4983/5978/10 4996/5998/10
f 4995/5997/10 4986/5996/10 4996/5999/10
f 4991/5989/10 4992/6000/10 4997/6001/10
f 4989/6002/10 4991/5988/10 4997/6003/10
f 4992/5990/10 4990/5987/10 4998/6004/10
f 4997/6001/10 4992/6000/10 4998/6005/10
f 4996/5998/10 4983/5978/10 4999/6006/10
f 4995/5994/10 4996/5998/10 4999/6006/10
f 4999/6006/10 4983/5978/10 5000/6007/10
f 4998/6004/10 4990/5987/10 5001/6008/10
f 4997/6003/10 4998/6004/10 5001/6008/10
f 5001/6008/10 4990/5987/10 5002/6009/10
f 4999/6010/10 5000/6011/10 5003/6012/10
f 4995/5994/10 4999/6006/10 5003/6013/10
f 5000/6007/10 4983/5978/10 5004/6014/10
f 5003/6012/10 5000/6011/10 5004/6015/10
f 5004/6014/10 4983/5978/10 5005/6016/10
f 5001/6017/10 5002/6018/10 5006/6019/10
f 4997/6003/10 5001/6008/10 5006/6020/10
f 5002/6009/10 4990/5987/10 5007/6021/10
f 5006/6019/10 5002/6018/10 5007/6022/10
f 5007/6021/10 4990/5987/10 5008/6023/10
f 4994/5992/10 4916/5859/10 5009/6024/10
f 4916/5859/10 4894/5825/10 5010/6025/10
f 5009/6024/10 4916/5859/10 5010/6025/10
f 4995/5994/10 5003/6013/10 5011/6026/10
f 4982/5993/10 4995/5994/10 5011/6026/10
f 5003/6013/10 5004/6014/10 5011/6026/10
f 5004/6015/10 5005/6027/10 5012/6028/10
f 5011/6026/10 5004/6014/10 5012/6029/10
f 5012/6028/10 5005/6027/10 5013/6030/10
f 4989/6002/10 4997/6003/10 5014/6031/10
f 4997/6003/10 5006/6020/10 5014/6031/10
f 5006/6020/10 5007/6021/10 5014/6031/10
f 5007/6022/10 5008/6032/10 5015/6033/10
f 5014/6031/10 5007/6021/10 5015/6034/10
f 5015/6033/10 5008/6032/10 5016/6035/10
f 4898/5829/10 4955/5928/10 5017/6036/10
f 4959/5937/10 4960/5938/10 5017/6036/10
f 4955/5928/10 4959/5937/10 5017/6036/10
f 5017/6036/10 4960/5938/10 5018/6037/10
f 5010/6025/10 4894/5825/10 5019/6038/10
f 4898/5829/10 5017/6036/10 5020/6039/10
f 5020/6039/10 5017/6036/10 5021/6040/10
f 5017/6041/10 5018/6042/10 5022/6043/10
f 5021/6040/10 5017/6036/10 5022/6044/10
f 5018/6037/10 4960/5938/10 5023/6045/10
f 5022/6043/10 5018/6042/10 5023/6046/10
f 5023/6045/10 4960/5938/10 5024/6047/10
f 4874/5793/10 4993/5991/10 5025/6048/10
f 4994/5992/10 5009/6024/10 5026/6049/10
f 5010/6025/10 5019/6038/10 5027/6050/10
f 5028/6051/10 5029/6052/10 5030/6053/10
f 5021/6054/10 5022/6043/10 5031/6055/10
f 5020/6039/10 5021/6040/10 5031/6056/10
f 5032/6057/10 5020/6039/10 5031/6056/10
f 5022/6043/10 5023/6046/10 5031/6055/10
f 5023/6046/10 5024/6058/10 5031/6055/10
f 5031/6055/10 5024/6058/10 5033/6059/10
f 5033/6059/10 5024/6058/10 5034/6060/10
f 5024/6047/10 4960/5938/10 5035/6061/10
f 5034/6060/10 5024/6058/10 5035/6062/10
f 5032/6057/10 5031/6056/10 5036/6063/10
f 5031/6056/10 5033/6064/10 5036/6063/10
f 5033/6059/10 5034/6060/10 5037/6065/10
f 5036/6063/10 5033/6064/10 5037/6066/10
f 5034/6067/10 5035/6061/10 5038/6068/10
f 5037/6065/10 5034/6060/10 5038/6069/10
f 5035/6061/10 4960/5938/10 5039/6070/10
f 5038/6068/10 5035/6061/10 5039/6070/10
f 5032/6057/10 5036/6063/10 5040/6071/10
f 5037/6065/10 5038/6069/10 5040/6072/10
f 5038/6069/10 5039/6073/10 5040/6072/10
f 5036/6074/10 5037/6065/10 5040/6072/10
f 5040/6072/10 5039/6073/10 5041/6075/10
f 5041/6075/10 5039/6073/10 5042/6076/10
f 5042/6076/10 5039/6073/10 5043/6077/10
f 5043/6077/10 5039/6073/10 5044/6078/10
f 5039/6070/10 4960/5938/10 5045/6079/10
f 5044/6078/10 5039/6073/10 5045/6080/10
f 5025/6048/10 5026/6049/10 5046/6081/10
f 5026/6049/10 5009/6024/10 5046/6081/10
f 5027/6050/10 5030/6053/10 5047/6082/10
f 5010/6025/10 5027/6050/10 5047/6082/10
f 5040/6071/10 5041/6083/10 5048/6084/10
f 5041/6075/10 5042/6076/10 5048/6085/10
f 5042/6086/10 5043/6087/10 5049/6088/10
f 5048/6085/10 5042/6076/10 5049/6089/10
f 5043/6077/10 5044/6078/10 5050/6090/10
f 5049/6088/10 5043/6087/10 5050/6091/10
f 5044/6092/10 5045/6079/10 5051/6093/10
f 5050/6090/10 5044/6078/10 5051/6094/10
f 5025/6048/10 5046/6081/10 5052/6095/10
f 4874/5793/10 5025/6048/10 5052/6095/10
f 5046/6081/10 5047/6082/10 5052/6095/10
f 5030/6053/10 5029/6052/10 5053/6096/10
f 5052/6095/10 5047/6082/10 5053/6096/10
f 5047/6082/10 5030/6053/10 5053/6096/10
f 5040/6071/10 5048/6084/10 5054/6097/10
f 5050/6091/10 5051/6093/10 5054/6097/10
f 5048/6084/10 5049/6088/10 5054/6097/10
f 5032/6057/10 5040/6071/10 5054/6097/10
f 5049/6088/10 5050/6091/10 5054/6097/10
f 5054/6097/10 5051/6093/10 5055/6098/10
f 5055/6098/10 5051/6093/10 5056/6099/10
f 5056/6099/10 5051/6093/10 5057/6100/10
f 5058/6101/10 5059/6102/10 5060/6103/10
f 5060/6103/10 5059/6102/10 5061/6104/10
f 5062/6105/10 5063/6106/10 5064/6107/10
f 5064/6107/10 5063/6106/10 5065/6108/10
f 5066/6109/10 5056/6110/10 5067/6111/10
f 5067/6111/10 5056/6110/10 5068/6112/10
f 5057/6100/10 5051/6093/10 5069/6113/10
f 5069/6113/10 5051/6093/10 5070/6114/10
f 5061/6115/10 5071/6116/10 5072/6117/10
f 5060/6118/10 5061/6115/10 5072/6117/10
f 5065/6119/10 5073/6120/10 5074/6121/10
f 5075/6122/10 5064/6123/10 5074/6121/10
f 5064/6123/10 5065/6119/10 5074/6121/10
f 5074/6121/10 5073/6120/10 5076/6124/11
f 5067/6125/10 5068/6126/10 5077/6127/10
f 5078/6128/10 5067/6125/10 5077/6127/10
f 5068/6112/10 5069/6129/10 5079/6130/10
f 5077/6127/10 5068/6126/10 5079/6131/10
f 5079/6130/10 5069/6129/10 5080/6132/10
f 5070/6114/10 5051/6093/10 5081/6133/10
f 5051/6093/10 5045/6079/10 5082/6134/10
f 5081/6133/10 5051/6093/10 5082/6134/10
f 5079/6131/10 5080/6135/10 5083/6136/10
f 5074/6121/10 5076/6124/11 5083/6136/10
f 5060/6118/10 5072/6117/10 5083/6136/10
f 5077/6127/10 5079/6131/10 5083/6136/10
f 5058/6101/10 5060/6103/10 5083/6137/10
f 5076/6124/11 5077/6127/10 5083/6136/10
f 5072/6117/10 5074/6121/10 5083/6136/10
f 5080/6132/10 5081/6138/10 5084/6139/10
f 5083/6136/10 5080/6135/10 5084/6140/10
f 5084/6139/10 5081/6138/10 5085/6141/11
f 5082/6134/10 5045/6079/10 5086/6142/10
f 5045/6079/10 4960/5938/10 5087/6143/10
f 5086/6142/10 5045/6079/10 5087/6143/10
f 5058/6101/10 5083/6137/10 5088/6144/10
f 5084/6139/10 5085/6141/11 5088/6144/10
f 5085/6141/11 5086/6145/10 5088/6144/10
f 5083/6137/10 5084/6139/10 5088/6144/10
f 5088/6144/10 5086/6145/10 5089/6146/10
f 5087/6143/10 4960/5938/10 5090/6147/10
f 5090/6147/10 4960/5938/10 5091/6148/10
f 5088/6149/10 5089/6150/10 5092/6151/10
f 5089/6146/10 5090/6152/10 5092/6153/10
f 5092/6153/10 5090/6152/10 5093/6154/10
f 5091/6148/10 4960/5938/10 5094/6155/10
f 5094/6155/10 4960/5938/10 5095/6156/10
f 5092/6151/10 5093/6157/10 5096/6158/10
f 5058/6101/10 5088/6144/10 5096/6159/10
f 5088/6149/10 5092/6151/10 5096/6158/10
f 5093/6154/10 5094/6160/10 5097/6161/10
f 5096/6158/10 5093/6157/10 5097/6162/10
f 5058/6101/10 5096/6159/10 5098/6163/10
f 5096/6159/10 5097/6161/10 5098/6163/10
f 5097/6161/10 5094/6160/10 5099/6164/10
f 5098/6163/10 5097/6161/10 5099/6164/10
f 5098/6165/10 5099/6166/10 5100/6167/10
f 5099/6164/10 5094/6160/10 5101/6168/10
f 5100/6167/10 5099/6166/10 5101/6169/10
f 5101/6168/10 5094/6160/10 5102/6170/10
f 5095/6156/10 4960/5938/10 5103/6171/10
f 5058/6101/10 5098/6163/10 5104/6172/10
f 5098/6165/10 5100/6167/10 5104/6173/10
f 5100/6174/10 5101/6168/10 5105/6175/10
f 5104/6173/10 5100/6167/10 5105/6176/10
f 5058/6101/10 5104/6172/10 5106/6177/10
f 5104/6172/10 5105/6175/10 5106/6177/10
f 5106/6177/10 5105/6175/10 5107/6178/10
f 5105/6175/10 5101/6168/10 5108/6179/10
f 5107/6178/10 5105/6175/10 5108/6179/10
f 5108/6179/10 5101/6168/10 5109/6180/10
f 5102/6181/10 5103/6171/10 5110/6182/10
f 5106/6183/10 5107/6184/10 5111/6185/10
f 5111/6185/10 5107/6184/10 5112/6186/10
f 5112/6186/10 5107/6184/10 5113/6187/10
f 5107/6178/10 5108/6179/10 5114/6188/10
f 5113/6187/10 5107/6184/10 5114/6189/10
f 5114/6188/10 5108/6179/10 5115/6190/10
f 5109/6191/10 5110/6182/10 5116/6192/10
f 5112/6186/10 5113/6187/10 5117/6193/10
f 5113/6194/10 5114/6188/10 5118/6195/10
f 5117/6193/10 5113/6187/10 5118/6196/10
f 5118/6195/10 5114/6188/10 5119/6197/10
f 5115/6198/10 5116/6192/10 5120/6199/10
f 5058/6101/10 5106/6177/10 5121/6200/10
f 5106/6183/10 5111/6185/10 5121/6201/10
f 5121/6201/10 5111/6185/10 5122/6202/10
f 5112/6186/10 5117/6193/10 5123/6203/10
f 5117/6204/10 5118/6195/10 5124/6205/10
f 5123/6203/10 5117/6193/10 5124/6206/10
f 5124/6205/10 5118/6195/10 5125/6207/10
f 5119/6208/10 5120/6199/10 5126/6209/10
f 5121/6200/10 5122/6210/10 5127/6211/10
f 5058/6101/10 5121/6200/10 5127/6211/10
f 5127/6211/10 5122/6210/10 5128/6212/10
f 5123/6213/10 5124/6205/10 5129/6214/10
f 5129/6214/10 5124/6205/10 5130/6215/10
f 5125/6216/10 5126/6209/10 5131/6217/10
f 5130/6218/10 5131/6217/10 5132/6219/10
f 5133/6220/10 5134/6221/10 5135/6222/10
f 5135/6222/10 5134/6221/10 5136/6223/12
f 5136/6223/12 5134/6221/10 5137/6224/10
f 5137/6224/10 5134/6221/10 5138/6225/10
f 5139/6226/10 5140/6227/10 5141/6228/10
f 5140/6229/10 5142/6230/10 5143/6231/10
f 5141/6228/10 5140/6227/10 5143/6232/10
f 5142/6233/10 5144/6234/10 5145/6235/10
f 5143/6231/10 5142/6230/10 5145/6236/10
f 5144/6237/10 5146/6238/10 5147/6239/10
f 5145/6235/10 5144/6234/10 5147/6240/10
f 5146/6241/10 5132/6219/10 5148/6242/10
f 5147/6239/10 5146/6238/10 5148/6243/10
f 5148/6242/10 5132/6219/10 5149/6244/10
f 5143/6231/10 5145/6236/10 5150/6245/10
f 5145/6236/10 5147/6239/10 5150/6245/10
f 5148/6243/10 5149/6246/10 5150/6245/10
f 5147/6239/10 5148/6243/10 5150/6245/10
f 5139/6226/10 5141/6228/10 5150/6247/10
f 5141/6248/10 5143/6231/10 5150/6245/10
f 5150/6245/10 5149/6246/10 5151/6249/10
f 5151/6249/10 5149/6246/10 5152/6250/10
f 5149/6244/10 5132/6219/10 5153/6251/10
f 5152/6250/10 5149/6246/10 5153/6252/10
f 5150/6247/10 5151/6253/10 5154/6254/10
f 5151/6249/10 5152/6250/10 5155/6255/10
f 5154/6254/10 5151/6253/10 5155/6256/10
f 5152/6257/10 5153/6251/10 5156/6258/10
f 5155/6255/10 5152/6250/10 5156/6259/10
f 5153/6251/10 5132/6219/10 5157/6260/10
f 5156/6258/10 5153/6251/10 5157/6260/10
f 5136/6223/12 5137/6224/10 5158/6261/10
f 5158/6261/10 5137/6224/10 5159/6262/10
f 5150/6247/10 5154/6254/10 5160/6263/10
f 5155/6255/10 5156/6259/10 5160/6264/10
f 5154/6265/10 5155/6255/10 5160/6264/10
f 5156/6259/10 5157/6266/10 5160/6264/10
f 5160/6264/10 5157/6266/10 5161/6267/10
f 5161/6267/10 5157/6266/10 5162/6268/10
f 5157/6260/10 5132/6219/10 5163/6269/10
f 5162/6268/10 5157/6266/10 5163/6270/10
f 5161/6267/10 5162/6268/10 5164/6271/10
f 5160/6263/10 5161/6272/10 5164/6273/10
f 5162/6274/10 5163/6269/10 5165/6275/10
f 5164/6271/10 5162/6268/10 5165/6276/10
f 5103/6171/10 4960/5938/10 5166/6277/10
f 5165/6275/10 5163/6269/10 5166/6277/10
f 5110/6182/10 5103/6171/10 5166/6277/10
f 5120/6199/10 5116/6192/10 5166/6277/10
f 5116/6192/10 5110/6182/10 5166/6277/10
f 5126/6209/10 5120/6199/10 5166/6277/10
f 5131/6217/10 5126/6209/10 5166/6277/10
f 5163/6269/10 5132/6219/10 5166/6277/10
f 5132/6219/10 5131/6217/10 5166/6277/10
f 5166/6277/10 4960/5938/10 5167/6278/10
f 5133/6220/10 5135/6222/10 5168/6279/10
f 5136/6223/12 5158/6261/10 5169/6280/10
f 5159/6262/10 5137/6224/10 5170/6281/10
f 5138/6225/10 5134/6221/10 5171/6282/10
f 5164/6273/10 5165/6275/10 5172/6283/10
f 5165/6275/10 5166/6277/10 5172/6283/10
f 5166/6284/10 5167/6285/10 5173/6286/10
f 5172/6283/10 5166/6277/10 5173/6287/10
f 5167/6278/10 4960/5938/10 5174/6288/10
f 5173/6286/10 5167/6285/10 5174/6289/10
f 5174/6288/10 4960/5938/10 5175/6290/10
f 5172/6291/10 5173/6286/10 5176/6292/10
f 5164/6273/10 5172/6283/10 5176/6293/10
f 5173/6287/10 5174/6288/10 5177/6294/10
f 5176/6292/10 5173/6286/10 5177/6295/10
f 5174/6289/10 5175/6296/10 5178/6297/10
f 5177/6294/10 5174/6288/10 5178/6298/10
f 5175/6290/10 4960/5938/10 5179/6299/10
f 5178/6297/10 5175/6296/10 5179/6300/10
f 5177/6295/10 5178/6297/10 5180/6301/10
f 5176/6293/10 5177/6294/10 5180/6302/10
f 5178/6298/10 5179/6299/10 5181/6303/10
f 5180/6301/10 5178/6297/10 5181/6304/10
f 5168/6279/10 5169/6280/10 5182/6305/10
f 5169/6280/10 5158/6261/10 5182/6305/10
f 5170/6281/10 5171/6282/10 5183/6306/10
f 5159/6262/10 5170/6281/10 5183/6306/10
f 5168/6279/10 5182/6305/10 5184/6307/10
f 5182/6305/10 5183/6306/10 5184/6307/10
f 5133/6220/10 5168/6279/10 5184/6307/10
f 5183/6306/10 5171/6282/10 5185/6308/10
f 5184/6307/10 5183/6306/10 5185/6308/10
f 5171/6282/10 5134/6221/10 5185/6308/10
f 5150/6247/10 5160/6263/10 5186/6309/10
f 5160/6263/10 5164/6273/10 5186/6309/10
f 5180/6302/10 5181/6303/10 5186/6309/10
f 5139/6226/10 5150/6247/10 5186/6309/10
f 5176/6293/10 5180/6302/10 5186/6309/10
f 5164/6273/10 5176/6293/10 5186/6309/10
f 5181/6303/10 5179/6299/10 5187/6310/10
f 5186/6309/10 5181/6303/10 5187/6310/10
f 4960/5938/10 4958/5934/10 5187/6310/10
f 5179/6299/10 4960/5938/10 5187/6310/10
f 4958/5934/10 4879/5798/10 5187/6310/10
f 5188/6311/10 5189/6312/10 5190/6313/10
f 5190/6313/10 5189/6312/10 5191/6314/10
f 5192/6315/10 5193/6316/10 5194/6317/10
f 5194/6317/10 5193/6316/10 5195/6318/10
f 5195/6318/10 5193/6316/10 5196/6319/10
f 5196/6319/10 5193/6316/10 5197/6320/10
f 5195/6318/10 5196/6319/10 5198/6321/10
f 5198/6321/10 5196/6319/10 5199/6322/10
f 5200/6323/10 5198/6321/10 5201/6324/10
f 5199/6322/10 5202/6325/10 5201/6324/10
f 5198/6321/10 5199/6322/10 5201/6324/10
f 5201/6324/10 5202/6325/10 5203/6326/10
f 5203/6326/10 5202/6325/10 5204/6327/10
f 5204/6327/10 5202/6325/10 5205/6328/10
f 5206/6329/10 5201/6324/10 5207/6330/10
f 5207/6330/10 5201/6324/10 5208/6331/10
f 5203/6326/10 5204/6327/10 5209/6332/10
f 5209/6332/10 5204/6327/10 5210/6333/10
f 5205/6328/10 5202/6325/10 5211/6334/10
f 5212/6335/10 5213/6336/10 5214/6337/10
f 5214/6337/10 5213/6336/10 5215/6338/10
f 5209/6332/10 5210/6333/10 5216/6339/10
f 5217/6340/10 5218/6341/10 5216/6339/10
f 5210/6333/10 5211/6334/10 5216/6339/10
f 5218/6341/10 5209/6332/10 5216/6339/10
f 5216/6339/10 5211/6334/10 5219/6342/10
f 5219/6342/10 5211/6334/10 5220/6343/10
f 5211/6334/10 5202/6325/10 5221/6344/10
f 5220/6343/10 5211/6334/10 5221/6344/10
f 5222/6345/10 5223/6346/10 5224/6347/10
f 5222/6345/10 5224/6347/10 5225/6348/10
f 5225/6348/10 5224/6347/10 5226/6349/10
f 5227/6350/10 5228/6351/10 5229/6352/10
f 5219/6342/10 5220/6343/10 5230/6353/10
f 5230/6353/10 5220/6343/10 5231/6354/10
f 5221/6344/10 5202/6325/10 5232/6355/10
f 5230/6353/10 5231/6354/10 5233/6356/10
f 5231/6354/10 5232/6355/10 5233/6356/10
f 5227/6350/10 5229/6352/10 5233/6356/10
f 5229/6352/10 5230/6353/10 5233/6356/10
f 5233/6356/10 5232/6355/10 5234/6357/10
f 5234/6357/10 5232/6355/10 5235/6358/10
f 5232/6355/10 5202/6325/10 5236/6359/10
f 5235/6358/10 5232/6355/10 5236/6359/10
f 5227/6350/10 5233/6356/10 5237/6360/10
f 5237/6360/10 5233/6356/10 5238/6361/10
f 5239/6362/10 5240/6363/10 5241/6364/10
f 5241/6364/10 5240/6363/10 5242/6365/10
f 5234/6357/10 5235/6358/10 5243/6366/10
f 5243/6366/10 5235/6358/10 5244/6367/10
f 5236/6359/10 5202/6325/10 5245/6368/10
f 5244/6367/10 5245/6368/10 5246/6369/10
f 5243/6366/10 5244/6367/10 5246/6369/10
f 5242/6365/10 5243/6366/10 5246/6369/10
f 5246/6369/10 5245/6368/10 5247/6370/10
f 5247/6370/10 5245/6368/10 5248/6371/10
f 5245/6368/10 5202/6325/10 5249/6372/10
f 5248/6371/10 5245/6368/10 5249/6372/10
f 5192/6315/10 5194/6317/10 5250/6373/10
f 5247/6370/10 5248/6371/10 5251/6374/10
f 5251/6374/10 5248/6371/10 5252/6375/10
f 5192/6315/10 5250/6373/10 5253/6376/10
f 5252/6375/10 5254/6377/10 5253/6376/10
f 5251/6374/10 5252/6375/10 5253/6376/10
f 5250/6373/10 5251/6374/10 5253/6376/10
f 5253/6376/10 5254/6377/10 5255/6378/10
f 5255/6378/10 5254/6377/10 5256/6379/10
f 5256/6379/10 5254/6377/10 5257/6380/10
f 5257/6380/10 5254/6377/10 5258/6381/10
f 5258/6381/10 5254/6377/10 5259/6382/10
f 5255/6383/10 5256/6384/10 5260/6385/10
f 5260/6385/10 5256/6384/10 5261/6386/10
f 5261/6386/10 5256/6384/10 5262/6387/10
f 5262/6387/10 5256/6384/10 5263/6388/10
f 5257/6389/10 5258/6390/10 5264/6391/10
f 5264/6391/10 5258/6390/10 5265/6392/10
f 5265/6392/10 5258/6390/10 5266/6393/10
f 5266/6393/10 5258/6390/10 5267/6394/10
f 5259/6382/10 5268/6395/10 5269/6396/10
f 5269/6396/10 5268/6395/10 5270/6397/10
f 5261/6386/10 5262/6387/10 5271/6398/10
f 5271/6398/10 5262/6387/10 5272/6399/10
f 5265/6392/10 5266/6393/10 5273/6400/10
f 5273/6400/10 5266/6393/10 5274/6401/10
f 5270/6397/10 5275/6402/10 5276/6403/10
f 5276/6403/10 5275/6402/10 5277/6404/10
f 5277/6404/10 5278/6405/10 5279/6406/10
f 5279/6406/10 5278/6405/10 5280/6407/10
f 5280/6407/10 5281/6408/10 5282/6409/10
f 5282/6409/10 5281/6408/10 5283/6410/10
f 5283/6410/10 5284/6411/10 5285/6412/10
f 5285/6412/10 5284/6411/10 5286/6413/10
f 5286/6413/10 5287/6414/10 5288/6415/10
f 5288/6415/10 5287/6414/10 5289/6416/10
f 5290/6417/10 5288/6415/10 5291/6418/10
f 5291/6418/10 5288/6415/10 5292/6419/10
f 5293/6420/10 5291/6418/10 5294/6421/10
f 5294/6421/10 5291/6418/10 5295/6422/10
f 5296/6423/10 5297/6424/10 5298/6425/10
f 5299/6426/10 5300/6427/10 5301/6428/10
f 5302/6429/10 5294/6421/10 5303/6430/10
f 5303/6430/10 5294/6421/10 5304/6431/10
f 5296/6423/10 5298/6425/10 5305/6432/10
f 5298/6425/10 5301/6428/10 5305/6432/10
f 5301/6428/10 5300/6427/10 5306/6433/10
f 5305/6432/10 5301/6428/10 5306/6433/10
f 5307/6434/10 5303/6430/10 5308/6435/10
f 5308/6435/10 5303/6430/10 5309/6436/10
f 5192/6315/10 5253/6376/10 5310/6437/10
f 5296/6423/10 5305/6432/10 5311/6438/10
f 5311/6438/10 5305/6432/10 5312/6439/10
f 5306/6433/10 5300/6427/10 5313/6440/10
f 5313/6440/10 5300/6427/10 5314/6441/10
f 5315/6442/10 5308/6435/10 5316/6443/10
f 5316/6443/10 5308/6435/10 5317/6444/10
f 5318/6445/13 5319/6446/10 5320/6447/10
f 5310/6437/10 5318/6445/13 5320/6447/10
f 5320/6447/10 5319/6446/10 5321/6448/10
f 5314/6449/10 5316/6443/10 5322/6450/10
f 5313/6451/10 5314/6449/10 5322/6450/10
f 5312/6452/10 5313/6451/10 5322/6450/10
f 5322/6450/10 5316/6443/10 5323/6453/10
f 5323/6453/10 5316/6443/10 5324/6454/10
f 5324/6454/10 5316/6443/10 5325/6455/10
f 5310/6437/10 5320/6447/10 5326/6456/10
f 5323/6453/10 5324/6454/10 5327/6457/10
f 5327/6457/10 5324/6454/10 5328/6458/10
f 5197/6320/10 5193/6316/10 5329/6459/10
f 5327/6457/10 5328/6458/10 5330/6460/10
f 5328/6458/10 5329/6459/10 5330/6460/10
f 5326/6456/10 5327/6457/10 5330/6460/10
f 5192/6315/10 5310/6437/10 5330/6460/10
f 5310/6437/10 5326/6456/10 5330/6460/10
f 5329/6459/10 5193/6316/10 5331/6461/10
f 5330/6460/10 5329/6459/10 5331/6461/10
f 5332/6462/10 5333/6463/10 5334/6464/10
f 5334/6464/10 5333/6463/10 5335/6465/10
f 5336/6466/10 5337/6467/10 5338/6468/10
f 5338/6468/10 5337/6467/10 5339/6469/10
f 5340/6470/10 5341/6471/10 5342/6472/10
f 5341/6473/10 5338/6468/10 5343/6474/10
f 5342/6472/10 5341/6471/10 5343/6475/10
f 5338/6476/10 5339/6477/10 5344/6478/10
f 5343/6474/10 5338/6468/10 5344/6479/10
f 5339/6469/10 5345/6480/10 5346/6481/10
f 5344/6478/10 5339/6477/10 5346/6482/10
f 5346/6481/10 5345/6480/10 5347/6483/10
f 5343/6474/10 5344/6479/10 5348/6484/10
f 5344/6479/10 5346/6481/10 5348/6484/10
f 5348/6484/10 5346/6481/10 5349/6485/10
f 5350/6486/10 5348/6484/10 5351/6487/10
f 5348/6488/10 5349/6489/10 5352/6490/10
f 5351/6487/10 5348/6484/10 5352/6491/10
f 5349/6485/10 5346/6481/10 5353/6492/10
f 5352/6490/10 5349/6489/10 5353/6493/10
f 5353/6492/10 5346/6481/10 5354/6494/10
f 5352/6491/10 5353/6492/10 5355/6495/10
f 5355/6495/10 5353/6492/10 5356/6496/10
f 5357/6497/10 5358/6498/10 5359/6499/10
f 5359/6499/10 5358/6498/10 5360/6500/10
f 5361/6501/10 5362/6502/10 5363/6503/10
f 5363/6503/10 5362/6502/10 5364/6504/10
f 5362/6505/10 5359/6499/10 5365/6506/10
f 5364/6504/10 5362/6502/10 5365/6507/10
f 5359/6508/10 5360/6509/10 5366/6510/10
f 5365/6506/10 5359/6499/10 5366/6511/10
f 5360/6500/10 5367/6512/10 5368/6513/10
f 5366/6510/10 5360/6509/10 5368/6514/10
f 5368/6513/10 5367/6512/10 5369/6515/10
f 5366/6511/10 5368/6513/10 5370/6516/10
f 5370/6516/10 5368/6513/10 5371/6517/10
f 5372/6518/10 5373/6519/10 5374/6520/10
f 5374/6520/10 5373/6519/10 5375/6521/10
f 5376/6522/10 5377/6523/10 5378/6524/10
f 5377/6525/10 5374/6520/10 5379/6526/10
f 5378/6524/10 5377/6523/10 5379/6527/10
f 5374/6528/10 5375/6529/10 5380/6530/10
f 5379/6526/10 5374/6520/10 5380/6531/10
f 5375/6521/10 5381/6532/10 5382/6533/10
f 5380/6530/10 5375/6529/10 5382/6534/10
f 5382/6533/10 5381/6532/10 5383/6535/10
f 5380/6531/10 5382/6533/10 5384/6536/10
f 5384/6536/10 5382/6533/10 5385/6537/10
f 5386/6538/10 5387/6539/10 5388/6540/10
f 5388/6540/10 5387/6539/10 5389/6541/10
f 5389/6541/10 5390/6542/10 5391/6543/10
f 5391/6543/10 5390/6542/10 5392/6544/10
f 5393/6545/10 5388/6540/10 5394/6546/10
f 5394/6546/10 5388/6540/10 5395/6547/10
f 5396/6548/10 5397/6549/10 5398/6550/10
f 5398/6550/10 5397/6549/10 5399/6551/10
f 5395/6547/10 5398/6550/10 5400/6552/10
f 5400/6552/10 5398/6550/10 5401/6553/10
f 5402/6554/10 5403/6555/10 5404/6556/10
f 5404/6556/10 5403/6555/10 5405/6557/10
f 5406/6558/10 5407/6559/10 5408/6560/10
f 5408/6560/10 5407/6559/10 5409/6561/10
f 5410/6562/10 5411/6563/10 5412/6564/10
f 5411/6565/10 5408/6560/10 5413/6566/10
f 5412/6564/10 5411/6563/10 5413/6567/10
f 5408/6568/10 5409/6569/10 5414/6570/10
f 5413/6566/10 5408/6560/10 5414/6571/10
f 5409/6561/10 5415/6572/10 5416/6573/10
f 5414/6570/10 5409/6569/10 5416/6574/10
f 5416/6573/10 5415/6572/10 5417/6575/10
f 5414/6571/10 5416/6573/10 5418/6576/10
f 5418/6576/10 5416/6573/10 5419/6577/10
f 5420/6578/10 5421/6579/10 5422/6580/10
f 5422/6580/10 5421/6579/10 5423/6581/10
f 5424/6582/10 5425/6583/10 5426/6584/10
f 5425/6585/10 5422/6580/10 5427/6586/10
f 5426/6584/10 5425/6583/10 5427/6587/10
f 5422/6588/10 5423/6589/10 5428/6590/10
f 5427/6586/10 5422/6580/10 5428/6591/10
f 5423/6581/10 5429/6592/10 5430/6593/10
f 5428/6590/10 5423/6589/10 5430/6594/10
f 5430/6593/10 5429/6592/10 5431/6595/10
f 5428/6591/10 5430/6593/10 5432/6596/10
f 5432/6596/10 5430/6593/10 5433/6597/10
f 5434/6598/10 5435/6599/10 5436/6600/10
f 5436/6600/10 5435/6599/10 5437/6601/10
f 5438/6602/10 5436/6600/10 5439/6603/10
f 5436/6604/10 5437/6605/10 5440/6606/10
f 5439/6603/10 5436/6600/10 5440/6607/10
f 5437/6601/10 5441/6608/10 5442/6609/10
f 5440/6606/10 5437/6605/10 5442/6610/10
f 5442/6609/10 5441/6608/10 5443/6611/10
f 5440/6607/10 5442/6609/10 5444/6612/10
f 5444/6612/10 5442/6609/10 5445/6613/10
f 5445/6613/10 5446/6614/10 5447/6615/10
f 5447/6615/10 5446/6614/10 5448/6616/10
f 5449/6617/10 5450/6618/10 5451/6619/10
f 5450/6620/10 5447/6615/10 5452/6621/10
f 5451/6619/10 5450/6618/10 5452/6622/10
f 5447/6623/10 5448/6624/10 5453/6625/10
f 5452/6621/10 5447/6615/10 5453/6626/10
f 5448/6616/10 5454/6627/10 5455/6628/10
f 5453/6625/10 5448/6624/10 5455/6629/10
f 5455/6628/10 5454/6627/10 5456/6630/10
f 5453/6626/10 5455/6628/10 5457/6631/10
f 5457/6631/10 5455/6628/10 5458/6632/10
f 5459/6633/10 5460/6634/10 5461/6635/10
f 5461/6635/10 5460/6634/10 5462/6636/10
f 5463/6637/10 5464/6638/10 5465/6639/10
f 5465/6639/10 5464/6638/10 5466/6640/10
f 5467/6641/10 5468/6642/10 5469/6643/10
f 5468/6644/10 5465/6639/10 5470/6645/10
f 5469/6643/10 5468/6642/10 5470/6646/10
f 5465/6647/10 5466/6648/10 5471/6649/10
f 5470/6645/10 5465/6639/10 5471/6650/10
f 5466/6640/10 5472/6651/10 5473/6652/10
f 5471/6649/10 5466/6648/10 5473/6653/10
f 5473/6652/10 5472/6651/10 5474/6654/10
f 5471/6650/10 5473/6652/10 5475/6655/10
f 5475/6655/10 5473/6652/10 5476/6656/10
f 5477/6657/10 5478/6658/10 5479/6659/10
f 5479/6659/10 5478/6658/10 5480/6660/10
f 5481/6661/10 5482/6662/10 5483/6663/10
f 5482/6664/10 5479/6659/10 5484/6665/10
f 5483/6663/10 5482/6662/10 5484/6666/10
f 5479/6667/10 5480/6668/10 5485/6669/10
f 5484/6665/10 5479/6659/10 5485/6670/10
f 5480/6660/10 5486/6671/10 5487/6672/10
f 5485/6669/10 5480/6668/10 5487/6673/10
f 5487/6672/10 5486/6671/10 5488/6674/10
f 5485/6670/10 5487/6672/10 5489/6675/10
f 5489/6675/10 5487/6672/10 5490/6676/10
f 5491/6677/10 5492/6678/10 5493/6679/10
f 5493/6679/10 5492/6678/10 5494/6680/10
f 5493/6681/10 5494/6682/10 5495/6683/10
f 5494/6680/10 5496/6684/10 5497/6685/10
f 5495/6683/10 5494/6682/10 5497/6686/10
f 5497/6685/10 5496/6684/10 5498/6687/10
f 5495/6688/10 5497/6685/10 5499/6689/10
f 5499/6689/10 5497/6685/10 5500/6690/10
f 5501/6691/10 5502/6692/10 5503/6693/10
f 5503/6693/10 5502/6692/10 5504/6694/10
f 5505/6695/14 5506/6696/14 5507/6697/14
f 5508/6698/14 5506/6696/14 5505/6695/14
f 5509/6699/14 5505/6695/14 5507/6697/14
f 5510/6700/14 5509/6699/14 5511/6701/14
f 5512/6702/14 5508/6703/14 5505/6704/14
f 5512/6705/14 5509/6699/14 5510/6700/14
f 5512/6705/14 5505/6695/14 5509/6699/14
f 5513/6706/14 5510/6700/14 5511/6701/14
f 5513/6707/14 5512/6702/14 5510/6708/14
f 5514/6709/14 5508/6703/14 5512/6702/14
f 5514/6709/14 5512/6702/14 5513/6707/14
f 5515/6710/14 5513/6706/14 5511/6701/14
f 5515/6710/14 5514/6711/14 5513/6706/14
f 5516/6712/14 5514/6711/14 5515/6710/14
f 5517/6713/14 5508/6703/14 5514/6709/14
f 5517/6714/14 5514/6711/14 5516/6712/14
f 5518/6715/14 5506/6696/14 5508/6698/14
f 5518/6716/14 5508/6703/14 5517/6713/14
f 5519/6717/14 5517/6714/14 5516/6712/14
f 5519/6717/14 5518/6715/14 5517/6714/14
f 5520/6718/14 5506/6696/14 5518/6715/14
f 5520/6718/14 5518/6715/14 5519/6717/14
f 5521/6719/14 5522/6720/14 5523/6721/14
f 5524/6722/14 5522/6720/14 5521/6719/14
f 5525/6723/14 5526/6724/14 5527/6725/14
f 5528/6726/14 5526/6724/14 5525/6723/14
f 5529/6727/14 5530/6728/14 5531/6729/14
f 5532/6730/14 5530/6728/14 5529/6727/14
f 5533/6731/14 5534/6732/14 5535/6733/14
f 5536/6734/14 5534/6732/14 5533/6731/14
f 5537/6735/14 5538/6736/14 5539/6737/14
f 5540/6738/14 5538/6736/14 5537/6735/14
f 5541/6739/14 5542/6740/14 5543/6741/14
f 5544/6742/14 5542/6740/14 5541/6739/14
f 5545/6743/14 5546/6744/14 5547/6745/14
f 5548/6746/14 5546/6744/14 5545/6743/14
f 5549/6747/14 5550/6748/14 5551/6749/14
f 5552/6750/14 5550/6748/14 5549/6747/14
f 5553/6751/14 5554/6752/14 5555/6753/14
f 5556/6754/14 5554/6752/14 5553/6751/14
f 5557/6755/14 5558/6756/14 5559/6757/14
f 5560/6758/14 5558/6756/14 5557/6755/14
f 5561/6759/14 5562/6760/14 5563/6761/14
f 5564/6762/14 5562/6760/14 5561/6759/14
f 5565/6763/14 5566/6764/14 5567/6765/14
f 5568/6766/14 5566/6764/14 5565/6763/14
f 5569/6767/14 5570/6768/14 5571/6769/14
f 5572/6770/14 5570/6768/14 5569/6767/14
f 5573/6771/14 5574/6772/14 5575/6773/14
f 5576/6774/14 5574/6772/14 5573/6771/14
f 5577/6775/14 5578/6776/14 5579/6777/14
f 5580/6778/14 5578/6776/14 5577/6775/14
f 5581/6779/14 5582/6780/14 5583/6781/14
f 5584/6782/14 5582/6780/14 5581/6779/14
f 5585/6783/14 5586/6784/14 5587/6785/14
f 5588/6786/14 5586/6784/14 5585/6783/14
f 5589/6787/14 5590/6788/14 5591/6789/14
f 5592/6790/14 5590/6788/14 5589/6787/14
f 5593/6791/14 5594/6792/14 5595/6793/14
f 5596/6794/14 5594/6792/14 5593/6791/14
f 5597/6795/14 5598/6796/14 5599/6797/14
f 5600/6798/14 5598/6796/14 5597/6795/14
f 5601/6799/14 5602/6800/14 5603/6801/14
f 5604/6802/14 5602/6800/14 5601/6799/14
f 5605/6803/14 5606/6804/14 5607/6805/14
f 5608/6806/14 5606/6804/14 5605/6803/14
f 5609/6807/14 5610/6808/14 5611/6809/14
f 5612/6810/14 5610/6808/14 5609/6807/14
f 5613/6811/14 5614/6812/14 5615/6813/14
f 5616/6814/14 5614/6812/14 5613/6811/14
f 5617/6815/14 5618/6816/14 5619/6817/14
f 5620/6818/14 5618/6816/14 5617/6815/14
f 5621/6819/14 5622/6820/14 5623/6821/14
f 5624/6822/14 5622/6820/14 5621/6819/14
f 5625/6823/14 5626/6824/14 5627/6825/14
f 5628/6826/14 5626/6824/14 5625/6823/14
f 5629/6827/14 5630/6828/14 5631/6829/14
f 5632/6830/14 5630/6828/14 5629/6827/14
f 5633/6831/14 5634/6832/14 5635/6833/14
f 5636/6834/14 5634/6832/14 5633/6831/14
f 5637/6835/14 5638/6836/14 5639/6837/14
f 5640/6838/14 5638/6836/14 5637/6835/14
f 5641/6839/14 5642/6840/14 5643/6841/14
f 5644/6842/14 5642/6840/14 5641/6839/14
f 5645/6843/14 5646/6844/14 5647/6845/14
f 5648/6846/14 5646/6844/14 5645/6843/14
f 5649/6847/14 5650/6848/14 5651/6849/14
f 5652/6850/14 5650/6848/14 5649/6847/14
f 5653/6851/14 5654/6852/14 5655/6853/14
f 5656/6854/14 5654/6852/14 5653/6851/14
f 5657/6855/14 5658/6856/14 5659/6857/14
f 5660/6858/14 5658/6856/14 5657/6855/14
f 5661/6859/14 5662/6860/14 5663/6861/14
f 5664/6862/14 5662/6860/14 5661/6859/14
f 5665/6863/14 5666/6864/14 5667/6865/14
f 5668/6866/14 5666/6864/14 5665/6863/14
f 5669/6867/14 5670/6868/14 5671/6869/14
f 5672/6870/14 5670/6868/14 5669/6867/14
f 5673/6871/14 5674/6872/14 5675/6873/14
f 5676/6874/14 5674/6872/14 5673/6871/14
f 5677/6875/14 5678/6876/14 5679/6877/14
f 5680/6878/14 5678/6876/14 5677/6875/14
f 5681/6879/14 5682/6880/14 5683/6881/14
f 5684/6882/14 5682/6880/14 5681/6879/14
f 5685/6883/14 5686/6884/14 5687/6885/14
f 5688/6886/14 5686/6884/14 5685/6883/14
f 5689/6887/14 5690/6888/14 5691/6889/14
f 5692/6890/14 5690/6888/14 5689/6887/14
f 5693/6891/14 5694/6892/14 5695/6893/14
f 5696/6894/14 5694/6892/14 5693/6891/14
f 5697/6895/14 5698/6896/14 5699/6897/14
f 5700/6898/14 5698/6896/14 5697/6895/14
f 5701/6899/14 5702/6900/14 5703/6901/14
f 5704/6902/14 5702/6900/14 5701/6899/14
f 5705/6903/14 5706/6904/14 5707/6905/14
f 5708/6906/14 5706/6904/14 5705/6903/14
f 5709/6907/14 5710/6908/14 5711/6909/14
f 5712/6910/14 5710/6908/14 5709/6907/14
f 5713/6911/14 5714/6912/14 5715/6913/14
f 5716/6914/14 5714/6912/14 5713/6911/14
f 5717/6915/14 5718/6916/14 5719/6917/14
f 5720/6918/14 5718/6916/14 5717/6915/14
f 5721/6919/14 5722/6920/14 5723/6921/14
f 5724/6922/14 5722/6920/14 5721/6919/14
f 5725/6923/14 5726/6924/14 5727/6925/14
f 5728/6926/14 5726/6924/14 5725/6923/14
f 5729/6927/14 5730/6928/14 5731/6929/14
f 5732/6930/14 5730/6928/14 5729/6927/14
f 5733/6931/14 5734/6932/14 5735/6933/14
f 5736/6934/14 5734/6932/14 5733/6931/14
f 5737/6935/14 5738/6936/14 5739/6937/14
f 5740/6938/14 5738/6936/14 5737/6935/14
f 5741/6939/14 5742/6940/14 5743/6941/14
f 5744/6942/14 5742/6940/14 5741/6939/14
f 5745/6943/14 5746/6944/14 5747/6945/14
f 5748/6946/14 5746/6944/14 5745/6943/14
f 5749/6947/14 5750/6948/14 5751/6949/14
f 5752/6950/14 5750/6948/14 5749/6947/14
f 5753/6951/14 5754/6952/14 5755/6953/14
f 5753/6951/14 5756/6954/14 5754/6952/14
f 5757/6955/14 5756/6954/14 5753/6951/14
f 5758/6956/14 5759/6957/14 5760/6958/14
f 5761/6959/14 5759/6957/14 5758/6956/14
f 5762/6960/14 5763/6961/14 5764/6962/14
f 5765/6963/14 5763/6961/14 5762/6960/14
f 5766/6964/14 5767/6965/14 5768/6966/14
f 5769/6967/14 5767/6965/14 5766/6964/14
f 5770/6968/14 5771/6969/14 5772/6970/14
f 5773/6971/14 5771/6969/14 5770/6968/14
f 5774/6972/14 5775/6973/14 5776/6974/14
f 5777/6975/14 5775/6973/14 5774/6972/14
f 5778/6976/14 5779/6977/14 5780/6978/14
f 5781/6979/14 5779/6977/14 5778/6976/14
f 5782/6980/14 5783/6981/14 5784/6982/14
f 5785/6983/14 5783/6981/14 5782/6980/14
f 5786/6984/14 5787/6985/14 5788/6986/14
f 5789/6987/14 5787/6985/14 5786/6984/14
f 5790/6988/14 5791/6989/14 5792/6990/14
f 5793/6991/14 5791/6989/14 5790/6988/14
f 5794/6992/14 5795/6993/14 5796/6994/14
f 5797/6995/14 5795/6993/14 5794/6992/14
f 5798/6996/14 5799/6997/14 5800/6998/14
f 5801/6999/14 5799/6997/14 5798/6996/14
f 5802/7000/14 5803/7001/14 5804/7002/14
f 5805/7003/14 5803/7001/14 5802/7000/14
f 5806/7004/14 5807/7005/14 5808/7006/14
f 5809/7007/14 5807/7005/14 5806/7004/14
f 5810/7008/14 5811/7009/14 5812/7010/14
f 5813/7011/14 5811/7009/14 5810/7008/14
f 5814/7012/14 5815/7013/14 5816/7014/14
f 5817/7015/14 5815/7013/14 5814/7012/14
f 5818/7016/14 5819/7017/14 5820/7018/14
f 5821/7019/14 5819/7017/14 5818/7016/14
f 5822/7020/14 5823/7021/14 5824/7022/14
f 5825/7023/14 5823/7021/14 5822/7020/14
f 5826/7024/14 5827/7025/14 5828/7026/14
f 5829/7027/14 5827/7025/14 5826/7024/14
f 5830/7028/14 5831/7029/14 5832/7030/14
f 5833/7031/14 5831/7029/14 5830/7028/14
f 5834/7032/14 5835/7033/14 5836/7034/14
f 5837/7035/14 5835/7033/14 5834/7032/14
f 5838/7036/14 5839/7037/14 5840/7038/14
f 5841/7039/14 5839/7037/14 5838/7036/14
f 5842/7040/14 5843/7041/14 5844/7042/14
f 5845/7043/14 5843/7041/14 5842/7040/14
f 5846/7044/14 5847/7045/14 5848/7046/14
f 5849/7047/14 5847/7045/14 5846/7044/14
f 5850/7048/14 5851/7049/14 5852/7050/14
f 5853/7051/14 5851/7049/14 5850/7048/14
f 5854/7052/14 5855/7053/14 5856/7054/14
f 5857/7055/14 5855/7053/14 5854/7052/14
f 5858/7056/14 5859/7057/14 5860/7058/14
f 5861/7059/14 5859/7057/14 5858/7056/14
f 5862/7060/14 5863/7061/14 5864/7062/14
f 5865/7063/14 5863/7061/14 5862/7060/14
f 5866/7064/14 5867/7065/14 5868/7066/14
f 5869/7067/14 5867/7065/14 5866/7064/14
f 5870/7068/14 5871/7069/14 5872/7070/14
f 5873/7071/14 5871/7069/14 5870/7068/14
f 5874/7072/14 5875/7073/14 5876/7074/14
f 5877/7075/14 5875/7073/14 5874/7072/14
f 5878/7076/14 5879/7077/14 5880/7078/14
f 5881/7079/14 5879/7077/14 5878/7076/14
f 5882/7080/14 5883/7081/14 5884/7082/14
f 5885/7083/14 5883/7081/14 5882/7080/14
f 5886/7084/14 5887/7085/14 5888/7086/14
f 5889/7087/14 5887/7085/14 5886/7084/14
f 5890/7088/14 5891/7089/14 5892/7090/14
f 5893/7091/14 5891/7089/14 5890/7088/14
f 5894/7092/14 5895/7093/14 5896/7094/14
f 5897/7095/14 5895/7093/14 5894/7092/14
f 5898/7096/14 5899/7097/14 5900/7098/14
f 5901/7099/14 5899/7097/14 5898/7096/14
f 5902/7100/14 5903/7101/14 5904/7102/14
f 5905/7103/14 5903/7101/14 5902/7100/14
f 5906/7104/14 5907/7105/14 5908/7106/14
f 5909/7107/14 5907/7105/14 5906/7104/14
f 5910/7108/14 5911/7109/14 5912/7110/14
f 5913/7111/14 5911/7109/14 5910/7108/14
f 5914/7112/14 5915/7113/14 5916/7114/14
f 5917/7115/14 5915/7113/14 5914/7112/14
f 5918/7116/14 5919/7117/14 5920/7118/14
f 5921/7119/14 5919/7117/14 5918/7116/14
f 5922/7120/14 5923/7121/14 5924/7122/14
f 5925/7123/14 5923/7121/14 5922/7120/14
f 5926/7124/14 5927/7125/14 5928/7126/14
f 5929/7127/14 5927/7125/14 5926/7124/14
f 5930/7128/14 5931/7129/14 5932/7130/14
f 5933/7131/14 5931/7129/14 5930/7128/14
f 5934/7132/14 5935/7133/14 5936/7134/14
f 5937/7135/14 5935/7133/14 5934/7132/14
f 5938/7136/14 5939/7137/14 5940/7138/14
f 5941/7139/14 5939/7137/14 5938/7136/14
f 5942/7140/14 5943/7141/14 5944/7142/14
f 5945/7143/14 5943/7141/14 5942/7140/14
f 5946/7144/14 5947/7145/14 5948/7146/14
f 5949/7147/14 5947/7145/14 5946/7144/14
f 5950/7148/14 5951/7149/14 5952/7150/14
f 5953/7151/14 5951/7149/14 5950/7148/14
f 5954/7152/14 5955/7153/14 5956/7154/14
f 5957/7155/14 5955/7153/14 5954/7152/14
f 5958/7156/14 5959/7157/14 5960/7158/14
f 5961/7159/14 5959/7157/14 5958/7156/14
f 5962/7160/14 5963/7161/14 5964/7162/14
f 5965/7163/14 5963/7161/14 5962/7160/14
f 5966/7164/14 5967/7165/14 5968/7166/14
f 5969/7167/14 5967/7165/14 5966/7164/14
f 5970/7168/14 5971/7169/14 5972/7170/14
f 5973/7171/14 5971/7169/14 5970/7168/14
f 5974/7172/14 5975/7173/14 5976/7174/14
f 5977/7175/14 5975/7173/14 5974/7172/14
f 5978/7176/14 5979/7177/14 5980/7178/14
f 5981/7179/14 5979/7177/14 5978/7176/14
f 5982/7180/14 5983/7181/14 5984/7182/14
f 5985/7183/14 5983/7181/14 5982/7180/14
f 5986/7184/14 5987/7185/14 5988/7186/14
f 5989/7187/14 5987/7185/14 5986/7184/14
f 5990/7188/14 5991/7189/14 5992/7190/14
f 5993/7191/14 5994/7192/14 5995/7193/14
f 5996/7194/14 5994/7192/14 5993/7191/14
f 5997/7195/14 5990/7188/14 5998/7196/14
f 5999/7197/14 5991/7189/14 5990/7188/14
f 5999/7197/14 5990/7188/14 5997/7195/14
f 6000/7198/14 6001/7199/14 6002/7200/14
f 6003/7201/14 6001/7199/14 6000/7198/14
f 6004/7202/14 6005/7203/14 6006/7204/14
f 6007/7205/14 6005/7203/14 6004/7202/14
f 6008/7206/14 6009/7207/14 6010/7208/14
f 6011/7209/14 6009/7207/14 6008/7206/14
f 6012/7210/14 6013/7211/14 6014/7212/14
f 6015/7213/14 6013/7211/14 6012/7210/14
f 6016/7214/14 6017/7215/14 6018/7216/14
f 6019/7217/14 6017/7215/14 6016/7214/14
f 6020/7218/14 6021/7219/14 6022/7220/14
f 6023/7221/14 6021/7219/14 6020/7218/14
f 6024/7222/14 6021/7219/14 6023/7221/14
f 6025/7223/14 6021/7219/14 6024/7222/14
f 6026/7224/14 6027/7225/14 6028/7226/14
f 6029/7227/14 6027/7225/14 6026/7224/14
f 6030/7228/14 6031/7229/14 6032/7230/14
f 6033/7231/14 6031/7229/14 6030/7228/14
f 6034/7232/14 6035/7233/14 6036/7234/14
f 6037/7235/14 6035/7233/14 6034/7232/14
f 6038/7236/14 6039/7237/14 6040/7238/14
f 6041/7239/14 6039/7237/14 6038/7236/14
f 6042/7240/14 6043/7241/14 6044/7242/14
f 6045/7243/14 6043/7241/14 6042/7240/14
f 6046/7244/14 6047/7245/14 6048/7246/14
f 6049/7247/14 6047/7245/14 6046/7244/14
f 6050/7248/14 6051/7249/14 6052/7250/14
f 6053/7251/14 6051/7249/14 6050/7248/14
f 6054/7252/14 6055/7253/14 6056/7254/14
f 6054/7252/14 6057/7255/14 6055/7253/14
f 6058/7256/14 6057/7255/14 6054/7252/14
f 6059/7257/14 6060/7258/14 6061/7259/14
f 6059/7257/14 6062/7260/14 6060/7258/14
f 6063/7261/14 6062/7260/14 6059/7257/14
f 6064/7262/14 6065/7263/14 6066/7264/14
f 6064/7262/14 6066/7264/14 6067/7265/14
f 6068/7266/14 6065/7263/14 6064/7262/14
f 6069/7267/14 6070/7268/14 6071/7269/14
f 6072/7270/14 6070/7268/14 6069/7267/14
f 6073/7271/14 6074/7272/14 6075/7273/14
f 6076/7274/14 6073/7271/14 6075/7273/14
f 6077/7275/14 6073/7271/14 6076/7274/14
f 6078/7276/14 6079/7277/14 6080/7278/14
f 6081/7279/14 6078/7276/14 6080/7278/14
f 6082/7280/14 6078/7276/14 6081/7279/14
f 6083/7281/14 6084/7282/14 6085/7283/14
f 6086/7284/14 6084/7282/14 6083/7281/14
f 6087/7285/14 6088/7286/14 6089/7287/14
f 6090/7288/14 6091/7289/14 6092/7290/14
f 6090/7288/14 6093/7291/14 6091/7289/14
f 6094/7292/14 6093/7291/14 6090/7288/14
f 6095/7293/14 6088/7286/14 6087/7285/14
f 6096/7294/14 6088/7286/14 6095/7293/14
f 6097/7295/14 6098/7296/14 6099/7297/14
f 6100/7298/14 6098/7296/14 6097/7295/14
f 6101/7299/14 6102/7300/14 6103/7301/14
f 6104/7302/14 6102/7300/14 6101/7299/14
f 6105/7303/14 6106/7304/14 6107/7305/14
f 6108/7306/14 6106/7304/14 6105/7303/14
f 6109/7307/14 6110/7308/14 6111/7309/14
f 6112/7310/14 6110/7308/14 6109/7307/14
f 6113/7311/14 6114/7312/14 6115/7313/14
f 6113/7311/14 6116/7314/14 6114/7312/14
f 6117/7315/14 6116/7314/14 6113/7311/14
f 6118/7316/14 6119/7317/14 6120/7318/14
f 6118/7316/14 6121/7319/14 6119/7317/14
f 6122/7320/14 6121/7319/14 6118/7316/14
f 6123/7321/14 6124/7322/14 6125/7323/14
f 6123/7321/14 6125/7323/14 6126/7324/14
f 6127/7325/14 6124/7322/14 6123/7321/14
f 6128/7326/14 6129/7327/14 6130/7328/14
f 6131/7329/14 6129/7327/14 6128/7326/14
f 6132/7330/14 6133/7331/14 6134/7332/14
f 6135/7333/14 6133/7331/14 6132/7330/14
f 6136/7334/14 6137/7335/14 6138/7336/14
f 6139/7337/14 6137/7335/14 6136/7334/14
f 6140/7338/14 6141/7339/14 6142/7340/14
f 6143/7341/14 6141/7339/14 6140/7338/14
f 6144/7342/14 6145/7343/14 6146/7344/14
f 6147/7345/14 6145/7343/14 6144/7342/14
f 6148/7346/14 6149/7347/14 6150/7348/14
f 6151/7349/14 6149/7347/14 6148/7346/14
f 6152/7350/14 6153/7351/14 6154/7352/14
f 6155/7353/14 6153/7351/14 6152/7350/14
f 6156/7354/14 6157/7355/14 6158/7356/14
f 6159/7357/14 6157/7355/14 6156/7354/14
f 6160/7358/14 6161/7359/14 6162/7360/14
f 6163/7361/14 6161/7359/14 6160/7358/14
f 6164/7362/14 6165/7363/14 6166/7364/14
f 6167/7365/14 6165/7363/14 6164/7362/14
f 6168/7366/14 6169/7367/14 6170/7368/14
f 6171/7369/14 6169/7367/14 6168/7366/14
f 6172/7370/14 6173/7371/14 6174/7372/14
f 6175/7373/14 6173/7371/14 6172/7370/14
f 6176/7374/14 6177/7375/14 6178/7376/14
f 6179/7377/14 6177/7375/14 6176/7374/14
f 6180/7378/14 6181/7379/14 6182/7380/14
f 6183/7381/14 6181/7379/14 6180/7378/14
f 6184/7382/14 6185/7383/14 6186/7384/14
f 6187/7385/14 6185/7383/14 6184/7382/14
f 6188/7386/14 6189/7387/14 6190/7388/14
f 6191/7389/14 6189/7387/14 6188/7386/14
f 6192/7390/14 6193/7391/14 6194/7392/14
f 6195/7393/14 6193/7391/14 6192/7390/14
f 6196/7394/14 6197/7395/14 6198/7396/14
f 6199/7397/14 6196/7394/14 6198/7396/14
f 6200/7398/14 6196/7394/14 6199/7397/14
f 6201/7399/14 6202/7400/14 6203/7401/14
f 6204/7402/14 6202/7400/14 6201/7399/14
f 6205/7403/14 6202/7400/14 6204/7402/14
f 6206/7404/14 6207/7405/14 6208/7406/14
f 6209/7407/14 6207/7405/14 6206/7404/14
f 6210/7408/14 6211/7409/14 6212/7410/14
f 6213/7411/14 6211/7409/14 6210/7408/14
f 6214/7412/14 6215/7413/14 6216/7414/14
f 6217/7415/14 6215/7413/14 6214/7412/14
f 6218/7416/14 6219/7417/14 6220/7418/14
f 6218/7416/14 6220/7418/14 6221/7419/14
f 6222/7420/14 6219/7417/14 6218/7416/14
f 6223/7421/14 6224/7422/14 6225/7423/14
f 6226/7424/14 6224/7422/14 6223/7421/14
f 6227/7425/14 6228/7426/14 6229/7427/14
f 6230/7428/14 6228/7426/14 6227/7425/14
f 6231/7429/14 6232/7430/14 6233/7431/14
f 6234/7432/14 6232/7430/14 6231/7429/14
f 6235/7433/14 6236/7434/14 6237/7435/14
f 6238/7436/14 6236/7434/14 6235/7433/14
f 6239/7437/14 6240/7438/14 6241/7439/14
f 6242/7440/14 6239/7437/14 6241/7439/14
f 6243/7441/14 6239/7437/14 6242/7440/14
f 6244/7442/14 6245/7443/14 6246/7444/14
f 6247/7445/14 6245/7443/14 6244/7442/14
f 6248/7446/14 6249/7447/14 6250/7448/14
f 6248/7446/14 6251/7449/14 6249/7447/14
f 6252/7450/14 6251/7449/14 6248/7446/14
f 6253/7451/14 6254/7452/15 6255/7453/14
f 6253/7451/14 6256/7454/14 6254/7452/15
f 6257/7455/14 6256/7454/14 6253/7451/14
f 6258/7456/14 6259/7457/14 6260/7458/14
f 6261/7459/14 6259/7457/14 6258/7456/14
f 6262/7460/14 6263/7461/14 6264/7462/14
f 6265/7463/14 6263/7461/14 6262/7460/14
f 6266/7464/14 6267/7465/14 6268/7466/14
f 6269/7467/14 6267/7465/14 6266/7464/14
f 6270/7468/14 6271/7469/14 6272/7470/14
f 6270/7468/14 6273/7471/14 6271/7469/14
f 6274/7472/14 6273/7471/14 6270/7468/14
f 6275/7473/14 6276/7474/14 6277/7475/14
f 6275/7473/14 6278/7476/14 6276/7474/14
f 6279/7477/14 6278/7476/14 6275/7473/14
f 6280/7478/14 6281/7479/14 6282/7480/14
f 6280/7478/14 6282/7480/14 6283/7481/14
f 6284/7482/14 6281/7479/14 6280/7478/14
f 6285/7483/14 6286/7484/14 6287/7485/14
f 6288/7486/14 6286/7484/14 6285/7483/14
f 6289/7487/14 6290/7488/14 6291/7489/14
f 6292/7490/14 6290/7488/14 6289/7487/14
f 6293/7491/14 6294/7492/14 6295/7493/14
f 6296/7494/14 6294/7492/14 6293/7491/14
f 6297/7495/14 6298/7496/14 6299/7497/14
f 6300/7498/14 6298/7496/14 6297/7495/14
f 6301/7499/14 6302/7500/14 6303/7501/14
f 6304/7502/14 6302/7500/14 6301/7499/14
f 6305/7503/14 6306/7504/14 6307/7505/14
f 6308/7506/14 6306/7504/14 6305/7503/14
f 6309/7507/14 6310/7508/14 6311/7509/14
f 6312/7510/14 6310/7508/14 6309/7507/14
f 6313/7511/14 6314/7512/14 6315/7513/14
f 6316/7514/14 6314/7512/14 6313/7511/14
f 6317/7515/14 6318/7516/14 6319/7517/14
f 6320/7518/14 6318/7516/14 6317/7515/14
f 6321/7519/14 6322/7520/14 6323/7521/14
f 6324/7522/14 6322/7520/14 6321/7519/14
f 6325/7523/14 6326/7524/14 6327/7525/14
f 6328/7526/14 6326/7524/14 6325/7523/14
f 6329/7527/14 6330/7528/14 6331/7529/14
f 6332/7530/14 6330/7528/14 6329/7527/14
f 6333/7531/14 6334/7532/14 6335/7533/14
f 6336/7534/14 6333/7531/14 6337/7535/14
f 6338/7536/14 6334/7532/14 6333/7531/14
f 6338/7536/14 6333/7531/14 6336/7534/14
f 6339/7537/14 6340/7538/14 6341/7539/14
f 6342/7540/14 6340/7538/14 6339/7537/14
f 6343/7541/14 6344/7542/14 6345/7543/14
f 6346/7544/14 6344/7542/14 6343/7541/14
f 6347/7545/14 6344/7542/14 6346/7544/14
f 6348/7546/14 6344/7542/14 6347/7545/14
f 6349/7547/14 6350/7548/14 6351/7549/14
f 6352/7550/14 6350/7548/14 6349/7547/14
f 6353/7551/14 6354/7552/14 6355/7553/14
f 6356/7554/14 6354/7552/14 6353/7551/14
f 6357/7555/14 6358/7556/14 6359/7557/14
f 6360/7558/14 6358/7556/14 6357/7555/14
f 6361/7559/14 6357/7555/14 6359/7557/14
f 6362/7560/14 6361/7559/14 6363/7561/14
f 6364/7562/14 6357/7555/14 6361/7559/14
f 6364/7562/14 6361/7559/14 6362/7560/14
f 6365/7563/14 6362/7560/14 6363/7561/14
f 6366/7564/14 6365/7563/14 6363/7561/14
f 6366/7564/14 6367/7565/14 6365/7563/14
f 6368/7566/14 6367/7565/14 6366/7564/14
f 6369/7567/14 6367/7565/14 6368/7566/14
f 6370/7568/14 6358/7556/14 6360/7558/14
f 6371/7569/14 6369/7567/14 6368/7566/14
f 6371/7569/14 6370/7568/14 6369/7567/14
f 6372/7570/14 6358/7556/14 6370/7568/14
f 6372/7570/14 6370/7568/14 6371/7569/14
f 6373/7571/14 6374/7572/14 6375/7573/14
f 6376/7574/14 6374/7572/14 6373/7571/14
f 6377/7575/14 6378/7576/14 6379/7577/14
f 6380/7578/14 6378/7576/14 6377/7575/14
f 6381/7579/14 6382/7580/14 6383/7581/14
f 6384/7582/14 6382/7580/14 6381/7579/14
f 6385/7583/14 6386/7584/14 6387/7585/14
f 6388/7586/14 6386/7584/14 6385/7583/14
f 6389/7587/14 6390/7588/14 6391/7589/14
f 6392/7590/14 6390/7588/14 6389/7587/14
f 6393/7591/14 6394/7592/14 6392/7590/14
f 6395/7593/14 6394/7592/14 6393/7591/14
f 6396/7594/14 6397/7595/14 6398/7596/14
f 6399/7597/14 6397/7595/14 6396/7594/14
f 6400/7598/14 6401/7599/14 6402/7600/14
f 6403/7601/14 6401/7599/14 6400/7598/14
f 6404/7602/14 6405/7603/14 6406/7604/14
f 6407/7605/14 6405/7603/14 6404/7602/14
f 6408/7606/14 6409/7607/14 6410/7608/14
f 6411/7609/14 6409/7607/14 6408/7606/14
f 6412/7610/16 6413/7611/16 6414/7612/16
f 6414/7612/16 6413/7611/16 6415/7613/16
f 6416/7614/16 6417/7615/16 6418/7616/16
f 6418/7616/16 6417/7615/16 6419/7617/16
f 6420/7618/16 6421/7619/16 6422/7620/16
f 6423/7621/16 6422/7620/16 6424/7622/16
f 6422/7620/16 6421/7619/16 6425/7623/16
f 6424/7622/16 6422/7620/16 6425/7623/16
f 6426/7624/16 6427/7625/16 6428/7626/16
f 6428/7626/16 6427/7625/16 6429/7627/16
f 6430/7628/16 6431/7629/16 6432/7630/16
f 6432/7630/16 6431/7629/16 6433/7631/16
f 6433/7631/16 6431/7629/16 6434/7632/16
f 6434/7632/16 6431/7629/16 6435/7633/16
f 6436/7634/16 6437/7635/16 6438/7636/16
f 6438/7636/16 6437/7635/16 6439/7637/16
f 6440/7638/16 6441/7639/16 6442/7640/16
f 6442/7640/16 6441/7639/16 6443/7641/16
f 6444/7642/16 6445/7643/16 6446/7644/16
f 6446/7644/16 6445/7643/16 6447/7645/16
f 6448/7646/16 6449/7647/16 6450/7648/16
f 6450/7648/16 6449/7647/16 6451/7649/16
f 6452/7650/16 6453/7651/16 6454/7652/16
f 6454/7652/16 6453/7651/16 6455/7653/16
f 6456/7654/16 6457/7655/16 6458/7656/16
f 6458/7656/16 6457/7655/16 6459/7657/16
f 6460/7658/16 6461/7659/16 6462/7660/16
f 6462/7660/16 6461/7659/16 6463/7661/16
f 6464/7662/16 6465/7663/16 6466/7664/16
f 6466/7664/16 6465/7663/16 6467/7665/16
f 6468/7666/16 6469/7667/16 6470/7668/16
f 6470/7668/16 6469/7667/16 6471/7669/16
f 6472/7670/16 6473/7671/16 6474/7672/16
f 6474/7672/16 6473/7671/16 6475/7673/16
f 6476/7674/16 6477/7675/16 6478/7676/16
f 6478/7676/16 6477/7675/16 6479/7677/16
f 6480/7678/16 6481/7679/16 6482/7680/16
f 6482/7680/16 6481/7679/16 6483/7681/16
f 6484/7682/16 6485/7683/16 6486/7684/16
f 6486/7684/16 6485/7683/16 6487/7685/16
f 6488/7686/16 6489/7687/16 6490/7688/16
f 6490/7688/16 6489/7687/16 6491/7689/16
f 6492/7690/16 6493/7691/16 6494/7692/16
f 6494/7692/16 6493/7691/16 6495/7693/16
f 6496/7694/16 6497/7695/16 6498/7696/16
f 6498/7696/16 6497/7695/16 6499/7697/16
f 6500/7698/16 6501/7699/16 6502/7700/16
f 6502/7700/16 6501/7699/16 6503/7701/16
f 6504/7702/16 6505/7703/16 6506/7704/16
f 6506/7704/16 6505/7703/16 6507/7705/16
f 6508/7706/16 6509/7707/16 6510/7708/16
f 6510/7708/16 6509/7707/16 6511/7709/16
f 6512/7710/16 6513/7711/16 6514/7712/16
f 6514/7712/16 6513/7711/16 6515/7713/16
f 6516/7714/16 6517/7715/16 6518/7716/16
f 6518/7716/16 6517/7715/16 6519/7717/16
f 6520/7718/16 6521/7719/16 6522/7720/16
f 6522/7720/16 6521/7719/16 6523/7721/16
f 6524/7722/16 6525/7723/16 6526/7724/16
f 6526/7724/16 6525/7723/16 6527/7725/16
f 6528/7726/16 6529/7727/16 6530/7728/16
f 6530/7728/16 6529/7727/16 6531/7729/16
f 6532/7730/16 6533/7731/16 6534/7732/16
f 6534/7732/16 6533/7731/16 6535/7733/16
f 6536/7734/16 6537/7735/16 6538/7736/16
f 6538/7736/16 6537/7735/16 6539/7737/16
f 6540/7738/16 6541/7739/16 6542/7740/16
f 6542/7740/16 6541/7739/16 6543/7741/16
f 6544/7742/16 6545/7743/16 6546/7744/16
f 6546/7744/16 6545/7743/16 6547/7745/16
f 6548/7746/16 6549/7747/16 6550/7748/16
f 6550/7748/16 6549/7747/16 6551/7749/16
f 6552/7750/16 6553/7751/16 6554/7752/16
f 6554/7752/16 6553/7751/16 6555/7753/16
f 6556/7754/16 6557/7755/16 6558/7756/16
f 6558/7756/16 6557/7755/16 6559/7757/16
f 6560/7758/16 6561/7759/16 6562/7760/16
f 6562/7760/16 6561/7759/16 6563/7761/16
f 6564/7762/16 6565/7763/16 6566/7764/16
f 6566/7764/16 6565/7763/16 6567/7765/16
f 6568/7766/16 6569/7767/16 6570/7768/16
f 6570/7768/16 6569/7767/16 6571/7769/16
f 6572/7770/16 6573/7771/16 6574/7772/16
f 6574/7772/16 6573/7771/16 6575/7773/16
f 6576/7774/16 6577/7775/16 6578/7776/16
f 6578/7776/16 6577/7775/16 6579/7777/16
f 6580/7778/16 6581/7779/16 6582/7780/16
f 6582/7780/16 6581/7779/16 6583/7781/16
f 6584/7782/16 6585/7783/16 6586/7784/16
f 6586/7784/16 6585/7783/16 6587/7785/16
f 6588/7786/16 6589/7787/16 6590/7788/16
f 6590/7788/16 6589/7787/16 6591/7789/16
f 6592/7790/16 6593/7791/16 6594/7792/16
f 6594/7792/16 6593/7791/16 6595/7793/16
f 6596/7794/16 6597/7795/16 6598/7796/16
f 6598/7796/16 6597/7795/16 6599/7797/16
f 6600/7798/16 6601/7799/16 6602/7800/16
f 6602/7800/16 6601/7799/16 6603/7801/16
f 6604/7802/16 6605/7803/16 6606/7804/16
f 6606/7804/16 6605/7803/16 6607/7805/16
f 6608/7806/16 6609/7807/16 6610/7808/16
f 6610/7808/16 6609/7807/16 6611/7809/16
f 6612/7810/16 6613/7811/16 6614/7812/16
f 6614/7812/16 6613/7811/16 6615/7813/16
f 6616/7814/16 6617/7815/16 6618/7816/16
f 6618/7816/16 6617/7815/16 6619/7817/16
f 6620/7818/16 6621/7819/16 6622/7820/16
f 6622/7820/16 6621/7819/16 6623/7821/16
f 6624/7822/16 6625/7823/16 6626/7824/16
f 6626/7824/16 6625/7823/16 6627/7825/16
f 6628/7826/16 6629/7827/16 6630/7828/16
f 6630/7828/16 6629/7827/16 6631/7829/16
f 6632/7830/16 6633/7831/16 6634/7832/16
f 6634/7832/16 6633/7831/16 6635/7833/16
f 6636/7834/16 6637/7835/16 6638/7836/16
f 6638/7836/16 6637/7835/16 6639/7837/16
f 6640/7838/16 6641/7839/16 6642/7840/16
f 6642/7840/16 6641/7839/16 6643/7841/16
f 6644/7842/16 6645/7843/16 6646/7844/16
f 6646/7844/16 6645/7843/16 6647/7845/16
f 6648/7846/16 6649/7847/16 6650/7848/16
f 6650/7848/16 6649/7847/16 6651/7849/16
f 6652/7850/16 6653/7851/16 6654/7852/16
f 6654/7852/16 6653/7851/16 6655/7853/16
f 6656/7854/16 6657/7855/16 6658/7856/16
f 6658/7856/16 6657/7855/16 6659/7857/16
f 6660/7858/16 6661/7859/16 6662/7860/16
f 6663/7861/16 6664/7862/16 6665/7863/16
f 6665/7863/16 6664/7862/16 6666/7864/16
f 6666/7864/16 6664/7862/16 6667/7865/16
f 6667/7865/16 6664/7862/16 6668/7866/16
f 6669/7867/16 6670/7868/16 6671/7869/16
f 6671/7869/16 6670/7868/16 6672/7870/16
f 6672/7870/16 6670/7868/16 6673/7871/16
f 6673/7871/16 6670/7868/16 6674/7872/16
f 6675/7873/16 6676/7874/16 6677/7875/16
f 6677/7875/16 6676/7874/16 6678/7876/16
f 6679/7877/16 6680/7878/16 6681/7879/16
f 6681/7879/16 6680/7878/16 6682/7880/16
f 6682/7880/16 6680/7878/16 6683/7881/16
f 6683/7881/16 6680/7878/16 6684/7882/16
f 6685/7883/16 6686/7884/16 6687/7885/16
f 6687/7885/16 6686/7884/16 6688/7886/16
f 6688/7886/16 6686/7884/16 6689/7887/16
f 6660/7858/16 6662/7860/16 6690/7888/16
f 6662/7860/16 6665/7863/16 6690/7888/16
f 6665/7863/16 6666/7864/16 6690/7888/16
f 6690/7888/16 6666/7864/16 6691/7889/16
f 6691/7889/16 6666/7864/16 6692/7890/16
f 6692/7890/16 6666/7864/16 6693/7891/16
f 6693/7891/16 6666/7864/16 6694/7892/16
f 6667/7865/16 6668/7866/16 6695/7893/16
f 6668/7866/16 6671/7869/16 6695/7893/16
f 6671/7869/16 6672/7870/16 6695/7893/16
f 6695/7893/16 6672/7870/16 6696/7894/16
f 6696/7894/16 6672/7870/16 6697/7895/16
f 6697/7895/16 6672/7870/16 6698/7896/16
f 6673/7871/16 6674/7872/16 6699/7897/16
f 6677/7875/16 6678/7876/16 6699/7897/16
f 6681/7879/16 6682/7880/16 6699/7897/16
f 6674/7872/16 6677/7875/16 6699/7897/16
f 6678/7876/16 6681/7879/16 6699/7897/16
f 6699/7897/16 6682/7880/16 6700/7898/16
f 6700/7898/16 6682/7880/16 6701/7899/16
f 6701/7899/16 6682/7880/16 6702/7900/16
f 6683/7881/16 6684/7882/16 6703/7901/16
f 6687/7885/16 6688/7886/16 6703/7901/16
f 6684/7882/16 6687/7885/16 6703/7901/16
f 6703/7901/16 6688/7886/16 6704/7902/16
f 6704/7902/16 6688/7886/16 6705/7903/16
f 6705/7903/16 6688/7886/16 6706/7904/16
f 6689/7887/16 6686/7884/16 6707/7905/16
f 6660/7858/16 6690/7888/16 6708/7906/16
f 6708/7906/16 6690/7888/16 6709/7907/16
f 6691/7889/16 6692/7890/16 6710/7908/16
f 6710/7908/16 6692/7890/16 6711/7909/16
f 6693/7891/16 6694/7892/16 6712/7910/16
f 6695/7893/16 6696/7894/16 6712/7910/16
f 6694/7892/16 6695/7893/16 6712/7910/16
f 6712/7910/16 6696/7894/16 6713/7911/16
f 6697/7895/16 6698/7896/16 6714/7912/16
f 6699/7897/16 6700/7898/16 6714/7912/16
f 6698/7896/16 6699/7897/16 6714/7912/16
f 6714/7912/16 6700/7898/16 6715/7913/16
f 6701/7899/16 6702/7900/16 6716/7914/16
f 6703/7901/16 6704/7902/16 6716/7914/16
f 6702/7900/16 6703/7901/16 6716/7914/16
f 6716/7914/16 6704/7902/16 6717/7915/16
f 6705/7903/16 6706/7904/16 6718/7916/16
f 6706/7904/16 6707/7905/16 6718/7916/16
f 6707/7905/16 6686/7884/16 6719/7917/16
f 6718/7916/16 6707/7905/16 6719/7917/16
f 6720/7918/16 6721/7919/16 6722/7920/16
f 6722/7920/16 6721/7919/16 6723/7921/16
f 6723/7921/16 6721/7919/16 6724/7922/16
f 6725/7923/16 6726/7924/16 6727/7925/16
f 6727/7925/16 6726/7924/16 6728/7926/16
f 6729/7927/16 6730/7928/16 6731/7929/16
f 6731/7929/16 6730/7928/16 6732/7930/16
f 6732/7930/16 6730/7928/16 6733/7931/16
f 6733/7931/16 6730/7928/16 6734/7932/16
f 6735/7933/16 6736/7934/16 6737/7935/16
f 6737/7935/16 6736/7934/16 6738/7936/16
f 6738/7936/16 6736/7934/16 6739/7937/16
f 6739/7937/16 6736/7934/16 6740/7938/16
f 6740/7938/16 6736/7934/16 6741/7939/16
f 6741/7939/16 6736/7934/16 6742/7940/16
f 6743/7941/16 6744/7942/16 6745/7943/16
f 6720/7918/16 6722/7920/16 6746/7944/16
f 6723/7921/16 6724/7922/16 6747/7945/16
f 6727/7925/16 6728/7926/16 6747/7945/16
f 6724/7922/16 6727/7925/16 6747/7945/16
f 6728/7926/16 6731/7929/16 6747/7945/16
f 6731/7929/16 6732/7930/16 6747/7945/16
f 6747/7945/16 6732/7930/16 6748/7946/16
f 6748/7946/16 6732/7930/16 6749/7947/16
f 6749/7947/16 6732/7930/16 6750/7948/16
f 6733/7931/16 6734/7932/16 6751/7949/16
f 6737/7935/16 6738/7936/16 6751/7949/16
f 6734/7932/16 6737/7935/16 6751/7949/16
f 6751/7949/16 6738/7936/16 6752/7950/16
f 6739/7937/16 6740/7938/16 6753/7951/16
f 6753/7951/16 6740/7938/16 6754/7952/16
f 6741/7939/16 6742/7940/16 6755/7953/16
f 6742/7940/16 6745/7943/16 6755/7953/16
f 6755/7953/16 6745/7943/16 6756/7954/16
f 6756/7954/16 6745/7943/16 6757/7955/16
f 6745/7943/16 6744/7942/16 6758/7956/16
f 6757/7955/16 6745/7943/16 6758/7956/16
f 6758/7956/16 6744/7942/16 6759/7957/16
f 6720/7918/16 6746/7944/16 6760/7958/16
f 6747/7945/16 6748/7946/16 6760/7958/16
f 6746/7944/16 6747/7945/16 6760/7958/16
f 6760/7958/16 6748/7946/16 6761/7959/16
f 6753/7951/16 6754/7952/16 6762/7960/16
f 6751/7949/16 6752/7950/16 6762/7960/16
f 6749/7947/16 6750/7948/16 6762/7960/16
f 6752/7950/16 6753/7951/16 6762/7960/16
f 6750/7948/16 6751/7949/16 6762/7960/16
f 6755/7953/16 6756/7954/16 6762/7960/16
f 6754/7952/16 6755/7953/16 6762/7960/16
f 6762/7960/16 6756/7954/16 6763/7961/16
f 6757/7955/16 6758/7956/16 6764/7962/16
f 6764/7962/16 6758/7956/16 6765/7963/16
f 6759/7957/16 6744/7942/16 6766/7964/16
f 6766/7964/16 6744/7942/16 6767/7965/16
f 6768/7966/16 6769/7967/16 6770/7968/16
f 6770/7968/16 6769/7967/16 6771/7969/16
f 6772/7970/16 6773/7971/16 6774/7972/16
f 6774/7972/16 6773/7971/16 6775/7973/16
f 6776/7974/16 6777/7975/16 6778/7976/16
f 6778/7976/16 6777/7975/16 6779/7977/16
f 6780/7978/16 6781/7979/16 6782/7980/16
f 6782/7980/16 6781/7979/16 6783/7981/16
f 6784/7982/16 6785/7983/16 6786/7984/16
f 6784/7982/16 6786/7984/16 6787/7985/16
f 6787/7985/16 6786/7984/16 6788/7986/16
f 6789/7987/16 6790/7988/16 6791/7989/16
f 6789/7987/16 6791/7989/16 6792/7990/16
f 6792/7990/16 6791/7989/16 6793/7991/16
f 6794/7992/16 6795/7993/16 6796/7994/16
f 6795/7993/16 6797/7995/16 6796/7994/16
f 6796/7994/16 6797/7995/16 6798/7996/16
f 6798/7996/16 6797/7995/16 6799/7997/16
f 6799/7997/16 6797/7995/16 6800/7998/16
f 6801/7999/16 6802/8000/16 6803/8001/16
f 6802/8000/16 6804/8002/16 6803/8001/16
f 6803/8001/16 6804/8002/16 6805/8003/16
f 6805/8003/16 6804/8002/16 6806/8004/16
f 6806/8004/16 6804/8002/16 6807/8005/16
f 6807/8005/16 6804/8002/16 6808/8006/16
f 6808/8006/16 6804/8002/16 6809/8007/16
f 6809/8007/16 6804/8002/16 6810/8008/16
f 6810/8008/16 6804/8002/16 6811/8009/16
f 6812/8010/16 6813/8011/16 6814/8012/16
f 6813/8011/16 6815/8013/16 6814/8012/16
f 6814/8012/16 6815/8013/16 6816/8014/16
f 6816/8014/16 6815/8013/16 6817/8015/16
f 6818/8016/16 6819/8017/16 6820/8018/16
f 6821/8019/16 6818/8016/16 6820/8018/16
f 6820/8018/16 6819/8017/16 6822/8020/16
f 6823/8021/16 6824/8022/16 6825/8023/16
f 6826/8024/16 6796/7994/16 6827/8025/16
f 6817/8015/16 6828/8026/16 6829/8027/16
f 6825/8023/16 6824/8022/16 6830/8028/16
f 6830/8028/16 6824/8022/16 6831/8029/16
f 6832/8030/16 6833/8031/16 6834/8032/16
f 6833/8031/16 6829/8027/16 6834/8032/16
f 6826/8024/16 6827/8025/16 6834/8032/16
f 6827/8025/16 6835/8033/16 6834/8032/16
f 6835/8033/16 6836/8034/16 6834/8032/16
f 6837/8035/16 6832/8030/16 6834/8032/16
f 6838/8036/17 6837/8035/16 6834/8032/16
f 6839/8037/16 6838/8036/17 6834/8032/16
f 6840/8038/16 6839/8037/16 6834/8032/16
f 6841/8039/16 6840/8038/16 6834/8032/16
f 6842/8040/16 6841/8039/16 6834/8032/16
f 6836/8034/16 6842/8040/16 6834/8032/16
f 6829/8027/16 6828/8026/16 6843/8041/16
f 6834/8032/16 6829/8027/16 6843/8041/16
f 6844/8042/16 6845/8043/16 6846/8044/16
f 6845/8043/16 6847/8045/16 6846/8044/16
f 6846/8044/16 6847/8045/16 6848/8046/16
f 6848/8046/16 6847/8045/16 6849/8047/16
f 6850/8048/16 6851/8049/16 6852/8050/16
f 6851/8049/16 6853/8051/16 6852/8050/16
f 6852/8050/16 6853/8051/16 6854/8052/16
f 6854/8052/16 6853/8051/16 6855/8053/16
f 6855/8053/16 6853/8051/16 6856/8054/16
f 6856/8054/16 6853/8051/16 6857/8055/16
f 6857/8055/16 6853/8051/16 6858/8056/16
f 6859/8057/16 6860/8058/16 6861/8059/16
f 6862/8060/16 6859/8057/16 6861/8059/16
f 6861/8059/16 6860/8058/16 6863/8061/16
f 6863/8061/16 6860/8058/16 6864/8062/16
f 6864/8062/16 6860/8058/16 6865/8063/16
f 6866/8064/16 6867/8065/16 6868/8066/16
f 6868/8066/16 6867/8065/16 6869/8067/16
f 6870/8068/16 6871/8069/16 6872/8070/16
f 6872/8070/16 6871/8069/16 6873/8071/16
f 6865/8063/16 6874/8072/16 6875/8073/16
f 6876/8074/16 6846/8044/16 6877/8075/16
f 6875/8073/16 6874/8072/16 6878/8076/16
f 6879/8077/17 6880/8078/16 6881/8079/16
f 6880/8078/16 6878/8076/16 6881/8079/16
f 6876/8074/16 6877/8075/16 6881/8079/16
f 6877/8075/16 6882/8080/16 6881/8079/16
f 6883/8081/17 6879/8077/17 6881/8079/16
f 6884/8082/16 6883/8081/17 6881/8079/16
f 6885/8083/16 6884/8082/16 6881/8079/16
f 6886/8084/16 6885/8083/16 6881/8079/16
f 6882/8080/16 6886/8084/16 6881/8079/16
f 6878/8076/16 6874/8072/16 6887/8085/16
f 6881/8079/16 6878/8076/16 6887/8085/16
f 6888/8086/16 6889/8087/16 6890/8088/16
f 6890/8088/16 6889/8087/16 6891/8089/16
f 6892/8090/16 6893/8091/16 6894/8092/16
f 6894/8092/16 6893/8091/16 6895/8093/16
f 6896/8094/16 6897/8095/16 6898/8096/16
f 6898/8096/16 6897/8095/16 6899/8097/16
f 6900/8098/16 6901/8099/16 6902/8100/16
f 6902/8100/16 6901/8099/16 6903/8101/16
f 6904/8102/16 6905/8103/16 6906/8104/16
f 6906/8104/16 6905/8103/16 6907/8105/16
f 6908/8106/16 6909/8107/16 6910/8108/16
f 6910/8108/16 6909/8107/16 6911/8109/16
f 6912/8110/16 6913/8111/16 6914/8112/16
f 6914/8112/16 6913/8111/16 6915/8113/16
f 6916/8114/16 6917/8115/16 6918/8116/16
f 6918/8116/16 6917/8115/16 6919/8117/16
f 6920/8118/16 6921/8119/16 6922/8120/16
f 6922/8120/16 6921/8119/16 6923/8121/16
f 6924/8122/16 6925/8123/16 6926/8124/16
f 6926/8124/16 6925/8123/16 6927/8125/16
f 6928/8126/16 6929/8127/16 6930/8128/16
f 6930/8128/16 6929/8127/16 6931/8129/16
f 6932/8130/16 6933/8131/16 6934/8132/16
f 6934/8132/16 6933/8131/16 6935/8133/16
f 6936/8134/16 6937/8135/16 6938/8136/16
f 6938/8136/16 6937/8135/16 6939/8137/16
f 6940/8138/16 6941/8139/16 6942/8140/16
f 6942/8140/16 6941/8139/16 6943/8141/16
f 6944/8142/16 6945/8143/16 6946/8144/16
f 6946/8144/16 6945/8143/16 6947/8145/16
f 6948/8146/16 6949/8147/16 6950/8148/16
f 6950/8148/16 6949/8147/16 6951/8149/16
f 6952/8150/16 6953/8151/16 6954/8152/16
f 6954/8152/16 6953/8151/16 6955/8153/16
f 6956/8154/16 6957/8155/16 6958/8156/16
f 6958/8156/16 6957/8155/16 6959/8157/16
f 6960/8158/16 6961/8159/16 6962/8160/16
f 6962/8160/16 6961/8159/16 6963/8161/16
f 6964/8162/16 6965/8163/16 6966/8164/16
f 6966/8164/16 6965/8163/16 6967/8165/16
f 6968/8166/16 6969/8167/16 6970/8168/16
f 6970/8168/16 6969/8167/16 6971/8169/16
f 6972/8170/16 6973/8171/16 6974/8172/16
f 6974/8172/16 6973/8171/16 6975/8173/16
f 6976/8174/16 6977/8175/16 6978/8176/16
f 6978/8176/16 6977/8175/16 6979/8177/16
f 6980/8178/16 6981/8179/16 6982/8180/16
f 6981/8179/16 6983/8181/16 6982/8180/16
f 6982/8180/16 6983/8181/16 6984/8182/16
f 6985/8183/16 6986/8184/16 6987/8185/16
f 6987/8185/16 6986/8184/16 6988/8186/16
f 6989/8187/16 6990/8188/16 6991/8189/16
f 6992/8190/16 6989/8187/16 6991/8189/16
f 6991/8189/16 6990/8188/16 6993/8191/16
f 6994/8192/16 6995/8193/16 6996/8194/16
f 6996/8194/16 6995/8193/16 6997/8195/16
f 6998/8196/16 6999/8197/16 7000/8198/16
f 7000/8198/16 6999/8197/16 7001/8199/16
f 7002/8200/16 7003/8201/16 7004/8202/16
f 7004/8202/16 7003/8201/16 7005/8203/16
f 7006/8204/16 7007/8205/16 7008/8206/16
f 7008/8206/16 7007/8205/16 7009/8207/16
f 7010/8208/16 7011/8209/16 7012/8210/16
f 7012/8210/16 7011/8209/16 7013/8211/16
f 7014/8212/16 7015/8213/16 7016/8214/16
f 7016/8214/16 7015/8213/16 7017/8215/16
f 7018/8216/16 7019/8217/16 7020/8218/16
f 7020/8218/16 7019/8217/16 7021/8219/16
f 7022/8220/16 7023/8221/16 7024/8222/16
f 7024/8222/16 7023/8221/16 7025/8223/16
f 7026/8224/16 7027/8225/16 7028/8226/16
f 7028/8226/16 7027/8225/16 7029/8227/16
f 7030/8228/16 7031/8229/16 7032/8230/16
f 7032/8230/16 7031/8229/16 7033/8231/16
f 7034/8232/16 7035/8233/16 7036/8234/16
f 7036/8234/16 7035/8233/16 7037/8235/16
f 7038/8236/16 7039/8237/16 7040/8238/16
f 7040/8238/16 7039/8237/16 7041/8239/16
f 7042/8240/16 7043/8241/16 7044/8242/16
f 7044/8242/16 7043/8241/16 7045/8243/16
f 7046/8244/16 7047/8245/16 7048/8246/16
f 7048/8246/16 7047/8245/16 7049/8247/16
f 7050/8248/16 7051/8249/16 7052/8250/16
f 7052/8250/16 7051/8249/16 7053/8251/16
f 7054/8252/16 7055/8253/16 7056/8254/16
f 7056/8254/16 7055/8253/16 7057/8255/16
f 7058/8256/16 7059/8257/16 7060/8258/16
f 7060/8258/16 7059/8257/16 7061/8259/16
f 7062/8260/16 7063/8261/16 7064/8262/16
f 7064/8262/16 7063/8261/16 7065/8263/16
f 7066/8264/16 7067/8265/16 7068/8266/16
f 7068/8266/16 7067/8265/16 7069/8267/16
f 7070/8268/16 7071/8269/16 7072/8270/16
f 7072/8270/16 7071/8269/16 7073/8271/16
f 7074/8272/16 7075/8273/16 7076/8274/16
f 7076/8274/16 7075/8273/16 7077/8275/16
f 7078/8276/16 7079/8277/16 7080/8278/16
f 7080/8278/16 7079/8277/16 7081/8279/16
f 7082/8280/16 7083/8281/16 7084/8282/16
f 7084/8282/16 7083/8281/16 7085/8283/16
f 7086/8284/16 7087/8285/16 7088/8286/16
f 7088/8286/16 7087/8285/16 7089/8287/16
f 7090/8288/16 7091/8289/16 7092/8290/16
f 7092/8290/16 7091/8289/16 7093/8291/16
f 7094/8292/16 7095/8293/16 7096/8294/16
f 7096/8294/16 7095/8293/16 7097/8295/16
f 7098/8296/16 7099/8297/16 7100/8298/16
f 7100/8298/16 7099/8297/16 7101/8299/16
f 7102/8300/16 7103/8301/16 7104/8302/16
f 7104/8302/16 7103/8301/16 7105/8303/16
f 7106/8304/16 7107/8305/16 7108/8306/16
f 7108/8306/16 7107/8305/16 7109/8307/16
f 7110/8308/16 7111/8309/16 7112/8310/16
f 7112/8310/16 7111/8309/16 7113/8311/16
f 7114/8312/16 7115/8313/16 7116/8314/16
f 7116/8314/16 7115/8313/16 7117/8315/16
f 7118/8316/16 7119/8317/16 7120/8318/16
f 7120/8318/16 7119/8317/16 7121/8319/16
f 7122/8320/16 7123/8321/16 7124/8322/16
f 7124/8322/16 7123/8321/16 7125/8323/16
f 7126/8324/16 7127/8325/16 7128/8326/16
f 7128/8326/16 7127/8325/16 7129/8327/16
f 7130/8328/16 7131/8329/16 7132/8330/16
f 7132/8330/16 7131/8329/16 7133/8331/16
f 7134/8332/16 7135/8333/16 7136/8334/16
f 7136/8334/16 7135/8333/16 7137/8335/16
f 7138/8336/16 7139/8337/16 7140/8338/16
f 7140/8338/16 7139/8337/16 7141/8339/16
f 7142/8340/16 7143/8341/16 7144/8342/16
f 7144/8342/16 7143/8341/16 7145/8343/16
f 7146/8344/16 7147/8345/16 7148/8346/16
f 7148/8346/16 7147/8345/16 7149/8347/16
f 7150/8348/16 7151/8349/16 7152/8350/16
f 7152/8350/16 7151/8349/16 7153/8351/16
f 7154/8352/16 7155/8353/16 7156/8354/16
f 7156/8354/16 7155/8353/16 7157/8355/16
f 7158/8356/16 7159/8357/16 7160/8358/16
f 7160/8358/16 7159/8357/16 7161/8359/16
f 7162/8360/16 7163/8361/16 7164/8362/16
f 7164/8362/16 7163/8361/16 7165/8363/16
f 7166/8364/16 7167/8365/16 7168/8366/16
f 7168/8366/16 7167/8365/16 7169/8367/16
f 7170/8368/16 7171/8369/16 7172/8370/16
f 7172/8370/16 7171/8369/16 7173/8371/16
f 7174/8372/16 7175/8373/16 7176/8374/16
f 7176/8374/16 7175/8373/16 7177/8375/16
f 7178/8376/16 7179/8377/16 7180/8378/16
f 7180/8378/16 7179/8377/16 7181/8379/16
f 7182/8380/16 7183/8381/16 7184/8382/16
f 7184/8382/16 7183/8381/16 7185/8383/16
f 7186/8384/16 7187/8385/16 7188/8386/16
f 7188/8386/16 7187/8385/16 7189/8387/16
f 7190/8388/16 7191/8389/16 7192/8390/16
f 7192/8390/16 7191/8389/16 7193/8391/16
f 7194/8392/16 7195/8393/16 7196/8394/16
f 7196/8394/16 7195/8393/16 7197/8395/16
f 7198/8396/16 7199/8397/16 7200/8398/16
f 7200/8398/16 7199/8397/16 7201/8399/16
f 7202/8400/16 7203/8401/16 7204/8402/16
f 7204/8402/16 7203/8401/16 7205/8403/16
f 7206/8404/16 7207/8405/16 7208/8406/16
f 7209/8407/16 7210/8408/16 7211/8409/16
f 7211/8409/16 7210/8408/16 7212/8410/16
f 7213/8411/16 7208/8406/16 7214/8412/16
f 7208/8406/16 7207/8405/16 7215/8413/16
f 7214/8412/16 7208/8406/16 7215/8413/16
f 7216/8414/16 7217/8415/16 7218/8416/16
f 7218/8416/16 7217/8415/16 7219/8417/16
f 7220/8418/16 7221/8419/16 7222/8420/16
f 7222/8420/16 7221/8419/16 7223/8421/16
f 7224/8422/16 7225/8423/16 7226/8424/16
f 7226/8424/16 7225/8423/16 7227/8425/16
f 7228/8426/16 7229/8427/16 7230/8428/16
f 7230/8428/16 7229/8427/16 7231/8429/16
f 7232/8430/16 7233/8431/16 7234/8432/16
f 7234/8432/16 7233/8431/16 7235/8433/16
f 7236/8434/16 7237/8435/16 7238/8436/16
f 7238/8436/16 7237/8435/16 7239/8437/16
f 7239/8437/16 7237/8435/16 7240/8438/16
f 7240/8438/16 7237/8435/16 7241/8439/16
f 7242/8440/16 7243/8441/16 7244/8442/16
f 7244/8442/16 7243/8441/16 7245/8443/16
f 7246/8444/16 7247/8445/16 7248/8446/16
f 7248/8446/16 7247/8445/16 7249/8447/16
f 7250/8448/16 7251/8449/16 7252/8450/16
f 7252/8450/16 7251/8449/16 7253/8451/16
f 7254/8452/16 7255/8453/16 7256/8454/16
f 7256/8454/16 7255/8453/16 7257/8455/16
f 7258/8456/16 7259/8457/16 7260/8458/16
f 7260/8458/16 7259/8457/16 7261/8459/16
f 7262/8460/16 7263/8461/16 7264/8462/16
f 7264/8462/16 7263/8461/16 7265/8463/16
f 7266/8464/16 7267/8465/16 7268/8466/16
f 7268/8466/16 7267/8465/16 7269/8467/16
f 7270/8468/16 7271/8469/16 7272/8470/16
f 7271/8469/16 7273/8471/16 7272/8470/16
f 7272/8470/16 7273/8471/16 7274/8472/16
f 7275/8473/16 7276/8474/16 7277/8475/16
f 7276/8474/16 7278/8476/16 7277/8475/16
f 7277/8475/16 7278/8476/16 7279/8477/16
f 7280/8478/16 7281/8479/16 7282/8480/16
f 7283/8481/16 7280/8478/16 7282/8480/16
f 7282/8480/16 7281/8479/16 7284/8482/16
f 7285/8483/16 7286/8484/16 7287/8485/16
f 7285/8483/16 7287/8485/16 7288/8486/16
f 7288/8486/16 7287/8485/16 7289/8487/16
f 7290/8488/16 7291/8489/16 7292/8490/16
f 7290/8488/16 7292/8490/16 7293/8491/16
f 7293/8491/16 7292/8490/16 7294/8492/16
f 7295/8493/16 7296/8494/16 7297/8495/16
f 7297/8495/16 7296/8494/16 7298/8496/16
f 7299/8497/16 7300/8498/16 7301/8499/16
f 7301/8499/16 7300/8498/16 7302/8500/16
f 7303/8501/16 7304/8502/16 7305/8503/16
f 7305/8503/16 7304/8502/16 7306/8504/16
f 7307/8505/16 7308/8506/16 7309/8507/16
f 7309/8507/16 7308/8506/16 7310/8508/16
f 7311/8509/16 7312/8510/16 7313/8511/16
f 7313/8511/16 7312/8510/16 7314/8512/16
f 7315/8513/16 7316/8514/16 7317/8515/16
f 7318/8516/16 7315/8513/16 7317/8515/16
f 7317/8515/16 7316/8514/16 7319/8517/16
f 7320/8518/16 7321/8519/16 7322/8520/16
f 7322/8520/16 7321/8519/16 7323/8521/16
f 7323/8521/16 7321/8519/16 7324/8522/16
f 7325/8523/16 7326/8524/16 7327/8525/16
f 7327/8525/16 7326/8524/16 7328/8526/16
f 7329/8527/16 7330/8528/16 7331/8529/16
f 7330/8528/16 7332/8530/16 7331/8529/16
f 7331/8529/16 7332/8530/16 7333/8531/16
f 7334/8532/16 7335/8533/16 7336/8534/16
f 7335/8533/16 7337/8535/16 7336/8534/16
f 7336/8534/16 7337/8535/16 7338/8536/16
f 7339/8537/16 7340/8538/16 7341/8539/16
f 7342/8540/16 7339/8537/16 7341/8539/16
f 7341/8539/16 7340/8538/16 7343/8541/16
f 7344/8542/16 7345/8543/16 7346/8544/16
f 7346/8544/16 7345/8543/16 7347/8545/16
f 7348/8546/16 7349/8547/16 7350/8548/16
f 7350/8548/16 7349/8547/16 7351/8549/16
f 7352/8550/16 7353/8551/16 7354/8552/16
f 7354/8552/16 7353/8551/16 7355/8553/16
f 7356/8554/16 7357/8555/16 7358/8556/16
f 7358/8556/16 7357/8555/16 7359/8557/16
f 7360/8558/16 7361/8559/16 7362/8560/16
f 7362/8560/16 7361/8559/16 7363/8561/16
f 7364/8562/16 7365/8563/16 7366/8564/16
f 7366/8564/16 7365/8563/16 7367/8565/16
f 7368/8566/16 7369/8567/16 7370/8568/16
f 7370/8568/16 7369/8567/16 7371/8569/16
f 7372/8570/16 7373/8571/16 7374/8572/16
f 7374/8572/16 7373/8571/16 7375/8573/16
f 7376/8574/16 7377/8575/16 7378/8576/16
f 7378/8576/16 7377/8575/16 7379/8577/16
f 7380/8578/16 7381/8579/16 7382/8580/16
f 7382/8580/16 7381/8579/16 7383/8581/16
f 7384/8582/16 7385/8583/16 7386/8584/16
f 7386/8584/16 7385/8583/16 7387/8585/16
f 7388/8586/16 7389/8587/16 7390/8588/16
f 7390/8588/16 7389/8587/16 7391/8589/16
f 7392/8590/16 7393/8591/16 7394/8592/16
f 7394/8592/16 7393/8591/16 7395/8593/16
f 7396/8594/16 7397/8595/16 7398/8596/16
f 7398/8596/16 7397/8595/16 7399/8597/16
f 7400/8598/16 7401/8599/16 7402/8600/16
f 7402/8600/16 7401/8599/16 7403/8601/16
f 7404/8602/16 7405/8603/16 7406/8604/16
f 7406/8604/16 7405/8603/16 7407/8605/16
f 7408/8606/16 7409/8607/16 7410/8608/16
f 7410/8608/16 7409/8607/16 7411/8609/16
f 7412/8610/16 7413/8611/16 7414/8612/16
f 7414/8612/16 7413/8611/16 7415/8613/16
f 7416/8614/16 7417/8615/16 7418/8616/16
f 7418/8616/16 7417/8615/16 7419/8617/16
f 7420/8618/16 7421/8619/16 7422/8620/16
f 7422/8620/16 7421/8619/16 7423/8621/16
f 7424/8622/16 7425/8623/16 7426/8624/16
f 7426/8624/16 7425/8623/16 7427/8625/16
f 7428/8626/16 7429/8627/16 7430/8628/16
f 7430/8628/16 7429/8627/16 7431/8629/16
f 7432/8630/16 7433/8631/16 7434/8632/16
f 7434/8632/16 7433/8631/16 7435/8633/16
f 7436/8634/16 7437/8635/16 7438/8636/16
f 7438/8636/16 7437/8635/16 7439/8637/16
f 7440/8638/16 7441/8639/16 7442/8640/16
f 7442/8640/16 7441/8639/16 7443/8641/16
f 7444/8642/16 7445/8643/16 7446/8644/16
f 7446/8644/16 7445/8643/16 7447/8645/16
f 7448/8646/16 7449/8647/16 7450/8648/16
f 7450/8648/16 7449/8647/16 7451/8649/16
f 7452/8650/16 7453/8651/16 7454/8652/16
f 7454/8652/16 7453/8651/16 7455/8653/16
f 7456/8654/16 7457/8655/16 7458/8656/16
f 7458/8656/16 7457/8655/16 7459/8657/16
f 7460/8658/16 7461/8659/16 7462/8660/16
f 7462/8660/16 7461/8659/16 7463/8661/16
f 7464/8662/16 7465/8663/16 7466/8664/16
f 7466/8664/16 7465/8663/16 7467/8665/16
f 7468/8666/16 7469/8667/16 7470/8668/16
f 7470/8668/16 7469/8667/16 7471/8669/16
f 7472/8670/16 7473/8671/16 7474/8672/16
f 7474/8672/16 7473/8671/16 7475/8673/16
f 7476/8674/16 7477/8675/16 7478/8676/16
f 7478/8676/16 7477/8675/16 7479/8677/16
f 7480/8678/16 7481/8679/16 7482/8680/16
f 7482/8680/16 7481/8679/16 7483/8681/16
f 7484/8682/16 7485/8683/16 7486/8684/16
f 7486/8684/16 7485/8683/16 7487/8685/16
f 7488/8686/16 7489/8687/16 7490/8688/16
f 7490/8688/16 7489/8687/16 7491/8689/16
f 7492/8690/16 7493/8691/16 7494/8692/16
f 7494/8692/16 7493/8691/16 7495/8693/16
f 7496/8694/16 7497/8695/16 7498/8696/16
f 7498/8696/16 7497/8695/16 7499/8697/16
f 7500/8698/16 7501/8699/16 7502/8700/16
f 7502/8700/16 7501/8699/16 7503/8701/16
f 7504/8702/16 7505/8703/16 7506/8704/16
f 7506/8704/16 7505/8703/16 7507/8705/16
f 7508/8706/16 7509/8707/16 7510/8708/16
f 7510/8708/16 7509/8707/16 7511/8709/16
f 7512/8710/16 7513/8711/16 7514/8712/16
f 7514/8712/16 7513/8711/16 7515/8713/16
f 7516/8714/16 7517/8715/16 7518/8716/16
f 7518/8716/16 7517/8715/16 7519/8717/16
f 7520/8718/16 7521/8719/16 7522/8720/16
f 7522/8720/16 7521/8719/16 7523/8721/16
f 7524/8722/16 7525/8723/16 7526/8724/16
f 7526/8724/16 7525/8723/16 7527/8725/16
f 7528/8726/16 7529/8727/16 7530/8728/16
f 7530/8728/16 7529/8727/16 7531/8729/16
f 7532/8730/16 7533/8731/16 7534/8732/16
f 7534/8732/16 7533/8731/16 7535/8733/16
f 7536/8734/16 7537/8735/16 7538/8736/16
f 7538/8736/16 7537/8735/16 7539/8737/16
f 7540/8738/16 7541/8739/16 7542/8740/16
f 7542/8740/16 7541/8739/16 7543/8741/16
f 7544/8742/16 7545/8743/16 7546/8744/16
f 7546/8744/16 7545/8743/16 7547/8745/16
f 7548/8746/16 7549/8747/16 7550/8748/16
f 7550/8748/16 7549/8747/16 7551/8749/16
f 7552/8750/16 7553/8751/16 7554/8752/16
f 7554/8752/16 7553/8751/16 7555/8753/16
f 7556/8754/16 7557/8755/16 7558/8756/16
f 7558/8756/16 7557/8755/16 7559/8757/16
f 7556/8754/16 7558/8756/16 7560/8758/16
f 7561/8759/16 7560/8758/16 7562/8760/16
f 7560/8758/16 7558/8756/16 7563/8761/16
f 7562/8760/16 7560/8758/16 7563/8761/16
f 7561/8759/16 7562/8760/16 7564/8762/16
f 7561/8759/16 7564/8762/16 7565/8763/16
f 7564/8762/16 7566/8764/16 7565/8763/16
f 7565/8763/16 7566/8764/16 7567/8765/16
f 7567/8765/16 7566/8764/16 7568/8766/16
f 7559/8757/16 7557/8755/16 7569/8767/16
f 7567/8765/16 7568/8766/16 7570/8768/16
f 7568/8766/16 7569/8767/16 7570/8768/16
f 7569/8767/16 7557/8755/16 7571/8769/16
f 7570/8768/16 7569/8767/16 7571/8769/16
f 7572/8770/16 7573/8771/16 7574/8772/16
f 7574/8772/16 7573/8771/16 7575/8773/16
f 7572/8770/16 7574/8772/16 7576/8774/16
f 7577/8775/16 7576/8774/16 7578/8776/16
f 7576/8774/16 7574/8772/16 7579/8777/16
f 7578/8776/16 7576/8774/16 7579/8777/16
f 7577/8775/16 7578/8776/16 7580/8778/16
f 7577/8775/16 7580/8778/16 7581/8779/16
f 7580/8778/16 7582/8780/16 7581/8779/16
f 7581/8779/16 7582/8780/16 7583/8781/16
f 7583/8781/16 7582/8780/16 7584/8782/16
f 7575/8773/16 7573/8771/16 7585/8783/16
f 7583/8781/16 7584/8782/16 7586/8784/16
f 7584/8782/16 7585/8783/16 7586/8784/16
f 7585/8783/16 7573/8771/16 7587/8785/16
f 7586/8784/16 7585/8783/16 7587/8785/16
f 7588/8786/16 7589/8787/16 7590/8788/16
f 7590/8788/16 7589/8787/16 7591/8789/16
f 7588/8786/16 7590/8788/16 7592/8790/16
f 7593/8791/16 7592/8790/16 7594/8792/16
f 7592/8790/16 7590/8788/16 7595/8793/16
f 7594/8792/16 7592/8790/16 7595/8793/16
f 7593/8791/16 7594/8792/16 7596/8794/16
f 7593/8791/16 7596/8794/16 7597/8795/16
f 7596/8794/16 7598/8796/16 7597/8795/16
f 7597/8795/16 7598/8796/16 7599/8797/16
f 7599/8797/16 7598/8796/16 7600/8798/16
f 7591/8789/16 7589/8787/16 7601/8799/16
f 7599/8797/16 7600/8798/16 7602/8800/16
f 7600/8798/16 7601/8799/16 7602/8800/16
f 7601/8799/16 7589/8787/16 7603/8801/16
f 7602/8800/16 7601/8799/16 7603/8801/16
f 7604/8802/16 7605/8803/16 7606/8804/16
f 7606/8804/16 7605/8803/16 7607/8805/16
f 7607/8805/16 7605/8803/16 7608/8806/16
f 7608/8806/16 7605/8803/16 7609/8807/16
f 7604/8802/16 7606/8804/16 7610/8808/16
f 7611/8809/16 7610/8808/16 7612/8810/16
f 7610/8808/16 7606/8804/16 7613/8811/16
f 7612/8810/16 7610/8808/16 7613/8811/16
f 7611/8809/16 7612/8810/16 7614/8812/16
f 7611/8809/16 7614/8812/16 7615/8813/16
f 7614/8812/16 7616/8814/16 7615/8813/16
f 7615/8813/16 7616/8814/16 7617/8815/16
f 7617/8815/16 7616/8814/16 7618/8816/16
f 7609/8807/16 7605/8803/16 7619/8817/16
f 7617/8815/16 7618/8816/16 7620/8818/16
f 7618/8816/16 7619/8817/16 7620/8818/16
f 7619/8817/16 7605/8803/16 7621/8819/16
f 7620/8818/16 7619/8817/16 7621/8819/16
f 7622/8820/16 7623/8821/16 7624/8822/16
f 7624/8822/16 7623/8821/16 7625/8823/16
f 7626/8824/16 7627/8825/16 7628/8826/16
f 7628/8826/16 7627/8825/16 7629/8827/16
f 7630/8828/16 7631/8829/16 7632/8830/16
f 7632/8830/16 7631/8829/16 7633/8831/16
f 7622/8820/16 7624/8822/16 7634/8832/16
f 7635/8833/16 7634/8832/16 7636/8834/16
f 7634/8832/16 7624/8822/16 7637/8835/16
f 7636/8834/16 7634/8832/16 7637/8835/16
f 7635/8833/16 7636/8834/16 7638/8836/16
f 7635/8833/16 7638/8836/16 7639/8837/16
f 7638/8836/16 7640/8838/16 7639/8837/16
f 7639/8837/16 7640/8838/16 7641/8839/16
f 7641/8839/16 7640/8838/16 7642/8840/16
f 7633/8831/16 7631/8829/16 7643/8841/16
f 7641/8839/16 7642/8840/16 7644/8842/16
f 7642/8840/16 7643/8841/16 7644/8842/16
f 7643/8841/16 7631/8829/16 7645/8843/16
f 7644/8842/16 7643/8841/16 7645/8843/16
f 7646/8844/16 7647/8845/16 7648/8846/16
f 7648/8846/16 7647/8845/16 7649/8847/16
f 7650/8848/16 7651/8849/16 7652/8850/16
f 7652/8850/16 7651/8849/16 7653/8851/16
f 7646/8844/16 7648/8846/16 7654/8852/16
f 7655/8853/16 7654/8852/16 7656/8854/16
f 7654/8852/16 7648/8846/16 7657/8855/16
f 7656/8854/16 7654/8852/16 7657/8855/16
f 7655/8853/16 7656/8854/16 7658/8856/16
f 7655/8853/16 7658/8856/16 7659/8857/16
f 7658/8856/16 7660/8858/16 7659/8857/16
f 7659/8857/16 7660/8858/16 7661/8859/16
f 7661/8859/16 7660/8858/16 7662/8860/16
f 7653/8851/16 7651/8849/16 7663/8861/16
f 7661/8859/16 7662/8860/16 7664/8862/16
f 7662/8860/16 7663/8861/16 7664/8862/16
f 7663/8861/16 7651/8849/16 7665/8863/16
f 7664/8862/16 7663/8861/16 7665/8863/16
f 7666/8864/16 7667/8865/16 7668/8866/16
f 7668/8866/16 7667/8865/16 7669/8867/16
f 7670/8868/16 7671/8869/16 7672/8870/16
f 7672/8870/16 7671/8869/16 7673/8871/16
f 7666/8864/16 7668/8866/16 7674/8872/16
f 7675/8873/16 7674/8872/16 7676/8874/16
f 7674/8872/16 7668/8866/16 7677/8875/16
f 7676/8874/16 7674/8872/16 7677/8875/16
f 7675/8873/16 7676/8874/16 7678/8876/16
f 7675/8873/16 7678/8876/16 7679/8877/16
f 7678/8876/16 7680/8878/16 7679/8877/16
f 7679/8877/16 7680/8878/16 7681/8879/16
f 7681/8879/16 7680/8878/16 7682/8880/16
f 7673/8871/16 7671/8869/16 7683/8881/16
f 7681/8879/16 7682/8880/16 7684/8882/16
f 7682/8880/16 7683/8881/16 7684/8882/16
f 7683/8881/16 7671/8869/16 7685/8883/16
f 7684/8882/16 7683/8881/16 7685/8883/16
f 7686/8884/16 7687/8885/16 7688/8886/16
f 7688/8886/16 7687/8885/16 7689/8887/16
f 7690/8888/16 7691/8889/16 7692/8890/16
f 7692/8890/16 7691/8889/16 7693/8891/16
f 7694/8892/16 7695/8893/16 7696/8894/16
f 7695/8895/16 7697/8896/16 7698/8897/16
f 7696/8894/16 7695/8893/16 7698/8898/16
f 7698/8897/16 7697/8896/16 7699/8899/16
f 7690/8888/16 7692/8890/16 7700/8900/16
f 7701/8901/16 7700/8900/16 7702/8902/16
f 7700/8900/16 7692/8890/16 7703/8903/16
f 7702/8902/16 7700/8900/16 7703/8903/16
f 7701/8901/16 7702/8902/16 7704/8904/16
f 7701/8901/16 7704/8904/16 7705/8905/16
f 7704/8904/16 7706/8906/16 7705/8905/16
f 7705/8905/16 7706/8906/16 7707/8907/16
f 7707/8907/16 7706/8906/16 7708/8908/16
f 7699/8899/16 7697/8896/16 7709/8909/16
f 7707/8907/16 7708/8908/16 7710/8910/16
f 7708/8908/16 7709/8909/16 7710/8910/16
f 7709/8909/16 7697/8896/16 7711/8911/16
f 7710/8910/16 7709/8909/16 7711/8911/16
f 7712/8912/16 7713/8913/16 7714/8914/16
f 7714/8914/16 7713/8913/16 7715/8915/16
f 7716/8916/16 7717/8917/16 7718/8918/16
f 7717/8919/16 7719/8920/16 7720/8921/16
f 7718/8918/16 7717/8917/16 7720/8922/16
f 7720/8921/16 7719/8920/16 7721/8923/16
f 7712/8912/16 7714/8914/16 7722/8924/16
f 7723/8925/16 7722/8924/16 7724/8926/16
f 7722/8924/16 7714/8914/16 7725/8927/16
f 7724/8926/16 7722/8924/16 7725/8927/16
f 7723/8925/16 7724/8926/16 7726/8928/16
f 7723/8925/16 7726/8928/16 7727/8929/16
f 7726/8928/16 7728/8930/16 7727/8929/16
f 7727/8929/16 7728/8930/16 7729/8931/16
f 7729/8931/16 7728/8930/16 7730/8932/16
f 7721/8923/16 7719/8920/16 7731/8933/16
f 7729/8931/16 7730/8932/16 7732/8934/16
f 7730/8932/16 7731/8933/16 7732/8934/16
f 7731/8933/16 7719/8920/16 7733/8935/16
f 7732/8934/16 7731/8933/16 7733/8935/16
f 7734/8936/16 7735/8937/16 7736/8938/16
f 7736/8938/16 7735/8937/16 7737/8939/16
f 7738/8940/16 7736/8941/16 7739/8942/16
f 7739/8942/16 7736/8941/16 7740/8943/16
f 7741/8944/16 7742/8945/16 7743/8946/16
f 7743/8946/16 7742/8945/16 7744/8947/16
f 7738/8940/16 7739/8942/16 7745/8948/16
f 7746/8949/16 7745/8948/16 7747/8950/16
f 7745/8948/16 7739/8942/16 7748/8951/16
f 7747/8950/16 7745/8948/16 7748/8951/16
f 7746/8949/16 7747/8950/16 7749/8952/16
f 7746/8949/16 7749/8952/16 7750/8953/16
f 7749/8952/16 7751/8954/16 7750/8953/16
f 7750/8953/16 7751/8954/16 7752/8955/16
f 7752/8955/16 7751/8954/16 7753/8956/16
f 7744/8947/16 7742/8945/16 7754/8957/16
f 7752/8955/16 7753/8956/16 7755/8958/16
f 7753/8956/16 7754/8957/16 7755/8958/16
f 7754/8957/16 7742/8945/16 7756/8959/16
f 7755/8958/16 7754/8957/16 7756/8959/16
f 7757/8960/16 7758/8961/16 7759/8962/16
f 7759/8962/16 7758/8961/16 7760/8963/16
f 7760/8963/16 7761/8964/16 7762/8965/16
f 7762/8965/16 7761/8964/16 7763/8966/16
f 7764/8967/16 7765/8968/16 7766/8969/16
f 7766/8969/16 7765/8968/16 7767/8970/16
f 7768/8971/16 7769/8972/16 7770/8973/16
f 7770/8973/16 7769/8972/16 7771/8974/16
f 7764/8967/16 7766/8969/16 7772/8975/16
f 7773/8976/16 7772/8975/16 7774/8977/16
f 7772/8975/16 7766/8969/16 7775/8978/16
f 7774/8977/16 7772/8975/16 7775/8978/16
f 7773/8976/16 7774/8977/16 7776/8979/16
f 7773/8976/16 7776/8979/16 7777/8980/16
f 7776/8979/16 7778/8981/16 7777/8980/16
f 7777/8980/16 7778/8981/16 7779/8982/16
f 7779/8982/16 7778/8981/16 7780/8983/16
f 7771/8974/16 7769/8972/16 7781/8984/16
f 7779/8982/16 7780/8983/16 7782/8985/16
f 7780/8983/16 7781/8984/16 7782/8985/16
f 7781/8984/16 7769/8972/16 7783/8986/16
f 7782/8985/16 7781/8984/16 7783/8986/16
f 7784/8987/16 7785/8988/16 7786/8989/16
f 7786/8989/16 7785/8988/16 7787/8990/16
f 7788/8991/16 7789/8992/16 7790/8993/16
f 7790/8993/16 7789/8992/16 7791/8994/16
f 7784/8987/16 7786/8989/16 7792/8995/16
f 7793/8996/16 7792/8995/16 7794/8997/16
f 7792/8995/16 7786/8989/16 7795/8998/16
f 7794/8997/16 7792/8995/16 7795/8998/16
f 7793/8996/16 7794/8997/16 7796/8999/16
f 7793/8996/16 7796/8999/16 7797/9000/16
f 7796/8999/16 7798/9001/16 7797/9000/16
f 7797/9000/16 7798/9001/16 7799/9002/16
f 7799/9002/16 7798/9001/16 7800/9003/16
f 7791/8994/16 7789/8992/16 7801/9004/16
f 7799/9002/16 7800/9003/16 7802/9005/16
f 7800/9003/16 7801/9004/16 7802/9005/16
f 7801/9004/16 7789/8992/16 7803/9006/16
f 7802/9005/16 7801/9004/16 7803/9006/16
f 7804/9007/16 7805/9008/16 7806/9009/16
f 7806/9009/16 7805/9008/16 7807/9010/16
f 7808/9011/16 7809/9012/16 7810/9013/17
f 7810/9013/17 7809/9012/16 7811/9014/16
f 7812/9015/16 7813/9016/16 7814/9017/16
f 7815/9018/16 7816/9019/16 7814/9017/16
f 7811/9020/16 7815/9018/16 7814/9017/16
f 7810/9021/17 7811/9020/16 7814/9017/16
f 7813/9016/16 7810/9021/17 7814/9017/16
f 7814/9017/16 7816/9019/16 7817/9022/16
f 7812/9015/16 7814/9017/16 7818/9023/16
f 7819/9024/16 7818/9023/16 7820/9025/16
f 7818/9023/16 7814/9017/16 7821/9026/16
f 7820/9025/16 7818/9023/16 7821/9026/16
f 7819/9024/16 7820/9025/16 7822/9027/16
f 7819/9024/16 7822/9027/16 7823/9028/16
f 7822/9027/16 7824/9029/16 7823/9028/16
f 7823/9028/16 7824/9029/16 7825/9030/16
f 7825/9030/16 7824/9029/16 7826/9031/16
f 7817/9022/16 7816/9019/16 7827/9032/16
f 7825/9030/16 7826/9031/16 7828/9033/16
f 7826/9031/16 7827/9032/16 7828/9033/16
f 7827/9032/16 7816/9019/16 7829/9034/16
f 7828/9033/16 7827/9032/16 7829/9034/16
f 7830/9035/16 7831/9036/16 7832/9037/16
f 7832/9037/16 7831/9036/16 7833/9038/16
f 7834/9039/16 7835/9040/16 7836/9041/16
f 7836/9041/16 7835/9040/16 7837/9042/16
f 7834/9039/16 7836/9041/16 7838/9043/16
f 7839/9044/16 7838/9043/16 7840/9045/16
f 7838/9043/16 7836/9041/16 7841/9046/16
f 7840/9045/16 7838/9043/16 7841/9046/16
f 7839/9044/16 7840/9045/16 7842/9047/16
f 7839/9044/16 7842/9047/16 7843/9048/16
f 7842/9047/16 7844/9049/16 7843/9048/16
f 7843/9048/16 7844/9049/16 7845/9050/16
f 7845/9050/16 7844/9049/16 7846/9051/16
f 7837/9042/16 7835/9040/16 7847/9052/16
f 7845/9050/16 7846/9051/16 7848/9053/16
f 7846/9051/16 7847/9052/16 7848/9053/16
f 7847/9052/16 7835/9040/16 7849/9054/16
f 7848/9053/16 7847/9052/16 7849/9054/16
f 7850/9055/16 7851/9056/16 7852/9057/16
f 7853/9058/16 7852/9057/16 7854/9059/16
f 7852/9057/16 7851/9056/16 7855/9060/16
f 7854/9059/16 7852/9057/16 7855/9060/16
f 7855/9060/16 7851/9056/16 7856/9061/16
f 7856/9061/16 7851/9056/16 7857/9062/16
f 7858/9063/16 7859/9064/16 7860/9065/16
f 7860/9065/16 7859/9064/16 7861/9066/16
f 7862/9067/16 7863/9068/16 7864/9069/16
f 7864/9069/16 7863/9068/16 7865/9070/16
f 7866/9071/16 7867/9072/16 7868/9073/16
f 7868/9073/16 7867/9072/16 7869/9074/16
f 7866/9071/16 7868/9073/16 7870/9075/16
f 7869/9074/16 7867/9072/16 7871/9076/16
f 7866/9071/16 7870/9075/16 7872/9077/16
f 7870/9075/16 7871/9076/16 7872/9077/16
f 7871/9076/16 7867/9072/16 7873/9078/16
f 7872/9077/16 7871/9076/16 7873/9078/16
