# Blender v2.93.0 OBJ File: ''
# www.blender.org
mtllib TVS_VoxelRangers_Tree.mtl
o ObjObject.002
v -1.798076 2.863131 0.398461
v -1.798076 2.763131 -0.601539
v -1.798076 2.763131 0.598461
v -1.798076 2.863131 0.298461
v -1.798076 2.863131 0.198461
v -1.798076 2.863131 -0.001539
v -1.798076 2.863131 -0.301539
v -1.798076 2.863131 -0.501539
v -1.798076 2.963131 0.498461
v -1.798076 2.963131 0.398461
v -1.798076 2.963131 0.298461
v -1.798076 2.963131 0.198461
v -1.798076 2.963131 -0.001539
v -1.798076 2.963131 -0.101539
v -1.798076 2.963131 -0.201539
v -1.798076 2.963131 -0.301539
v -1.798076 2.963131 -0.501539
v -1.798076 2.963131 -0.601539
v -1.798076 3.063131 0.598461
v -1.798076 3.063131 0.498461
v -1.798076 3.063131 -0.101539
v -1.798076 3.063131 -0.201539
v -1.798076 3.663131 0.198461
v -1.798076 3.663131 0.098461
v -1.798076 3.663131 -0.301539
v -1.798076 3.663131 -0.401539
v -1.798076 3.763131 0.498461
v -1.798076 3.763131 0.398461
v -1.798076 3.763131 0.298461
v -1.798076 3.763131 0.198461
v -1.798076 3.763131 0.098461
v -1.798076 3.763131 -0.001539
v -1.798076 3.763131 -0.101539
v -1.798076 3.763131 -0.201539
v -1.798076 3.763131 -0.401539
v -1.798076 3.763131 -0.501539
v -1.798076 3.863131 0.598461
v -1.798076 3.863131 0.498461
v -1.798076 3.863131 0.398461
v -1.798076 3.863131 0.298461
v -1.798076 3.863131 -0.001539
v -1.798076 3.863131 -0.101539
v -1.798076 3.863131 -0.201539
v -1.798076 3.863131 -0.301539
v -1.798076 3.863131 -0.501539
v -1.798076 3.863132 -0.601539
v -1.798076 3.963131 0.598461
v -1.798076 3.963131 -0.601539
v -1.398076 2.463131 0.598461
v -1.398076 2.363132 -0.601539
v -1.398076 2.363131 0.598461
v -1.398076 2.463131 0.498461
v -1.398076 2.463131 0.398461
v -1.398076 2.463131 0.198461
v -1.398076 2.463131 0.098461
v -1.398076 2.463131 -0.201539
v -1.398076 2.463131 -0.501539
v -1.398076 2.463131 -0.601539
v -1.398076 2.563131 0.498461
v -1.398076 2.563131 0.398461
v -1.398076 2.563131 0.198461
v -1.398076 2.563131 0.098461
v -1.398076 2.563131 -0.201539
v -1.398076 2.563131 -0.301539
v -1.398076 2.563131 -0.401539
v -1.398076 2.563131 -0.501539
v -1.398076 2.663131 -0.301539
v -1.398076 2.663131 -0.401539
v -1.398076 2.763131 0.598461
v -1.398076 2.763131 -0.601539
v -1.398076 2.863131 0.998461
v -1.398076 2.763131 0.998461
v -1.398076 2.863131 0.898461
v -1.398076 2.863131 0.698461
v -1.398076 2.863131 0.598461
v -1.398076 2.863131 -0.601539
v -1.398076 2.763131 -1.001539
v -1.398076 2.863132 -0.801539
v -1.398076 2.863132 -0.901539
v -1.398076 2.863132 -1.001539
v -1.398076 2.963131 0.898461
v -1.398076 2.963131 0.798461
v -1.398076 2.963131 -0.801539
v -1.398076 2.963131 -0.901539
v -1.398076 3.063131 0.798461
v -1.398076 3.063131 0.698461
v -1.398076 3.663131 0.698461
v -1.398076 3.663131 0.598461
v -1.398076 3.663131 -0.701539
v -1.398076 3.663131 -0.801539
v -1.398076 3.763131 0.898461
v -1.398076 3.763131 0.798461
v -1.398076 3.763131 0.598461
v -1.398076 3.763131 -0.601539
v -1.398076 3.763131 -0.701539
v -1.398076 3.763131 -0.801539
v -1.398076 3.763131 -0.901539
v -1.398076 3.863131 0.998461
v -1.398076 3.863131 0.898461
v -1.398076 3.863131 0.798461
v -1.398076 3.863131 0.698461
v -1.398076 3.863132 -0.601539
v -1.398076 3.863132 -0.901539
v -1.398076 3.863132 -1.001539
v -1.398076 3.963131 0.998461
v -1.398076 3.963131 0.598461
v -1.398076 3.963131 -0.601539
v -1.398076 3.963131 -1.001539
v -1.398076 4.363131 0.498461
v -1.398076 4.363131 0.398461
v -1.398076 4.363132 0.298461
v -1.398076 4.363132 0.198461
v -1.398076 4.363132 -0.101539
v -1.398076 4.363132 -0.301539
v -1.398076 4.363132 -0.501539
v -1.398076 4.363132 -0.601539
v -1.398076 4.463131 0.598461
v -1.398076 4.463131 0.498461
v -1.398076 4.463131 0.398461
v -1.398076 4.463131 0.298461
v -1.398076 4.463131 0.198461
v -1.398076 4.463131 0.098461
v -1.398076 4.463131 -0.001539
v -1.398076 4.463131 -0.101539
v -1.398076 4.463131 -0.301539
v -1.398076 4.463131 -0.401539
v -1.398076 4.563131 0.098461
v -1.398076 4.563131 -0.001539
v -1.398076 4.563131 -0.401539
v -1.398076 4.563131 -0.501539
v -1.398076 4.763131 0.598461
v -1.398076 4.763132 -0.601539
v -0.998076 0.363131 0.598461
v -0.998076 -0.036869 0.198461
v -0.998076 -0.036869 0.598461
v -0.998076 0.363131 0.198461
v -0.998076 -0.036869 -0.601539
v -0.998076 0.363131 -0.601539
v -0.998076 2.363131 0.598461
v -0.998076 1.963131 -0.601539
v -0.998076 1.963131 0.598461
v -0.998076 2.363132 -0.601539
v -0.998076 2.463131 0.998461
v -0.998076 2.363131 0.998461
v -0.998076 2.463131 0.898461
v -0.998076 2.463131 0.798461
v -0.998076 2.463131 0.598461
v -0.998076 2.463131 -0.601539
v -0.998076 2.363132 -1.001539
v -0.998076 2.463131 -0.701539
v -0.998076 2.463131 -0.901539
v -0.998076 2.463131 -1.001539
v -0.998076 2.563131 0.898461
v -0.998076 2.563131 0.798461
v -0.998076 2.563131 -0.801539
v -0.998076 2.563131 -0.901539
v -0.998076 2.663131 -0.701539
v -0.998076 2.663131 -0.801539
v -0.998076 2.763131 0.998461
v -0.998076 2.763131 0.598461
v -0.998076 2.763131 -0.601539
v -0.998076 2.763131 -1.001539
v -0.998076 2.863131 1.398461
v -0.998076 2.763131 1.398461
v -0.998076 2.863131 1.298461
v -0.998076 2.863131 1.098461
v -0.998076 2.863131 0.998461
v -0.998076 2.863132 -1.001539
v -0.998076 2.763131 -1.401539
v -0.998076 2.863132 -1.101539
v -0.998076 2.863132 -1.201539
v -0.998076 2.863132 -1.401539
v -0.998076 2.963131 1.298461
v -0.998076 2.963131 1.198461
v -0.998076 2.963131 -1.101539
v -0.998076 2.963131 -1.201539
v -0.998076 3.063131 1.198461
v -0.998076 3.063131 1.098461
v -0.998076 3.663131 0.998461
v -0.998076 3.663131 -1.201539
v -0.998076 3.663131 -1.301539
v -0.998076 3.763131 1.298461
v -0.998076 3.763131 1.198461
v -0.998076 3.763131 1.098461
v -0.998076 3.763131 0.998461
v -0.998076 3.763131 -1.101539
v -0.998076 3.763131 -1.201539
v -0.998076 3.863131 1.398461
v -0.998076 3.863131 1.298461
v -0.998076 3.863131 1.198461
v -0.998076 3.863131 1.098461
v -0.998076 3.863132 -1.001539
v -0.998076 3.863132 -1.101539
v -0.998076 3.863132 -1.301539
v -0.998076 3.863132 -1.401539
v -0.998076 3.963131 1.398461
v -0.998076 3.963131 0.998461
v -0.998076 3.963131 -1.001539
v -0.998076 3.963131 -1.401539
v -0.998076 4.363131 0.998461
v -0.998076 3.963131 0.598461
v -0.998076 4.363131 0.798461
v -0.998076 4.363131 0.698461
v -0.998076 4.363131 0.598461
v -0.998076 4.363132 -0.601539
v -0.998076 3.963131 -0.601539
v -0.998076 4.363132 -0.701539
v -0.998076 4.363132 -0.901539
v -0.998076 4.463131 0.798461
v -0.998076 4.463131 0.698461
v -0.998076 4.463131 -0.601539
v -0.998076 4.463131 -0.701539
v -0.998076 4.463131 -0.901539
v -0.998076 4.463131 -1.001539
v -0.998076 4.563131 0.598461
v -0.998076 4.763131 0.998461
v -0.998076 4.763131 0.598461
v -0.998076 4.763132 -0.601539
v -0.998076 4.763132 -1.001539
v -0.998076 5.163131 0.598462
v -0.998076 5.163131 -0.601538
v -0.598076 0.363131 0.998461
v -0.598076 -0.036869 0.598461
v -0.598076 -0.036869 0.998461
v -0.598076 0.363131 0.598461
v -0.598076 0.363131 -0.601539
v -0.598076 -0.036869 -1.001539
v -0.598076 -0.036869 -0.601539
v -0.598076 0.363132 -1.001539
v -0.598076 0.563131 -0.101539
v -0.598076 0.363131 0.198461
v -0.598076 0.563131 -0.201539
v -0.598076 0.563131 -0.301539
v -0.598076 0.563131 -0.401539
v -0.598076 0.663131 -0.001539
v -0.598076 0.663131 -0.101539
v -0.598076 0.663131 -0.201539
v -0.598076 0.663131 -0.301539
v -0.598076 0.663131 -0.401539
v -0.598076 0.663131 -0.501539
v -0.598076 0.763131 -0.001539
v -0.598076 0.763131 -0.101539
v -0.598076 0.763131 -0.201539
v -0.598076 0.763131 -0.301539
v -0.598076 0.763131 -0.401539
v -0.598076 0.763131 -0.501539
v -0.598076 0.863131 -0.001539
v -0.598076 0.863131 -0.101539
v -0.598076 0.863131 -0.201539
v -0.598076 0.863131 -0.301539
v -0.598076 0.863131 -0.401539
v -0.598076 0.863131 -0.501539
v -0.598076 0.963131 -0.001539
v -0.598076 0.963131 -0.101539
v -0.598076 0.963131 -0.201539
v -0.598076 0.963131 -0.301539
v -0.598076 0.963131 -0.401539
v -0.598076 0.963131 -0.501539
v -0.598076 1.063131 -0.101539
v -0.598076 1.063131 -0.201539
v -0.598076 1.063131 -0.301539
v -0.598076 1.063131 -0.401539
v -0.598076 1.963131 0.598461
v -0.598076 1.963131 0.198461
v -0.598076 1.963131 -0.601539
v -0.598076 2.363131 0.998461
v -0.598076 1.963131 0.998461
v -0.598076 2.363131 0.598461
v -0.598076 2.363132 -0.601539
v -0.598076 1.963131 -1.001539
v -0.598076 2.363132 -1.001539
v -0.598076 2.463131 1.398461
v -0.598076 2.363131 1.398461
v -0.598076 2.463131 1.298461
v -0.598076 2.463131 1.198461
v -0.598076 2.463131 1.098461
v -0.598076 2.463131 0.998461
v -0.598076 2.463131 -1.001539
v -0.598076 2.363132 -1.401539
v -0.598076 2.463131 -1.201539
v -0.598076 2.463131 -1.401539
v -0.598076 2.563131 1.298461
v -0.598076 2.563131 1.198461
v -0.598076 2.563131 1.098461
v -0.598076 2.563131 0.998461
v -0.598076 2.563131 -1.101539
v -0.598076 2.563131 -1.201539
v -0.598076 2.663131 -1.001539
v -0.598076 2.663131 -1.101539
v -0.598076 2.763131 1.398461
v -0.598076 2.763131 0.998461
v -0.598076 2.763131 -1.001539
v -0.598076 2.763131 -1.401539
v -0.598076 2.863131 1.798461
v -0.598076 2.763131 1.798461
v -0.598076 2.863131 1.598461
v -0.598076 2.863131 1.398461
v -0.598076 2.863132 -1.401539
v -0.598076 2.763131 -1.801539
v -0.598076 2.863132 -1.501539
v -0.598076 2.863132 -1.601539
v -0.598076 2.863132 -1.801539
v -0.598076 2.963131 1.598461
v -0.598076 2.963131 1.498461
v -0.598076 2.963131 -1.501539
v -0.598076 2.963131 -1.601539
v -0.598076 3.063131 1.498461
v -0.598076 3.063131 1.398461
v -0.598076 3.663131 -1.501539
v -0.598076 3.663131 -1.601539
v -0.598076 3.763131 1.598461
v -0.598076 3.763131 1.498461
v -0.598076 3.763131 -1.601539
v -0.598076 3.763131 -1.701539
v -0.598076 3.863131 1.798461
v -0.598076 3.863131 1.598461
v -0.598076 3.863131 1.498461
v -0.598076 3.863131 1.398461
v -0.598076 3.863132 -1.401539
v -0.598076 3.863132 -1.501539
v -0.598076 3.863132 -1.701539
v -0.598076 3.863132 -1.801539
v -0.598076 3.963131 1.798461
v -0.598076 3.963131 1.398461
v -0.598076 3.963131 -1.401539
v -0.598076 3.963131 -1.801539
v -0.598076 4.363131 1.398461
v -0.598076 3.963131 0.998461
v -0.598076 4.363131 1.198461
v -0.598076 4.363131 1.098461
v -0.598076 4.363131 0.998461
v -0.598076 4.363132 -1.001539
v -0.598076 3.963131 -1.001539
v -0.598076 4.363132 -1.201539
v -0.598076 4.363132 -1.301539
v -0.598076 4.363132 -1.401539
v -0.598076 4.463131 1.198461
v -0.598076 4.463131 1.098461
v -0.598076 4.463131 -1.001539
v -0.598076 4.463131 -1.201539
v -0.598076 4.463131 -1.301539
v -0.598076 4.763131 1.398461
v -0.598076 4.763131 0.998461
v -0.598076 4.763132 -1.001539
v -0.598076 4.763132 -1.401539
v -0.598076 5.163131 0.998462
v -0.598076 4.763131 0.598461
v -0.598076 5.163131 0.598462
v -0.598076 5.163131 -0.601538
v -0.598076 4.763132 -0.601539
v -0.598076 5.163131 -1.001539
v 0.601924 -0.036869 0.998461
v 0.601924 -0.036869 0.598461
v 0.601924 0.363131 0.998461
v 0.601924 0.363131 0.598461
v 0.601924 -0.036869 -0.601539
v 0.601924 -0.036869 -1.001539
v 0.601924 0.363131 -0.601539
v 0.601924 0.363132 -1.001539
v 0.601924 0.363131 -0.201539
v 0.601924 1.063131 -0.501539
v 0.601924 1.063131 -0.601539
v 0.601924 1.163131 -0.401539
v 0.601924 1.163131 -0.501539
v 0.601924 1.163131 -0.601539
v 0.601924 1.263131 -0.401539
v 0.601924 1.263131 -0.501539
v 0.601924 1.263131 -0.601539
v 0.601924 1.363131 -0.501539
v 0.601924 1.363131 -0.601539
v 0.601924 0.363131 0.198461
v 0.601924 1.963131 0.598461
v 0.601924 1.963131 0.198461
v 0.601924 1.963131 -0.201539
v 0.601924 1.963131 -0.601539
v 0.601924 1.963131 0.998461
v 0.601924 2.363131 0.998461
v 0.601924 2.363131 0.598461
v 0.601924 1.963131 -1.001539
v 0.601924 2.363132 -0.601539
v 0.601924 2.363132 -1.001539
v 0.601924 2.363131 1.398461
v 0.601924 2.463131 1.298461
v 0.601924 2.463131 1.098461
v 0.601924 2.463131 0.998461
v 0.601924 2.363132 -1.401539
v 0.601924 2.463131 -1.001539
v 0.601924 2.463131 -1.301539
v 0.601924 2.463131 -1.401539
v 0.601924 2.563131 1.398461
v 0.601924 2.563131 1.298461
v 0.601924 2.563131 1.098461
v 0.601924 2.563131 0.998461
v 0.601924 2.563131 -1.001539
v 0.601924 2.563131 -1.101539
v 0.601924 2.563131 -1.201539
v 0.601924 2.563131 -1.301539
v 0.601924 2.663131 -1.101539
v 0.601924 2.663131 -1.201539
v 0.601924 2.763131 1.398461
v 0.601924 2.763131 0.998461
v 0.601924 2.763131 -1.001539
v 0.601924 2.763131 -1.401539
v 0.601924 2.763131 1.798461
v 0.601924 2.863131 1.798461
v 0.601924 2.863131 1.598461
v 0.601924 2.863131 1.498461
v 0.601924 2.863131 1.398461
v 0.601924 2.763131 -1.801539
v 0.601924 2.863132 -1.401539
v 0.601924 2.863132 -1.501539
v 0.601924 2.863132 -1.601539
v 0.601924 2.863132 -1.801539
v 0.601924 2.963131 1.598461
v 0.601924 2.963131 1.498461
v 0.601924 2.963131 -1.501539
v 0.601924 2.963131 -1.601539
v 0.601924 3.663131 1.598461
v 0.601924 3.663131 1.498461
v 0.601924 3.763131 1.698461
v 0.601924 3.763131 1.598461
v 0.601924 3.763131 -1.501539
v 0.601924 3.763131 -1.601539
v 0.601924 3.863131 1.798461
v 0.601924 3.863131 1.698461
v 0.601924 3.863131 1.498461
v 0.601924 3.863131 1.398461
v 0.601924 3.863132 -1.401539
v 0.601924 3.863132 -1.501539
v 0.601924 3.863132 -1.601539
v 0.601924 3.863132 -1.801539
v 0.601924 3.963131 1.798461
v 0.601924 3.963131 1.398461
v 0.601924 3.963131 -1.401539
v 0.601924 3.963131 -1.801539
v 0.601924 3.963131 0.998461
v 0.601924 4.363131 1.298461
v 0.601924 4.363131 1.098461
v 0.601924 3.963131 -1.001539
v 0.601924 4.363132 -1.101539
v 0.601924 4.363132 -1.201539
v 0.601924 4.363132 -1.301539
v 0.601924 4.363132 -1.401539
v 0.601924 4.463131 1.398461
v 0.601924 4.463131 1.298461
v 0.601924 4.463131 1.098461
v 0.601924 4.463131 0.998461
v 0.601924 4.463131 -1.001539
v 0.601924 4.463131 -1.101539
v 0.601924 4.463131 -1.201539
v 0.601924 4.463131 -1.301539
v 0.601924 4.563131 0.998461
v 0.601924 4.563131 -1.001539
v 0.601924 4.763131 1.398461
v 0.601924 4.763131 0.998461
v 0.601924 4.763132 -1.001539
v 0.601924 4.763132 -1.401539
v 0.601924 4.763131 0.598461
v 0.601924 5.163131 0.998462
v 0.601924 5.163131 0.598462
v 0.601924 4.763132 -0.601539
v 0.601924 5.163131 -0.601538
v 0.601924 5.163131 -1.001539
v 1.001924 -0.036869 0.598461
v 1.001924 -0.036869 0.198461
v 1.001924 0.363131 0.598461
v 1.001924 -0.036869 -0.601539
v 1.001924 0.363131 0.198461
v 1.001924 0.363131 -0.601539
v 1.001924 1.963131 0.598461
v 1.001924 1.963131 -0.601539
v 1.001924 2.363131 0.598461
v 1.001924 2.363132 -0.601539
v 1.001924 2.363131 0.998461
v 1.001924 2.463131 0.998461
v 1.001924 2.463131 0.898461
v 1.001924 2.463131 0.798461
v 1.001924 2.463131 0.698461
v 1.001924 2.363132 -1.001539
v 1.001924 2.463131 -0.601539
v 1.001924 2.463131 -0.701539
v 1.001924 2.463131 -0.901539
v 1.001924 2.463131 -1.001539
v 1.001924 2.563131 0.898461
v 1.001924 2.563131 0.798461
v 1.001924 2.563131 0.598461
v 1.001924 2.563131 -0.701539
v 1.001924 2.563131 -0.801539
v 1.001924 2.663131 0.698461
v 1.001924 2.663131 0.598461
v 1.001924 2.663131 -0.801539
v 1.001924 2.663131 -0.901539
v 1.001924 2.763131 0.998461
v 1.001924 2.763131 0.598461
v 1.001924 2.763131 -0.601539
v 1.001924 2.763131 -1.001539
v 1.001924 2.763131 1.398461
v 1.001924 2.863131 1.398461
v 1.001924 2.863131 1.298461
v 1.001924 2.863131 0.998461
v 1.001924 2.763131 -1.401539
v 1.001924 2.863132 -1.001539
v 1.001924 2.863132 -1.101539
v 1.001924 2.863132 -1.201539
v 1.001924 2.863132 -1.401539
v 1.001924 2.963131 1.298461
v 1.001924 2.963131 1.198461
v 1.001924 2.963131 1.098461
v 1.001924 2.963131 0.998461
v 1.001924 2.963131 -1.001539
v 1.001924 2.963131 -1.101539
v 1.001924 2.963131 -1.201539
v 1.001924 3.063131 1.198461
v 1.001924 3.063131 1.098461
v 1.001924 3.663131 1.098461
v 1.001924 3.663131 0.998461
v 1.001924 3.763131 1.298461
v 1.001924 3.763131 1.198461
v 1.001924 3.763131 0.998461
v 1.001924 3.763131 -1.101539
v 1.001924 3.763131 -1.201539
v 1.001924 3.763131 -1.301539
v 1.001924 3.763131 -1.401539
v 1.001924 3.863131 1.398461
v 1.001924 3.863131 1.298461
v 1.001924 3.863131 1.198461
v 1.001924 3.863131 1.098461
v 1.001924 3.863132 -1.001539
v 1.001924 3.863132 -1.101539
v 1.001924 3.863132 -1.201539
v 1.001924 3.863132 -1.301539
v 1.001924 3.963131 1.398461
v 1.001924 3.963131 0.998461
v 1.001924 3.963131 -1.001539
v 1.001924 3.963131 -1.401539
v 1.001924 3.963131 0.598461
v 1.001924 4.363131 0.898461
v 1.001924 4.363131 0.698461
v 1.001924 4.363131 0.598461
v 1.001924 3.963131 -0.601539
v 1.001924 4.363132 -0.701539
v 1.001924 4.363132 -0.901539
v 1.001924 4.463131 0.998461
v 1.001924 4.463131 0.898461
v 1.001924 4.463131 0.698461
v 1.001924 4.463131 0.598461
v 1.001924 4.463131 -0.601539
v 1.001924 4.463131 -0.701539
v 1.001924 4.463131 -0.901539
v 1.001924 4.463131 -1.001539
v 1.001924 4.563131 -0.601539
v 1.001924 4.763131 0.998461
v 1.001924 4.763131 0.598461
v 1.001924 4.763132 -0.601539
v 1.001924 4.763132 -1.001539
v 1.001924 5.163131 0.598462
v 1.001924 5.163131 -0.601538
v 1.401924 2.363131 0.598461
v 1.401924 2.363132 -0.601539
v 1.401924 2.463131 0.398461
v 1.401924 2.463131 0.298461
v 1.401924 2.463131 0.198461
v 1.401924 2.463131 -0.101539
v 1.401924 2.463131 -0.401539
v 1.401924 2.463131 -0.601539
v 1.401924 2.563131 0.598461
v 1.401924 2.563131 0.498461
v 1.401924 2.563131 0.298461
v 1.401924 2.563131 0.198461
v 1.401924 2.563131 -0.101539
v 1.401924 2.563131 -0.201539
v 1.401924 2.563131 -0.301539
v 1.401924 2.563131 -0.401539
v 1.401924 2.663131 0.498461
v 1.401924 2.663131 0.398461
v 1.401924 2.663131 -0.201539
v 1.401924 2.663131 -0.301539
v 1.401924 2.763131 0.598461
v 1.401924 2.763131 -0.601539
v 1.401924 2.763131 0.998461
v 1.401924 2.863131 0.898461
v 1.401924 2.863131 0.798461
v 1.401924 2.863131 0.698461
v 1.401924 2.863131 0.598461
v 1.401924 2.763131 -1.001539
v 1.401924 2.863131 -0.601539
v 1.401924 2.863132 -0.701539
v 1.401924 2.863132 -0.801539
v 1.401924 2.863132 -0.901539
v 1.401924 2.963131 0.798461
v 1.401924 2.963131 0.698461
v 1.401924 2.963131 -0.601539
v 1.401924 2.963131 -0.701539
v 1.401924 2.963131 -0.801539
v 1.401924 3.063131 0.998461
v 1.401924 3.063131 0.898461
v 1.401924 3.063131 -0.901539
v 1.401924 3.063131 -1.001539
v 1.401924 3.663131 0.898461
v 1.401924 3.663131 0.798461
v 1.401924 3.663131 -0.701539
v 1.401924 3.663131 -0.801539
v 1.401924 3.763131 0.998461
v 1.401924 3.763131 0.898461
v 1.401924 3.763131 0.698461
v 1.401924 3.763131 0.598461
v 1.401924 3.763131 -0.801539
v 1.401924 3.763131 -0.901539
v 1.401924 3.863131 0.798461
v 1.401924 3.863131 0.698461
v 1.401924 3.863131 0.598461
v 1.401924 3.863132 -0.601539
v 1.401924 3.863132 -0.701539
v 1.401924 3.863132 -0.901539
v 1.401924 3.863132 -1.001539
v 1.401924 3.963131 0.998461
v 1.401924 3.963131 0.598461
v 1.401924 3.963131 -0.601539
v 1.401924 3.963131 -1.001539
v 1.401924 4.363131 0.598461
v 1.401924 4.363131 0.498461
v 1.401924 4.363132 0.198461
v 1.401924 4.363132 -0.001539
v 1.401924 4.363132 -0.101539
v 1.401924 4.363132 -0.201539
v 1.401924 4.363132 -0.401539
v 1.401924 4.363132 -0.501539
v 1.401924 4.463131 0.498461
v 1.401924 4.463131 0.398461
v 1.401924 4.463131 0.298461
v 1.401924 4.463131 0.198461
v 1.401924 4.463131 -0.001539
v 1.401924 4.463131 -0.101539
v 1.401924 4.463131 -0.301539
v 1.401924 4.463131 -0.401539
v 1.401924 4.463131 -0.501539
v 1.401924 4.463131 -0.601539
v 1.401924 4.563131 0.398461
v 1.401924 4.563131 0.298461
v 1.401924 4.563131 -0.201539
v 1.401924 4.563131 -0.301539
v 1.401924 4.763131 0.598461
v 1.401924 4.763132 -0.601539
v 1.801924 2.763131 0.598461
v 1.801924 2.763131 -0.601539
v 1.801924 2.863131 0.498461
v 1.801924 2.863131 0.298461
v 1.801924 2.863131 0.098461
v 1.801924 2.863131 -0.001539
v 1.801924 2.863131 -0.101539
v 1.801924 2.863131 -0.301539
v 1.801924 2.863131 -0.401539
v 1.801924 2.863131 -0.501539
v 1.801924 2.963131 0.598461
v 1.801924 2.963131 0.498461
v 1.801924 2.963131 0.298461
v 1.801924 2.963131 0.198461
v 1.801924 2.963131 -0.001539
v 1.801924 2.963131 -0.101539
v 1.801924 2.963131 -0.301539
v 1.801924 2.963131 -0.401539
v 1.801924 3.063131 0.198461
v 1.801924 3.063131 0.098461
v 1.801924 3.063131 -0.501539
v 1.801924 3.063131 -0.601539
v 1.801924 3.663131 0.398461
v 1.801924 3.663131 0.298461
v 1.801924 3.663131 -0.301539
v 1.801924 3.663131 -0.401539
v 1.801924 3.763131 0.498461
v 1.801924 3.763131 0.398461
v 1.801924 3.763131 0.298461
v 1.801924 3.763131 0.198461
v 1.801924 3.763131 0.098461
v 1.801924 3.763131 -0.001539
v 1.801924 3.763131 -0.201539
v 1.801924 3.763131 -0.301539
v 1.801924 3.763131 -0.501539
v 1.801924 3.763131 -0.601539
v 1.801924 3.863131 0.598461
v 1.801924 3.863131 0.498461
v 1.801924 3.863131 0.198461
v 1.801924 3.863131 0.098461
v 1.801924 3.863131 -0.001539
v 1.801924 3.863131 -0.201539
v 1.801924 3.863131 -0.401539
v 1.801924 3.863131 -0.501539
v 1.801924 3.963131 0.598461
v 1.801924 3.963131 -0.601539
v -0.498076 2.863131 1.798461
v -0.598076 2.863131 1.798461
v -0.598076 2.763131 1.798461
v -0.598076 3.863131 1.798461
v -0.498076 2.963131 1.798461
v -0.498076 3.763131 1.798461
v -0.498076 3.863131 1.798461
v -0.598076 3.963131 1.798461
v -0.398076 2.863131 1.798461
v -0.398076 2.963131 1.798461
v -0.398076 3.763131 1.798461
v -0.398076 3.863131 1.798461
v -0.298076 3.763131 1.798461
v -0.298076 3.863131 1.798461
v -0.198076 2.863131 1.798461
v -0.198076 2.963131 1.798461
v -0.198076 3.663131 1.798461
v -0.198076 3.763131 1.798461
v -0.098076 2.963131 1.798461
v -0.098076 3.063131 1.798461
v -0.098076 3.663131 1.798461
v -0.098076 3.763131 1.798461
v 0.001924 2.863131 1.798461
v 0.001924 3.063131 1.798461
v 0.001924 3.763131 1.798461
v 0.001924 3.863131 1.798461
v 0.201924 2.863131 1.798461
v 0.201924 2.963131 1.798461
v 0.201924 3.763131 1.798461
v 0.201924 3.863131 1.798461
v 0.301924 2.963131 1.798461
v 0.301924 3.063131 1.798461
v 0.301924 3.763131 1.798461
v 0.301924 3.863131 1.798461
v 0.401924 2.963131 1.798461
v 0.401924 3.063131 1.798461
v 0.501924 2.863131 1.798461
v 0.501924 2.963131 1.798461
v 0.601924 2.763131 1.798461
v 0.601924 2.863131 1.798461
v 0.601924 3.863131 1.798461
v 0.601924 3.963131 1.798461
v -0.898076 2.863131 1.398461
v -0.998076 2.863131 1.398461
v -0.998076 2.763131 1.398461
v -0.998076 3.863131 1.398461
v -0.898076 2.963131 1.398461
v -0.898076 3.663131 1.398461
v -0.898076 3.863131 1.398461
v -0.998076 3.963131 1.398461
v -0.798076 2.863131 1.398461
v -0.798076 2.963131 1.398461
v -0.798076 3.663131 1.398461
v -0.798076 3.763131 1.398461
v -0.698076 3.763131 1.398461
v -0.698076 3.863131 1.398461
v -0.598076 2.763131 1.398461
v -0.598076 2.863131 1.398461
v -0.598076 3.063131 1.398461
v -0.598076 3.863131 1.398461
v -0.598076 3.963131 1.398461
v -0.498076 2.463131 1.398461
v -0.598076 2.463131 1.398461
v -0.598076 2.363131 1.398461
v -0.498076 2.563131 1.398461
v -0.498076 4.363131 1.398461
v -0.598076 4.763131 1.398461
v -0.598076 4.363131 1.398461
v -0.498076 4.463131 1.398461
v -0.398076 2.463131 1.398461
v -0.398076 2.563131 1.398461
v -0.398076 4.463131 1.398461
v -0.398076 4.563131 1.398461
v -0.298076 4.463131 1.398461
v -0.298076 4.563131 1.398461
v -0.198076 2.463131 1.398461
v -0.198076 2.563131 1.398461
v -0.198076 4.363131 1.398461
v -0.198076 4.463131 1.398461
v -0.098076 2.563131 1.398461
v -0.098076 2.663131 1.398461
v 0.001924 2.563131 1.398461
v 0.001924 2.663131 1.398461
v 0.001924 4.363131 1.398461
v 0.001924 4.463131 1.398461
v 0.101924 2.463131 1.398461
v 0.101924 2.563131 1.398461
v 0.101924 4.363131 1.398461
v 0.101924 4.463131 1.398461
v 0.201924 2.463131 1.398461
v 0.201924 2.563131 1.398461
v 0.201924 4.363131 1.398461
v 0.201924 4.463131 1.398461
v 0.301924 2.463131 1.398461
v 0.301924 2.563131 1.398461
v 0.301924 4.463131 1.398461
v 0.301924 4.563131 1.398461
v 0.401924 2.463131 1.398461
v 0.401924 2.663131 1.398461
v 0.401924 4.363131 1.398461
v 0.401924 4.563131 1.398461
v 0.501924 2.563131 1.398461
v 0.501924 2.663131 1.398461
v 0.501924 4.363131 1.398461
v 0.501924 4.463131 1.398461
v 0.601924 2.363131 1.398461
v 0.601924 2.563131 1.398461
v 0.601924 2.763131 1.398461
v 0.601924 3.963131 1.398461
v 0.601924 4.463131 1.398461
v 0.601924 4.763131 1.398461
v 0.701924 2.863131 1.398461
v 0.601924 3.863131 1.398461
v 0.601924 2.863131 1.398461
v 0.701924 3.063131 1.398461
v 0.701924 3.763131 1.398461
v 0.701924 3.863131 1.398461
v 0.801924 2.963131 1.398461
v 0.801924 3.063131 1.398461
v 0.801924 3.763131 1.398461
v 0.801924 3.863131 1.398461
v 0.901924 2.863131 1.398461
v 0.901924 2.963131 1.398461
v 1.001924 2.763131 1.398461
v 1.001924 2.863131 1.398461
v 1.001924 3.863131 1.398461
v 1.001924 3.963131 1.398461
v -1.298076 2.863131 0.998461
v -1.398076 2.863131 0.998461
v -1.398076 2.763131 0.998461
v -1.398076 3.863131 0.998461
v -1.298076 2.963131 0.998461
v -1.298076 3.763131 0.998461
v -1.298076 3.863131 0.998461
v -1.398076 3.963131 0.998461
v -1.198076 2.863131 0.998461
v -1.198076 2.963131 0.998461
v -1.198076 3.763131 0.998461
v -1.198076 3.863131 0.998461
v -1.098076 3.663131 0.998461
v -1.098076 3.863131 0.998461
v -0.998076 2.763131 0.998461
v -0.998076 2.863131 0.998461
v -0.998076 3.663131 0.998461
v -0.998076 3.763131 0.998461
v -0.998076 3.963131 0.998461
v -0.898076 2.463131 0.998461
v -0.998076 2.463131 0.998461
v -0.998076 2.363131 0.998461
v -0.898076 2.563131 0.998461
v -0.898076 4.363131 0.998461
v -0.998076 4.763131 0.998461
v -0.998076 4.363131 0.998461
v -0.898076 4.463131 0.998461
v -0.798076 2.563131 0.998461
v -0.798076 2.663131 0.998461
v -0.798076 4.463131 0.998461
v -0.798076 4.563131 0.998461
v -0.698076 2.463131 0.998461
v -0.698076 2.663131 0.998461
v -0.698076 4.363131 0.998461
v -0.698076 4.563131 0.998461
v -0.598076 2.363131 0.998461
v -0.598076 2.463131 0.998461
v -0.598076 2.563131 0.998461
v -0.598076 2.763131 0.998461
v -0.598076 3.963131 0.998461
v -0.598076 4.363131 0.998461
v -0.598076 4.763131 0.998461
v -0.198076 -0.036869 0.998461
v -0.598076 0.363131 0.998461
v -0.598076 -0.036869 0.998461
v -0.198076 0.363131 0.998461
v 0.201924 -0.036869 0.998461
v 0.201924 0.363131 0.998461
v 0.601924 -0.036869 0.998461
v 0.601924 0.363131 0.998461
v 0.601924 1.963131 0.998461
v -0.598076 1.963131 0.998461
v 0.601924 2.363131 0.998461
v 0.601924 4.763131 0.998461
v -0.598076 5.163131 0.998462
v 0.601924 5.163131 0.998462
v 0.701924 2.463131 0.998461
v 0.601924 2.463131 0.998461
v 0.601924 2.563131 0.998461
v 0.601924 2.763131 0.998461
v 0.701924 2.563131 0.998461
v 0.701924 4.463131 0.998461
v 0.601924 4.563131 0.998461
v 0.601924 4.463131 0.998461
v 0.601924 3.963131 0.998461
v 0.701924 4.563131 0.998461
v 0.801924 2.563131 0.998461
v 0.801924 2.663131 0.998461
v 0.801924 4.363131 0.998461
v 0.801924 4.463131 0.998461
v 0.901924 2.463131 0.998461
v 0.901924 2.663131 0.998461
v 0.901924 4.363131 0.998461
v 0.901924 4.463131 0.998461
v 1.001924 2.363131 0.998461
v 1.001924 2.463131 0.998461
v 1.001924 2.763131 0.998461
v 1.001924 3.963131 0.998461
v 1.001924 4.463131 0.998461
v 1.001924 4.763131 0.998461
v 1.101924 3.763131 0.998461
v 1.001924 3.763131 0.998461
v 1.001924 2.963131 0.998461
v 1.001924 2.863131 0.998461
v 1.001924 3.663131 0.998461
v 1.101924 3.863131 0.998461
v 1.201924 2.863131 0.998461
v 1.201924 2.963131 0.998461
v 1.301924 2.963131 0.998461
v 1.301924 3.063131 0.998461
v 1.301924 3.763131 0.998461
v 1.301924 3.863131 0.998461
v 1.401924 2.763131 0.998461
v 1.401924 3.063131 0.998461
v 1.401924 3.763131 0.998461
v 1.401924 3.963131 0.998461
v -1.698076 2.863131 0.598461
v -1.798076 3.063131 0.598461
v -1.798076 2.763131 0.598461
v -1.698076 3.063131 0.598461
v -1.798076 3.863131 0.598461
v -1.698076 3.763131 0.598461
v -1.698076 3.863131 0.598461
v -1.798076 3.963131 0.598461
v -1.598076 2.863131 0.598461
v -1.598076 2.963131 0.598461
v -1.598076 3.763131 0.598461
v -1.598076 3.863131 0.598461
v -1.498076 2.863131 0.598461
v -1.498076 2.963131 0.598461
v -1.498076 3.763131 0.598461
v -1.498076 3.863131 0.598461
v -1.398076 2.763131 0.598461
v -1.398076 2.863131 0.598461
v -1.398076 3.663131 0.598461
v -1.398076 3.763131 0.598461
v -1.398076 3.963131 0.598461
v -1.298076 2.463131 0.598461
v -1.398076 2.463131 0.598461
v -1.398076 2.363131 0.598461
v -1.298076 2.563131 0.598461
v -1.298076 4.363131 0.598461
v -1.398076 4.463131 0.598461
v -1.298076 4.463131 0.598461
v -1.398076 4.763131 0.598461
v -1.198076 2.563131 0.598461
v -1.198076 2.663131 0.598461
v -1.198076 4.363131 0.598461
v -1.198076 4.463131 0.598461
v -1.098076 2.463131 0.598461
v -1.098076 2.663131 0.598461
v -1.098076 4.463131 0.598461
v -1.098076 4.563131 0.598461
v -0.998076 2.363131 0.598461
v -0.998076 2.463131 0.598461
v -0.998076 2.763131 0.598461
v -0.998076 3.963131 0.598461
v -0.998076 4.363131 0.598461
v -0.998076 4.563131 0.598461
v -0.998076 4.763131 0.598461
v -0.598076 -0.036869 0.598461
v -0.998076 0.363131 0.598461
v -0.998076 -0.036869 0.598461
v -0.598076 0.363131 0.598461
v -0.598076 1.963131 0.598461
v -0.998076 1.963131 0.598461
v -0.598076 2.363131 0.598461
v -0.598076 4.763131 0.598461
v -0.998076 5.163131 0.598462
v -0.598076 5.163131 0.598462
v -0.198076 0.363131 0.598461
v -0.198076 1.963131 0.598461
v 0.101924 1.263131 0.598461
v 0.101924 1.363131 0.598461
v 0.201924 0.363131 0.598461
v 0.201924 1.163131 0.598461
v 0.201924 1.263131 0.598461
v 0.201924 1.363131 0.598461
v 0.201924 1.463131 0.598461
v 0.301924 1.163131 0.598461
v 0.301924 1.263131 0.598461
v 0.301924 1.363131 0.598461
v 0.301924 1.463131 0.598461
v 0.401924 1.263131 0.598461
v 0.401924 1.363131 0.598461
v 0.601924 0.363131 0.598461
v 0.601924 1.963131 0.598461
v 1.001924 -0.036869 0.598461
v 0.601924 -0.036869 0.598461
v 1.001924 0.363131 0.598461
v 1.001924 1.963131 0.598461
v 0.601924 2.363131 0.598461
v 1.001924 2.363131 0.598461
v 1.001924 4.763131 0.598461
v 0.601924 5.163131 0.598462
v 0.601924 4.763131 0.598461
v 1.001924 5.163131 0.598462
v 1.101924 2.463131 0.598461
v 1.001924 2.563131 0.598461
v 1.101924 2.563131 0.598461
v 1.001924 2.663131 0.598461
v 1.001924 2.763131 0.598461
v 1.101924 4.363131 0.598461
v 1.001924 4.463131 0.598461
v 1.001924 4.363131 0.598461
v 1.001924 3.963131 0.598461
v 1.101924 4.463131 0.598461
v 1.201924 4.363131 0.598461
v 1.201924 4.463131 0.598461
v 1.301924 2.463131 0.598461
v 1.301924 2.563131 0.598461
v 1.401924 2.363131 0.598461
v 1.401924 2.563131 0.598461
v 1.401924 2.763131 0.598461
v 1.401924 3.963131 0.598461
v 1.401924 4.363131 0.598461
v 1.401924 4.763131 0.598461
v 1.501924 2.863131 0.598461
v 1.401924 3.863131 0.598461
v 1.401924 3.763131 0.598461
v 1.401924 2.863131 0.598461
v 1.501924 2.963131 0.598461
v 1.601924 2.963131 0.598461
v 1.601924 3.063131 0.598461
v 1.601924 3.763131 0.598461
v 1.601924 3.863131 0.598461
v 1.701924 2.963131 0.598461
v 1.701924 3.063131 0.598461
v 1.701924 3.763131 0.598461
v 1.701924 3.863131 0.598461
v 1.801924 2.763131 0.598461
v 1.801924 2.963131 0.598461
v 1.801924 3.863131 0.598461
v 1.801924 3.963131 0.598461
v -1.798076 2.763131 -0.601539
v -1.798076 2.963131 -0.601539
v -1.698076 2.963131 -0.601539
v -1.798076 3.863132 -0.601539
v -1.698076 3.063131 -0.601539
v -1.698076 3.763131 -0.601539
v -1.798076 3.963131 -0.601539
v -1.698076 3.863132 -0.601539
v -1.598076 2.963131 -0.601539
v -1.598076 3.063131 -0.601539
v -1.598076 3.763131 -0.601539
v -1.598076 3.863132 -0.601539
v -1.498076 2.863131 -0.601539
v -1.498076 2.963131 -0.601539
v -1.398076 2.763131 -0.601539
v -1.398076 2.863131 -0.601539
v -1.398076 3.763131 -0.601539
v -1.398076 3.863132 -0.601539
v -1.398076 3.963131 -0.601539
v -1.398076 4.363132 -0.601539
v -1.398076 4.763132 -0.601539
v -1.298076 4.363132 -0.601539
v -1.298076 4.463131 -0.601539
v -1.398076 2.363132 -0.601539
v -1.398076 2.463131 -0.601539
v -1.198076 2.463131 -0.601539
v -1.198076 2.563131 -0.601539
v -1.198076 4.463131 -0.601539
v -1.198076 4.563131 -0.601539
v -1.098076 2.463131 -0.601539
v -1.098076 2.563131 -0.601539
v -1.098076 4.363132 -0.601539
v -1.098076 4.563131 -0.601539
v -0.998076 2.363132 -0.601539
v -0.998076 2.463131 -0.601539
v -0.998076 2.763131 -0.601539
v -0.998076 3.963131 -0.601539
v -0.998076 4.363132 -0.601539
v -0.998076 4.463131 -0.601539
v -0.998076 4.763132 -0.601539
v -0.998076 -0.036869 -0.601539
v -0.998076 0.363131 -0.601539
v -0.598076 -0.036869 -0.601539
v -0.598076 0.363131 -0.601539
v -0.998076 1.963131 -0.601539
v -0.598076 1.963131 -0.601539
v -0.598076 2.363132 -0.601539
v -0.998076 5.163131 -0.601538
v -0.598076 4.763132 -0.601539
v -0.598076 5.163131 -0.601538
v -0.198076 0.363131 -0.601539
v -0.198076 1.963131 -0.601539
v 0.201924 0.363131 -0.601539
v 0.201924 1.963131 -0.601539
v 0.401924 1.163131 -0.601539
v 0.401924 1.263131 -0.601539
v 0.501924 1.063131 -0.601539
v 0.501924 1.163131 -0.601539
v 0.501924 1.263131 -0.601539
v 0.501924 1.363131 -0.601539
v 0.601924 0.363131 -0.601539
v 0.601924 1.063131 -0.601539
v 0.601924 1.163131 -0.601539
v 0.601924 1.263131 -0.601539
v 0.601924 1.363131 -0.601539
v 0.601924 1.963131 -0.601539
v 0.601924 -0.036869 -0.601539
v 1.001924 -0.036869 -0.601539
v 1.001924 0.363131 -0.601539
v 0.601924 2.363132 -0.601539
v 1.001924 1.963131 -0.601539
v 1.001924 2.363132 -0.601539
v 0.601924 4.763132 -0.601539
v 0.601924 5.163131 -0.601538
v 1.001924 4.763132 -0.601539
v 1.001924 5.163131 -0.601538
v 1.001924 4.463131 -0.601539
v 1.001924 4.563131 -0.601539
v 1.101924 4.463131 -0.601539
v 1.001924 3.963131 -0.601539
v 1.101924 4.563131 -0.601539
v 1.001924 2.463131 -0.601539
v 1.201924 2.463131 -0.601539
v 1.001924 2.763131 -0.601539
v 1.201924 2.563131 -0.601539
v 1.201924 4.363132 -0.601539
v 1.201924 4.463131 -0.601539
v 1.301924 2.463131 -0.601539
v 1.301924 2.563131 -0.601539
v 1.301924 4.363132 -0.601539
v 1.301924 4.463131 -0.601539
v 1.401924 2.363132 -0.601539
v 1.401924 2.463131 -0.601539
v 1.401924 2.763131 -0.601539
v 1.401924 3.963131 -0.601539
v 1.401924 4.463131 -0.601539
v 1.401924 4.763132 -0.601539
v 1.401924 2.863131 -0.601539
v 1.401924 2.963131 -0.601539
v 1.501924 2.863131 -0.601539
v 1.401924 3.863132 -0.601539
v 1.501924 2.963131 -0.601539
v 1.501924 3.763131 -0.601539
v 1.501924 3.863132 -0.601539
v 1.601924 2.863131 -0.601539
v 1.601924 2.963131 -0.601539
v 1.601924 3.763131 -0.601539
v 1.601924 3.863132 -0.601539
v 1.701924 2.963131 -0.601539
v 1.701924 3.063131 -0.601539
v 1.701924 3.763131 -0.601539
v 1.701924 3.863132 -0.601539
v 1.801924 2.763131 -0.601539
v 1.801924 3.063131 -0.601539
v 1.801924 3.763131 -0.601539
v 1.801924 3.963131 -0.601539
v -1.398076 2.763131 -1.001539
v -1.398076 2.863132 -1.001539
v -1.298076 2.863132 -1.001539
v -1.398076 3.863132 -1.001539
v -1.298076 2.963131 -1.001539
v -1.198076 2.963131 -1.001539
v -1.198076 3.063131 -1.001539
v -1.198076 3.763131 -1.001539
v -1.398076 3.963131 -1.001539
v -1.198076 3.863132 -1.001539
v -1.098076 2.863132 -1.001539
v -1.098076 3.063131 -1.001539
v -1.098076 3.763131 -1.001539
v -1.098076 3.863132 -1.001539
v -0.998076 2.763131 -1.001539
v -0.998076 2.863132 -1.001539
v -0.998076 3.863132 -1.001539
v -0.998076 3.963131 -1.001539
v -0.998076 4.463131 -1.001539
v -0.998076 4.763132 -1.001539
v -0.898076 4.463131 -1.001539
v -0.898076 4.563131 -1.001539
v -0.998076 2.363132 -1.001539
v -0.998076 2.463131 -1.001539
v -0.798076 2.463131 -1.001539
v -0.798076 2.563131 -1.001539
v -0.798076 4.363132 -1.001539
v -0.798076 4.563131 -1.001539
v -0.698076 2.463131 -1.001539
v -0.698076 2.563131 -1.001539
v -0.698076 4.363132 -1.001539
v -0.698076 4.463131 -1.001539
v -0.598076 2.363132 -1.001539
v -0.598076 2.463131 -1.001539
v -0.598076 2.663131 -1.001539
v -0.598076 2.763131 -1.001539
v -0.598076 3.963131 -1.001539
v -0.598076 4.363132 -1.001539
v -0.598076 4.463131 -1.001539
v -0.598076 4.763132 -1.001539
v -0.598076 -0.036869 -1.001539
v -0.598076 0.363132 -1.001539
v 0.201924 -0.036869 -1.001539
v 0.201924 0.363132 -1.001539
v 0.601924 -0.036869 -1.001539
v 0.601924 0.363132 -1.001539
v -0.598076 1.963131 -1.001539
v 0.601924 1.963131 -1.001539
v 0.601924 2.363132 -1.001539
v -0.598076 5.163131 -1.001539
v 0.601924 4.763132 -1.001539
v 0.601924 5.163131 -1.001539
v 0.601924 4.463131 -1.001539
v 0.601924 4.563131 -1.001539
v 0.701924 4.363132 -1.001539
v 0.601924 3.963131 -1.001539
v 0.701924 4.563131 -1.001539
v 0.601924 2.463131 -1.001539
v 0.801924 2.463131 -1.001539
v 0.601924 2.563131 -1.001539
v 0.601924 2.763131 -1.001539
v 0.801924 2.563131 -1.001539
v 0.901924 2.463131 -1.001539
v 0.901924 2.563131 -1.001539
v 0.901924 4.363132 -1.001539
v 0.901924 4.463131 -1.001539
v 1.001924 2.363132 -1.001539
v 1.001924 2.463131 -1.001539
v 1.001924 2.763131 -1.001539
v 1.001924 3.963131 -1.001539
v 1.001924 4.463131 -1.001539
v 1.001924 4.763132 -1.001539
v 1.001924 2.863132 -1.001539
v 1.001924 2.963131 -1.001539
v 1.101924 2.863132 -1.001539
v 1.001924 3.863132 -1.001539
v 1.101924 2.963131 -1.001539
v 1.201924 2.863132 -1.001539
v 1.201924 2.963131 -1.001539
v 1.201924 3.763131 -1.001539
v 1.201924 3.863132 -1.001539
v 1.301924 2.963131 -1.001539
v 1.301924 3.063131 -1.001539
v 1.301924 3.763131 -1.001539
v 1.301924 3.863132 -1.001539
v 1.401924 2.763131 -1.001539
v 1.401924 3.063131 -1.001539
v 1.401924 3.863132 -1.001539
v 1.401924 3.963131 -1.001539
v -0.998076 2.763131 -1.401539
v -0.998076 2.863132 -1.401539
v -0.898076 2.863132 -1.401539
v -0.998076 3.863132 -1.401539
v -0.898076 3.063131 -1.401539
v -0.798076 2.963131 -1.401539
v -0.798076 3.063131 -1.401539
v -0.798076 3.763131 -1.401539
v -0.998076 3.963131 -1.401539
v -0.798076 3.863132 -1.401539
v -0.698076 2.863132 -1.401539
v -0.698076 2.963131 -1.401539
v -0.698076 3.763131 -1.401539
v -0.698076 3.863132 -1.401539
v -0.598076 2.763131 -1.401539
v -0.598076 2.863132 -1.401539
v -0.598076 3.863132 -1.401539
v -0.598076 3.963131 -1.401539
v -0.598076 2.363132 -1.401539
v -0.598076 2.463131 -1.401539
v -0.498076 2.463131 -1.401539
v -0.498076 2.563131 -1.401539
v -0.398076 2.463131 -1.401539
v -0.398076 2.563131 -1.401539
v -0.598076 4.363132 -1.401539
v -0.598076 4.763132 -1.401539
v -0.398076 4.363132 -1.401539
v -0.398076 4.463131 -1.401539
v -0.298076 2.463131 -1.401539
v -0.298076 2.563131 -1.401539
v -0.298076 4.463131 -1.401539
v -0.298076 4.563131 -1.401539
v -0.198076 2.463131 -1.401539
v -0.198076 2.563131 -1.401539
v -0.198076 4.463131 -1.401539
v -0.198076 4.563131 -1.401539
v -0.098076 4.363132 -1.401539
v -0.098076 4.463131 -1.401539
v 0.001924 2.463131 -1.401539
v 0.001924 2.563131 -1.401539
v 0.001924 4.363132 -1.401539
v 0.001924 4.463131 -1.401539
v 0.101924 2.563131 -1.401539
v 0.101924 2.663131 -1.401539
v 0.101924 4.363132 -1.401539
v 0.101924 4.463131 -1.401539
v 0.201924 2.463131 -1.401539
v 0.201924 2.663131 -1.401539
v 0.301924 4.363132 -1.401539
v 0.301924 4.563131 -1.401539
v 0.401924 2.463131 -1.401539
v 0.401924 2.563131 -1.401539
v 0.401924 4.463131 -1.401539
v 0.401924 4.563131 -1.401539
v 0.501924 2.463131 -1.401539
v 0.501924 2.563131 -1.401539
v 0.501924 4.363132 -1.401539
v 0.501924 4.463131 -1.401539
v 0.601924 2.363132 -1.401539
v 0.601924 2.463131 -1.401539
v 0.601924 2.763131 -1.401539
v 0.601924 3.963131 -1.401539
v 0.601924 4.363132 -1.401539
v 0.601924 4.763132 -1.401539
v 0.601924 2.863132 -1.401539
v 0.701924 2.863132 -1.401539
v 0.601924 3.863132 -1.401539
v 0.701924 3.063131 -1.401539
v 0.801924 2.963131 -1.401539
v 0.801924 3.063131 -1.401539
v 0.801924 3.663131 -1.401539
v 0.801924 3.863132 -1.401539
v 0.901924 2.863132 -1.401539
v 0.901924 2.963131 -1.401539
v 0.901924 3.663131 -1.401539
v 0.901924 3.763131 -1.401539
v 1.001924 2.763131 -1.401539
v 1.001924 2.863132 -1.401539
v 1.001924 3.763131 -1.401539
v 1.001924 3.963131 -1.401539
v -0.598076 2.763131 -1.801539
v -0.598076 2.863132 -1.801539
v -0.498076 2.863132 -1.801539
v -0.598076 3.863132 -1.801539
v -0.498076 2.963131 -1.801539
v -0.498076 3.763131 -1.801539
v -0.598076 3.963131 -1.801539
v -0.498076 3.863132 -1.801539
v -0.398076 2.963131 -1.801539
v -0.398076 3.063131 -1.801539
v -0.398076 3.663131 -1.801539
v -0.398076 3.763131 -1.801539
v -0.298076 2.863132 -1.801539
v -0.298076 3.063131 -1.801539
v -0.298076 3.663131 -1.801539
v -0.298076 3.763131 -1.801539
v -0.198076 2.863132 -1.801539
v -0.198076 2.963131 -1.801539
v -0.198076 3.763131 -1.801539
v -0.198076 3.863132 -1.801539
v -0.098076 2.863132 -1.801539
v -0.098076 2.963131 -1.801539
v -0.098076 3.763131 -1.801539
v -0.098076 3.863132 -1.801539
v 0.001924 3.763131 -1.801539
v 0.001924 3.863132 -1.801539
v 0.101924 2.863132 -1.801539
v 0.101924 2.963131 -1.801539
v 0.101924 3.663131 -1.801539
v 0.101924 3.863132 -1.801539
v 0.201924 2.963131 -1.801539
v 0.201924 3.063131 -1.801539
v 0.201924 3.663131 -1.801539
v 0.201924 3.763131 -1.801539
v 0.301924 2.963131 -1.801539
v 0.301924 3.063131 -1.801539
v 0.301924 3.763131 -1.801539
v 0.301924 3.863132 -1.801539
v 0.401924 2.863132 -1.801539
v 0.401924 2.963131 -1.801539
v 0.401924 3.763131 -1.801539
v 0.401924 3.863132 -1.801539
v 0.501924 3.763131 -1.801539
v 0.501924 3.863132 -1.801539
v 0.601924 2.763131 -1.801539
v 0.601924 2.863132 -1.801539
v 0.601924 3.863132 -1.801539
v 0.601924 3.963131 -1.801539
v -0.598076 -0.036869 0.598461
v -0.198076 -0.036869 0.998461
v -0.598076 -0.036869 0.998461
v -0.198076 -0.036869 0.598461
v 0.201924 -0.036869 0.998461
v 0.201924 -0.036869 0.598461
v 0.601924 -0.036869 0.998461
v 0.601924 -0.036869 0.598461
v -0.998076 -0.036869 0.198461
v -0.998076 -0.036869 0.598461
v -0.598076 -0.036869 0.198461
v 0.601924 -0.036869 0.198461
v 1.001924 -0.036869 0.598461
v 1.001924 -0.036869 0.198461
v -0.998076 -0.036869 -0.601539
v -0.598076 -0.036869 -0.601539
v 0.201924 -0.036869 -0.601539
v 0.601924 -0.036869 -0.601539
v 1.001924 -0.036869 -0.601539
v -0.598076 -0.036869 -1.001539
v 0.201924 -0.036869 -1.001539
v 0.601924 -0.036869 -1.001539
v -0.598076 1.963131 0.598461
v 0.601924 1.963131 0.998461
v -0.598076 1.963131 0.998461
v -0.198076 1.963131 0.598461
v 0.601924 1.963131 0.598461
v -0.598076 1.963131 0.198461
v -0.998076 1.963131 0.598461
v 0.601924 1.963131 0.198461
v 1.001924 1.963131 0.598461
v 0.601924 1.963131 -0.201539
v -0.998076 1.963131 -0.601539
v -0.598076 1.963131 -0.601539
v 0.601924 1.963131 -0.601539
v 1.001924 1.963131 -0.601539
v -0.598076 1.963131 -1.001539
v 0.201924 1.963131 -0.601539
v -0.198076 1.963131 -0.601539
v 0.601924 1.963131 -1.001539
v -0.598076 2.363131 0.998461
v 0.601924 2.363131 1.398461
v -0.598076 2.363131 1.398461
v 0.601924 2.363131 0.998461
v -0.998076 2.363131 0.598461
v -0.998076 2.363131 0.998461
v -0.598076 2.363131 0.598461
v 0.601924 2.363131 0.598461
v 1.001924 2.363131 0.998461
v 1.001924 2.363131 0.598461
v -1.398076 2.363132 -0.601539
v -1.398076 2.363131 0.598461
v -0.998076 2.363132 -0.601539
v 1.001924 2.363132 -0.601539
v 1.401924 2.363131 0.598461
v 1.401924 2.363132 -0.601539
v -0.998076 2.363132 -1.001539
v -0.598076 2.363132 -0.601539
v -0.598076 2.363132 -1.001539
v 0.601924 2.363132 -1.001539
v 0.601924 2.363132 -0.601539
v 1.001924 2.363132 -1.001539
v -0.598076 2.363132 -1.401539
v 0.601924 2.363132 -1.401539
v -0.598076 2.763131 1.398461
v 0.601924 2.763131 1.798461
v -0.598076 2.763131 1.798461
v 0.601924 2.763131 1.398461
v -0.998076 2.763131 0.998461
v -0.998076 2.763131 1.398461
v -0.598076 2.763131 0.998461
v 0.601924 2.763131 0.998461
v 1.001924 2.763131 1.398461
v 1.001924 2.763131 0.998461
v -1.398076 2.763131 0.598461
v -1.398076 2.763131 0.998461
v -0.998076 2.763131 0.598461
v 1.001924 2.763131 0.598461
v 1.401924 2.763131 0.998461
v 1.401924 2.763131 0.598461
v -1.798076 2.763131 -0.601539
v -1.798076 2.763131 0.598461
v -1.398076 2.763131 -0.601539
v 1.401924 2.763131 -0.601539
v 1.801924 2.763131 0.598461
v 1.801924 2.763131 -0.601539
v -1.398076 2.763131 -1.001539
v -0.998076 2.763131 -0.601539
v -0.998076 2.763131 -1.001539
v 1.001924 2.763131 -1.001539
v 1.001924 2.763131 -0.601539
v 1.401924 2.763131 -1.001539
v -0.998076 2.763131 -1.401539
v -0.598076 2.763131 -1.001539
v -0.598076 2.763131 -1.401539
v 0.601924 2.763131 -1.401539
v 0.601924 2.763131 -1.001539
v 1.001924 2.763131 -1.401539
v -0.598076 2.763131 -1.801539
v 0.601924 2.763131 -1.801539
v -0.598076 0.363131 0.998461
v -0.198076 0.363131 0.998461
v -0.598076 0.363131 0.598461
v 0.201924 0.363131 0.998461
v -0.198076 0.363131 0.598461
v 0.601924 0.363131 0.998461
v 0.201924 0.363131 0.598461
v 0.601924 0.363131 0.598461
v -0.998076 0.363131 0.598461
v -0.998076 0.363131 0.198461
v -0.598076 0.363131 0.198461
v 1.001924 0.363131 0.598461
v 0.601924 0.363131 0.198461
v 1.001924 0.363131 0.198461
v 0.601924 0.363131 -0.201539
v -0.998076 0.363131 -0.601539
v -0.598076 0.363131 -0.601539
v 0.601924 0.363131 -0.601539
v 1.001924 0.363131 -0.601539
v -0.198076 0.363131 -0.601539
v 0.201924 0.363131 -0.601539
v -0.598076 0.363132 -1.001539
v 0.201924 0.363132 -1.001539
v 0.601924 0.363132 -1.001539
v -0.598076 3.963131 1.798461
v 0.601924 3.963131 1.798461
v -0.598076 3.963131 1.398461
v 0.601924 3.963131 1.398461
v -0.998076 3.963131 1.398461
v -0.998076 3.963131 0.998461
v -0.598076 3.963131 0.998461
v 1.001924 3.963131 1.398461
v 0.601924 3.963131 0.998461
v 1.001924 3.963131 0.998461
v -1.398076 3.963131 0.998461
v -1.398076 3.963131 0.598461
v -0.998076 3.963131 0.598461
v 1.401924 3.963131 0.998461
v 1.001924 3.963131 0.598461
v 1.401924 3.963131 0.598461
v -1.798076 3.963131 0.598461
v -1.798076 3.963131 -0.601539
v -1.398076 3.963131 -0.601539
v 1.801924 3.963131 0.598461
v 1.401924 3.963131 -0.601539
v 1.801924 3.963131 -0.601539
v -0.998076 3.963131 -0.601539
v -1.398076 3.963131 -1.001539
v -0.998076 3.963131 -1.001539
v 1.001924 3.963131 -0.601539
v 1.001924 3.963131 -1.001539
v 1.401924 3.963131 -1.001539
v -0.598076 3.963131 -1.001539
v -0.998076 3.963131 -1.401539
v -0.598076 3.963131 -1.401539
v 0.601924 3.963131 -1.001539
v 0.601924 3.963131 -1.401539
v 1.001924 3.963131 -1.401539
v -0.598076 3.963131 -1.801539
v 0.601924 3.963131 -1.801539
v -0.598076 4.763131 1.398461
v 0.601924 4.763131 1.398461
v -0.598076 4.763131 0.998461
v 0.601924 4.763131 0.998461
v -0.998076 4.763131 0.998461
v -0.998076 4.763131 0.598461
v -0.598076 4.763131 0.598461
v 1.001924 4.763131 0.998461
v 0.601924 4.763131 0.598461
v 1.001924 4.763131 0.598461
v -1.398076 4.763131 0.598461
v -1.398076 4.763132 -0.601539
v -0.998076 4.763132 -0.601539
v 1.401924 4.763131 0.598461
v 1.001924 4.763132 -0.601539
v 1.401924 4.763132 -0.601539
v -0.598076 4.763132 -0.601539
v -0.998076 4.763132 -1.001539
v -0.598076 4.763132 -1.001539
v 0.601924 4.763132 -0.601539
v 0.601924 4.763132 -1.001539
v 1.001924 4.763132 -1.001539
v -0.598076 4.763132 -1.401539
v 0.601924 4.763132 -1.401539
v -0.598076 5.163131 0.998462
v 0.601924 5.163131 0.998462
v -0.598076 5.163131 0.598462
v 0.601924 5.163131 0.598462
v -0.998076 5.163131 0.598462
v -0.998076 5.163131 -0.601538
v 1.001924 5.163131 0.598462
v -0.598076 5.163131 -0.601538
v 0.601924 5.163131 -0.601538
v 1.001924 5.163131 -0.601538
v -0.598076 5.163131 -1.001539
v 0.601924 5.163131 -1.001539
vt 0.060547 0.500000
vt 0.060547 0.500000
vt 0.060547 0.500000
vt 0.060547 0.500000
vt 0.060547 0.500000
vt 0.060547 0.500000
vt 0.060547 0.500000
vt 0.060547 0.500000
vt 0.060547 0.500000
vt 0.029297 0.500000
vt 0.029297 0.500000
vt 0.029297 0.500000
vt 0.060547 0.500000
vt 0.060547 0.500000
vt 0.029297 0.500000
vt 0.029297 0.500000
vt 0.029297 0.500000
vt 0.029297 0.500000
vt 0.060547 0.500000
vt 0.060547 0.500000
vt 0.029297 0.500000
vt 0.060547 0.500000
vt 0.060547 0.500000
vt 0.029297 0.500000
vt 0.029297 0.500000
vt 0.029297 0.500000
vt 0.060547 0.500000
vt 0.060547 0.500000
vt 0.029297 0.500000
vt 0.060547 0.500000
vt 0.060547 0.500000
vt 0.029297 0.500000
vt 0.029297 0.500000
vt 0.060547 0.500000
vt 0.029297 0.500000
vt 0.060547 0.500000
vt 0.029297 0.500000
vt 0.029297 0.500000
vt 0.029297 0.500000
vt 0.060547 0.500000
vt 0.029297 0.500000
vt 0.029297 0.500000
vt 0.029297 0.500000
vt 0.029297 0.500000
vt 0.029297 0.500000
vt 0.029297 0.500000
vt 0.029297 0.500000
vt 0.029297 0.500000
vt 0.029297 0.500000
vt 0.091797 0.500000
vt 0.091797 0.500000
vt 0.091797 0.500000
vt 0.029297 0.500000
vt 0.029297 0.500000
vt 0.091797 0.500000
vt 0.029297 0.500000
vt 0.029297 0.500000
vt 0.029297 0.500000
vt 0.029297 0.500000
vt 0.091797 0.500000
vt 0.091797 0.500000
vt 0.091797 0.500000
vt 0.029297 0.500000
vt 0.029297 0.500000
vt 0.091797 0.500000
vt 0.091797 0.500000
vt 0.091797 0.500000
vt 0.029297 0.500000
vt 0.029297 0.500000
vt 0.091797 0.500000
vt 0.091797 0.500000
vt 0.091797 0.500000
vt 0.029297 0.500000
vt 0.091797 0.500000
vt 0.029297 0.500000
vt 0.091797 0.500000
vt 0.091797 0.500000
vt 0.091797 0.500000
vt 0.091797 0.500000
vt 0.029297 0.500000
vt 0.029297 0.500000
vt 0.091797 0.500000
vt 0.091797 0.500000
vt 0.091797 0.500000
vt 0.029297 0.500000
vt 0.029297 0.500000
vt 0.091797 0.500000
vt 0.029297 0.500000
vt 0.091797 0.500000
vt 0.091797 0.500000
vt 0.091797 0.500000
vt 0.091797 0.500000
vt 0.029297 0.500000
vt 0.029297 0.500000
vt 0.029297 0.500000
vt 0.029297 0.500000
vt 0.029297 0.500000
vt 0.029297 0.500000
vt 0.029297 0.500000
vt 0.029297 0.500000
vt 0.029297 0.500000
vt 0.029297 0.500000
vt 0.060547 0.500000
vt 0.060547 0.500000
vt 0.060547 0.500000
vt 0.029297 0.500000
vt 0.060547 0.500000
vt 0.060547 0.500000
vt 0.060547 0.500000
vt 0.029297 0.500000
vt 0.029297 0.500000
vt 0.060547 0.500000
vt 0.060547 0.500000
vt 0.060547 0.500000
vt 0.060547 0.500000
vt 0.029297 0.500000
vt 0.029297 0.500000
vt 0.060547 0.500000
vt 0.029297 0.500000
vt 0.029297 0.500000
vt 0.060547 0.500000
vt 0.060547 0.500000
vt 0.060547 0.500000
vt 0.029297 0.500000
vt 0.029297 0.500000
vt 0.060547 0.500000
vt 0.060547 0.500000
vt 0.060547 0.500000
vt 0.060547 0.500000
vt 0.029297 0.500000
vt 0.060547 0.500000
vt 0.060547 0.500000
vt 0.060547 0.500000
vt 0.060547 0.500000
vt 0.060547 0.500000
vt 0.060547 0.500000
vt 0.060547 0.500000
vt 0.060547 0.500000
vt 0.060547 0.500000
vt 0.060547 0.500000
vt 0.060547 0.500000
vt 0.060547 0.500000
vt 0.029297 0.500000
vt 0.029297 0.500000
vt 0.029297 0.500000
vt 0.060547 0.500000
vt 0.060547 0.500000
vt 0.029297 0.500000
vt 0.029297 0.500000
vt 0.029297 0.500000
vt 0.060547 0.500000
vt 0.029297 0.500000
vt 0.029297 0.500000
vt 0.029297 0.500000
vt 0.060547 0.500000
vt 0.060547 0.500000
vt 0.029297 0.500000
vt 0.029297 0.500000
vt 0.029297 0.500000
vt 0.029297 0.500000
vt 0.029297 0.500000
vt 0.060547 0.500000
vt 0.029297 0.500000
vt 0.029297 0.500000
vt 0.029297 0.500000
vt 0.029297 0.500000
vt 0.029297 0.500000
vt 0.029297 0.500000
vt 0.091797 0.500000
vt 0.091797 0.500000
vt 0.091797 0.500000
vt 0.029297 0.500000
vt 0.091797 0.500000
vt 0.091797 0.500000
vt 0.091797 0.500000
vt 0.029297 0.500000
vt 0.029297 0.500000
vt 0.091797 0.500000
vt 0.029297 0.500000
vt 0.029297 0.500000
vt 0.091797 0.500000
vt 0.091797 0.500000
vt 0.091797 0.500000
vt 0.029297 0.500000
vt 0.029297 0.500000
vt 0.091797 0.500000
vt 0.091797 0.500000
vt 0.029297 0.500000
vt 0.091797 0.500000
vt 0.091797 0.500000
vt 0.091797 0.500000
vt 0.029297 0.500000
vt 0.091797 0.500000
vt 0.029297 0.500000
vt 0.091797 0.500000
vt 0.091797 0.500000
vt 0.091797 0.500000
vt 0.091797 0.500000
vt 0.091797 0.500000
vt 0.091797 0.500000
vt 0.029297 0.500000
vt 0.029297 0.500000
vt 0.029297 0.500000
vt 0.029297 0.500000
vt 0.029297 0.500000
vt 0.029297 0.500000
vt 0.029297 0.500000
vt 0.029297 0.500000
vt 0.029297 0.500000
vt 0.029297 0.500000
vt 0.029297 0.500000
vt 0.091797 0.500000
vt 0.091797 0.500000
vt 0.091797 0.500000
vt 0.029297 0.500000
vt 0.029297 0.500000
vt 0.091797 0.500000
vt 0.091797 0.500000
vt 0.091797 0.500000
vt 0.091797 0.500000
vt 0.029297 0.500000
vt 0.029297 0.500000
vt 0.091797 0.500000
vt 0.029297 0.500000
vt 0.029297 0.500000
vt 0.091797 0.500000
vt 0.091797 0.500000
vt 0.091797 0.500000
vt 0.029297 0.500000
vt 0.029297 0.500000
vt 0.091797 0.500000
vt 0.029297 0.500000
vt 0.091797 0.500000
vt 0.091797 0.500000
vt 0.029297 0.500000
vt 0.091797 0.500000
vt 0.091797 0.500000
vt 0.091797 0.500000
vt 0.029297 0.500000
vt 0.091797 0.500000
vt 0.029297 0.500000
vt 0.091797 0.500000
vt 0.091797 0.500000
vt 0.091797 0.500000
vt 0.091797 0.500000
vt 0.029297 0.500000
vt 0.091797 0.500000
vt 0.091797 0.500000
vt 0.341797 0.500000
vt 0.341797 0.500000
vt 0.341797 0.500000
vt 0.310547 0.500000
vt 0.310547 0.500000
vt 0.310547 0.500000
vt 0.341797 0.500000
vt 0.310547 0.500000
vt 0.060547 0.500000
vt 0.060547 0.500000
vt 0.060547 0.500000
vt 0.060547 0.500000
vt 0.029297 0.500000
vt 0.029297 0.500000
vt 0.029297 0.500000
vt 0.029297 0.500000
vt 0.029297 0.500000
vt 0.029297 0.500000
vt 0.029297 0.500000
vt 0.029297 0.500000
vt 0.029297 0.500000
vt 0.029297 0.500000
vt 0.029297 0.500000
vt 0.029297 0.500000
vt 0.060547 0.500000
vt 0.060547 0.500000
vt 0.060547 0.500000
vt 0.029297 0.500000
vt 0.060547 0.500000
vt 0.060547 0.500000
vt 0.060547 0.500000
vt 0.029297 0.500000
vt 0.029297 0.500000
vt 0.060547 0.500000
vt 0.060547 0.500000
vt 0.060547 0.500000
vt 0.029297 0.500000
vt 0.029297 0.500000
vt 0.060547 0.500000
vt 0.060547 0.500000
vt 0.060547 0.500000
vt 0.060547 0.500000
vt 0.060547 0.500000
vt 0.029297 0.500000
vt 0.060547 0.500000
vt 0.060547 0.500000
vt 0.060547 0.500000
vt 0.060547 0.500000
vt 0.060547 0.500000
vt 0.060547 0.500000
vt 0.060547 0.500000
vt 0.060547 0.500000
vt 0.060547 0.500000
vt 0.060547 0.500000
vt 0.060547 0.500000
vt 0.060547 0.500000
vt 0.060547 0.500000
vt 0.060547 0.500000
vt 0.029297 0.500000
vt 0.029297 0.500000
vt 0.029297 0.500000
vt 0.060547 0.500000
vt 0.060547 0.500000
vt 0.029297 0.500000
vt 0.029297 0.500000
vt 0.029297 0.500000
vt 0.060547 0.500000
vt 0.029297 0.500000
vt 0.029297 0.500000
vt 0.029297 0.500000
vt 0.060547 0.500000
vt 0.060547 0.500000
vt 0.029297 0.500000
vt 0.029297 0.500000
vt 0.029297 0.500000
vt 0.029297 0.500000
vt 0.029297 0.500000
vt 0.060547 0.500000
vt 0.029297 0.500000
vt 0.029297 0.500000
vt 0.029297 0.500000
vt 0.029297 0.500000
vt 0.029297 0.500000
vt 0.029297 0.500000
vt 0.029297 0.500000
vt 0.029297 0.500000
vt 0.091797 0.500000
vt 0.091797 0.500000
vt 0.091797 0.500000
vt 0.029297 0.500000
vt 0.029297 0.500000
vt 0.091797 0.500000
vt 0.091797 0.500000
vt 0.091797 0.500000
vt 0.029297 0.500000
vt 0.029297 0.500000
vt 0.091797 0.500000
vt 0.091797 0.500000
vt 0.091797 0.500000
vt 0.091797 0.500000
vt 0.029297 0.500000
vt 0.029297 0.500000
vt 0.091797 0.500000
vt 0.091797 0.500000
vt 0.029297 0.500000
vt 0.029297 0.500000
vt 0.091797 0.500000
vt 0.029297 0.500000
vt 0.091797 0.500000
vt 0.091797 0.500000
vt 0.091797 0.500000
vt 0.091797 0.500000
vt 0.091797 0.500000
vt 0.091797 0.500000
vt 0.091797 0.500000
vt 0.029297 0.500000
vt 0.029297 0.500000
vt 0.029297 0.500000
vt 0.029297 0.500000
vt 0.029297 0.500000
vt 0.029297 0.500000
vt 0.029297 0.500000
vt 0.029297 0.500000
vt 0.029297 0.500000
vt 0.029297 0.500000
vt 0.029297 0.500000
vt 0.091797 0.500000
vt 0.091797 0.500000
vt 0.091797 0.500000
vt 0.029297 0.500000
vt 0.091797 0.500000
vt 0.091797 0.500000
vt 0.091797 0.500000
vt 0.029297 0.500000
vt 0.029297 0.500000
vt 0.091797 0.500000
vt 0.091797 0.500000
vt 0.091797 0.500000
vt 0.029297 0.500000
vt 0.029297 0.500000
vt 0.091797 0.500000
vt 0.029297 0.500000
vt 0.091797 0.500000
vt 0.091797 0.500000
vt 0.091797 0.500000
vt 0.091797 0.500000
vt 0.091797 0.500000
vt 0.091797 0.500000
vt 0.091797 0.500000
vt 0.091797 0.500000
vt 0.091797 0.500000
vt 0.310547 0.500000
vt 0.310547 0.500000
vt 0.310547 0.500000
vt 0.310547 0.500000
vt 0.310547 0.500000
vt 0.310547 0.500000
vt 0.310547 0.500000
vt 0.310547 0.500000
vt 0.310547 0.500000
vt 0.310547 0.500000
vt 0.310547 0.500000
vt 0.310547 0.500000
vt 0.310547 0.500000
vt 0.310547 0.500000
vt 0.341797 0.500000
vt 0.341797 0.500000
vt 0.341797 0.500000
vt 0.310547 0.500000
vt 0.310547 0.500000
vt 0.341797 0.500000
vt 0.341797 0.500000
vt 0.341797 0.500000
vt 0.341797 0.500000
vt 0.310547 0.500000
vt 0.310547 0.500000
vt 0.341797 0.500000
vt 0.310547 0.500000
vt 0.341797 0.500000
vt 0.310547 0.500000
vt 0.341797 0.500000
vt 0.341797 0.500000
vt 0.341797 0.500000
vt 0.341797 0.500000
vt 0.341797 0.500000
vt 0.341797 0.500000
vt 0.310547 0.500000
vt 0.341797 0.500000
vt 0.310547 0.500000
vt 0.310547 0.500000
vt 0.341797 0.500000
vt 0.310547 0.500000
vt 0.310547 0.500000
vt 0.310547 0.500000
vt 0.310547 0.500000
vt 0.341797 0.500000
vt 0.341797 0.500000
vt 0.310547 0.500000
vt 0.310547 0.500000
vt 0.310547 0.500000
vt 0.341797 0.500000
vt 0.310547 0.500000
vt 0.341797 0.500000
vt 0.341797 0.500000
vt 0.341797 0.500000
vt 0.310547 0.500000
vt 0.341797 0.500000
vt 0.341797 0.500000
vt 0.341797 0.500000
vt 0.341797 0.500000
vt 0.310547 0.500000
vt 0.341797 0.500000
vt 0.310547 0.500000
vt 0.310547 0.500000
vt 0.341797 0.500000
vt 0.310547 0.500000
vt 0.310547 0.500000
vt 0.310547 0.500000
vt 0.341797 0.500000
vt 0.341797 0.500000
vt 0.310547 0.500000
vt 0.310547 0.500000
vt 0.310547 0.500000
vt 0.341797 0.500000
vt 0.341797 0.500000
vt 0.341797 0.500000
vt 0.341797 0.500000
vt 0.310547 0.500000
vt 0.341797 0.500000
vt 0.310547 0.500000
vt 0.060547 0.500000
vt 0.060547 0.500000
vt 0.060547 0.500000
vt 0.060547 0.500000
vt 0.060547 0.500000
vt 0.060547 0.500000
vt 0.060547 0.500000
vt 0.060547 0.500000
vt 0.029297 0.500000
vt 0.029297 0.500000
vt 0.029297 0.500000
vt 0.029297 0.500000
vt 0.029297 0.500000
vt 0.029297 0.500000
vt 0.029297 0.500000
vt 0.029297 0.500000
vt 0.029297 0.500000
vt 0.029297 0.500000
vt 0.029297 0.500000
vt 0.029297 0.500000
vt 0.060547 0.500000
vt 0.060547 0.500000
vt 0.060547 0.500000
vt 0.029297 0.500000
vt 0.060547 0.500000
vt 0.060547 0.500000
vt 0.060547 0.500000
vt 0.029297 0.500000
vt 0.029297 0.500000
vt 0.060547 0.500000
vt 0.029297 0.500000
vt 0.029297 0.500000
vt 0.060547 0.500000
vt 0.060547 0.500000
vt 0.060547 0.500000
vt 0.029297 0.500000
vt 0.029297 0.500000
vt 0.060547 0.500000
vt 0.060547 0.500000
vt 0.029297 0.500000
vt 0.060547 0.500000
vt 0.060547 0.500000
vt 0.060547 0.500000
vt 0.060547 0.500000
vt 0.060547 0.500000
vt 0.060547 0.500000
vt 0.060547 0.500000
vt 0.060547 0.500000
vt 0.060547 0.500000
vt 0.060547 0.500000
vt 0.060547 0.500000
vt 0.060547 0.500000
vt 0.060547 0.500000
vt 0.060547 0.500000
vt 0.060547 0.500000
vt 0.060547 0.500000
vt 0.029297 0.500000
vt 0.029297 0.500000
vt 0.029297 0.500000
vt 0.060547 0.500000
vt 0.029297 0.500000
vt 0.029297 0.500000
vt 0.029297 0.500000
vt 0.060547 0.500000
vt 0.029297 0.500000
vt 0.029297 0.500000
vt 0.029297 0.500000
vt 0.060547 0.500000
vt 0.060547 0.500000
vt 0.029297 0.500000
vt 0.029297 0.500000
vt 0.060547 0.500000
vt 0.029297 0.500000
vt 0.029297 0.500000
vt 0.029297 0.500000
vt 0.029297 0.500000
vt 0.029297 0.500000
vt 0.029297 0.500000
vt 0.091797 0.500000
vt 0.091797 0.500000
vt 0.091797 0.500000
vt 0.029297 0.500000
vt 0.029297 0.500000
vt 0.091797 0.500000
vt 0.091797 0.500000
vt 0.091797 0.500000
vt 0.029297 0.500000
vt 0.029297 0.500000
vt 0.091797 0.500000
vt 0.029297 0.500000
vt 0.029297 0.500000
vt 0.091797 0.500000
vt 0.029297 0.500000
vt 0.091797 0.500000
vt 0.029297 0.500000
vt 0.091797 0.500000
vt 0.029297 0.500000
vt 0.091797 0.500000
vt 0.091797 0.500000
vt 0.091797 0.500000
vt 0.091797 0.500000
vt 0.091797 0.500000
vt 0.091797 0.500000
vt 0.091797 0.500000
vt 0.091797 0.500000
vt 0.029297 0.500000
vt 0.029297 0.500000
vt 0.029297 0.500000
vt 0.029297 0.500000
vt 0.029297 0.500000
vt 0.029297 0.500000
vt 0.029297 0.500000
vt 0.029297 0.500000
vt 0.029297 0.500000
vt 0.029297 0.500000
vt 0.029297 0.500000
vt 0.029297 0.500000
vt 0.091797 0.500000
vt 0.091797 0.500000
vt 0.091797 0.500000
vt 0.029297 0.500000
vt 0.091797 0.500000
vt 0.091797 0.500000
vt 0.091797 0.500000
vt 0.029297 0.500000
vt 0.091797 0.500000
vt 0.091797 0.500000
vt 0.091797 0.500000
vt 0.029297 0.500000
vt 0.091797 0.500000
vt 0.091797 0.500000
vt 0.091797 0.500000
vt 0.091797 0.500000
vt 0.029297 0.500000
vt 0.091797 0.500000
vt 0.091797 0.500000
vt 0.091797 0.500000
vt 0.091797 0.500000
vt 0.091797 0.500000
vt 0.091797 0.500000
vt 0.091797 0.500000
vt 0.091797 0.500000
vt 0.091797 0.500000
vt 0.091797 0.500000
vt 0.310547 0.500000
vt 0.310547 0.500000
vt 0.310547 0.500000
vt 0.310547 0.500000
vt 0.341797 0.500000
vt 0.341797 0.500000
vt 0.341797 0.500000
vt 0.341797 0.500000
vt 0.310547 0.500000
vt 0.310547 0.500000
vt 0.310547 0.500000
vt 0.310547 0.500000
vt 0.310547 0.500000
vt 0.341797 0.500000
vt 0.341797 0.500000
vt 0.341797 0.500000
vt 0.310547 0.500000
vt 0.341797 0.500000
vt 0.310547 0.500000
vt 0.341797 0.500000
vt 0.341797 0.500000
vt 0.310547 0.500000
vt 0.310547 0.500000
vt 0.341797 0.500000
vt 0.310547 0.500000
vt 0.310547 0.500000
vt 0.341797 0.500000
vt 0.341797 0.500000
vt 0.341797 0.500000
vt 0.310547 0.500000
vt 0.310547 0.500000
vt 0.341797 0.500000
vt 0.341797 0.500000
vt 0.341797 0.500000
vt 0.310547 0.500000
vt 0.310547 0.500000
vt 0.341797 0.500000
vt 0.310547 0.500000
vt 0.310547 0.500000
vt 0.060547 0.500000
vt 0.060547 0.500000
vt 0.060547 0.500000
vt 0.060547 0.500000
vt 0.060547 0.500000
vt 0.060547 0.500000
vt 0.060547 0.500000
vt 0.060547 0.500000
vt 0.029297 0.500000
vt 0.029297 0.500000
vt 0.029297 0.500000
vt 0.029297 0.500000
vt 0.029297 0.500000
vt 0.029297 0.500000
vt 0.029297 0.500000
vt 0.029297 0.500000
vt 0.029297 0.500000
vt 0.029297 0.500000
vt 0.029297 0.500000
vt 0.060547 0.500000
vt 0.060547 0.500000
vt 0.060547 0.500000
vt 0.029297 0.500000
vt 0.029297 0.500000
vt 0.060547 0.500000
vt 0.029297 0.500000
vt 0.029297 0.500000
vt 0.029297 0.500000
vt 0.029297 0.500000
vt 0.060547 0.500000
vt 0.060547 0.500000
vt 0.060547 0.500000
vt 0.029297 0.500000
vt 0.029297 0.500000
vt 0.060547 0.500000
vt 0.060547 0.500000
vt 0.060547 0.500000
vt 0.060547 0.500000
vt 0.060547 0.500000
vt 0.029297 0.500000
vt 0.060547 0.500000
vt 0.060547 0.500000
vt 0.060547 0.500000
vt 0.060547 0.500000
vt 0.060547 0.500000
vt 0.060547 0.500000
vt 0.060547 0.500000
vt 0.060547 0.500000
vt 0.060547 0.500000
vt 0.060547 0.500000
vt 0.060547 0.500000
vt 0.060547 0.500000
vt 0.060547 0.500000
vt 0.060547 0.500000
vt 0.060547 0.500000
vt 0.060547 0.500000
vt 0.029297 0.500000
vt 0.029297 0.500000
vt 0.029297 0.500000
vt 0.060547 0.500000
vt 0.029297 0.500000
vt 0.029297 0.500000
vt 0.029297 0.500000
vt 0.060547 0.500000
vt 0.029297 0.500000
vt 0.029297 0.500000
vt 0.029297 0.500000
vt 0.060547 0.500000
vt 0.029297 0.500000
vt 0.029297 0.500000
vt 0.029297 0.500000
vt 0.060547 0.500000
vt 0.029297 0.500000
vt 0.029297 0.500000
vt 0.029297 0.500000
vt 0.091797 0.500000
vt 0.091797 0.500000
vt 0.091797 0.500000
vt 0.029297 0.500000
vt 0.029297 0.500000
vt 0.029297 0.500000
vt 0.029297 0.500000
vt 0.091797 0.500000
vt 0.091797 0.500000
vt 0.029297 0.500000
vt 0.091797 0.500000
vt 0.029297 0.500000
vt 0.029297 0.500000
vt 0.029297 0.500000
vt 0.091797 0.500000
vt 0.091797 0.500000
vt 0.091797 0.500000
vt 0.029297 0.500000
vt 0.029297 0.500000
vt 0.091797 0.500000
vt 0.029297 0.500000
vt 0.091797 0.500000
vt 0.091797 0.500000
vt 0.091797 0.500000
vt 0.091797 0.500000
vt 0.091797 0.500000
vt 0.091797 0.500000
vt 0.091797 0.500000
vt 0.091797 0.500000
vt 0.029297 0.500000
vt 0.029297 0.500000
vt 0.029297 0.500000
vt 0.029297 0.500000
vt 0.029297 0.500000
vt 0.029297 0.500000
vt 0.029297 0.500000
vt 0.029297 0.500000
vt 0.029297 0.500000
vt 0.029297 0.500000
vt 0.029297 0.500000
vt 0.091797 0.500000
vt 0.091797 0.500000
vt 0.091797 0.500000
vt 0.029297 0.500000
vt 0.029297 0.500000
vt 0.091797 0.500000
vt 0.029297 0.500000
vt 0.029297 0.500000
vt 0.091797 0.500000
vt 0.091797 0.500000
vt 0.091797 0.500000
vt 0.029297 0.500000
vt 0.029297 0.500000
vt 0.091797 0.500000
vt 0.091797 0.500000
vt 0.091797 0.500000
vt 0.091797 0.500000
vt 0.029297 0.500000
vt 0.091797 0.500000
vt 0.091797 0.500000
vt 0.091797 0.500000
vt 0.091797 0.500000
vt 0.091797 0.500000
vt 0.091797 0.500000
vt 0.091797 0.500000
vt 0.091797 0.500000
vt 0.091797 0.500000
vt 0.091797 0.500000
vt 0.091797 0.500000
vt 0.091797 0.500000
vt 0.091797 0.500000
vt 0.091797 0.500000
vt 0.091797 0.500000
vt 0.341797 0.500000
vt 0.341797 0.500000
vt 0.341797 0.500000
vt 0.310547 0.500000
vt 0.310547 0.500000
vt 0.310547 0.500000
vt 0.341797 0.500000
vt 0.310547 0.500000
vt 0.060547 0.500000
vt 0.060547 0.500000
vt 0.060547 0.500000
vt 0.060547 0.500000
vt 0.029297 0.500000
vt 0.029297 0.500000
vt 0.029297 0.500000
vt 0.029297 0.500000
vt 0.029297 0.500000
vt 0.029297 0.500000
vt 0.029297 0.500000
vt 0.029297 0.500000
vt 0.029297 0.500000
vt 0.029297 0.500000
vt 0.029297 0.500000
vt 0.029297 0.500000
vt 0.060547 0.500000
vt 0.060547 0.500000
vt 0.060547 0.500000
vt 0.029297 0.500000
vt 0.060547 0.500000
vt 0.060547 0.500000
vt 0.060547 0.500000
vt 0.029297 0.500000
vt 0.029297 0.500000
vt 0.060547 0.500000
vt 0.060547 0.500000
vt 0.060547 0.500000
vt 0.029297 0.500000
vt 0.029297 0.500000
vt 0.060547 0.500000
vt 0.029297 0.500000
vt 0.029297 0.500000
vt 0.029297 0.500000
vt 0.060547 0.500000
vt 0.060547 0.500000
vt 0.060547 0.500000
vt 0.060547 0.500000
vt 0.060547 0.500000
vt 0.029297 0.500000
vt 0.060547 0.500000
vt 0.060547 0.500000
vt 0.060547 0.500000
vt 0.060547 0.500000
vt 0.060547 0.500000
vt 0.060547 0.500000
vt 0.060547 0.500000
vt 0.060547 0.500000
vt 0.060547 0.500000
vt 0.060547 0.500000
vt 0.060547 0.500000
vt 0.060547 0.500000
vt 0.060547 0.500000
vt 0.060547 0.500000
vt 0.060547 0.500000
vt 0.029297 0.500000
vt 0.029297 0.500000
vt 0.029297 0.500000
vt 0.060547 0.500000
vt 0.060547 0.500000
vt 0.060547 0.500000
vt 0.029297 0.500000
vt 0.029297 0.500000
vt 0.029297 0.500000
vt 0.060547 0.500000
vt 0.029297 0.500000
vt 0.029297 0.500000
vt 0.029297 0.500000
vt 0.029297 0.500000
vt 0.060547 0.500000
vt 0.029297 0.500000
vt 0.029297 0.500000
vt 0.060547 0.500000
vt 0.029297 0.500000
vt 0.029297 0.500000
vt 0.029297 0.500000
vt 0.060547 0.500000
vt 0.029297 0.500000
vt 0.029297 0.500000
vt 0.029297 0.500000
vt 0.029297 0.500000
vt 0.091797 0.500000
vt 0.091797 0.500000
vt 0.091797 0.500000
vt 0.029297 0.500000
vt 0.029297 0.500000
vt 0.029297 0.500000
vt 0.029297 0.500000
vt 0.029297 0.500000
vt 0.091797 0.500000
vt 0.091797 0.500000
vt 0.091797 0.500000
vt 0.029297 0.500000
vt 0.029297 0.500000
vt 0.091797 0.500000
vt 0.091797 0.500000
vt 0.029297 0.500000
vt 0.029297 0.500000
vt 0.091797 0.500000
vt 0.091797 0.500000
vt 0.091797 0.500000
vt 0.029297 0.500000
vt 0.029297 0.500000
vt 0.091797 0.500000
vt 0.091797 0.500000
vt 0.091797 0.500000
vt 0.091797 0.500000
vt 0.029297 0.500000
vt 0.091797 0.500000
vt 0.091797 0.500000
vt 0.091797 0.500000
vt 0.091797 0.500000
vt 0.091797 0.500000
vt 0.091797 0.500000
vt 0.029297 0.500000
vt 0.029297 0.500000
vt 0.029297 0.500000
vt 0.029297 0.500000
vt 0.029297 0.500000
vt 0.029297 0.500000
vt 0.029297 0.500000
vt 0.029297 0.500000
vt 0.029297 0.500000
vt 0.029297 0.500000
vt 0.091797 0.500000
vt 0.091797 0.500000
vt 0.091797 0.500000
vt 0.029297 0.500000
vt 0.029297 0.500000
vt 0.091797 0.500000
vt 0.029297 0.500000
vt 0.029297 0.500000
vt 0.091797 0.500000
vt 0.091797 0.500000
vt 0.091797 0.500000
vt 0.029297 0.500000
vt 0.029297 0.500000
vt 0.091797 0.500000
vt 0.029297 0.500000
vt 0.091797 0.500000
vt 0.091797 0.500000
vt 0.091797 0.500000
vt 0.091797 0.500000
vt 0.091797 0.500000
vt 0.091797 0.500000
vt 0.091797 0.500000
vt 0.091797 0.500000
vt 0.091797 0.500000
vt 0.091797 0.500000
vt 0.091797 0.500000
vt 0.029297 0.500000
vt 0.029297 0.500000
vt 0.029297 0.500000
vt 0.029297 0.500000
vt 0.029297 0.500000
vt 0.029297 0.500000
vt 0.029297 0.500000
vt 0.029297 0.500000
vt 0.029297 0.500000
vt 0.029297 0.500000
vt 0.060547 0.500000
vt 0.060547 0.500000
vt 0.060547 0.500000
vt 0.029297 0.500000
vt 0.060547 0.500000
vt 0.060547 0.500000
vt 0.060547 0.500000
vt 0.029297 0.500000
vt 0.029297 0.500000
vt 0.060547 0.500000
vt 0.029297 0.500000
vt 0.029297 0.500000
vt 0.060547 0.500000
vt 0.060547 0.500000
vt 0.060547 0.500000
vt 0.029297 0.500000
vt 0.029297 0.500000
vt 0.060547 0.500000
vt 0.060547 0.500000
vt 0.060547 0.500000
vt 0.060547 0.500000
vt 0.029297 0.500000
vt 0.060547 0.500000
vt 0.029297 0.500000
vt 0.060547 0.500000
vt 0.060547 0.500000
vt 0.060547 0.500000
vt 0.029297 0.500000
vt 0.060547 0.500000
vt 0.060547 0.500000
vt 0.060547 0.500000
vt 0.060547 0.500000
vt 0.060547 0.500000
vt 0.060547 0.500000
vt 0.060547 0.500000
vt 0.060547 0.500000
vt 0.060547 0.500000
vt 0.060547 0.500000
vt 0.060547 0.500000
vt 0.060547 0.500000
vt 0.029297 0.500000
vt 0.029297 0.500000
vt 0.029297 0.500000
vt 0.060547 0.500000
vt 0.029297 0.500000
vt 0.029297 0.500000
vt 0.029297 0.500000
vt 0.060547 0.500000
vt 0.029297 0.500000
vt 0.029297 0.500000
vt 0.029297 0.500000
vt 0.060547 0.500000
vt 0.029297 0.500000
vt 0.029297 0.500000
vt 0.029297 0.500000
vt 0.029297 0.500000
vt 0.060547 0.500000
vt 0.060547 0.500000
vt 0.029297 0.500000
vt 0.060547 0.500000
vt 0.029297 0.500000
vt 0.060547 0.500000
vt 0.060547 0.500000
vt 0.029297 0.500000
vt 0.029297 0.500000
vt 0.029297 0.500000
vt 0.029297 0.500000
vt 0.029297 0.500000
vt 0.029297 0.500000
vt 0.029297 0.500000
vt 0.091797 0.500000
vt 0.091797 0.500000
vt 0.091797 0.500000
vt 0.029297 0.500000
vt 0.029297 0.500000
vt 0.029297 0.500000
vt 0.029297 0.500000
vt 0.091797 0.500000
vt 0.091797 0.500000
vt 0.091797 0.500000
vt 0.029297 0.500000
vt 0.091797 0.500000
vt 0.091797 0.500000
vt 0.029297 0.500000
vt 0.091797 0.500000
vt 0.091797 0.500000
vt 0.091797 0.500000
vt 0.029297 0.500000
vt 0.091797 0.500000
vt 0.029297 0.500000
vt 0.091797 0.500000
vt 0.091797 0.500000
vt 0.029297 0.500000
vt 0.029297 0.500000
vt 0.091797 0.500000
vt 0.029297 0.500000
vt 0.091797 0.500000
vt 0.091797 0.500000
vt 0.091797 0.500000
vt 0.091797 0.500000
vt 0.091797 0.500000
vt 0.091797 0.500000
vt 0.029297 0.500000
vt 0.029297 0.500000
vt 0.029297 0.500000
vt 0.029297 0.500000
vt 0.029297 0.500000
vt 0.029297 0.500000
vt 0.029297 0.500000
vt 0.029297 0.500000
vt 0.029297 0.500000
vt 0.029297 0.500000
vt 0.091797 0.500000
vt 0.091797 0.500000
vt 0.091797 0.500000
vt 0.029297 0.500000
vt 0.029297 0.500000
vt 0.029297 0.500000
vt 0.091797 0.500000
vt 0.091797 0.500000
vt 0.091797 0.500000
vt 0.029297 0.500000
vt 0.029297 0.500000
vt 0.091797 0.500000
vt 0.091797 0.500000
vt 0.091797 0.500000
vt 0.091797 0.500000
vt 0.029297 0.500000
vt 0.029297 0.500000
vt 0.091797 0.500000
vt 0.091797 0.500000
vt 0.091797 0.500000
vt 0.029297 0.500000
vt 0.029297 0.500000
vt 0.091797 0.500000
vt 0.029297 0.500000
vt 0.029297 0.500000
vt 0.091797 0.500000
vt 0.091797 0.500000
vt 0.091797 0.500000
vt 0.091797 0.500000
vt 0.029297 0.500000
vt 0.029297 0.500000
vt 0.091797 0.500000
vt 0.091797 0.500000
vt 0.091797 0.500000
vt 0.029297 0.500000
vt 0.091797 0.500000
vt 0.091797 0.500000
vt 0.091797 0.500000
vt 0.060547 0.500000
vt 0.060547 0.500000
vt 0.060547 0.500000
vt 0.060547 0.500000
vt 0.060547 0.500000
vt 0.060547 0.500000
vt 0.060547 0.500000
vt 0.060547 0.500000
vt 0.060547 0.500000
vt 0.060547 0.500000
vt 0.060547 0.500000
vt 0.029297 0.500000
vt 0.029297 0.500000
vt 0.029297 0.500000
vt 0.060547 0.500000
vt 0.060547 0.500000
vt 0.029297 0.500000
vt 0.060547 0.500000
vt 0.029297 0.500000
vt 0.029297 0.500000
vt 0.029297 0.500000
vt 0.060547 0.500000
vt 0.029297 0.500000
vt 0.029297 0.500000
vt 0.029297 0.500000
vt 0.060547 0.500000
vt 0.060547 0.500000
vt 0.029297 0.500000
vt 0.029297 0.500000
vt 0.029297 0.500000
vt 0.029297 0.500000
vt 0.060547 0.500000
vt 0.029297 0.500000
vt 0.029297 0.500000
vt 0.060547 0.500000
vt 0.029297 0.500000
vt 0.029297 0.500000
vt 0.060547 0.500000
vt 0.060547 0.500000
vt 0.029297 0.500000
vt 0.060547 0.500000
vt 0.029297 0.500000
vt 0.029297 0.500000
vt 0.029297 0.500000
vt 0.029297 0.500000
vt 0.029297 0.500000
vt 0.029297 0.500000
vt 0.091797 0.500000
vt 0.091797 0.500000
vt 0.091797 0.500000
vt 0.029297 0.500000
vt 0.029297 0.500000
vt 0.091797 0.500000
vt 0.029297 0.500000
vt 0.029297 0.500000
vt 0.029297 0.500000
vt 0.029297 0.500000
vt 0.091797 0.500000
vt 0.091797 0.500000
vt 0.091797 0.500000
vt 0.029297 0.500000
vt 0.029297 0.500000
vt 0.029297 0.500000
vt 0.029297 0.500000
vt 0.091797 0.500000
vt 0.091797 0.500000
vt 0.029297 0.500000
vt 0.091797 0.500000
vt 0.029297 0.500000
vt 0.091797 0.500000
vt 0.091797 0.500000
vt 0.091797 0.500000
vt 0.091797 0.500000
vt 0.029297 0.500000
vt 0.029297 0.500000
vt 0.091797 0.500000
vt 0.091797 0.500000
vt 0.091797 0.500000
vt 0.029297 0.500000
vt 0.091797 0.500000
vt 0.029297 0.500000
vt 0.091797 0.500000
vt 0.091797 0.500000
vt 0.091797 0.500000
vt 0.029297 0.500000
vt 0.091797 0.500000
vt 0.091797 0.500000
vt 0.091797 0.500000
vt 0.060547 0.500000
vt 0.060547 0.500000
vt 0.060547 0.500000
vt 0.029297 0.500000
vt 0.029297 0.500000
vt 0.029297 0.500000
vt 0.029297 0.500000
vt 0.029297 0.500000
vt 0.091797 0.500000
vt 0.091797 0.500000
vt 0.091797 0.500000
vt 0.029297 0.500000
vt 0.060547 0.500000
vt 0.060547 0.500000
vt 0.029297 0.500000
vt 0.060547 0.500000
vt 0.091797 0.500000
vt 0.091797 0.500000
vt 0.029297 0.500000
vt 0.091797 0.500000
vt 0.029297 0.500000
vt 0.029297 0.500000
vt 0.029297 0.500000
vt 0.091797 0.500000
vt 0.029297 0.500000
vt 0.060547 0.500000
vt 0.029297 0.500000
vt 0.029297 0.500000
vt 0.029297 0.500000
vt 0.091797 0.500000
vt 0.091797 0.500000
vt 0.029297 0.500000
vt 0.029297 0.500000
vt 0.060547 0.500000
vt 0.060547 0.500000
vt 0.029297 0.500000
vt 0.091797 0.500000
vt 0.091797 0.500000
vt 0.029297 0.500000
vt 0.091797 0.500000
vt 0.060547 0.500000
vt 0.060547 0.500000
vt 0.029297 0.500000
vt 0.060547 0.500000
vt 0.029297 0.500000
vt 0.091797 0.500000
vt 0.029297 0.500000
vt 0.091797 0.500000
vt 0.029297 0.500000
vt 0.060547 0.500000
vt 0.029297 0.500000
vt 0.029297 0.500000
vt 0.029297 0.500000
vt 0.029297 0.500000
vt 0.091797 0.500000
vt 0.029297 0.500000
vt 0.029297 0.500000
vt 0.060547 0.500000
vt 0.060547 0.500000
vt 0.029297 0.500000
vt 0.091797 0.500000
vt 0.091797 0.500000
vt 0.029297 0.500000
vt 0.091797 0.500000
vt 0.060547 0.500000
vt 0.060547 0.500000
vt 0.029297 0.500000
vt 0.060547 0.500000
vt 0.029297 0.500000
vt 0.060547 0.500000
vt 0.029297 0.500000
vt 0.029297 0.500000
vt 0.060547 0.500000
vt 0.060547 0.500000
vt 0.029297 0.500000
vt 0.029297 0.500000
vt 0.060547 0.500000
vt 0.029297 0.500000
vt 0.091797 0.500000
vt 0.091797 0.500000
vt 0.060547 0.500000
vt 0.060547 0.500000
vt 0.060547 0.500000
vt 0.029297 0.500000
vt 0.029297 0.500000
vt 0.029297 0.500000
vt 0.029297 0.500000
vt 0.029297 0.500000
vt 0.091797 0.500000
vt 0.091797 0.500000
vt 0.091797 0.500000
vt 0.029297 0.500000
vt 0.060547 0.500000
vt 0.060547 0.500000
vt 0.029297 0.500000
vt 0.060547 0.500000
vt 0.091797 0.500000
vt 0.091797 0.500000
vt 0.029297 0.500000
vt 0.091797 0.500000
vt 0.029297 0.500000
vt 0.029297 0.500000
vt 0.091797 0.500000
vt 0.029297 0.500000
vt 0.091797 0.500000
vt 0.060547 0.500000
vt 0.029297 0.500000
vt 0.029297 0.500000
vt 0.060547 0.500000
vt 0.029297 0.500000
vt 0.091797 0.500000
vt 0.029297 0.500000
vt 0.091797 0.500000
vt 0.029297 0.500000
vt 0.029297 0.500000
vt 0.029297 0.500000
vt 0.060547 0.500000
vt 0.060547 0.500000
vt 0.060547 0.500000
vt 0.091797 0.500000
vt 0.091797 0.500000
vt 0.091797 0.500000
vt 0.029297 0.500000
vt 0.029297 0.500000
vt 0.029297 0.500000
vt 0.091797 0.500000
vt 0.029297 0.500000
vt 0.029297 0.500000
vt 0.060547 0.500000
vt 0.029297 0.500000
vt 0.091797 0.500000
vt 0.029297 0.500000
vt 0.029297 0.500000
vt 0.091797 0.500000
vt 0.029297 0.500000
vt 0.029297 0.500000
vt 0.091797 0.500000
vt 0.029297 0.500000
vt 0.029297 0.500000
vt 0.060547 0.500000
vt 0.060547 0.500000
vt 0.060547 0.500000
vt 0.029297 0.500000
vt 0.091797 0.500000
vt 0.091797 0.500000
vt 0.029297 0.500000
vt 0.060547 0.500000
vt 0.029297 0.500000
vt 0.029297 0.500000
vt 0.060547 0.500000
vt 0.029297 0.500000
vt 0.029297 0.500000
vt 0.060547 0.500000
vt 0.029297 0.500000
vt 0.029297 0.500000
vt 0.091797 0.500000
vt 0.091797 0.500000
vt 0.091797 0.500000
vt 0.029297 0.500000
vt 0.060547 0.500000
vt 0.060547 0.500000
vt 0.029297 0.500000
vt 0.029297 0.500000
vt 0.029297 0.500000
vt 0.091797 0.500000
vt 0.029297 0.500000
vt 0.029297 0.500000
vt 0.060547 0.500000
vt 0.060547 0.500000
vt 0.060547 0.500000
vt 0.029297 0.500000
vt 0.091797 0.500000
vt 0.091797 0.500000
vt 0.091797 0.500000
vt 0.029297 0.500000
vt 0.029297 0.500000
vt 0.060547 0.500000
vt 0.029297 0.500000
vt 0.091797 0.500000
vt 0.029297 0.500000
vt 0.029297 0.500000
vt 0.091797 0.500000
vt 0.029297 0.500000
vt 0.060547 0.500000
vt 0.060547 0.500000
vt 0.060547 0.500000
vt 0.029297 0.500000
vt 0.029297 0.500000
vt 0.091797 0.500000
vt 0.029297 0.500000
vt 0.029297 0.500000
vt 0.029297 0.500000
vt 0.060547 0.500000
vt 0.029297 0.500000
vt 0.029297 0.500000
vt 0.091797 0.500000
vt 0.091797 0.500000
vt 0.091797 0.500000
vt 0.029297 0.500000
vt 0.060547 0.500000
vt 0.060547 0.500000
vt 0.029297 0.500000
vt 0.060547 0.500000
vt 0.029297 0.500000
vt 0.029297 0.500000
vt 0.091797 0.500000
vt 0.029297 0.500000
vt 0.091797 0.500000
vt 0.029297 0.500000
vt 0.029297 0.500000
vt 0.029297 0.500000
vt 0.060547 0.500000
vt 0.060547 0.500000
vt 0.029297 0.500000
vt 0.029297 0.500000
vt 0.091797 0.500000
vt 0.091797 0.500000
vt 0.091797 0.500000
vt 0.029297 0.500000
vt 0.060547 0.500000
vt 0.060547 0.500000
vt 0.029297 0.500000
vt 0.060547 0.500000
vt 0.091797 0.500000
vt 0.091797 0.500000
vt 0.029297 0.500000
vt 0.091797 0.500000
vt 0.060547 0.500000
vt 0.029297 0.500000
vt 0.029297 0.500000
vt 0.060547 0.500000
vt 0.029297 0.500000
vt 0.060547 0.500000
vt 0.029297 0.500000
vt 0.029297 0.500000
vt 0.060547 0.500000
vt 0.091797 0.500000
vt 0.029297 0.500000
vt 0.091797 0.500000
vt 0.060547 0.500000
vt 0.060547 0.500000
vt 0.060547 0.500000
vt 0.029297 0.500000
vt 0.029297 0.500000
vt 0.029297 0.500000
vt 0.029297 0.500000
vt 0.029297 0.500000
vt 0.091797 0.500000
vt 0.091797 0.500000
vt 0.091797 0.500000
vt 0.029297 0.500000
vt 0.060547 0.500000
vt 0.060547 0.500000
vt 0.029297 0.500000
vt 0.060547 0.500000
vt 0.091797 0.500000
vt 0.091797 0.500000
vt 0.029297 0.500000
vt 0.091797 0.500000
vt 0.029297 0.500000
vt 0.029297 0.500000
vt 0.029297 0.500000
vt 0.091797 0.500000
vt 0.029297 0.500000
vt 0.060547 0.500000
vt 0.029297 0.500000
vt 0.060547 0.500000
vt 0.091797 0.500000
vt 0.091797 0.500000
vt 0.029297 0.500000
vt 0.091797 0.500000
vt 0.091797 0.500000
vt 0.029297 0.500000
vt 0.029297 0.500000
vt 0.029297 0.500000
vt 0.060547 0.500000
vt 0.060547 0.500000
vt 0.060547 0.500000
vt 0.091797 0.500000
vt 0.091797 0.500000
vt 0.091797 0.500000
vt 0.029297 0.500000
vt 0.029297 0.500000
vt 0.029297 0.500000
vt 0.091797 0.500000
vt 0.060547 0.500000
vt 0.029297 0.500000
vt 0.029297 0.500000
vt 0.060547 0.500000
vt 0.091797 0.500000
vt 0.029297 0.500000
vt 0.029297 0.500000
vt 0.091797 0.500000
vt 0.029297 0.500000
vt 0.029297 0.500000
vt 0.060547 0.500000
vt 0.029297 0.500000
vt 0.029297 0.500000
vt 0.029297 0.500000
vt 0.091797 0.500000
vt 0.029297 0.500000
vt 0.029297 0.500000
vt 0.060547 0.500000
vt 0.060547 0.500000
vt 0.029297 0.500000
vt 0.060547 0.500000
vt 0.060547 0.500000
vt 0.029297 0.500000
vt 0.091797 0.500000
vt 0.091797 0.500000
vt 0.029297 0.500000
vt 0.091797 0.500000
vt 0.310547 0.500000
vt 0.310547 0.500000
vt 0.310547 0.500000
vt 0.310547 0.500000
vt 0.341797 0.500000
vt 0.341797 0.500000
vt 0.341797 0.500000
vt 0.341797 0.500000
vt 0.310547 0.500000
vt 0.310547 0.500000
vt 0.310547 0.500000
vt 0.310547 0.500000
vt 0.060547 0.500000
vt 0.060547 0.500000
vt 0.060547 0.500000
vt 0.060547 0.500000
vt 0.091797 0.500000
vt 0.091797 0.500000
vt 0.091797 0.500000
vt 0.029297 0.500000
vt 0.029297 0.500000
vt 0.029297 0.500000
vt 0.060547 0.500000
vt 0.060547 0.500000
vt 0.060547 0.500000
vt 0.060547 0.500000
vt 0.060547 0.500000
vt 0.029297 0.500000
vt 0.029297 0.500000
vt 0.029297 0.500000
vt 0.029297 0.500000
vt 0.091797 0.500000
vt 0.091797 0.500000
vt 0.029297 0.500000
vt 0.060547 0.500000
vt 0.029297 0.500000
vt 0.029297 0.500000
vt 0.060547 0.500000
vt 0.029297 0.500000
vt 0.091797 0.500000
vt 0.091797 0.500000
vt 0.029297 0.500000
vt 0.029297 0.500000
vt 0.029297 0.500000
vt 0.060547 0.500000
vt 0.029297 0.500000
vt 0.029297 0.500000
vt 0.091797 0.500000
vt 0.091797 0.500000
vt 0.091797 0.500000
vt 0.029297 0.500000
vt 0.060547 0.500000
vt 0.060547 0.500000
vt 0.029297 0.500000
vt 0.060547 0.500000
vt 0.029297 0.500000
vt 0.029297 0.500000
vt 0.091797 0.500000
vt 0.029297 0.500000
vt 0.091797 0.500000
vt 0.091797 0.500000
vt 0.091797 0.500000
vt 0.091797 0.500000
vt 0.029297 0.500000
vt 0.029297 0.500000
vt 0.029297 0.500000
vt 0.029297 0.500000
vt 0.029297 0.500000
vt 0.091797 0.500000
vt 0.060547 0.500000
vt 0.060547 0.500000
vt 0.029297 0.500000
vt 0.029297 0.500000
vt 0.029297 0.500000
vt 0.060547 0.500000
vt 0.060547 0.500000
vt 0.029297 0.500000
vt 0.029297 0.500000
vt 0.029297 0.500000
vt 0.091797 0.500000
vt 0.029297 0.500000
vt 0.060547 0.500000
vt 0.060547 0.500000
vt 0.029297 0.500000
vt 0.060547 0.500000
vt 0.091797 0.500000
vt 0.091797 0.500000
vt 0.029297 0.500000
vt 0.091797 0.500000
vt 0.060547 0.500000
vt 0.060547 0.500000
vt 0.060547 0.500000
vt 0.029297 0.500000
vt 0.029297 0.500000
vt 0.029297 0.500000
vt 0.060547 0.500000
vt 0.029297 0.500000
vt 0.091797 0.500000
vt 0.091797 0.500000
vt 0.091797 0.500000
vt 0.029297 0.500000
vt 0.029297 0.500000
vt 0.060547 0.500000
vt 0.029297 0.500000
vt 0.029297 0.500000
vt 0.091797 0.500000
vt 0.091797 0.500000
vt 0.029297 0.500000
vt 0.091797 0.500000
vt 0.060547 0.500000
vt 0.060547 0.500000
vt 0.029297 0.500000
vt 0.060547 0.500000
vt 0.029297 0.500000
vt 0.029297 0.500000
vt 0.091797 0.500000
vt 0.029297 0.500000
vt 0.060547 0.500000
vt 0.029297 0.500000
vt 0.029297 0.500000
vt 0.060547 0.500000
vt 0.029297 0.500000
vt 0.091797 0.500000
vt 0.091797 0.500000
vt 0.029297 0.500000
vt 0.091797 0.500000
vt 0.029297 0.500000
vt 0.029297 0.500000
vt 0.029297 0.500000
vt 0.060547 0.500000
vt 0.060547 0.500000
vt 0.060547 0.500000
vt 0.029297 0.500000
vt 0.029297 0.500000
vt 0.029297 0.500000
vt 0.091797 0.500000
vt 0.091797 0.500000
vt 0.091797 0.500000
vt 0.029297 0.500000
vt 0.060547 0.500000
vt 0.029297 0.500000
vt 0.029297 0.500000
vt 0.060547 0.500000
vt 0.029297 0.500000
vt 0.091797 0.500000
vt 0.091797 0.500000
vt 0.091797 0.500000
vt 0.029297 0.500000
vt 0.029297 0.500000
vt 0.060547 0.500000
vt 0.029297 0.500000
vt 0.091797 0.500000
vt 0.029297 0.500000
vt 0.029297 0.500000
vt 0.091797 0.500000
vt 0.029297 0.500000
vt 0.060547 0.500000
vt 0.060547 0.500000
vt 0.029297 0.500000
vt 0.060547 0.500000
vt 0.029297 0.500000
vt 0.029297 0.500000
vt 0.029297 0.500000
vt 0.091797 0.500000
vt 0.029297 0.500000
vt 0.091797 0.500000
vt 0.341797 0.500000
vt 0.341797 0.500000
vt 0.341797 0.500000
vt 0.341797 0.500000
vt 0.060547 0.500000
vt 0.060547 0.500000
vt 0.060547 0.500000
vt 0.060547 0.500000
vt 0.091797 0.500000
vt 0.091797 0.500000
vt 0.091797 0.500000
vt 0.341797 0.500000
vt 0.341797 0.500000
vt 0.341797 0.500000
vt 0.310547 0.500000
vt 0.310547 0.500000
vt 0.310547 0.500000
vt 0.310547 0.500000
vt 0.310547 0.500000
vt 0.310547 0.500000
vt 0.341797 0.500000
vt 0.341797 0.500000
vt 0.341797 0.500000
vt 0.310547 0.500000
vt 0.310547 0.500000
vt 0.341797 0.500000
vt 0.310547 0.500000
vt 0.341797 0.500000
vt 0.341797 0.500000
vt 0.310547 0.500000
vt 0.310547 0.500000
vt 0.341797 0.500000
vt 0.341797 0.500000
vt 0.341797 0.500000
vt 0.310547 0.500000
vt 0.310547 0.500000
vt 0.341797 0.500000
vt 0.341797 0.500000
vt 0.310547 0.500000
vt 0.310547 0.500000
vt 0.341797 0.500000
vt 0.310547 0.500000
vt 0.310547 0.500000
vt 0.341797 0.500000
vt 0.341797 0.500000
vt 0.341797 0.500000
vt 0.341797 0.500000
vt 0.060547 0.500000
vt 0.060547 0.500000
vt 0.060547 0.500000
vt 0.060547 0.500000
vt 0.091797 0.500000
vt 0.091797 0.500000
vt 0.091797 0.500000
vt 0.091797 0.500000
vt 0.029297 0.500000
vt 0.029297 0.500000
vt 0.029297 0.500000
vt 0.060547 0.500000
vt 0.060547 0.500000
vt 0.060547 0.500000
vt 0.029297 0.500000
vt 0.060547 0.500000
vt 0.091797 0.500000
vt 0.091797 0.500000
vt 0.091797 0.500000
vt 0.029297 0.500000
vt 0.029297 0.500000
vt 0.029297 0.500000
vt 0.091797 0.500000
vt 0.029297 0.500000
vt 0.029297 0.500000
vt 0.091797 0.500000
vt 0.029297 0.500000
vt 0.060547 0.500000
vt 0.060547 0.500000
vt 0.029297 0.500000
vt 0.060547 0.500000
vt 0.029297 0.500000
vt 0.029297 0.500000
vt 0.060547 0.500000
vt 0.029297 0.500000
vt 0.060547 0.500000
vt 0.029297 0.500000
vt 0.091797 0.500000
vt 0.091797 0.500000
vt 0.029297 0.500000
vt 0.091797 0.500000
vt 0.029297 0.500000
vt 0.029297 0.500000
vt 0.029297 0.500000
vt 0.029297 0.500000
vt 0.060547 0.500000
vt 0.060547 0.500000
vt 0.029297 0.500000
vt 0.060547 0.500000
vt 0.060547 0.500000
vt 0.029297 0.500000
vt 0.029297 0.500000
vt 0.029297 0.500000
vt 0.091797 0.500000
vt 0.091797 0.500000
vt 0.091797 0.500000
vt 0.029297 0.500000
vt 0.060547 0.500000
vt 0.060547 0.500000
vt 0.029297 0.500000
vt 0.060547 0.500000
vt 0.091797 0.500000
vt 0.091797 0.500000
vt 0.029297 0.500000
vt 0.091797 0.500000
vt 0.060547 0.500000
vt 0.029297 0.500000
vt 0.029297 0.500000
vt 0.060547 0.500000
vt 0.029297 0.500000
vt 0.091797 0.500000
vt 0.029297 0.500000
vt 0.091797 0.500000
vt 0.060547 0.500000
vt 0.060547 0.500000
vt 0.060547 0.500000
vt 0.029297 0.500000
vt 0.029297 0.500000
vt 0.029297 0.500000
vt 0.029297 0.500000
vt 0.029297 0.500000
vt 0.091797 0.500000
vt 0.091797 0.500000
vt 0.091797 0.500000
vt 0.029297 0.500000
vt 0.060547 0.500000
vt 0.060547 0.500000
vt 0.029297 0.500000
vt 0.060547 0.500000
vt 0.091797 0.500000
vt 0.091797 0.500000
vt 0.029297 0.500000
vt 0.091797 0.500000
vt 0.060547 0.500000
vt 0.029297 0.500000
vt 0.060547 0.500000
vt 0.029297 0.500000
vt 0.029297 0.500000
vt 0.060547 0.500000
vt 0.029297 0.500000
vt 0.029297 0.500000
vt 0.060547 0.500000
vt 0.029297 0.500000
vt 0.091797 0.500000
vt 0.029297 0.500000
vt 0.091797 0.500000
vt 0.091797 0.500000
vt 0.091797 0.500000
vt 0.091797 0.500000
vt 0.029297 0.500000
vt 0.029297 0.500000
vt 0.029297 0.500000
vt 0.091797 0.500000
vt 0.029297 0.500000
vt 0.029297 0.500000
vt 0.029297 0.500000
vt 0.060547 0.500000
vt 0.060547 0.500000
vt 0.060547 0.500000
vt 0.091797 0.500000
vt 0.029297 0.500000
vt 0.029297 0.500000
vt 0.091797 0.500000
vt 0.029297 0.500000
vt 0.029297 0.500000
vt 0.060547 0.500000
vt 0.029297 0.500000
vt 0.029297 0.500000
vt 0.029297 0.500000
vt 0.091797 0.500000
vt 0.029297 0.500000
vt 0.029297 0.500000
vt 0.060547 0.500000
vt 0.060547 0.500000
vt 0.029297 0.500000
vt 0.060547 0.500000
vt 0.029297 0.500000
vt 0.091797 0.500000
vt 0.091797 0.500000
vt 0.029297 0.500000
vt 0.091797 0.500000
vt 0.091797 0.500000
vt 0.310547 0.500000
vt 0.310547 0.500000
vt 0.310547 0.500000
vt 0.310547 0.500000
vt 0.060547 0.500000
vt 0.060547 0.500000
vt 0.060547 0.500000
vt 0.060547 0.500000
vt 0.091797 0.500000
vt 0.091797 0.500000
vt 0.091797 0.500000
vt 0.310547 0.500000
vt 0.310547 0.500000
vt 0.310547 0.500000
vt 0.341797 0.500000
vt 0.341797 0.500000
vt 0.341797 0.500000
vt 0.341797 0.500000
vt 0.310547 0.500000
vt 0.310547 0.500000
vt 0.310547 0.500000
vt 0.310547 0.500000
vt 0.310547 0.500000
vt 0.341797 0.500000
vt 0.341797 0.500000
vt 0.341797 0.500000
vt 0.310547 0.500000
vt 0.310547 0.500000
vt 0.341797 0.500000
vt 0.310547 0.500000
vt 0.310547 0.500000
vt 0.341797 0.500000
vt 0.341797 0.500000
vt 0.310547 0.500000
vt 0.310547 0.500000
vt 0.341797 0.500000
vt 0.341797 0.500000
vt 0.341797 0.500000
vt 0.310547 0.500000
vt 0.310547 0.500000
vt 0.341797 0.500000
vt 0.310547 0.500000
vt 0.310547 0.500000
vt 0.310547 0.500000
vt 0.310547 0.500000
vt 0.060547 0.500000
vt 0.060547 0.500000
vt 0.060547 0.500000
vt 0.060547 0.500000
vt 0.091797 0.500000
vt 0.091797 0.500000
vt 0.091797 0.500000
vt 0.091797 0.500000
vt 0.029297 0.500000
vt 0.029297 0.500000
vt 0.029297 0.500000
vt 0.029297 0.500000
vt 0.091797 0.500000
vt 0.091797 0.500000
vt 0.029297 0.500000
vt 0.029297 0.500000
vt 0.029297 0.500000
vt 0.029297 0.500000
vt 0.060547 0.500000
vt 0.060547 0.500000
vt 0.060547 0.500000
vt 0.060547 0.500000
vt 0.029297 0.500000
vt 0.091797 0.500000
vt 0.091797 0.500000
vt 0.029297 0.500000
vt 0.029297 0.500000
vt 0.029297 0.500000
vt 0.060547 0.500000
vt 0.029297 0.500000
vt 0.029297 0.500000
vt 0.091797 0.500000
vt 0.091797 0.500000
vt 0.091797 0.500000
vt 0.029297 0.500000
vt 0.060547 0.500000
vt 0.060547 0.500000
vt 0.029297 0.500000
vt 0.060547 0.500000
vt 0.029297 0.500000
vt 0.029297 0.500000
vt 0.091797 0.500000
vt 0.029297 0.500000
vt 0.091797 0.500000
vt 0.060547 0.500000
vt 0.060547 0.500000
vt 0.060547 0.500000
vt 0.029297 0.500000
vt 0.029297 0.500000
vt 0.029297 0.500000
vt 0.060547 0.500000
vt 0.029297 0.500000
vt 0.091797 0.500000
vt 0.091797 0.500000
vt 0.091797 0.500000
vt 0.029297 0.500000
vt 0.029297 0.500000
vt 0.060547 0.500000
vt 0.029297 0.500000
vt 0.029297 0.500000
vt 0.091797 0.500000
vt 0.091797 0.500000
vt 0.029297 0.500000
vt 0.091797 0.500000
vt 0.029297 0.500000
vt 0.060547 0.500000
vt 0.060547 0.500000
vt 0.029297 0.500000
vt 0.029297 0.500000
vt 0.029297 0.500000
vt 0.091797 0.500000
vt 0.029297 0.500000
vt 0.060547 0.500000
vt 0.060547 0.500000
vt 0.029297 0.500000
vt 0.060547 0.500000
vt 0.091797 0.500000
vt 0.091797 0.500000
vt 0.029297 0.500000
vt 0.091797 0.500000
vt 0.060547 0.500000
vt 0.060547 0.500000
vt 0.060547 0.500000
vt 0.029297 0.500000
vt 0.029297 0.500000
vt 0.029297 0.500000
vt 0.029297 0.500000
vt 0.060547 0.500000
vt 0.060547 0.500000
vt 0.029297 0.500000
vt 0.029297 0.500000
vt 0.029297 0.500000
vt 0.091797 0.500000
vt 0.091797 0.500000
vt 0.091797 0.500000
vt 0.029297 0.500000
vt 0.060547 0.500000
vt 0.060547 0.500000
vt 0.029297 0.500000
vt 0.060547 0.500000
vt 0.091797 0.500000
vt 0.091797 0.500000
vt 0.029297 0.500000
vt 0.091797 0.500000
vt 0.060547 0.500000
vt 0.029297 0.500000
vt 0.029297 0.500000
vt 0.060547 0.500000
vt 0.029297 0.500000
vt 0.091797 0.500000
vt 0.029297 0.500000
vt 0.091797 0.500000
vt 0.091797 0.500000
vt 0.091797 0.500000
vt 0.091797 0.500000
vt 0.029297 0.500000
vt 0.029297 0.500000
vt 0.029297 0.500000
vt 0.091797 0.500000
vt 0.029297 0.500000
vt 0.029297 0.500000
vt 0.029297 0.500000
vt 0.060547 0.500000
vt 0.060547 0.500000
vt 0.060547 0.500000
vt 0.029297 0.500000
vt 0.029297 0.500000
vt 0.091797 0.500000
vt 0.029297 0.500000
vt 0.029297 0.500000
vt 0.029297 0.500000
vt 0.060547 0.500000
vt 0.029297 0.500000
vt 0.029297 0.500000
vt 0.091797 0.500000
vt 0.091797 0.500000
vt 0.091797 0.500000
vt 0.029297 0.500000
vt 0.060547 0.500000
vt 0.060547 0.500000
vt 0.029297 0.500000
vt 0.060547 0.500000
vt 0.060547 0.500000
vt 0.029297 0.500000
vt 0.029297 0.500000
vt 0.029297 0.500000
vt 0.091797 0.500000
vt 0.029297 0.500000
vt 0.091797 0.500000
vt 0.310547 0.500000
vt 0.310547 0.500000
vt 0.310547 0.500000
vt 0.310547 0.500000
vt 0.341797 0.500000
vt 0.341797 0.500000
vt 0.341797 0.500000
vt 0.341797 0.500000
vt 0.060547 0.500000
vt 0.060547 0.500000
vt 0.060547 0.500000
vt 0.060547 0.500000
vt 0.091797 0.500000
vt 0.091797 0.500000
vt 0.091797 0.500000
vt 0.029297 0.500000
vt 0.029297 0.500000
vt 0.029297 0.500000
vt 0.029297 0.500000
vt 0.091797 0.500000
vt 0.091797 0.500000
vt 0.029297 0.500000
vt 0.029297 0.500000
vt 0.029297 0.500000
vt 0.029297 0.500000
vt 0.060547 0.500000
vt 0.060547 0.500000
vt 0.060547 0.500000
vt 0.060547 0.500000
vt 0.060547 0.500000
vt 0.029297 0.500000
vt 0.029297 0.500000
vt 0.060547 0.500000
vt 0.029297 0.500000
vt 0.029297 0.500000
vt 0.091797 0.500000
vt 0.091797 0.500000
vt 0.091797 0.500000
vt 0.029297 0.500000
vt 0.060547 0.500000
vt 0.060547 0.500000
vt 0.029297 0.500000
vt 0.060547 0.500000
vt 0.029297 0.500000
vt 0.029297 0.500000
vt 0.091797 0.500000
vt 0.029297 0.500000
vt 0.091797 0.500000
vt 0.060547 0.500000
vt 0.060547 0.500000
vt 0.060547 0.500000
vt 0.029297 0.500000
vt 0.029297 0.500000
vt 0.029297 0.500000
vt 0.060547 0.500000
vt 0.060547 0.500000
vt 0.029297 0.500000
vt 0.029297 0.500000
vt 0.029297 0.500000
vt 0.029297 0.500000
vt 0.091797 0.500000
vt 0.091797 0.500000
vt 0.091797 0.500000
vt 0.029297 0.500000
vt 0.029297 0.500000
vt 0.060547 0.500000
vt 0.060547 0.500000
vt 0.029297 0.500000
vt 0.091797 0.500000
vt 0.091797 0.500000
vt 0.029297 0.500000
vt 0.091797 0.500000
vt 0.060547 0.500000
vt 0.060547 0.500000
vt 0.029297 0.500000
vt 0.060547 0.500000
vt 0.029297 0.500000
vt 0.091797 0.500000
vt 0.029297 0.500000
vt 0.091797 0.500000
vt 0.060547 0.500000
vt 0.060547 0.500000
vt 0.060547 0.500000
vt 0.029297 0.500000
vt 0.029297 0.500000
vt 0.029297 0.500000
vt 0.029297 0.500000
vt 0.060547 0.500000
vt 0.060547 0.500000
vt 0.029297 0.500000
vt 0.060547 0.500000
vt 0.029297 0.500000
vt 0.091797 0.500000
vt 0.091797 0.500000
vt 0.091797 0.500000
vt 0.029297 0.500000
vt 0.060547 0.500000
vt 0.029297 0.500000
vt 0.060547 0.500000
vt 0.029297 0.500000
vt 0.091797 0.500000
vt 0.091797 0.500000
vt 0.029297 0.500000
vt 0.091797 0.500000
vt 0.060547 0.500000
vt 0.029297 0.500000
vt 0.029297 0.500000
vt 0.060547 0.500000
vt 0.029297 0.500000
vt 0.091797 0.500000
vt 0.029297 0.500000
vt 0.091797 0.500000
vt 0.029297 0.500000
vt 0.029297 0.500000
vt 0.029297 0.500000
vt 0.060547 0.500000
vt 0.060547 0.500000
vt 0.060547 0.500000
vt 0.029297 0.500000
vt 0.029297 0.500000
vt 0.060547 0.500000
vt 0.029297 0.500000
vt 0.091797 0.500000
vt 0.091797 0.500000
vt 0.091797 0.500000
vt 0.029297 0.500000
vt 0.029297 0.500000
vt 0.029297 0.500000
vt 0.091797 0.500000
vt 0.060547 0.500000
vt 0.060547 0.500000
vt 0.029297 0.500000
vt 0.060547 0.500000
vt 0.091797 0.500000
vt 0.029297 0.500000
vt 0.029297 0.500000
vt 0.091797 0.500000
vt 0.029297 0.500000
vt 0.029297 0.500000
vt 0.060547 0.500000
vt 0.029297 0.500000
vt 0.029297 0.500000
vt 0.029297 0.500000
vt 0.091797 0.500000
vt 0.029297 0.500000
vt 0.029297 0.500000
vt 0.091797 0.500000
vt 0.091797 0.500000
vt 0.029297 0.500000
vt 0.029297 0.500000
vt 0.060547 0.500000
vt 0.060547 0.500000
vt 0.060547 0.500000
vt 0.029297 0.500000
vt 0.091797 0.500000
vt 0.091797 0.500000
vt 0.091797 0.500000
vt 0.060547 0.500000
vt 0.029297 0.500000
vt 0.029297 0.500000
vt 0.060547 0.500000
vt 0.029297 0.500000
vt 0.029297 0.500000
vt 0.091797 0.500000
vt 0.029297 0.500000
vt 0.029297 0.500000
vt 0.029297 0.500000
vt 0.060547 0.500000
vt 0.029297 0.500000
vt 0.029297 0.500000
vt 0.091797 0.500000
vt 0.091797 0.500000
vt 0.091797 0.500000
vt 0.029297 0.500000
vt 0.060547 0.500000
vt 0.060547 0.500000
vt 0.060547 0.500000
vt 0.029297 0.500000
vt 0.029297 0.500000
vt 0.091797 0.500000
vt 0.029297 0.500000
vt 0.029297 0.500000
vt 0.029297 0.500000
vt 0.060547 0.500000
vt 0.029297 0.500000
vt 0.029297 0.500000
vt 0.091797 0.500000
vt 0.091797 0.500000
vt 0.029297 0.500000
vt 0.029297 0.500000
vt 0.060547 0.500000
vt 0.060547 0.500000
vt 0.029297 0.500000
vt 0.060547 0.500000
vt 0.029297 0.500000
vt 0.091797 0.500000
vt 0.091797 0.500000
vt 0.029297 0.500000
vt 0.091797 0.500000
vt 0.060547 0.500000
vt 0.060547 0.500000
vt 0.029297 0.500000
vt 0.029297 0.500000
vt 0.029297 0.500000
vt 0.029297 0.500000
vt 0.060547 0.500000
vt 0.060547 0.500000
vt 0.029297 0.500000
vt 0.060547 0.500000
vt 0.029297 0.500000
vt 0.091797 0.500000
vt 0.091797 0.500000
vt 0.091797 0.500000
vt 0.029297 0.500000
vt 0.060547 0.500000
vt 0.029297 0.500000
vt 0.060547 0.500000
vt 0.029297 0.500000
vt 0.091797 0.500000
vt 0.091797 0.500000
vt 0.029297 0.500000
vt 0.091797 0.500000
vt 0.060547 0.500000
vt 0.029297 0.500000
vt 0.029297 0.500000
vt 0.060547 0.500000
vt 0.029297 0.500000
vt 0.091797 0.500000
vt 0.029297 0.500000
vt 0.091797 0.500000
vt 0.060547 0.500000
vt 0.060547 0.500000
vt 0.060547 0.500000
vt 0.029297 0.500000
vt 0.029297 0.500000
vt 0.029297 0.500000
vt 0.029297 0.500000
vt 0.029297 0.500000
vt 0.091797 0.500000
vt 0.091797 0.500000
vt 0.091797 0.500000
vt 0.029297 0.500000
vt 0.029297 0.500000
vt 0.060547 0.500000
vt 0.060547 0.500000
vt 0.029297 0.500000
vt 0.029297 0.500000
vt 0.091797 0.500000
vt 0.091797 0.500000
vt 0.029297 0.500000
vt 0.060547 0.500000
vt 0.060547 0.500000
vt 0.029297 0.500000
vt 0.060547 0.500000
vt 0.091797 0.500000
vt 0.091797 0.500000
vt 0.029297 0.500000
vt 0.091797 0.500000
vt 0.029297 0.500000
vt 0.060547 0.500000
vt 0.029297 0.500000
vt 0.029297 0.500000
vt 0.029297 0.500000
vt 0.091797 0.500000
vt 0.029297 0.500000
vt 0.091797 0.500000
vt 0.060547 0.500000
vt 0.060547 0.500000
vt 0.029297 0.500000
vt 0.060547 0.500000
vt 0.029297 0.500000
vt 0.029297 0.500000
vt 0.091797 0.500000
vt 0.029297 0.500000
vt 0.029297 0.500000
vt 0.029297 0.500000
vt 0.091797 0.500000
vt 0.091797 0.500000
vt 0.091797 0.500000
vt 0.060547 0.500000
vt 0.029297 0.500000
vt 0.029297 0.500000
vt 0.029297 0.500000
vt 0.029297 0.500000
vt 0.091797 0.500000
vt 0.029297 0.500000
vt 0.029297 0.500000
vt 0.060547 0.500000
vt 0.060547 0.500000
vt 0.029297 0.500000
vt 0.091797 0.500000
vt 0.091797 0.500000
vt 0.029297 0.500000
vt 0.091797 0.500000
vt 0.060547 0.500000
vt 0.060547 0.500000
vt 0.029297 0.500000
vt 0.029297 0.500000
vt 0.060547 0.500000
vt 0.091797 0.500000
vt 0.029297 0.500000
vt 0.091797 0.500000
vt 0.060547 0.500000
vt 0.029297 0.500000
vt 0.060547 0.500000
vt 0.029297 0.500000
vt 0.029297 0.500000
vt 0.029297 0.500000
vt 0.091797 0.500000
vt 0.029297 0.500000
vt 0.029297 0.500000
vt 0.029297 0.500000
vt 0.091797 0.500000
vt 0.091797 0.500000
vt 0.091797 0.500000
vt 0.060547 0.500000
vt 0.029297 0.500000
vt 0.060547 0.500000
vt 0.029297 0.500000
vt 0.091797 0.500000
vt 0.029297 0.500000
vt 0.091797 0.500000
vt 0.310547 0.500000
vt 0.310547 0.500000
vt 0.310547 0.500000
vt 0.341797 0.500000
vt 0.341797 0.500000
vt 0.341797 0.500000
vt 0.310547 0.500000
vt 0.310547 0.500000
vt 0.310547 0.500000
vt 0.310547 0.500000
vt 0.341797 0.500000
vt 0.310547 0.500000
vt 0.341797 0.500000
vt 0.341797 0.500000
vt 0.341797 0.500000
vt 0.310547 0.500000
vt 0.341797 0.500000
vt 0.341797 0.500000
vt 0.341797 0.500000
vt 0.341797 0.500000
vt 0.310547 0.500000
vt 0.341797 0.500000
vt 0.310547 0.500000
vt 0.310547 0.500000
vt 0.310547 0.500000
vt 0.310547 0.500000
vt 0.310547 0.500000
vt 0.310547 0.500000
vt 0.310547 0.500000
vt 0.310547 0.500000
vt 0.341797 0.500000
vt 0.341797 0.500000
vt 0.341797 0.500000
vt 0.310547 0.500000
vt 0.341797 0.500000
vt 0.060547 0.500000
vt 0.060547 0.500000
vt 0.060547 0.500000
vt 0.060547 0.500000
vt 0.060547 0.500000
vt 0.060547 0.500000
vt 0.060547 0.500000
vt 0.060547 0.500000
vt 0.060547 0.500000
vt 0.060547 0.500000
vt 0.060547 0.500000
vt 0.060547 0.500000
vt 0.060547 0.500000
vt 0.060547 0.500000
vt 0.060547 0.500000
vt 0.060547 0.500000
vt 0.060547 0.500000
vt 0.060547 0.500000
vt 0.029297 0.500000
vt 0.029297 0.500000
vt 0.029297 0.500000
vt 0.029297 0.500000
vt 0.029297 0.500000
vt 0.029297 0.500000
vt 0.029297 0.500000
vt 0.029297 0.500000
vt 0.029297 0.500000
vt 0.029297 0.500000
vt 0.029297 0.500000
vt 0.029297 0.500000
vt 0.029297 0.500000
vt 0.029297 0.500000
vt 0.029297 0.500000
vt 0.029297 0.500000
vt 0.029297 0.500000
vt 0.029297 0.500000
vt 0.029297 0.500000
vt 0.029297 0.500000
vt 0.029297 0.500000
vt 0.029297 0.500000
vt 0.029297 0.500000
vt 0.029297 0.500000
vt 0.060547 0.500000
vt 0.060547 0.500000
vt 0.060547 0.500000
vt 0.060547 0.500000
vt 0.060547 0.500000
vt 0.060547 0.500000
vt 0.060547 0.500000
vt 0.060547 0.500000
vt 0.060547 0.500000
vt 0.060547 0.500000
vt 0.060547 0.500000
vt 0.060547 0.500000
vt 0.060547 0.500000
vt 0.060547 0.500000
vt 0.060547 0.500000
vt 0.060547 0.500000
vt 0.060547 0.500000
vt 0.060547 0.500000
vt 0.060547 0.500000
vt 0.060547 0.500000
vt 0.060547 0.500000
vt 0.060547 0.500000
vt 0.060547 0.500000
vt 0.060547 0.500000
vt 0.060547 0.500000
vt 0.060547 0.500000
vt 0.060547 0.500000
vt 0.060547 0.500000
vt 0.060547 0.500000
vt 0.060547 0.500000
vt 0.060547 0.500000
vt 0.060547 0.500000
vt 0.060547 0.500000
vt 0.060547 0.500000
vt 0.060547 0.500000
vt 0.060547 0.500000
vt 0.310547 0.500000
vt 0.310547 0.500000
vt 0.310547 0.500000
vt 0.341797 0.500000
vt 0.341797 0.500000
vt 0.341797 0.500000
vt 0.310547 0.500000
vt 0.310547 0.500000
vt 0.310547 0.500000
vt 0.310547 0.500000
vt 0.341797 0.500000
vt 0.310547 0.500000
vt 0.341797 0.500000
vt 0.341797 0.500000
vt 0.341797 0.500000
vt 0.341797 0.500000
vt 0.341797 0.500000
vt 0.341797 0.500000
vt 0.341797 0.500000
vt 0.341797 0.500000
vt 0.310547 0.500000
vt 0.310547 0.500000
vt 0.310547 0.500000
vt 0.310547 0.500000
vt 0.310547 0.500000
vt 0.310547 0.500000
vt 0.310547 0.500000
vt 0.310547 0.500000
vt 0.310547 0.500000
vt 0.310547 0.500000
vt 0.310547 0.500000
vt 0.310547 0.500000
vt 0.341797 0.500000
vt 0.341797 0.500000
vt 0.341797 0.500000
vt 0.310547 0.500000
vt 0.341797 0.500000
vt 0.091797 0.500000
vt 0.091797 0.500000
vt 0.091797 0.500000
vt 0.091797 0.500000
vt 0.091797 0.500000
vt 0.091797 0.500000
vt 0.091797 0.500000
vt 0.091797 0.500000
vt 0.091797 0.500000
vt 0.091797 0.500000
vt 0.091797 0.500000
vt 0.091797 0.500000
vt 0.091797 0.500000
vt 0.091797 0.500000
vt 0.091797 0.500000
vt 0.091797 0.500000
vt 0.091797 0.500000
vt 0.091797 0.500000
vt 0.091797 0.500000
vt 0.091797 0.500000
vt 0.091797 0.500000
vt 0.091797 0.500000
vt 0.091797 0.500000
vt 0.091797 0.500000
vt 0.091797 0.500000
vt 0.091797 0.500000
vt 0.091797 0.500000
vt 0.091797 0.500000
vt 0.091797 0.500000
vt 0.091797 0.500000
vt 0.091797 0.500000
vt 0.091797 0.500000
vt 0.091797 0.500000
vt 0.091797 0.500000
vt 0.091797 0.500000
vt 0.091797 0.500000
vt 0.091797 0.500000
vt 0.091797 0.500000
vt 0.091797 0.500000
vt 0.091797 0.500000
vt 0.091797 0.500000
vt 0.091797 0.500000
vt 0.091797 0.500000
vt 0.091797 0.500000
vt 0.091797 0.500000
vt 0.091797 0.500000
vt 0.091797 0.500000
vt 0.091797 0.500000
vt 0.091797 0.500000
vt 0.091797 0.500000
vt 0.091797 0.500000
vt 0.091797 0.500000
vt 0.091797 0.500000
vt 0.091797 0.500000
vt 0.091797 0.500000
vt 0.091797 0.500000
vt 0.091797 0.500000
vt 0.091797 0.500000
vt 0.091797 0.500000
vt 0.091797 0.500000
vt 0.091797 0.500000
vt 0.091797 0.500000
vt 0.091797 0.500000
vt 0.091797 0.500000
vt 0.091797 0.500000
vt 0.091797 0.500000
vt 0.091797 0.500000
vt 0.091797 0.500000
vt 0.091797 0.500000
vt 0.091797 0.500000
vt 0.091797 0.500000
vt 0.091797 0.500000
vn -1.0000 0.0000 0.0000
vn 1.0000 0.0000 0.0000
vn 0.0000 -0.0000 1.0000
vn 0.0000 0.0000 -1.0000
vn 0.0000 -1.0000 -0.0000
vn 0.0000 1.0000 0.0000
usemtl palette.021
s 1
f 1/1/1 2/2/1 3/3/1
f 4/4/1 2/2/1 1/1/1
f 5/5/1 2/2/1 4/4/1
f 6/6/1 2/2/1 5/5/1
f 7/7/1 2/2/1 6/6/1
f 8/8/1 2/2/1 7/7/1
f 9/9/1 1/1/1 3/3/1
f 10/10/1 4/11/1 1/12/1
f 10/13/1 1/1/1 9/9/1
f 11/14/1 5/5/1 4/4/1
f 11/15/1 4/11/1 10/10/1
f 12/16/1 6/17/1 5/18/1
f 12/19/1 5/5/1 11/14/1
f 13/20/1 7/7/1 6/6/1
f 13/21/1 6/17/1 12/16/1
f 14/22/1 7/7/1 13/20/1
f 15/23/1 7/7/1 14/22/1
f 16/24/1 8/25/1 7/26/1
f 16/27/1 7/7/1 15/23/1
f 17/28/1 2/2/1 8/8/1
f 17/29/1 8/25/1 16/24/1
f 18/30/1 2/2/1 17/28/1
f 19/31/1 9/9/1 3/3/1
f 20/32/1 10/10/1 9/33/1
f 20/34/1 9/9/1 19/31/1
f 20/32/1 11/15/1 10/10/1
f 20/32/1 12/16/1 11/15/1
f 20/32/1 13/21/1 12/16/1
f 20/32/1 14/35/1 13/21/1
f 21/36/1 15/23/1 14/22/1
f 21/37/1 14/35/1 20/32/1
f 22/38/1 16/24/1 15/39/1
f 22/40/1 15/23/1 21/36/1
f 22/38/1 18/41/1 17/29/1
f 22/38/1 17/29/1 16/24/1
f 23/42/1 21/37/1 20/32/1
f 23/42/1 20/32/1 19/43/1
f 23/42/1 22/38/1 21/37/1
f 24/44/1 22/38/1 23/42/1
f 25/45/1 18/41/1 22/38/1
f 25/45/1 22/38/1 24/44/1
f 26/46/1 18/41/1 25/45/1
f 27/47/1 23/42/1 19/43/1
f 28/48/1 23/42/1 27/47/1
f 29/49/1 23/42/1 28/48/1
f 30/50/1 24/51/1 23/52/1
f 30/53/1 23/42/1 29/49/1
f 31/54/1 25/45/1 24/44/1
f 31/55/1 24/51/1 30/50/1
f 32/56/1 25/45/1 31/54/1
f 33/57/1 25/45/1 32/56/1
f 34/58/1 25/45/1 33/57/1
f 35/59/1 18/41/1 26/46/1
f 35/60/1 26/61/1 25/62/1
f 36/63/1 18/41/1 35/59/1
f 37/64/1 27/47/1 19/43/1
f 38/65/1 28/66/1 27/67/1
f 38/68/1 27/47/1 37/64/1
f 39/69/1 29/49/1 28/48/1
f 39/70/1 28/66/1 38/65/1
f 40/71/1 30/50/1 29/72/1
f 40/73/1 29/49/1 39/69/1
f 40/71/1 31/55/1 30/50/1
f 40/71/1 32/74/1 31/55/1
f 41/75/1 33/57/1 32/56/1
f 41/76/1 32/74/1 40/71/1
f 42/77/1 34/78/1 33/79/1
f 42/80/1 33/57/1 41/75/1
f 43/81/1 25/45/1 34/58/1
f 43/82/1 34/78/1 42/77/1
f 44/83/1 36/84/1 35/60/1
f 44/85/1 25/45/1 43/81/1
f 44/83/1 35/60/1 25/62/1
f 45/86/1 18/41/1 36/63/1
f 45/87/1 36/84/1 44/83/1
f 46/88/1 18/41/1 45/86/1
f 47/89/1 38/65/1 37/90/1
f 47/89/1 42/77/1 41/76/1
f 47/89/1 46/91/1 45/87/1
f 47/89/1 45/87/1 44/83/1
f 47/89/1 40/71/1 39/70/1
f 47/89/1 43/82/1 42/77/1
f 47/89/1 39/70/1 38/65/1
f 47/89/1 44/83/1 43/82/1
f 47/89/1 41/76/1 40/71/1
f 48/92/1 46/91/1 47/89/1
f 49/93/1 50/94/1 51/95/1
f 52/96/1 50/94/1 49/93/1
f 53/97/1 50/94/1 52/96/1
f 54/98/1 50/94/1 53/97/1
f 55/99/1 50/94/1 54/98/1
f 56/100/1 50/94/1 55/99/1
f 57/101/1 50/94/1 56/100/1
f 58/102/1 50/94/1 57/101/1
f 59/103/1 52/104/1 49/105/1
f 59/106/1 53/97/1 52/96/1
f 60/107/1 54/108/1 53/109/1
f 60/110/1 53/97/1 59/106/1
f 61/111/1 55/99/1 54/98/1
f 61/112/1 54/108/1 60/107/1
f 62/113/1 56/114/1 55/115/1
f 62/116/1 55/99/1 61/111/1
f 63/117/1 57/101/1 56/100/1
f 63/118/1 56/114/1 62/113/1
f 64/119/1 57/101/1 63/117/1
f 65/120/1 57/101/1 64/119/1
f 66/121/1 58/122/1 57/123/1
f 66/124/1 57/101/1 65/120/1
f 67/125/1 65/120/1 64/119/1
f 67/126/1 60/107/1 59/103/1
f 67/126/1 61/112/1 60/107/1
f 67/126/1 64/127/1 63/118/1
f 67/126/1 63/118/1 62/113/1
f 67/126/1 62/113/1 61/112/1
f 68/128/1 66/121/1 65/129/1
f 68/130/1 65/120/1 67/125/1
f 69/131/1 59/103/1 49/105/1
f 69/131/1 67/126/1 59/103/1
f 69/131/1 68/128/1 67/126/1
f 70/132/1 58/122/1 66/121/1
f 70/132/1 66/121/1 68/128/1
f 70/132/1 68/128/1 69/131/1
f 71/133/1 69/131/1 72/134/1
f 73/135/1 69/131/1 71/133/1
f 74/136/1 69/131/1 73/135/1
f 75/137/1 69/131/1 74/136/1
f 76/138/1 77/139/1 70/132/1
f 78/140/1 77/139/1 76/138/1
f 79/141/1 77/139/1 78/140/1
f 80/142/1 77/139/1 79/141/1
f 81/143/1 73/144/1 71/145/1
f 81/146/1 74/136/1 73/135/1
f 82/147/1 74/136/1 81/146/1
f 83/148/1 78/149/1 76/150/1
f 83/151/1 79/141/1 78/140/1
f 84/152/1 80/153/1 79/154/1
f 84/155/1 79/141/1 83/151/1
f 85/156/1 74/136/1 82/147/1
f 85/157/1 82/158/1 81/143/1
f 86/159/1 75/160/1 74/161/1
f 86/162/1 74/136/1 85/156/1
f 87/163/1 86/159/1 85/157/1
f 87/163/1 75/160/1 86/159/1
f 88/164/1 75/160/1 87/163/1
f 89/165/1 83/148/1 76/150/1
f 89/165/1 84/152/1 83/148/1
f 90/166/1 84/152/1 89/165/1
f 91/167/1 85/157/1 81/143/1
f 91/167/1 87/163/1 85/157/1
f 91/167/1 81/143/1 71/145/1
f 92/168/1 87/163/1 91/167/1
f 93/169/1 88/170/1 87/171/1
f 94/172/1 89/165/1 76/150/1
f 95/173/1 90/174/1 89/175/1
f 95/176/1 89/165/1 94/172/1
f 96/177/1 84/152/1 90/166/1
f 96/178/1 90/174/1 95/173/1
f 97/179/1 80/153/1 84/152/1
f 97/179/1 84/152/1 96/177/1
f 98/180/1 91/167/1 71/145/1
f 99/181/1 92/182/1 91/183/1
f 99/184/1 91/167/1 98/180/1
f 100/185/1 87/163/1 92/168/1
f 100/186/1 92/182/1 99/181/1
f 101/187/1 93/169/1 87/171/1
f 101/188/1 87/163/1 100/185/1
f 102/189/1 95/173/1 94/190/1
f 102/189/1 96/178/1 95/173/1
f 102/189/1 97/191/1 96/178/1
f 103/192/1 80/153/1 97/179/1
f 103/193/1 97/191/1 102/189/1
f 104/194/1 80/153/1 103/192/1
f 105/195/1 99/181/1 98/196/1
f 105/195/1 101/187/1 100/186/1
f 105/195/1 100/186/1 99/181/1
f 106/197/1 93/169/1 101/187/1
f 106/197/1 101/187/1 105/195/1
f 107/198/1 104/199/1 103/193/1
f 107/198/1 103/193/1 102/189/1
f 108/200/1 104/199/1 107/198/1
f 109/201/1 107/202/1 106/203/1
f 110/204/1 107/202/1 109/201/1
f 111/205/1 107/202/1 110/204/1
f 112/206/1 107/202/1 111/205/1
f 113/207/1 107/202/1 112/206/1
f 114/208/1 107/202/1 113/207/1
f 115/209/1 107/202/1 114/208/1
f 116/210/1 107/202/1 115/209/1
f 117/211/1 109/201/1 106/203/1
f 118/212/1 110/213/1 109/214/1
f 118/215/1 109/201/1 117/211/1
f 119/216/1 111/205/1 110/204/1
f 119/217/1 110/213/1 118/212/1
f 120/218/1 112/219/1 111/220/1
f 120/221/1 111/205/1 119/216/1
f 121/222/1 113/207/1 112/206/1
f 121/223/1 112/219/1 120/218/1
f 122/224/1 113/207/1 121/222/1
f 123/225/1 113/207/1 122/224/1
f 124/226/1 114/227/1 113/228/1
f 124/229/1 113/207/1 123/225/1
f 125/230/1 115/209/1 114/208/1
f 125/231/1 114/227/1 124/226/1
f 126/232/1 115/209/1 125/230/1
f 127/233/1 118/212/1 117/234/1
f 127/233/1 119/217/1 118/212/1
f 127/233/1 120/218/1 119/217/1
f 127/235/1 123/225/1 122/224/1
f 127/233/1 122/236/1 121/223/1
f 127/233/1 121/223/1 120/218/1
f 128/237/1 126/238/1 125/231/1
f 128/239/1 123/225/1 127/235/1
f 128/237/1 125/231/1 124/226/1
f 128/237/1 124/226/1 123/240/1
f 129/241/1 115/209/1 126/232/1
f 129/242/1 126/238/1 128/237/1
f 130/243/1 116/244/1 115/245/1
f 130/246/1 115/209/1 129/241/1
f 131/247/1 128/237/1 127/233/1
f 131/247/1 127/233/1 117/234/1
f 131/247/1 130/243/1 129/242/1
f 131/247/1 129/242/1 128/237/1
f 132/248/1 116/244/1 130/243/1
f 132/248/1 130/243/1 131/247/1
f 133/249/1 134/250/1 135/251/1
f 136/252/1 137/253/1 134/254/1
f 136/255/1 134/250/1 133/249/1
f 138/256/1 137/253/1 136/252/1
f 139/257/1 140/258/1 141/259/1
f 142/260/1 140/258/1 139/257/1
f 143/261/1 139/262/1 144/263/1
f 145/264/1 139/262/1 143/261/1
f 146/265/1 139/262/1 145/264/1
f 147/266/1 139/262/1 146/265/1
f 148/267/1 149/268/1 142/269/1
f 150/270/1 149/268/1 148/267/1
f 151/271/1 149/268/1 150/270/1
f 152/272/1 149/268/1 151/271/1
f 153/273/1 145/274/1 143/275/1
f 153/276/1 146/265/1 145/264/1
f 154/277/1 147/278/1 146/279/1
f 154/280/1 146/265/1 153/276/1
f 155/281/1 151/271/1 150/270/1
f 156/282/1 152/283/1 151/284/1
f 156/285/1 151/271/1 155/281/1
f 157/286/1 155/281/1 150/270/1
f 157/287/1 150/288/1 148/289/1
f 158/290/1 156/282/1 155/291/1
f 158/292/1 155/281/1 157/286/1
f 159/293/1 153/273/1 143/275/1
f 159/293/1 154/277/1 153/273/1
f 160/294/1 147/278/1 154/277/1
f 160/294/1 154/277/1 159/293/1
f 161/295/1 157/287/1 148/289/1
f 161/295/1 158/290/1 157/287/1
f 162/296/1 156/282/1 158/290/1
f 162/296/1 158/290/1 161/295/1
f 162/296/1 152/283/1 156/282/1
f 163/297/1 159/293/1 164/298/1
f 165/299/1 159/293/1 163/297/1
f 166/300/1 159/293/1 165/299/1
f 167/301/1 159/293/1 166/300/1
f 168/302/1 169/303/1 162/296/1
f 170/304/1 169/303/1 168/302/1
f 171/305/1 169/303/1 170/304/1
f 172/306/1 169/303/1 171/305/1
f 173/307/1 165/308/1 163/309/1
f 173/310/1 166/300/1 165/299/1
f 174/311/1 166/300/1 173/310/1
f 175/312/1 170/313/1 168/314/1
f 175/315/1 171/305/1 170/304/1
f 176/316/1 172/317/1 171/318/1
f 176/319/1 171/305/1 175/315/1
f 177/320/1 166/300/1 174/311/1
f 177/321/1 174/322/1 173/307/1
f 178/323/1 167/324/1 166/325/1
f 178/326/1 166/300/1 177/320/1
f 179/327/1 178/323/1 177/321/1
f 179/327/1 167/324/1 178/323/1
f 180/328/1 172/317/1 176/316/1
f 180/328/1 176/316/1 175/312/1
f 181/329/1 172/317/1 180/328/1
f 182/330/1 177/321/1 173/307/1
f 182/330/1 179/327/1 177/321/1
f 182/330/1 173/307/1 163/309/1
f 183/331/1 179/327/1 182/330/1
f 184/332/1 179/327/1 183/331/1
f 185/333/1 179/327/1 184/332/1
f 186/334/1 175/312/1 168/314/1
f 186/334/1 180/328/1 175/312/1
f 187/335/1 181/336/1 180/337/1
f 187/338/1 180/328/1 186/334/1
f 188/339/1 182/330/1 163/309/1
f 189/340/1 183/341/1 182/342/1
f 189/343/1 182/330/1 188/339/1
f 190/344/1 184/332/1 183/331/1
f 190/345/1 183/341/1 189/340/1
f 191/346/1 185/347/1 184/348/1
f 191/349/1 184/332/1 190/344/1
f 192/350/1 186/334/1 168/314/1
f 193/351/1 187/335/1 186/352/1
f 193/353/1 186/334/1 192/350/1
f 194/354/1 172/317/1 181/329/1
f 194/355/1 187/335/1 193/351/1
f 194/355/1 181/336/1 187/335/1
f 195/356/1 172/317/1 194/354/1
f 196/357/1 190/345/1 189/340/1
f 196/357/1 189/340/1 188/358/1
f 196/357/1 191/346/1 190/345/1
f 197/359/1 185/347/1 191/346/1
f 197/359/1 191/346/1 196/357/1
f 198/360/1 193/351/1 192/361/1
f 198/360/1 195/362/1 194/355/1
f 198/360/1 194/355/1 193/351/1
f 199/363/1 195/362/1 198/360/1
f 200/364/1 201/365/1 197/366/1
f 202/367/1 201/365/1 200/364/1
f 203/368/1 201/365/1 202/367/1
f 204/369/1 201/365/1 203/368/1
f 205/370/1 198/371/1 206/372/1
f 207/373/1 198/371/1 205/370/1
f 208/374/1 198/371/1 207/373/1
f 209/375/1 202/376/1 200/377/1
f 209/378/1 203/368/1 202/367/1
f 210/379/1 204/380/1 203/381/1
f 210/382/1 203/368/1 209/378/1
f 211/383/1 207/373/1 205/370/1
f 212/384/1 208/385/1 207/386/1
f 212/387/1 207/373/1 211/383/1
f 213/388/1 198/371/1 208/374/1
f 213/389/1 208/385/1 212/384/1
f 214/390/1 198/371/1 213/388/1
f 215/391/1 204/380/1 210/379/1
f 215/391/1 210/379/1 209/375/1
f 216/392/1 209/375/1 200/377/1
f 216/392/1 215/391/1 209/375/1
f 217/393/1 215/391/1 216/392/1
f 218/394/1 212/384/1 211/395/1
f 218/394/1 214/396/1 213/389/1
f 218/394/1 213/389/1 212/384/1
f 219/397/1 214/396/1 218/394/1
f 220/398/1 218/394/1 217/393/1
f 221/399/1 218/394/1 220/398/1
f 222/400/1 223/401/1 224/402/1
f 225/403/1 223/401/1 222/400/1
f 226/404/1 227/405/1 228/406/1
f 229/407/1 227/405/1 226/404/1
f 230/408/1 226/404/1 231/409/1
f 232/410/1 226/404/1 230/408/1
f 233/411/1 226/404/1 232/410/1
f 234/412/1 226/404/1 233/411/1
f 235/413/1 230/408/1 231/409/1
f 236/414/1 232/415/1 230/416/1
f 236/417/1 230/408/1 235/413/1
f 237/418/1 233/411/1 232/410/1
f 237/419/1 232/415/1 236/414/1
f 238/420/1 234/421/1 233/422/1
f 238/423/1 233/411/1 237/418/1
f 239/424/1 226/404/1 234/412/1
f 239/425/1 234/421/1 238/420/1
f 240/426/1 226/404/1 239/424/1
f 241/427/1 238/420/1 237/419/1
f 241/428/1 235/413/1 231/409/1
f 241/427/1 240/429/1 239/425/1
f 241/427/1 239/425/1 238/420/1
f 241/427/1 237/419/1 236/414/1
f 241/427/1 236/414/1 235/430/1
f 242/431/1 240/429/1 241/427/1
f 243/432/1 240/429/1 242/431/1
f 244/433/1 240/429/1 243/432/1
f 245/434/1 240/429/1 244/433/1
f 246/435/1 226/404/1 240/426/1
f 246/436/1 240/429/1 245/434/1
f 247/437/1 241/428/1 231/409/1
f 247/437/1 242/438/1 241/428/1
f 248/439/1 243/432/1 242/431/1
f 248/440/1 242/438/1 247/437/1
f 249/441/1 244/442/1 243/443/1
f 249/444/1 243/432/1 248/439/1
f 250/445/1 245/434/1 244/433/1
f 250/446/1 244/442/1 249/441/1
f 251/447/1 246/435/1 245/448/1
f 251/449/1 245/434/1 250/445/1
f 252/450/1 226/404/1 246/435/1
f 252/450/1 246/435/1 251/447/1
f 253/451/1 249/444/1 248/439/1
f 253/451/1 251/449/1 250/445/1
f 253/451/1 252/452/1 251/449/1
f 253/451/1 248/439/1 247/453/1
f 253/454/1 247/437/1 231/409/1
f 253/451/1 250/445/1 249/444/1
f 254/455/1 252/452/1 253/451/1
f 255/456/1 252/452/1 254/455/1
f 256/457/1 252/452/1 255/456/1
f 257/458/1 252/452/1 256/457/1
f 258/459/1 226/404/1 252/450/1
f 258/460/1 252/452/1 257/458/1
f 259/461/1 254/462/1 253/454/1
f 259/463/1 255/456/1 254/455/1
f 260/464/1 256/465/1 255/466/1
f 260/467/1 255/456/1 259/463/1
f 261/468/1 257/458/1 256/457/1
f 261/469/1 256/465/1 260/464/1
f 262/470/1 258/459/1 257/471/1
f 262/472/1 257/458/1 261/468/1
f 263/473/1 231/474/1 225/475/1
f 264/476/1 260/464/1 259/461/1
f 264/476/1 253/454/1 231/409/1
f 264/477/1 231/474/1 263/473/1
f 264/476/1 261/469/1 260/464/1
f 264/476/1 262/470/1 261/469/1
f 264/476/1 259/461/1 253/454/1
f 265/478/1 258/459/1 262/470/1
f 265/478/1 262/470/1 264/476/1
f 265/478/1 226/404/1 258/459/1
f 266/479/1 263/480/1 267/481/1
f 268/482/1 263/480/1 266/479/1
f 269/483/1 270/484/1 265/485/1
f 271/486/1 270/484/1 269/483/1
f 272/487/1 266/488/1 273/489/1
f 274/490/1 266/488/1 272/487/1
f 275/491/1 266/488/1 274/490/1
f 276/492/1 266/488/1 275/491/1
f 277/493/1 266/488/1 276/492/1
f 278/494/1 279/495/1 271/496/1
f 280/497/1 279/495/1 278/494/1
f 281/498/1 279/495/1 280/497/1
f 282/499/1 274/500/1 272/501/1
f 282/502/1 275/491/1 274/490/1
f 283/503/1 276/504/1 275/505/1
f 283/506/1 275/491/1 282/502/1
f 284/507/1 277/493/1 276/492/1
f 284/508/1 276/504/1 283/503/1
f 285/509/1 277/493/1 284/507/1
f 286/510/1 280/497/1 278/494/1
f 287/511/1 281/512/1 280/513/1
f 287/514/1 280/497/1 286/510/1
f 288/515/1 286/510/1 278/494/1
f 289/516/1 287/511/1 286/517/1
f 289/518/1 286/510/1 288/515/1
f 290/519/1 283/503/1 282/499/1
f 290/519/1 282/499/1 272/501/1
f 290/519/1 285/520/1 284/508/1
f 290/519/1 284/508/1 283/503/1
f 291/521/1 285/520/1 290/519/1
f 292/522/1 289/516/1 288/523/1
f 293/524/1 287/511/1 289/516/1
f 293/524/1 289/516/1 292/522/1
f 293/524/1 281/512/1 287/511/1
f 294/525/1 290/519/1 295/526/1
f 296/527/1 290/519/1 294/525/1
f 297/528/1 290/519/1 296/527/1
f 298/529/1 299/530/1 293/524/1
f 300/531/1 299/530/1 298/529/1
f 301/532/1 299/530/1 300/531/1
f 302/533/1 299/530/1 301/532/1
f 303/534/1 297/528/1 296/527/1
f 303/535/1 296/536/1 294/537/1
f 304/538/1 297/528/1 303/534/1
f 305/539/1 300/540/1 298/541/1
f 305/542/1 301/532/1 300/531/1
f 306/543/1 302/544/1 301/545/1
f 306/546/1 301/532/1 305/542/1
f 307/547/1 297/528/1 304/538/1
f 307/548/1 304/549/1 303/535/1
f 308/550/1 297/528/1 307/547/1
f 309/551/1 305/539/1 298/541/1
f 309/551/1 306/543/1 305/539/1
f 310/552/1 302/544/1 306/543/1
f 310/552/1 306/543/1 309/551/1
f 311/553/1 308/554/1 307/548/1
f 311/553/1 307/548/1 303/535/1
f 311/553/1 303/535/1 294/537/1
f 312/555/1 308/554/1 311/553/1
f 313/556/1 302/544/1 310/552/1
f 313/557/1 310/558/1 309/559/1
f 314/560/1 302/544/1 313/556/1
f 315/561/1 311/553/1 294/537/1
f 316/562/1 312/563/1 311/564/1
f 316/565/1 311/553/1 315/561/1
f 317/566/1 308/554/1 312/555/1
f 317/567/1 312/563/1 316/562/1
f 318/568/1 308/554/1 317/566/1
f 319/569/1 309/551/1 298/541/1
f 320/570/1 313/557/1 309/559/1
f 320/571/1 309/551/1 319/569/1
f 320/570/1 314/572/1 313/557/1
f 321/573/1 302/544/1 314/560/1
f 321/574/1 314/572/1 320/570/1
f 322/575/1 302/544/1 321/573/1
f 323/576/1 316/562/1 315/577/1
f 323/576/1 318/578/1 317/567/1
f 323/576/1 317/567/1 316/562/1
f 324/579/1 318/578/1 323/576/1
f 325/580/1 322/581/1 321/574/1
f 325/580/1 320/570/1 319/582/1
f 325/580/1 321/574/1 320/570/1
f 326/583/1 322/581/1 325/580/1
f 327/584/1 328/585/1 324/586/1
f 329/587/1 328/585/1 327/584/1
f 330/588/1 328/585/1 329/587/1
f 331/589/1 328/585/1 330/588/1
f 332/590/1 325/591/1 333/592/1
f 334/593/1 325/591/1 332/590/1
f 335/594/1 325/591/1 334/593/1
f 336/595/1 325/591/1 335/594/1
f 337/596/1 329/597/1 327/598/1
f 337/599/1 330/588/1 329/587/1
f 338/600/1 331/601/1 330/602/1
f 338/603/1 330/588/1 337/599/1
f 339/604/1 334/605/1 332/606/1
f 340/607/1 335/594/1 334/593/1
f 340/608/1 334/605/1 339/604/1
f 341/609/1 336/610/1 335/611/1
f 341/612/1 335/594/1 340/607/1
f 342/613/1 337/596/1 327/598/1
f 342/613/1 338/600/1 337/596/1
f 343/614/1 331/601/1 338/600/1
f 343/614/1 338/600/1 342/613/1
f 344/615/1 340/608/1 339/604/1
f 344/615/1 341/609/1 340/608/1
f 345/616/1 336/610/1 341/609/1
f 345/616/1 341/609/1 344/615/1
f 346/617/1 347/618/1 343/614/1
f 348/619/1 347/618/1 346/617/1
f 349/620/1 344/615/1 350/621/1
f 351/622/1 344/615/1 349/620/1
f 352/623/2 353/624/2 354/625/2
f 354/625/2 353/624/2 355/626/2
f 356/627/2 357/628/2 358/629/2
f 358/629/2 357/628/2 359/630/2
f 360/631/2 358/632/2 361/633/2
f 361/633/2 358/632/2 362/634/2
f 360/631/2 361/633/2 363/635/2
f 361/636/2 362/637/2 364/638/2
f 363/635/2 361/633/2 364/639/2
f 364/638/2 362/637/2 365/640/2
f 360/631/2 363/635/2 366/641/2
f 363/642/2 364/638/2 366/643/2
f 364/639/2 365/644/2 367/645/2
f 366/643/2 364/638/2 367/646/2
f 367/645/2 365/644/2 368/647/2
f 366/641/2 367/645/2 369/648/2
f 367/646/2 368/649/2 369/650/2
f 369/650/2 368/649/2 370/651/2
f 355/626/2 371/652/2 372/653/2
f 371/654/2 360/655/2 373/656/2
f 372/653/2 371/652/2 373/657/2
f 360/631/2 366/641/2 374/658/2
f 373/656/2 360/655/2 374/659/2
f 366/641/2 369/648/2 374/658/2
f 369/648/2 370/660/2 374/658/2
f 374/658/2 370/660/2 375/661/2
f 376/662/2 372/663/2 377/664/2
f 377/664/2 372/663/2 378/665/2
f 375/666/2 379/667/2 380/668/2
f 380/668/2 379/667/2 381/669/2
f 382/670/2 377/671/2 383/672/2
f 383/672/2 377/671/2 384/673/2
f 384/673/2 377/671/2 385/674/2
f 381/675/2 386/676/2 387/677/2
f 387/677/2 386/676/2 388/678/2
f 388/678/2 386/676/2 389/679/2
f 382/670/2 383/672/2 390/680/2
f 383/681/2 384/682/2 391/683/2
f 390/680/2 383/672/2 391/684/2
f 384/673/2 385/674/2 392/685/2
f 391/683/2 384/682/2 392/686/2
f 392/685/2 385/674/2 393/687/2
f 387/677/2 388/678/2 394/688/2
f 394/688/2 388/678/2 395/689/2
f 395/689/2 388/678/2 396/690/2
f 388/691/2 389/692/2 397/693/2
f 396/690/2 388/678/2 397/694/2
f 395/689/2 396/690/2 398/695/2
f 394/696/2 395/697/2 398/698/2
f 396/699/2 397/693/2 399/700/2
f 398/695/2 396/690/2 399/701/2
f 390/702/2 391/683/2 400/703/2
f 392/686/2 393/704/2 400/703/2
f 391/683/2 392/686/2 400/703/2
f 400/703/2 393/704/2 401/705/2
f 398/698/2 399/700/2 402/706/2
f 394/696/2 398/698/2 402/706/2
f 399/700/2 397/693/2 403/707/2
f 402/706/2 399/700/2 403/707/2
f 397/693/2 389/692/2 403/707/2
f 404/708/2 400/703/2 405/709/2
f 405/709/2 400/703/2 406/710/2
f 406/710/2 400/703/2 407/711/2
f 407/711/2 400/703/2 408/712/2
f 403/707/2 409/713/2 410/714/2
f 410/714/2 409/713/2 411/715/2
f 411/715/2 409/713/2 412/716/2
f 412/716/2 409/713/2 413/717/2
f 405/718/2 406/719/2 414/720/2
f 406/710/2 407/711/2 414/721/2
f 407/722/2 408/723/2 415/724/2
f 414/721/2 407/711/2 415/725/2
f 410/726/2 411/727/2 416/728/2
f 411/715/2 412/716/2 416/729/2
f 412/730/2 413/731/2 417/732/2
f 416/729/2 412/716/2 417/733/2
f 405/718/2 414/720/2 418/734/2
f 414/720/2 415/724/2 418/734/2
f 415/724/2 408/723/2 419/735/2
f 418/734/2 415/724/2 419/735/2
f 405/718/2 418/734/2 420/736/2
f 418/737/2 419/738/2 421/739/2
f 420/736/2 418/734/2 421/740/2
f 410/726/2 416/728/2 422/741/2
f 416/728/2 417/732/2 422/741/2
f 417/732/2 413/731/2 423/742/2
f 422/741/2 417/732/2 423/742/2
f 405/718/2 420/736/2 424/743/2
f 420/744/2 421/739/2 425/745/2
f 424/743/2 420/736/2 425/746/2
f 421/739/2 419/738/2 426/747/2
f 425/745/2 421/739/2 426/747/2
f 419/735/2 408/723/2 426/748/2
f 426/748/2 408/723/2 427/749/2
f 410/726/2 422/741/2 428/750/2
f 422/751/2 423/752/2 429/753/2
f 428/750/2 422/741/2 429/754/2
f 423/742/2 413/731/2 430/755/2
f 429/753/2 423/752/2 430/756/2
f 430/755/2 413/731/2 431/757/2
f 426/747/2 427/758/2 432/759/2
f 424/760/2 425/745/2 432/759/2
f 425/745/2 426/747/2 432/759/2
f 432/759/2 427/758/2 433/761/2
f 430/756/2 431/762/2 434/763/2
f 428/764/2 429/753/2 434/763/2
f 429/753/2 430/756/2 434/763/2
f 434/763/2 431/762/2 435/765/2
f 433/766/2 436/767/2 437/768/2
f 437/768/2 436/767/2 438/769/2
f 439/770/2 434/771/2 440/772/2
f 440/772/2 434/771/2 441/773/2
f 441/773/2 434/771/2 442/774/2
f 442/774/2 434/771/2 443/775/2
f 433/766/2 437/768/2 444/776/2
f 437/777/2 438/778/2 445/779/2
f 444/776/2 437/768/2 445/780/2
f 438/769/2 436/767/2 446/781/2
f 445/779/2 438/778/2 446/782/2
f 446/781/2 436/767/2 447/783/2
f 439/770/2 440/772/2 448/784/2
f 440/785/2 441/786/2 449/787/2
f 448/784/2 440/772/2 449/788/2
f 441/773/2 442/774/2 450/789/2
f 449/787/2 441/786/2 450/790/2
f 442/791/2 443/792/2 451/793/2
f 450/789/2 442/774/2 451/794/2
f 444/795/2 445/779/2 452/796/2
f 446/782/2 447/797/2 452/796/2
f 445/779/2 446/782/2 452/796/2
f 450/790/2 451/793/2 453/798/2
f 448/799/2 449/787/2 453/798/2
f 449/787/2 450/790/2 453/798/2
f 444/795/2 452/796/2 454/800/2
f 454/800/2 452/796/2 455/801/2
f 453/798/2 451/793/2 456/802/2
f 451/793/2 443/792/2 457/803/2
f 456/802/2 451/793/2 457/803/2
f 455/801/2 458/804/2 459/805/2
f 459/805/2 458/804/2 460/806/2
f 461/807/2 456/802/2 462/808/2
f 462/808/2 456/802/2 463/809/2
f 464/810/2 465/811/2 466/812/2
f 465/813/2 467/814/2 468/815/2
f 466/812/2 465/811/2 468/816/2
f 468/815/2 467/814/2 469/817/2
f 470/818/2 471/819/2 472/820/2
f 472/820/2 471/819/2 473/821/2
f 474/822/2 472/823/2 475/824/2
f 475/824/2 472/823/2 476/825/2
f 476/825/2 472/823/2 477/826/2
f 477/826/2 472/823/2 478/827/2
f 473/828/2 479/829/2 480/830/2
f 480/830/2 479/829/2 481/831/2
f 481/831/2 479/829/2 482/832/2
f 482/832/2 479/829/2 483/833/2
f 475/834/2 476/835/2 484/836/2
f 476/825/2 477/826/2 484/837/2
f 477/838/2 478/839/2 485/840/2
f 484/837/2 477/826/2 485/841/2
f 478/827/2 472/823/2 486/842/2
f 480/843/2 481/844/2 487/845/2
f 481/831/2 482/832/2 487/846/2
f 487/846/2 482/832/2 488/847/2
f 485/840/2 478/839/2 489/848/2
f 478/827/2 486/842/2 489/849/2
f 484/836/2 485/840/2 489/848/2
f 489/849/2 486/842/2 490/850/2
f 488/847/2 482/832/2 491/851/2
f 487/845/2 488/852/2 491/853/2
f 482/854/2 483/855/2 492/856/2
f 491/851/2 482/832/2 492/857/2
f 489/848/2 490/858/2 493/859/2
f 475/834/2 484/836/2 493/859/2
f 484/836/2 489/848/2 493/859/2
f 493/859/2 490/858/2 494/860/2
f 487/845/2 491/853/2 495/861/2
f 491/853/2 492/856/2 495/861/2
f 480/843/2 487/845/2 495/861/2
f 492/856/2 483/855/2 496/862/2
f 495/861/2 492/856/2 496/862/2
f 497/863/2 493/859/2 498/864/2
f 498/864/2 493/859/2 499/865/2
f 499/865/2 493/859/2 500/866/2
f 496/862/2 501/867/2 502/868/2
f 502/868/2 501/867/2 503/869/2
f 503/869/2 501/867/2 504/870/2
f 504/870/2 501/867/2 505/871/2
f 499/865/2 500/866/2 506/872/2
f 498/873/2 499/874/2 506/875/2
f 506/872/2 500/866/2 507/876/2
f 507/876/2 500/866/2 508/877/2
f 508/877/2 500/866/2 509/878/2
f 502/879/2 503/880/2 510/881/2
f 503/869/2 504/870/2 511/882/2
f 510/881/2 503/880/2 511/883/2
f 504/884/2 505/885/2 512/886/2
f 511/882/2 504/870/2 512/887/2
f 506/875/2 507/888/2 513/889/2
f 507/876/2 508/877/2 513/890/2
f 508/891/2 509/892/2 514/893/2
f 513/890/2 508/877/2 514/894/2
f 513/889/2 514/893/2 515/895/2
f 514/893/2 509/892/2 515/895/2
f 515/895/2 509/892/2 516/896/2
f 506/875/2 513/889/2 517/897/2
f 498/873/2 506/875/2 517/897/2
f 513/889/2 515/895/2 517/897/2
f 517/897/2 515/895/2 518/898/2
f 515/899/2 516/900/2 519/901/2
f 510/881/2 511/883/2 520/902/2
f 511/883/2 512/886/2 520/902/2
f 512/886/2 505/885/2 521/903/2
f 520/902/2 512/886/2 521/903/2
f 521/903/2 505/885/2 522/904/2
f 522/904/2 505/885/2 523/905/2
f 498/873/2 517/897/2 524/906/2
f 517/907/2 518/908/2 525/909/2
f 524/906/2 517/897/2 525/910/2
f 518/898/2 515/895/2 526/911/2
f 525/909/2 518/908/2 526/912/2
f 515/899/2 519/901/2 527/913/2
f 526/911/2 515/895/2 527/914/2
f 510/881/2 520/902/2 528/915/2
f 520/916/2 521/917/2 529/918/2
f 528/915/2 520/902/2 529/919/2
f 521/903/2 522/904/2 530/920/2
f 529/918/2 521/917/2 530/921/2
f 522/922/2 523/923/2 531/924/2
f 530/920/2 522/904/2 531/925/2
f 525/909/2 526/912/2 532/926/2
f 524/927/2 525/909/2 532/926/2
f 526/912/2 527/913/2 532/926/2
f 527/913/2 519/901/2 533/928/2
f 532/926/2 527/913/2 533/928/2
f 530/921/2 531/924/2 534/929/2
f 528/930/2 529/918/2 534/929/2
f 529/918/2 530/921/2 534/929/2
f 531/924/2 523/923/2 535/931/2
f 534/929/2 531/924/2 535/931/2
f 533/932/2 536/933/2 537/934/2
f 537/934/2 536/933/2 538/935/2
f 538/935/2 536/933/2 539/936/2
f 540/937/2 534/938/2 541/939/2
f 541/939/2 534/938/2 542/940/2
f 533/932/2 537/934/2 543/941/2
f 537/942/2 538/943/2 544/944/2
f 543/941/2 537/934/2 544/945/2
f 538/935/2 539/936/2 545/946/2
f 544/944/2 538/943/2 545/947/2
f 545/946/2 539/936/2 546/948/2
f 540/937/2 541/939/2 547/949/2
f 541/950/2 542/951/2 548/952/2
f 547/949/2 541/939/2 548/953/2
f 542/940/2 534/938/2 549/954/2
f 548/952/2 542/951/2 549/955/2
f 549/954/2 534/938/2 550/956/2
f 547/957/2 548/952/2 551/958/2
f 548/952/2 549/955/2 551/958/2
f 549/955/2 550/959/2 551/958/2
f 543/960/2 544/944/2 552/961/2
f 545/947/2 546/962/2 552/961/2
f 544/944/2 545/947/2 552/961/2
f 552/961/2 546/962/2 553/963/2
f 551/958/2 550/959/2 554/964/2
f 554/964/2 550/959/2 555/965/2
f 553/963/2 554/964/2 556/966/2
f 556/966/2 554/964/2 557/967/2
f 558/968/2 559/969/2 560/970/2
f 560/970/2 559/969/2 561/971/2
f 561/971/2 559/969/2 562/972/2
f 562/972/2 559/969/2 563/973/2
f 563/973/2 559/969/2 564/974/2
f 564/974/2 559/969/2 565/975/2
f 558/968/2 560/970/2 566/976/2
f 566/976/2 560/970/2 567/977/2
f 560/978/2 561/979/2 568/980/2
f 561/971/2 562/972/2 568/981/2
f 562/982/2 563/983/2 569/984/2
f 568/981/2 562/972/2 569/985/2
f 563/973/2 564/974/2 570/986/2
f 569/984/2 563/983/2 570/987/2
f 570/986/2 564/974/2 571/988/2
f 571/988/2 564/974/2 572/989/2
f 564/990/2 565/991/2 573/992/2
f 572/989/2 564/974/2 573/993/2
f 567/977/2 560/970/2 574/994/2
f 566/995/2 567/996/2 574/997/2
f 560/978/2 568/980/2 575/998/2
f 574/994/2 560/970/2 575/999/2
f 568/980/2 569/984/2 575/998/2
f 570/987/2 571/1000/2 575/998/2
f 569/984/2 570/987/2 575/998/2
f 571/988/2 572/989/2 576/1001/2
f 575/998/2 571/1000/2 576/1002/2
f 572/1003/2 573/992/2 577/1004/2
f 576/1001/2 572/989/2 577/1005/2
f 575/998/2 576/1002/2 578/1006/2
f 566/995/2 574/997/2 578/1006/2
f 576/1002/2 577/1004/2 578/1006/2
f 574/997/2 575/998/2 578/1006/2
f 573/992/2 565/991/2 579/1007/2
f 577/1004/2 573/992/2 579/1007/2
f 578/1006/2 577/1004/2 579/1007/2
f 580/1008/2 578/1006/2 581/1009/2
f 581/1009/2 578/1006/2 582/1010/2
f 582/1010/2 578/1006/2 583/1011/2
f 583/1011/2 578/1006/2 584/1012/2
f 579/1007/2 585/1013/2 586/1014/2
f 586/1014/2 585/1013/2 587/1015/2
f 587/1015/2 585/1013/2 588/1016/2
f 588/1016/2 585/1013/2 589/1017/2
f 581/1018/2 582/1019/2 590/1020/2
f 582/1010/2 583/1011/2 590/1021/2
f 583/1022/2 584/1023/2 591/1024/2
f 590/1021/2 583/1011/2 591/1025/2
f 586/1026/2 587/1027/2 592/1028/2
f 587/1015/2 588/1016/2 593/1029/2
f 592/1028/2 587/1027/2 593/1030/2
f 588/1031/2 589/1032/2 594/1033/2
f 593/1029/2 588/1016/2 594/1034/2
f 580/1008/2 581/1009/2 595/1035/2
f 581/1018/2 590/1020/2 596/1036/2
f 595/1035/2 581/1009/2 596/1037/2
f 590/1020/2 591/1024/2 596/1036/2
f 594/1033/2 589/1032/2 597/1038/2
f 589/1017/2 585/1013/2 597/1039/2
f 592/1028/2 593/1030/2 597/1038/2
f 593/1030/2 594/1033/2 597/1038/2
f 597/1039/2 585/1013/2 598/1040/2
f 596/1036/2 591/1024/2 599/1041/2
f 595/1042/2 596/1036/2 599/1041/2
f 599/1041/2 591/1024/2 600/1043/2
f 597/1038/2 598/1044/2 601/1045/2
f 592/1028/2 597/1038/2 601/1045/2
f 601/1045/2 598/1044/2 602/1046/2
f 595/1042/2 599/1041/2 603/1047/2
f 599/1048/2 600/1049/2 604/1050/2
f 603/1047/2 599/1041/2 604/1051/2
f 600/1043/2 591/1024/2 605/1052/2
f 591/1024/2 584/1023/2 605/1052/2
f 605/1052/2 584/1023/2 606/1053/2
f 602/1046/2 598/1044/2 607/1054/2
f 601/1055/2 602/1056/2 607/1057/2
f 607/1054/2 598/1044/2 608/1058/2
f 604/1050/2 600/1049/2 609/1059/2
f 603/1060/2 604/1050/2 609/1059/2
f 600/1043/2 605/1052/2 609/1061/2
f 605/1062/2 606/1063/2 610/1064/2
f 609/1061/2 605/1052/2 610/1065/2
f 610/1064/2 606/1063/2 611/1066/2
f 592/1028/2 601/1045/2 612/1067/2
f 607/1057/2 608/1068/2 613/1069/2
f 612/1067/2 601/1045/2 613/1070/2
f 601/1055/2 607/1057/2 613/1069/2
f 608/1058/2 598/1044/2 614/1071/2
f 613/1069/2 608/1068/2 614/1072/2
f 614/1071/2 598/1044/2 615/1073/2
f 603/1060/2 609/1059/2 616/1074/2
f 610/1064/2 611/1066/2 616/1074/2
f 609/1059/2 610/1064/2 616/1074/2
f 616/1074/2 611/1066/2 617/1075/2
f 612/1076/2 613/1069/2 618/1077/2
f 614/1072/2 615/1078/2 618/1077/2
f 613/1069/2 614/1072/2 618/1077/2
f 618/1077/2 615/1078/2 619/1079/2
f 617/1080/2 618/1081/2 620/1082/2
f 620/1082/2 618/1081/2 621/1083/2
f 621/1083/2 618/1081/2 622/1084/2
f 622/1084/2 618/1081/2 623/1085/2
f 623/1085/2 618/1081/2 624/1086/2
f 624/1086/2 618/1081/2 625/1087/2
f 625/1087/2 618/1081/2 626/1088/2
f 626/1088/2 618/1081/2 627/1089/2
f 620/1090/2 621/1091/2 628/1092/2
f 621/1083/2 622/1084/2 628/1093/2
f 628/1093/2 622/1084/2 629/1094/2
f 629/1094/2 622/1084/2 630/1095/2
f 622/1096/2 623/1097/2 631/1098/2
f 630/1095/2 622/1084/2 631/1099/2
f 623/1085/2 624/1086/2 632/1100/2
f 631/1098/2 623/1097/2 632/1101/2
f 624/1102/2 625/1103/2 633/1104/2
f 632/1100/2 624/1086/2 633/1105/2
f 625/1087/2 626/1088/2 634/1106/2
f 626/1107/2 627/1108/2 635/1109/2
f 634/1106/2 626/1088/2 635/1110/2
f 627/1089/2 618/1081/2 636/1111/2
f 635/1109/2 627/1108/2 636/1112/2
f 636/1111/2 618/1081/2 637/1113/2
f 629/1094/2 630/1095/2 638/1114/2
f 628/1092/2 629/1115/2 638/1116/2
f 630/1117/2 631/1098/2 639/1118/2
f 638/1114/2 630/1095/2 639/1119/2
f 631/1098/2 632/1101/2 639/1118/2
f 632/1101/2 633/1104/2 639/1118/2
f 625/1087/2 634/1106/2 640/1120/2
f 639/1118/2 633/1104/2 640/1121/2
f 633/1104/2 625/1103/2 640/1121/2
f 634/1122/2 635/1109/2 641/1123/2
f 640/1120/2 634/1106/2 641/1124/2
f 635/1109/2 636/1112/2 641/1123/2
f 636/1112/2 637/1125/2 641/1123/2
f 639/1118/2 640/1121/2 642/1126/2
f 638/1116/2 639/1118/2 642/1126/2
f 640/1121/2 641/1123/2 642/1126/2
f 620/1090/2 628/1092/2 642/1126/2
f 628/1092/2 638/1116/2 642/1126/2
f 641/1123/2 637/1125/2 643/1127/2
f 642/1126/2 641/1123/2 643/1127/2
f 644/1128/2 645/1129/2 646/1130/2
f 646/1130/2 645/1129/2 647/1131/2
f 647/1131/2 645/1129/2 648/1132/2
f 648/1132/2 645/1129/2 649/1133/2
f 649/1133/2 645/1129/2 650/1134/2
f 650/1134/2 645/1129/2 651/1135/2
f 651/1135/2 645/1129/2 652/1136/2
f 652/1136/2 645/1129/2 653/1137/2
f 644/1128/2 646/1130/2 654/1138/2
f 646/1139/2 647/1140/2 655/1141/2
f 654/1138/2 646/1130/2 655/1142/2
f 647/1131/2 648/1132/2 656/1143/2
f 655/1141/2 647/1140/2 656/1144/2
f 656/1143/2 648/1132/2 657/1145/2
f 648/1146/2 649/1147/2 658/1148/2
f 649/1133/2 650/1134/2 658/1149/2
f 650/1150/2 651/1151/2 659/1152/2
f 658/1149/2 650/1134/2 659/1153/2
f 651/1135/2 652/1136/2 660/1154/2
f 659/1152/2 651/1151/2 660/1155/2
f 652/1156/2 653/1157/2 661/1158/2
f 660/1154/2 652/1136/2 661/1159/2
f 654/1160/2 655/1141/2 662/1161/2
f 657/1145/2 648/1132/2 662/1162/2
f 656/1144/2 657/1163/2 662/1161/2
f 655/1141/2 656/1144/2 662/1161/2
f 660/1155/2 661/1158/2 663/1164/2
f 662/1162/2 648/1132/2 663/1165/2
f 659/1152/2 660/1155/2 663/1164/2
f 658/1148/2 659/1152/2 663/1164/2
f 648/1146/2 658/1148/2 663/1164/2
f 653/1137/2 645/1129/2 664/1166/2
f 663/1164/2 661/1158/2 664/1167/2
f 661/1158/2 653/1157/2 664/1167/2
f 664/1166/2 645/1129/2 665/1168/2
f 662/1161/2 663/1164/2 666/1169/2
f 654/1160/2 662/1161/2 666/1169/2
f 664/1167/2 665/1170/2 666/1169/2
f 663/1164/2 664/1167/2 666/1169/2
f 666/1169/2 665/1170/2 667/1171/2
f 667/1171/2 665/1170/2 668/1172/2
f 668/1172/2 665/1170/2 669/1173/2
f 654/1160/2 666/1169/2 670/1174/2
f 666/1175/2 667/1176/2 671/1177/2
f 670/1174/2 666/1169/2 671/1178/2
f 667/1171/2 668/1172/2 672/1179/2
f 671/1177/2 667/1176/2 672/1180/2
f 672/1179/2 668/1172/2 673/1181/2
f 673/1181/2 668/1172/2 674/1182/2
f 674/1182/2 668/1172/2 675/1183/2
f 675/1183/2 668/1172/2 676/1184/2
f 668/1185/2 669/1186/2 677/1187/2
f 676/1184/2 668/1172/2 677/1188/2
f 669/1173/2 665/1170/2 678/1189/2
f 678/1189/2 665/1170/2 679/1190/2
f 654/1160/2 670/1174/2 680/1191/2
f 670/1192/2 671/1177/2 681/1193/2
f 680/1191/2 670/1174/2 681/1194/2
f 671/1177/2 672/1180/2 681/1193/2
f 672/1180/2 673/1195/2 681/1193/2
f 673/1181/2 674/1182/2 682/1196/2
f 681/1193/2 673/1195/2 682/1197/2
f 674/1198/2 675/1199/2 683/1200/2
f 682/1196/2 674/1182/2 683/1201/2
f 675/1183/2 676/1184/2 684/1202/2
f 683/1200/2 675/1199/2 684/1203/2
f 676/1204/2 677/1187/2 685/1205/2
f 684/1202/2 676/1184/2 685/1206/2
f 677/1187/2 669/1186/2 686/1207/2
f 685/1205/2 677/1187/2 686/1207/2
f 669/1173/2 678/1189/2 686/1208/2
f 678/1209/2 679/1210/2 687/1211/2
f 686/1208/2 678/1189/2 687/1212/2
f 684/1203/2 685/1205/2 688/1213/2
f 682/1197/2 683/1200/2 688/1213/2
f 686/1207/2 687/1211/2 688/1213/2
f 681/1193/2 682/1197/2 688/1213/2
f 680/1214/2 681/1193/2 688/1213/2
f 683/1200/2 684/1203/2 688/1213/2
f 685/1205/2 686/1207/2 688/1213/2
f 687/1211/2 679/1210/2 689/1215/2
f 688/1213/2 687/1211/2 689/1215/2
f 690/1216/3 691/1217/3 692/1218/3
f 690/1219/3 693/1220/3 691/1221/3
f 694/1222/3 693/1220/3 690/1219/3
f 695/1223/3 693/1220/3 694/1222/3
f 696/1224/3 697/1225/3 693/1226/3
f 696/1227/3 693/1220/3 695/1223/3
f 698/1228/3 690/1216/3 692/1218/3
f 698/1228/3 694/1229/3 690/1216/3
f 699/1230/3 695/1223/3 694/1222/3
f 699/1231/3 694/1229/3 698/1228/3
f 700/1232/3 696/1224/3 695/1233/3
f 700/1234/3 695/1223/3 699/1230/3
f 701/1235/3 697/1225/3 696/1224/3
f 701/1235/3 696/1224/3 700/1232/3
f 702/1236/3 700/1234/3 699/1230/3
f 702/1236/3 699/1230/3 698/1237/3
f 702/1236/3 701/1238/3 700/1234/3
f 703/1239/3 697/1225/3 701/1235/3
f 703/1240/3 701/1238/3 702/1236/3
f 704/1241/3 698/1228/3 692/1218/3
f 704/1242/3 702/1236/3 698/1237/3
f 705/1243/3 702/1236/3 704/1242/3
f 706/1244/3 702/1236/3 705/1243/3
f 707/1245/3 703/1239/3 702/1246/3
f 707/1247/3 702/1236/3 706/1244/3
f 708/1248/3 706/1244/3 705/1243/3
f 708/1249/3 705/1250/3 704/1241/3
f 709/1251/3 706/1244/3 708/1248/3
f 710/1252/3 707/1245/3 706/1253/3
f 710/1254/3 706/1244/3 709/1251/3
f 711/1255/3 703/1239/3 707/1245/3
f 711/1255/3 707/1245/3 710/1252/3
f 712/1256/3 704/1241/3 692/1218/3
f 712/1256/3 709/1257/3 708/1249/3
f 712/1256/3 708/1249/3 704/1241/3
f 713/1258/3 710/1254/3 709/1251/3
f 713/1259/3 709/1257/3 712/1256/3
f 713/1258/3 711/1260/3 710/1254/3
f 714/1261/3 703/1239/3 711/1255/3
f 714/1262/3 711/1260/3 713/1258/3
f 715/1263/3 697/1225/3 703/1239/3
f 715/1263/3 703/1239/3 714/1261/3
f 716/1264/3 714/1262/3 713/1258/3
f 716/1265/3 712/1256/3 692/1218/3
f 716/1264/3 715/1266/3 714/1262/3
f 716/1264/3 713/1258/3 712/1267/3
f 717/1268/3 715/1266/3 716/1264/3
f 718/1269/3 715/1266/3 717/1268/3
f 719/1270/3 697/1225/3 715/1263/3
f 719/1271/3 715/1266/3 718/1269/3
f 720/1272/3 718/1269/3 717/1268/3
f 720/1273/3 717/1274/3 716/1265/3
f 721/1275/3 718/1269/3 720/1272/3
f 722/1276/3 719/1270/3 718/1277/3
f 722/1278/3 718/1269/3 721/1275/3
f 723/1279/3 697/1225/3 719/1270/3
f 723/1279/3 719/1270/3 722/1276/3
f 724/1280/3 721/1281/3 720/1273/3
f 724/1280/3 720/1273/3 716/1265/3
f 725/1282/3 722/1278/3 721/1275/3
f 725/1283/3 721/1281/3 724/1280/3
f 725/1282/3 723/1284/3 722/1278/3
f 726/1285/3 724/1280/3 716/1265/3
f 726/1285/3 716/1265/3 692/1218/3
f 727/1286/3 725/1282/3 724/1287/3
f 727/1288/3 724/1280/3 726/1285/3
f 728/1289/3 726/1285/3 692/1218/3
f 729/1290/3 727/1286/3 726/1291/3
f 729/1292/3 726/1285/3 728/1289/3
f 730/1293/3 723/1284/3 725/1282/3
f 730/1293/3 727/1286/3 729/1290/3
f 730/1293/3 725/1282/3 727/1286/3
f 730/1294/3 697/1225/3 723/1279/3
f 731/1295/3 697/1225/3 730/1294/3
f 732/1296/3 733/1297/3 734/1298/3
f 732/1299/3 735/1300/3 733/1301/3
f 736/1302/3 735/1300/3 732/1299/3
f 737/1303/3 735/1300/3 736/1302/3
f 738/1304/3 739/1305/3 735/1306/3
f 738/1307/3 735/1300/3 737/1303/3
f 740/1308/3 732/1296/3 734/1298/3
f 740/1308/3 736/1309/3 732/1296/3
f 741/1310/3 737/1303/3 736/1302/3
f 741/1311/3 736/1309/3 740/1308/3
f 742/1312/3 738/1304/3 737/1313/3
f 742/1314/3 737/1303/3 741/1310/3
f 743/1315/3 738/1304/3 742/1312/3
f 744/1316/3 741/1310/3 740/1317/3
f 744/1318/3 738/1304/3 743/1315/3
f 744/1316/3 743/1319/3 742/1314/3
f 744/1316/3 742/1314/3 741/1310/3
f 745/1320/3 739/1305/3 738/1304/3
f 745/1320/3 738/1304/3 744/1318/3
f 746/1321/3 740/1308/3 734/1298/3
f 747/1322/3 744/1316/3 740/1317/3
f 747/1322/3 745/1323/3 744/1316/3
f 747/1324/3 740/1308/3 746/1321/3
f 748/1325/3 745/1323/3 747/1322/3
f 749/1326/3 739/1305/3 745/1320/3
f 749/1327/3 745/1323/3 748/1325/3
f 750/1328/3 739/1305/3 749/1326/3
f 751/1329/3 752/1330/3 753/1331/3
f 751/1332/3 746/1321/3 752/1333/3
f 754/1334/3 746/1321/3 751/1332/3
f 755/1335/3 756/1336/3 757/1337/3
f 755/1338/3 757/1339/3 750/1340/3
f 758/1341/3 756/1336/3 755/1335/3
f 759/1342/3 754/1343/3 751/1329/3
f 759/1342/3 751/1329/3 753/1331/3
f 760/1344/3 746/1321/3 754/1334/3
f 760/1345/3 754/1343/3 759/1342/3
f 761/1346/3 756/1336/3 758/1341/3
f 761/1347/3 758/1348/3 755/1338/3
f 762/1349/3 756/1336/3 761/1346/3
f 763/1350/3 761/1347/3 755/1338/3
f 763/1350/3 762/1351/3 761/1347/3
f 764/1352/3 756/1336/3 762/1349/3
f 764/1353/3 762/1351/3 763/1350/3
f 765/1354/3 759/1342/3 753/1331/3
f 765/1355/3 760/1344/3 759/1356/3
f 766/1357/3 746/1321/3 760/1344/3
f 766/1357/3 760/1344/3 765/1355/3
f 767/1358/3 755/1338/3 750/1340/3
f 767/1358/3 763/1350/3 755/1338/3
f 768/1359/3 764/1352/3 763/1360/3
f 768/1361/3 763/1350/3 767/1358/3
f 769/1362/3 746/1321/3 766/1357/3
f 769/1363/3 766/1364/3 765/1354/3
f 770/1365/3 746/1321/3 769/1362/3
f 771/1366/3 769/1363/3 765/1354/3
f 771/1366/3 770/1367/3 769/1363/3
f 772/1368/3 746/1321/3 770/1365/3
f 772/1369/3 770/1367/3 771/1366/3
f 773/1370/3 767/1358/3 750/1340/3
f 773/1371/3 768/1359/3 767/1372/3
f 774/1373/3 764/1352/3 768/1359/3
f 774/1373/3 768/1359/3 773/1371/3
f 775/1374/3 765/1354/3 753/1331/3
f 775/1374/3 771/1366/3 765/1354/3
f 776/1375/3 772/1368/3 771/1376/3
f 776/1377/3 771/1366/3 775/1374/3
f 777/1378/3 773/1370/3 750/1340/3
f 777/1378/3 774/1379/3 773/1370/3
f 778/1380/3 764/1352/3 774/1373/3
f 778/1381/3 774/1379/3 777/1378/3
f 779/1382/3 775/1374/3 753/1331/3
f 779/1383/3 776/1375/3 775/1384/3
f 780/1385/3 772/1368/3 776/1375/3
f 780/1385/3 776/1375/3 779/1383/3
f 781/1386/3 777/1378/3 750/1340/3
f 781/1387/3 778/1380/3 777/1388/3
f 782/1389/3 764/1352/3 778/1380/3
f 782/1389/3 778/1380/3 781/1387/3
f 783/1390/3 779/1382/3 753/1331/3
f 783/1390/3 780/1391/3 779/1382/3
f 784/1392/3 772/1368/3 780/1385/3
f 784/1393/3 780/1391/3 783/1390/3
f 785/1394/3 764/1352/3 782/1389/3
f 785/1395/3 782/1396/3 781/1386/3
f 786/1397/3 756/1336/3 764/1352/3
f 786/1397/3 764/1352/3 785/1394/3
f 787/1398/3 783/1390/3 753/1331/3
f 787/1399/3 784/1392/3 783/1400/3
f 788/1401/3 746/1321/3 772/1368/3
f 788/1401/3 784/1392/3 787/1399/3
f 788/1401/3 772/1368/3 784/1392/3
f 789/1402/3 785/1395/3 781/1386/3
f 789/1402/3 786/1403/3 785/1395/3
f 789/1402/3 781/1386/3 750/1340/3
f 790/1404/3 756/1336/3 786/1397/3
f 790/1405/3 786/1403/3 789/1402/3
f 791/1406/3 788/1407/3 787/1398/3
f 792/1408/3 746/1321/3 788/1401/3
f 792/1409/3 788/1407/3 791/1406/3
f 793/1410/3 789/1402/3 750/1340/3
f 793/1411/3 790/1404/3 789/1412/3
f 794/1413/3 790/1404/3 793/1411/3
f 795/1414/3 791/1406/3 787/1398/3
f 795/1414/3 787/1398/3 753/1331/3
f 796/1415/3 792/1408/3 791/1416/3
f 796/1417/3 791/1406/3 795/1414/3
f 797/1418/3 746/1321/3 792/1408/3
f 797/1418/3 792/1408/3 796/1415/3
f 798/1419/3 794/1420/3 793/1410/3
f 798/1419/3 793/1410/3 750/1340/3
f 799/1421/3 790/1404/3 794/1413/3
f 799/1422/3 794/1420/3 798/1419/3
f 800/1423/3 756/1336/3 790/1404/3
f 800/1423/3 790/1404/3 799/1421/3
f 801/1424/3 802/1425/3 803/1426/3
f 801/1427/3 803/1428/3 797/1418/3
f 804/1429/3 802/1425/3 801/1424/3
f 805/1430/3 802/1425/3 804/1429/3
f 806/1431/3 798/1432/3 802/1433/3
f 806/1434/3 802/1425/3 805/1430/3
f 807/1435/3 804/1436/3 801/1427/3
f 808/1437/3 805/1430/3 804/1429/3
f 808/1438/3 804/1436/3 807/1435/3
f 809/1439/3 806/1431/3 805/1440/3
f 809/1441/3 805/1430/3 808/1437/3
f 810/1442/3 798/1432/3 806/1431/3
f 810/1442/3 806/1431/3 809/1439/3
f 811/1443/3 807/1435/3 801/1427/3
f 811/1443/3 801/1427/3 797/1418/3
f 812/1444/3 810/1445/3 809/1441/3
f 812/1446/3 807/1435/3 811/1443/3
f 812/1444/3 809/1441/3 808/1437/3
f 812/1444/3 808/1437/3 807/1447/3
f 813/1448/3 811/1443/3 797/1418/3
f 814/1449/3 812/1444/3 811/1450/3
f 814/1451/3 811/1443/3 813/1448/3
f 815/1452/3 798/1432/3 810/1442/3
f 815/1453/3 812/1444/3 814/1449/3
f 815/1453/3 810/1445/3 812/1444/3
f 816/1454/3 798/1432/3 815/1452/3
f 817/1455/3 818/1456/3 819/1457/3
f 817/1458/3 820/1459/3 818/1460/3
f 821/1461/3 820/1459/3 817/1458/3
f 822/1462/3 820/1459/3 821/1461/3
f 823/1463/3 824/1464/3 820/1465/3
f 823/1466/3 820/1459/3 822/1462/3
f 825/1467/3 817/1455/3 819/1457/3
f 825/1467/3 821/1468/3 817/1455/3
f 826/1469/3 822/1462/3 821/1461/3
f 826/1470/3 821/1468/3 825/1467/3
f 827/1471/3 823/1463/3 822/1472/3
f 827/1473/3 822/1462/3 826/1469/3
f 828/1474/3 824/1464/3 823/1463/3
f 828/1474/3 823/1463/3 827/1471/3
f 829/1475/3 827/1473/3 826/1469/3
f 829/1475/3 826/1469/3 825/1476/3
f 829/1475/3 828/1477/3 827/1473/3
f 830/1478/3 824/1464/3 828/1474/3
f 830/1479/3 828/1477/3 829/1475/3
f 831/1480/3 825/1467/3 819/1457/3
f 832/1481/3 829/1475/3 825/1476/3
f 832/1482/3 825/1467/3 831/1480/3
f 833/1483/3 830/1478/3 829/1484/3
f 833/1485/3 829/1475/3 832/1481/3
f 834/1486/3 830/1478/3 833/1483/3
f 835/1487/3 824/1464/3 830/1478/3
f 835/1487/3 830/1478/3 834/1486/3
f 836/1488/3 837/1489/3 838/1490/3
f 836/1491/3 831/1480/3 837/1492/3
f 839/1493/3 831/1480/3 836/1491/3
f 840/1494/3 841/1495/3 842/1496/3
f 840/1497/3 842/1498/3 835/1499/3
f 843/1500/3 841/1495/3 840/1494/3
f 844/1501/3 831/1480/3 839/1493/3
f 844/1502/3 839/1503/3 836/1488/3
f 845/1504/3 831/1480/3 844/1501/3
f 846/1505/3 841/1495/3 843/1500/3
f 846/1506/3 843/1507/3 840/1497/3
f 847/1508/3 841/1495/3 846/1505/3
f 848/1509/3 845/1510/3 844/1502/3
f 848/1509/3 836/1488/3 838/1490/3
f 848/1509/3 844/1502/3 836/1488/3
f 849/1511/3 831/1480/3 845/1504/3
f 849/1512/3 845/1510/3 848/1509/3
f 850/1513/3 847/1514/3 846/1506/3
f 850/1513/3 840/1497/3 835/1499/3
f 850/1513/3 846/1506/3 840/1497/3
f 851/1515/3 841/1495/3 847/1508/3
f 851/1516/3 847/1514/3 850/1513/3
f 852/1517/3 848/1509/3 838/1490/3
f 853/1518/3 849/1511/3 848/1519/3
f 853/1520/3 848/1509/3 852/1517/3
f 854/1521/3 849/1511/3 853/1518/3
f 855/1522/3 831/1480/3 849/1511/3
f 855/1522/3 849/1511/3 854/1521/3
f 856/1523/3 850/1513/3 835/1499/3
f 857/1524/3 851/1515/3 850/1525/3
f 857/1526/3 850/1513/3 856/1523/3
f 858/1527/3 841/1495/3 851/1515/3
f 858/1527/3 851/1515/3 857/1524/3
f 859/1528/3 860/1529/3 861/1530/3
f 862/1531/3 860/1529/3 859/1528/3
f 863/1532/3 862/1533/3 859/1534/3
f 864/1535/3 862/1533/3 863/1532/3
f 865/1536/3 864/1537/3 863/1538/3
f 866/1539/3 864/1537/3 865/1536/3
f 867/1540/3 852/1541/3 868/1542/3
f 869/1543/3 852/1541/3 867/1540/3
f 870/1544/3 871/1545/3 858/1527/3
f 872/1546/3 871/1545/3 870/1544/3
f 873/1547/3 874/1548/3 869/1549/3
f 873/1550/3 875/1551/3 874/1552/3
f 873/1550/3 876/1553/3 875/1551/3
f 877/1554/3 876/1553/3 873/1550/3
f 878/1555/3 879/1556/3 880/1557/3
f 878/1555/3 880/1557/3 881/1558/3
f 882/1559/3 870/1544/3 879/1560/3
f 882/1561/3 879/1556/3 878/1555/3
f 883/1562/3 876/1553/3 877/1554/3
f 883/1563/3 877/1564/3 873/1547/3
f 884/1565/3 876/1553/3 883/1562/3
f 885/1566/3 878/1555/3 881/1558/3
f 886/1567/3 882/1559/3 878/1568/3
f 886/1569/3 878/1555/3 885/1566/3
f 887/1570/3 873/1547/3 869/1549/3
f 887/1570/3 883/1563/3 873/1547/3
f 887/1570/3 884/1571/3 883/1563/3
f 888/1572/3 876/1553/3 884/1565/3
f 888/1573/3 884/1571/3 887/1570/3
f 889/1574/3 885/1566/3 881/1558/3
f 889/1575/3 886/1567/3 885/1576/3
f 890/1577/3 882/1559/3 886/1567/3
f 890/1577/3 886/1567/3 889/1575/3
f 891/1578/3 887/1570/3 869/1549/3
f 892/1579/3 888/1572/3 887/1580/3
f 892/1581/3 887/1570/3 891/1578/3
f 893/1582/3 876/1553/3 888/1572/3
f 893/1582/3 888/1572/3 892/1579/3
f 894/1583/3 889/1574/3 881/1558/3
f 894/1583/3 890/1584/3 889/1574/3
f 895/1585/3 882/1559/3 890/1577/3
f 895/1586/3 890/1584/3 894/1583/3
f 896/1587/3 870/1544/3 882/1559/3
f 896/1587/3 882/1559/3 895/1585/3
f 897/1588/3 894/1589/3 898/1590/3
f 897/1591/3 899/1592/3 900/1593/3
f 897/1591/3 898/1594/3 901/1595/3
f 897/1591/3 901/1595/3 899/1592/3
f 902/1596/3 894/1589/3 897/1588/3
f 903/1597/3 900/1598/3 893/1582/3
f 903/1599/3 897/1591/3 900/1593/3
f 903/1599/3 902/1600/3 897/1591/3
f 904/1601/3 902/1600/3 903/1599/3
f 905/1602/3 904/1603/3 903/1597/3
f 905/1604/3 902/1600/3 904/1601/3
f 906/1605/3 902/1600/3 905/1604/3
f 907/1606/3 902/1600/3 906/1605/3
f 908/1607/3 894/1589/3 902/1596/3
f 908/1608/3 902/1600/3 907/1606/3
f 909/1609/3 903/1597/3 893/1582/3
f 909/1609/3 905/1602/3 903/1597/3
f 909/1609/3 906/1610/3 905/1602/3
f 910/1611/3 907/1606/3 906/1605/3
f 910/1612/3 906/1610/3 909/1609/3
f 911/1613/3 908/1607/3 907/1614/3
f 911/1615/3 907/1606/3 910/1611/3
f 912/1616/3 894/1589/3 908/1607/3
f 912/1616/3 908/1607/3 911/1613/3
f 913/1617/3 914/1618/3 915/1619/3
f 916/1620/3 917/1621/3 914/1622/3
f 916/1623/3 914/1618/3 913/1617/3
f 918/1624/3 917/1621/3 916/1620/3
f 919/1625/3 920/1626/3 917/1627/3
f 919/1628/3 917/1621/3 918/1624/3
f 921/1629/3 918/1624/3 916/1620/3
f 921/1630/3 913/1617/3 915/1619/3
f 921/1629/3 916/1620/3 913/1631/3
f 922/1632/3 918/1624/3 921/1629/3
f 923/1633/3 919/1625/3 918/1634/3
f 923/1635/3 918/1624/3 922/1632/3
f 924/1636/3 920/1626/3 919/1625/3
f 924/1636/3 919/1625/3 923/1633/3
f 925/1637/3 922/1638/3 921/1630/3
f 925/1637/3 921/1630/3 915/1619/3
f 926/1639/3 923/1635/3 922/1632/3
f 926/1640/3 922/1638/3 925/1637/3
f 926/1639/3 924/1641/3 923/1635/3
f 927/1642/3 924/1641/3 926/1639/3
f 928/1643/3 920/1626/3 924/1636/3
f 928/1644/3 924/1641/3 927/1642/3
f 929/1645/3 925/1637/3 915/1619/3
f 930/1646/3 927/1642/3 926/1639/3
f 930/1646/3 926/1639/3 925/1647/3
f 930/1648/3 925/1637/3 929/1645/3
f 931/1649/3 927/1642/3 930/1646/3
f 932/1650/3 928/1643/3 927/1651/3
f 932/1652/3 927/1642/3 931/1649/3
f 933/1653/3 920/1626/3 928/1643/3
f 933/1653/3 928/1643/3 932/1650/3
f 934/1654/3 935/1655/3 936/1656/3
f 934/1657/3 929/1645/3 935/1658/3
f 937/1659/3 929/1645/3 934/1657/3
f 938/1660/3 939/1661/3 933/1662/3
f 940/1663/3 941/1664/3 939/1665/3
f 940/1666/3 939/1661/3 938/1660/3
f 942/1667/3 929/1645/3 937/1659/3
f 942/1668/3 937/1669/3 934/1654/3
f 943/1670/3 929/1645/3 942/1667/3
f 944/1671/3 938/1660/3 933/1662/3
f 944/1672/3 940/1663/3 938/1673/3
f 945/1674/3 941/1664/3 940/1663/3
f 945/1674/3 940/1663/3 944/1672/3
f 946/1675/3 934/1654/3 936/1656/3
f 946/1675/3 943/1676/3 942/1668/3
f 946/1675/3 942/1668/3 934/1654/3
f 947/1677/3 929/1645/3 943/1670/3
f 947/1678/3 943/1676/3 946/1675/3
f 948/1679/3 941/1664/3 945/1674/3
f 948/1680/3 945/1681/3 944/1671/3
f 949/1682/3 941/1664/3 948/1679/3
f 950/1683/3 946/1675/3 936/1656/3
f 951/1684/3 947/1677/3 946/1685/3
f 951/1686/3 946/1675/3 950/1683/3
f 952/1687/3 929/1645/3 947/1677/3
f 952/1687/3 947/1677/3 951/1684/3
f 953/1688/3 944/1671/3 933/1662/3
f 953/1688/3 948/1680/3 944/1671/3
f 953/1688/3 949/1689/3 948/1680/3
f 954/1690/3 949/1689/3 953/1688/3
f 955/1691/3 941/1664/3 949/1682/3
f 955/1692/3 949/1689/3 954/1690/3
f 956/1693/3 941/1664/3 955/1691/3
f 957/1694/3 958/1695/3 959/1696/3
f 960/1697/3 958/1695/3 957/1694/3
f 961/1698/3 950/1699/3 962/1700/3
f 963/1701/3 950/1699/3 961/1698/3
f 964/1702/3 965/1703/3 956/1693/3
f 966/1704/3 965/1703/3 964/1702/3
f 967/1705/3 961/1706/3 960/1697/3
f 968/1707/3 961/1706/3 967/1705/3
f 969/1708/3 968/1709/3 967/1710/3
f 970/1711/3 968/1709/3 969/1708/3
f 971/1712/3 969/1708/3 967/1710/3
f 972/1713/3 969/1708/3 971/1712/3
f 973/1714/3 970/1715/3 969/1716/3
f 973/1717/3 969/1708/3 972/1713/3
f 974/1718/3 968/1709/3 970/1711/3
f 974/1719/3 970/1715/3 973/1714/3
f 975/1720/3 968/1709/3 974/1718/3
f 976/1721/3 973/1714/3 972/1722/3
f 976/1723/3 972/1713/3 971/1712/3
f 977/1724/3 974/1718/3 973/1717/3
f 977/1725/3 973/1714/3 976/1721/3
f 978/1726/3 975/1727/3 974/1719/3
f 978/1728/3 974/1718/3 977/1724/3
f 979/1729/3 968/1709/3 975/1720/3
f 979/1730/3 975/1727/3 978/1726/3
f 980/1731/3 978/1726/3 977/1725/3
f 980/1732/3 977/1724/3 976/1723/3
f 981/1733/3 979/1729/3 978/1728/3
f 981/1734/3 978/1726/3 980/1731/3
f 982/1735/3 980/1732/3 976/1723/3
f 982/1735/3 976/1723/3 971/1712/3
f 982/1735/3 981/1733/3 980/1732/3
f 983/1736/3 968/1709/3 979/1729/3
f 983/1736/3 979/1729/3 981/1733/3
f 983/1736/3 981/1733/3 982/1735/3
f 984/1737/3 982/1738/3 985/1739/3
f 986/1740/3 982/1738/3 984/1737/3
f 987/1741/3 988/1742/3 983/1743/3
f 989/1744/3 988/1742/3 987/1741/3
f 990/1745/3 991/1746/3 992/1747/3
f 993/1748/3 991/1746/3 990/1745/3
f 994/1749/3 995/1750/3 989/1751/3
f 996/1752/3 997/1753/3 995/1754/3
f 996/1755/3 995/1750/3 994/1749/3
f 996/1752/3 998/1756/3 997/1753/3
f 999/1757/3 1000/1758/3 1001/1759/3
f 999/1757/3 990/1745/3 1000/1758/3
f 999/1760/3 1001/1761/3 1002/1762/3
f 1003/1763/3 990/1745/3 999/1757/3
f 1004/1764/3 999/1760/3 1002/1762/3
f 1004/1764/3 1003/1765/3 999/1760/3
f 1005/1766/3 990/1745/3 1003/1763/3
f 1005/1767/3 1003/1765/3 1004/1764/3
f 1006/1768/3 996/1752/3 994/1769/3
f 1006/1770/3 994/1749/3 989/1751/3
f 1007/1771/3 998/1756/3 996/1752/3
f 1007/1771/3 996/1752/3 1006/1768/3
f 1008/1772/3 1006/1770/3 989/1751/3
f 1008/1772/3 1007/1773/3 1006/1770/3
f 1009/1774/3 998/1756/3 1007/1771/3
f 1009/1775/3 1007/1773/3 1008/1772/3
f 1010/1776/3 998/1756/3 1009/1774/3
f 1011/1777/3 1004/1764/3 1002/1762/3
f 1012/1778/3 1005/1766/3 1004/1779/3
f 1012/1780/3 1004/1764/3 1011/1777/3
f 1013/1781/3 990/1745/3 1005/1766/3
f 1013/1781/3 1005/1766/3 1012/1778/3
f 1014/1782/3 1015/1783/3 1016/1784/3
f 1014/1782/3 1016/1784/3 1017/1785/3
f 1014/1786/3 1017/1787/3 1010/1776/3
f 1018/1788/3 1015/1783/3 1014/1782/3
f 1019/1789/3 1018/1790/3 1014/1786/3
f 1019/1791/3 1015/1783/3 1018/1788/3
f 1020/1792/3 1015/1783/3 1019/1791/3
f 1021/1793/3 1015/1783/3 1020/1792/3
f 1022/1794/3 1011/1795/3 1015/1796/3
f 1022/1797/3 1015/1783/3 1021/1793/3
f 1023/1798/3 1019/1789/3 1014/1786/3
f 1023/1798/3 1020/1799/3 1019/1789/3
f 1024/1800/3 1021/1793/3 1020/1792/3
f 1024/1801/3 1020/1799/3 1023/1798/3
f 1025/1802/3 1022/1794/3 1021/1803/3
f 1025/1804/3 1021/1793/3 1024/1800/3
f 1026/1805/3 1011/1795/3 1022/1794/3
f 1026/1805/3 1022/1794/3 1025/1802/3
f 1027/1806/3 1023/1798/3 1014/1786/3
f 1027/1806/3 1014/1786/3 1010/1776/3
f 1028/1807/3 1026/1808/3 1025/1804/3
f 1028/1809/3 1023/1798/3 1027/1806/3
f 1028/1807/3 1025/1804/3 1024/1800/3
f 1028/1807/3 1024/1800/3 1023/1810/3
f 1029/1811/3 1011/1795/3 1026/1805/3
f 1029/1812/3 1026/1808/3 1028/1807/3
f 1030/1813/3 1011/1795/3 1029/1811/3
f 1031/1814/4 1032/1815/4 1033/1816/4
f 1032/1817/4 1034/1818/4 1033/1819/4
f 1033/1819/4 1034/1818/4 1035/1820/4
f 1035/1820/4 1034/1818/4 1036/1821/4
f 1034/1822/4 1037/1823/4 1038/1824/4
f 1036/1821/4 1034/1818/4 1038/1825/4
f 1031/1814/4 1033/1816/4 1039/1826/4
f 1033/1816/4 1035/1827/4 1039/1826/4
f 1035/1820/4 1036/1821/4 1040/1828/4
f 1039/1826/4 1035/1827/4 1040/1829/4
f 1036/1830/4 1038/1824/4 1041/1831/4
f 1040/1828/4 1036/1821/4 1041/1832/4
f 1038/1824/4 1037/1823/4 1042/1833/4
f 1041/1831/4 1038/1824/4 1042/1833/4
f 1031/1814/4 1039/1826/4 1043/1834/4
f 1040/1828/4 1041/1832/4 1044/1835/4
f 1043/1834/4 1039/1826/4 1044/1836/4
f 1039/1837/4 1040/1828/4 1044/1835/4
f 1041/1832/4 1042/1838/4 1044/1835/4
f 1031/1814/4 1043/1834/4 1045/1839/4
f 1043/1840/4 1044/1835/4 1046/1841/4
f 1045/1839/4 1043/1834/4 1046/1842/4
f 1044/1835/4 1042/1838/4 1047/1843/4
f 1046/1841/4 1044/1835/4 1047/1843/4
f 1042/1833/4 1037/1823/4 1048/1844/4
f 1047/1843/4 1042/1838/4 1048/1845/4
f 1048/1844/4 1037/1823/4 1049/1846/4
f 1050/1847/4 1051/1848/4 1052/1849/4
f 1049/1850/4 1050/1851/4 1052/1852/4
f 1052/1849/4 1051/1848/4 1053/1853/4
f 1054/1854/4 1055/1855/4 1056/1856/4
f 1055/1857/4 1045/1839/4 1056/1858/4
f 1056/1858/4 1045/1839/4 1057/1859/4
f 1053/1853/4 1051/1848/4 1058/1860/4
f 1052/1852/4 1053/1861/4 1058/1862/4
f 1058/1860/4 1051/1848/4 1059/1863/4
f 1056/1856/4 1057/1864/4 1060/1865/4
f 1054/1854/4 1056/1856/4 1060/1865/4
f 1057/1859/4 1045/1839/4 1061/1866/4
f 1060/1865/4 1057/1864/4 1061/1867/4
f 1049/1850/4 1052/1852/4 1062/1868/4
f 1058/1862/4 1059/1869/4 1062/1868/4
f 1052/1852/4 1058/1862/4 1062/1868/4
f 1059/1863/4 1051/1848/4 1063/1870/4
f 1062/1868/4 1059/1869/4 1063/1871/4
f 1054/1854/4 1060/1865/4 1064/1872/4
f 1060/1873/4 1061/1866/4 1065/1874/4
f 1064/1872/4 1060/1865/4 1065/1875/4
f 1061/1866/4 1045/1839/4 1066/1876/4
f 1065/1874/4 1061/1866/4 1066/1876/4
f 1049/1850/4 1062/1868/4 1067/1877/4
f 1062/1878/4 1063/1870/4 1068/1879/4
f 1067/1877/4 1062/1868/4 1068/1880/4
f 1068/1879/4 1063/1870/4 1069/1881/4
f 1063/1870/4 1051/1848/4 1070/1882/4
f 1069/1881/4 1063/1870/4 1070/1882/4
f 1071/1883/4 1072/1884/4 1073/1885/4
f 1073/1885/4 1072/1884/4 1074/1886/4
f 1075/1887/4 1064/1888/4 1076/1889/4
f 1076/1889/4 1064/1888/4 1077/1890/4
f 1070/1882/4 1078/1891/4 1079/1892/4
f 1079/1892/4 1078/1891/4 1080/1893/4
f 1074/1886/4 1076/1894/4 1081/1895/4
f 1081/1895/4 1076/1894/4 1082/1896/4
f 1081/1897/4 1082/1898/4 1083/1899/4
f 1083/1899/4 1082/1898/4 1084/1900/4
f 1083/1901/4 1084/1902/4 1085/1903/4
f 1085/1903/4 1084/1902/4 1086/1904/4
f 1083/1901/4 1085/1903/4 1087/1905/4
f 1085/1906/4 1086/1907/4 1088/1908/4
f 1087/1905/4 1085/1903/4 1088/1909/4
f 1086/1904/4 1084/1902/4 1089/1910/4
f 1088/1908/4 1086/1907/4 1089/1911/4
f 1089/1910/4 1084/1902/4 1090/1912/4
f 1083/1901/4 1087/1905/4 1091/1913/4
f 1087/1914/4 1088/1908/4 1092/1915/4
f 1091/1913/4 1087/1905/4 1092/1916/4
f 1088/1909/4 1089/1910/4 1093/1917/4
f 1092/1915/4 1088/1908/4 1093/1918/4
f 1089/1911/4 1090/1919/4 1094/1920/4
f 1093/1917/4 1089/1910/4 1094/1921/4
f 1090/1912/4 1084/1902/4 1095/1922/4
f 1094/1920/4 1090/1919/4 1095/1923/4
f 1095/1922/4 1084/1902/4 1096/1924/4
f 1097/1925/4 1091/1913/4 1098/1926/4
f 1098/1926/4 1091/1913/4 1099/1927/4
f 1096/1928/4 1100/1929/4 1101/1930/4
f 1101/1930/4 1100/1929/4 1102/1931/4
f 1103/1932/4 1104/1933/4 1105/1934/4
f 1105/1934/4 1104/1933/4 1106/1935/4
f 1107/1936/4 1108/1937/4 1109/1938/4
f 1110/1939/4 1107/1936/4 1109/1938/4
f 1108/1940/4 1105/1934/4 1111/1941/4
f 1109/1938/4 1108/1937/4 1111/1942/4
f 1102/1943/4 1112/1944/4 1113/1945/4
f 1112/1946/4 1114/1947/4 1113/1948/4
f 1113/1948/4 1114/1947/4 1115/1949/4
f 1110/1939/4 1109/1938/4 1116/1950/4
f 1109/1951/4 1111/1941/4 1117/1952/4
f 1116/1950/4 1109/1938/4 1117/1953/4
f 1102/1943/4 1113/1945/4 1118/1954/4
f 1113/1945/4 1115/1955/4 1118/1954/4
f 1115/1949/4 1114/1947/4 1119/1956/4
f 1118/1954/4 1115/1955/4 1119/1957/4
f 1110/1939/4 1116/1950/4 1120/1958/4
f 1116/1959/4 1117/1952/4 1120/1960/4
f 1117/1952/4 1111/1941/4 1121/1961/4
f 1120/1960/4 1117/1952/4 1121/1961/4
f 1102/1943/4 1118/1954/4 1122/1962/4
f 1118/1963/4 1119/1956/4 1123/1964/4
f 1122/1962/4 1118/1954/4 1123/1965/4
f 1119/1956/4 1114/1947/4 1124/1966/4
f 1123/1964/4 1119/1956/4 1124/1966/4
f 1110/1939/4 1120/1958/4 1125/1967/4
f 1120/1958/4 1121/1968/4 1125/1967/4
f 1121/1961/4 1111/1941/4 1126/1969/4
f 1125/1967/4 1121/1968/4 1126/1970/4
f 1111/1941/4 1105/1934/4 1127/1971/4
f 1126/1969/4 1111/1941/4 1127/1971/4
f 1128/1972/4 1129/1973/4 1130/1974/4
f 1124/1966/4 1128/1972/4 1130/1974/4
f 1129/1975/4 1131/1976/4 1132/1977/4
f 1130/1974/4 1129/1973/4 1132/1978/4
f 1132/1977/4 1131/1976/4 1133/1979/4
f 1131/1980/4 1125/1981/4 1134/1982/4
f 1133/1979/4 1131/1976/4 1134/1983/4
f 1132/1977/4 1133/1979/4 1135/1984/4
f 1124/1966/4 1130/1974/4 1135/1985/4
f 1130/1986/4 1132/1977/4 1135/1984/4
f 1135/1984/4 1133/1979/4 1136/1987/4
f 1133/1988/4 1134/1982/4 1137/1989/4
f 1136/1987/4 1133/1979/4 1137/1990/4
f 1134/1982/4 1125/1981/4 1138/1991/4
f 1137/1989/4 1134/1982/4 1138/1991/4
f 1136/1987/4 1137/1990/4 1139/1992/4
f 1135/1985/4 1136/1993/4 1139/1994/4
f 1137/1990/4 1138/1995/4 1139/1992/4
f 1139/1992/4 1138/1995/4 1140/1996/4
f 1140/1996/4 1138/1995/4 1141/1997/4
f 1138/1991/4 1125/1981/4 1142/1998/4
f 1141/1997/4 1138/1995/4 1142/1999/4
f 1124/1966/4 1135/1985/4 1143/2000/4
f 1135/1985/4 1139/1994/4 1143/2000/4
f 1139/1994/4 1140/2001/4 1143/2000/4
f 1140/1996/4 1141/1997/4 1144/2002/4
f 1143/2000/4 1140/2001/4 1144/2003/4
f 1141/2004/4 1142/1998/4 1145/2005/4
f 1144/2002/4 1141/1997/4 1145/2006/4
f 1142/1998/4 1125/1981/4 1146/2007/4
f 1145/2005/4 1142/1998/4 1146/2007/4
f 1147/2008/4 1148/2009/4 1149/2010/4
f 1148/2011/4 1150/2012/4 1149/2013/4
f 1149/2013/4 1150/2012/4 1151/2014/4
f 1149/2010/4 1151/2015/4 1152/2016/4
f 1151/2014/4 1150/2012/4 1152/2017/4
f 1152/2017/4 1150/2012/4 1153/2018/4
f 1153/2018/4 1150/2012/4 1154/2019/4
f 1150/2020/4 1155/2021/4 1156/2022/4
f 1154/2019/4 1150/2012/4 1156/2023/4
f 1147/2008/4 1149/2010/4 1157/2024/4
f 1149/2010/4 1152/2016/4 1157/2024/4
f 1152/2016/4 1153/2025/4 1157/2024/4
f 1153/2018/4 1154/2019/4 1158/2026/4
f 1157/2024/4 1153/2025/4 1158/2027/4
f 1154/2028/4 1156/2022/4 1159/2029/4
f 1158/2026/4 1154/2019/4 1159/2030/4
f 1156/2022/4 1155/2021/4 1160/2031/4
f 1159/2029/4 1156/2022/4 1160/2031/4
f 1147/2008/4 1157/2024/4 1161/2032/4
f 1158/2026/4 1159/2030/4 1162/2033/4
f 1157/2034/4 1158/2026/4 1162/2033/4
f 1161/2032/4 1157/2024/4 1162/2035/4
f 1159/2030/4 1160/2036/4 1162/2033/4
f 1160/2031/4 1155/2021/4 1163/2037/4
f 1162/2033/4 1160/2036/4 1163/2038/4
f 1163/2037/4 1155/2021/4 1164/2039/4
f 1165/2040/4 1166/2041/4 1167/2042/4
f 1164/2043/4 1165/2044/4 1167/2045/4
f 1167/2042/4 1166/2041/4 1168/2046/4
f 1169/2047/4 1170/2048/4 1171/2049/4
f 1170/2050/4 1161/2032/4 1171/2051/4
f 1171/2051/4 1161/2032/4 1172/2052/4
f 1167/2045/4 1168/2053/4 1173/2054/4
f 1164/2043/4 1167/2045/4 1173/2054/4
f 1168/2046/4 1166/2041/4 1174/2055/4
f 1173/2054/4 1168/2053/4 1174/2056/4
f 1171/2049/4 1172/2057/4 1175/2058/4
f 1169/2047/4 1171/2049/4 1175/2058/4
f 1172/2052/4 1161/2032/4 1176/2059/4
f 1175/2058/4 1172/2057/4 1176/2060/4
f 1164/2043/4 1173/2054/4 1177/2061/4
f 1173/2062/4 1174/2055/4 1177/2063/4
f 1177/2063/4 1174/2055/4 1178/2064/4
f 1169/2047/4 1175/2058/4 1179/2065/4
f 1175/2066/4 1176/2059/4 1180/2067/4
f 1179/2065/4 1175/2058/4 1180/2068/4
f 1176/2059/4 1161/2032/4 1181/2069/4
f 1180/2067/4 1176/2059/4 1181/2069/4
f 1181/2069/4 1161/2032/4 1182/2070/4
f 1164/2043/4 1177/2061/4 1183/2071/4
f 1177/2061/4 1178/2072/4 1183/2071/4
f 1183/2071/4 1178/2072/4 1184/2073/4
f 1178/2064/4 1174/2055/4 1185/2074/4
f 1184/2073/4 1178/2072/4 1185/2075/4
f 1174/2055/4 1166/2041/4 1186/2076/4
f 1185/2074/4 1174/2055/4 1186/2076/4
f 1187/2077/4 1188/2078/4 1189/2079/4
f 1189/2079/4 1188/2078/4 1190/2080/4
f 1189/2081/4 1190/2082/4 1191/2083/4
f 1191/2083/4 1190/2082/4 1192/2084/4
f 1193/2085/4 1179/2086/4 1194/2087/4
f 1194/2087/4 1179/2086/4 1195/2088/4
f 1186/2076/4 1196/2089/4 1197/2090/4
f 1197/2090/4 1196/2089/4 1198/2091/4
f 1199/2092/4 1200/2093/4 1201/2094/4
f 1202/2095/4 1199/2092/4 1201/2094/4
f 1200/2096/4 1197/2090/4 1203/2097/4
f 1201/2094/4 1200/2093/4 1203/2098/4
f 1195/2099/4 1204/2100/4 1205/2101/4
f 1204/2102/4 1206/2103/4 1205/2104/4
f 1206/2103/4 1207/2105/4 1205/2104/4
f 1205/2104/4 1207/2105/4 1208/2106/4
f 1195/2099/4 1205/2101/4 1209/2107/4
f 1205/2101/4 1208/2108/4 1209/2107/4
f 1208/2106/4 1207/2105/4 1210/2109/4
f 1209/2107/4 1208/2108/4 1210/2110/4
f 1202/2095/4 1201/2094/4 1211/2111/4
f 1201/2112/4 1203/2097/4 1211/2113/4
f 1211/2113/4 1203/2097/4 1212/2114/4
f 1195/2099/4 1209/2107/4 1213/2115/4
f 1209/2116/4 1210/2109/4 1214/2117/4
f 1213/2115/4 1209/2107/4 1214/2118/4
f 1210/2109/4 1207/2105/4 1215/2119/4
f 1214/2117/4 1210/2109/4 1215/2119/4
f 1202/2095/4 1211/2111/4 1216/2120/4
f 1211/2111/4 1212/2121/4 1216/2120/4
f 1212/2114/4 1203/2097/4 1217/2122/4
f 1216/2120/4 1212/2121/4 1217/2123/4
f 1203/2097/4 1197/2090/4 1218/2124/4
f 1217/2122/4 1203/2097/4 1218/2124/4
f 1219/2125/4 1220/2126/4 1221/2127/4
f 1215/2119/4 1219/2125/4 1221/2127/4
f 1220/2128/4 1222/2129/4 1223/2130/4
f 1221/2127/4 1220/2126/4 1223/2131/4
f 1215/2119/4 1221/2127/4 1224/2132/4
f 1221/2133/4 1223/2130/4 1224/2134/4
f 1223/2130/4 1222/2129/4 1225/2135/4
f 1224/2134/4 1223/2130/4 1225/2135/4
f 1225/2135/4 1222/2129/4 1226/2136/4
f 1222/2137/4 1216/2138/4 1227/2139/4
f 1226/2136/4 1222/2129/4 1227/2140/4
f 1225/2135/4 1226/2136/4 1228/2141/4
f 1224/2132/4 1225/2142/4 1228/2143/4
f 1228/2141/4 1226/2136/4 1229/2144/4
f 1226/2145/4 1227/2139/4 1230/2146/4
f 1229/2144/4 1226/2136/4 1230/2147/4
f 1227/2139/4 1216/2138/4 1231/2148/4
f 1230/2146/4 1227/2139/4 1231/2148/4
f 1215/2119/4 1224/2132/4 1232/2149/4
f 1228/2143/4 1229/2150/4 1232/2149/4
f 1224/2132/4 1228/2143/4 1232/2149/4
f 1229/2144/4 1230/2147/4 1233/2151/4
f 1232/2149/4 1229/2150/4 1233/2152/4
f 1230/2147/4 1231/2153/4 1233/2151/4
f 1231/2148/4 1216/2138/4 1234/2154/4
f 1233/2151/4 1231/2153/4 1234/2155/4
f 1234/2154/4 1216/2138/4 1235/2156/4
f 1236/2157/4 1237/2158/4 1238/2159/4
f 1237/2160/4 1239/2161/4 1238/2162/4
f 1238/2162/4 1239/2161/4 1240/2163/4
f 1238/2159/4 1240/2164/4 1241/2165/4
f 1240/2163/4 1239/2161/4 1242/2166/4
f 1241/2165/4 1240/2164/4 1242/2167/4
f 1242/2166/4 1239/2161/4 1243/2168/4
f 1239/2169/4 1244/2170/4 1245/2171/4
f 1243/2168/4 1239/2161/4 1245/2172/4
f 1236/2157/4 1238/2159/4 1246/2173/4
f 1238/2159/4 1241/2165/4 1246/2173/4
f 1242/2166/4 1243/2168/4 1247/2174/4
f 1246/2173/4 1241/2165/4 1247/2175/4
f 1241/2176/4 1242/2166/4 1247/2174/4
f 1243/2177/4 1245/2171/4 1248/2178/4
f 1247/2174/4 1243/2168/4 1248/2179/4
f 1245/2171/4 1244/2170/4 1249/2180/4
f 1248/2178/4 1245/2171/4 1249/2180/4
f 1236/2157/4 1246/2173/4 1250/2181/4
f 1247/2174/4 1248/2179/4 1251/2182/4
f 1246/2183/4 1247/2174/4 1251/2182/4
f 1250/2181/4 1246/2173/4 1251/2184/4
f 1248/2179/4 1249/2185/4 1251/2182/4
f 1249/2180/4 1244/2170/4 1252/2186/4
f 1251/2182/4 1249/2185/4 1252/2187/4
f 1252/2186/4 1244/2170/4 1253/2188/4
f 1254/2189/4 1255/2190/4 1256/2191/4
f 1255/2192/4 1250/2181/4 1256/2193/4
f 1256/2193/4 1250/2181/4 1257/2194/4
f 1254/2189/4 1256/2191/4 1258/2195/4
f 1256/2191/4 1257/2196/4 1258/2195/4
f 1257/2194/4 1250/2181/4 1259/2197/4
f 1258/2195/4 1257/2196/4 1259/2198/4
f 1260/2199/4 1261/2200/4 1262/2201/4
f 1253/2202/4 1260/2203/4 1262/2204/4
f 1262/2201/4 1261/2200/4 1263/2205/4
f 1258/2206/4 1259/2197/4 1264/2207/4
f 1254/2189/4 1258/2195/4 1264/2208/4
f 1259/2197/4 1250/2181/4 1265/2209/4
f 1264/2207/4 1259/2197/4 1265/2209/4
f 1263/2205/4 1261/2200/4 1266/2210/4
f 1262/2204/4 1263/2211/4 1266/2212/4
f 1266/2210/4 1261/2200/4 1267/2213/4
f 1254/2189/4 1264/2208/4 1268/2214/4
f 1264/2208/4 1265/2215/4 1268/2214/4
f 1265/2209/4 1250/2181/4 1269/2216/4
f 1268/2214/4 1265/2215/4 1269/2217/4
f 1266/2212/4 1267/2218/4 1270/2219/4
f 1262/2204/4 1266/2212/4 1270/2219/4
f 1267/2213/4 1261/2200/4 1271/2220/4
f 1270/2219/4 1267/2218/4 1271/2221/4
f 1262/2204/4 1270/2219/4 1272/2222/4
f 1253/2202/4 1262/2204/4 1272/2222/4
f 1270/2223/4 1271/2220/4 1273/2224/4
f 1272/2222/4 1270/2219/4 1273/2225/4
f 1254/2189/4 1268/2214/4 1274/2226/4
f 1268/2227/4 1269/2216/4 1274/2228/4
f 1269/2216/4 1250/2181/4 1275/2229/4
f 1274/2228/4 1269/2216/4 1275/2229/4
f 1253/2202/4 1272/2222/4 1276/2230/4
f 1272/2231/4 1273/2224/4 1276/2232/4
f 1273/2224/4 1271/2220/4 1277/2233/4
f 1276/2232/4 1273/2224/4 1277/2233/4
f 1275/2229/4 1250/2181/4 1278/2234/4
f 1274/2226/4 1275/2235/4 1278/2236/4
f 1278/2234/4 1250/2181/4 1279/2237/4
f 1253/2202/4 1276/2230/4 1280/2238/4
f 1276/2230/4 1277/2239/4 1280/2238/4
f 1277/2233/4 1271/2220/4 1281/2240/4
f 1280/2238/4 1277/2239/4 1281/2241/4
f 1254/2189/4 1274/2226/4 1282/2242/4
f 1278/2236/4 1279/2243/4 1282/2242/4
f 1274/2226/4 1278/2236/4 1282/2242/4
f 1279/2237/4 1250/2181/4 1283/2244/4
f 1282/2242/4 1279/2243/4 1283/2245/4
f 1253/2202/4 1280/2238/4 1284/2246/4
f 1280/2247/4 1281/2240/4 1284/2248/4
f 1271/2220/4 1261/2200/4 1285/2249/4
f 1284/2248/4 1281/2240/4 1285/2249/4
f 1281/2240/4 1271/2220/4 1285/2249/4
f 1254/2189/4 1282/2242/4 1286/2250/4
f 1282/2251/4 1283/2244/4 1286/2252/4
f 1286/2252/4 1283/2244/4 1287/2253/4
f 1284/2246/4 1285/2254/4 1288/2255/4
f 1285/2249/4 1261/2200/4 1289/2256/4
f 1288/2255/4 1285/2254/4 1289/2257/4
f 1254/2189/4 1286/2250/4 1290/2258/4
f 1286/2250/4 1287/2259/4 1290/2258/4
f 1287/2253/4 1283/2244/4 1291/2260/4
f 1290/2258/4 1287/2259/4 1291/2261/4
f 1253/2202/4 1284/2246/4 1292/2262/4
f 1284/2246/4 1288/2255/4 1292/2262/4
f 1288/2263/4 1289/2256/4 1293/2264/4
f 1292/2262/4 1288/2255/4 1293/2265/4
f 1254/2189/4 1290/2258/4 1294/2266/4
f 1290/2267/4 1291/2260/4 1295/2268/4
f 1294/2266/4 1290/2258/4 1295/2269/4
f 1291/2260/4 1283/2244/4 1296/2270/4
f 1295/2268/4 1291/2260/4 1296/2270/4
f 1283/2244/4 1250/2181/4 1296/2270/4
f 1253/2202/4 1292/2262/4 1297/2271/4
f 1292/2272/4 1293/2264/4 1298/2273/4
f 1297/2271/4 1292/2262/4 1298/2274/4
f 1293/2264/4 1289/2256/4 1299/2275/4
f 1298/2273/4 1293/2264/4 1299/2275/4
f 1289/2256/4 1261/2200/4 1299/2275/4
f 1296/2270/4 1300/2276/4 1301/2277/4
f 1300/2278/4 1302/2279/4 1301/2280/4
f 1301/2280/4 1302/2279/4 1303/2281/4
f 1301/2277/4 1303/2282/4 1304/2283/4
f 1303/2281/4 1302/2279/4 1305/2284/4
f 1304/2283/4 1303/2282/4 1305/2285/4
f 1305/2284/4 1302/2279/4 1306/2286/4
f 1302/2287/4 1297/2288/4 1307/2289/4
f 1306/2286/4 1302/2279/4 1307/2290/4
f 1296/2270/4 1301/2277/4 1308/2291/4
f 1301/2277/4 1304/2283/4 1308/2291/4
f 1305/2284/4 1306/2286/4 1309/2292/4
f 1308/2291/4 1304/2283/4 1309/2293/4
f 1304/2294/4 1305/2284/4 1309/2292/4
f 1306/2295/4 1307/2289/4 1310/2296/4
f 1309/2292/4 1306/2286/4 1310/2297/4
f 1310/2296/4 1307/2289/4 1311/2298/4
f 1296/2270/4 1308/2291/4 1312/2299/4
f 1308/2300/4 1309/2292/4 1313/2301/4
f 1312/2299/4 1308/2291/4 1313/2302/4
f 1309/2292/4 1310/2297/4 1313/2301/4
f 1310/2297/4 1311/2303/4 1313/2301/4
f 1311/2298/4 1307/2289/4 1314/2304/4
f 1313/2301/4 1311/2303/4 1314/2305/4
f 1307/2289/4 1297/2288/4 1315/2306/4
f 1314/2304/4 1307/2289/4 1315/2306/4
f 1316/2307/4 1317/2308/4 1318/2309/4
f 1317/2310/4 1319/2311/4 1318/2312/4
f 1318/2312/4 1319/2311/4 1320/2313/4
f 1320/2313/4 1319/2311/4 1321/2314/4
f 1319/2315/4 1322/2316/4 1323/2317/4
f 1321/2314/4 1319/2311/4 1323/2318/4
f 1320/2313/4 1321/2314/4 1324/2319/4
f 1318/2309/4 1320/2320/4 1324/2321/4
f 1324/2319/4 1321/2314/4 1325/2322/4
f 1325/2322/4 1321/2314/4 1326/2323/4
f 1321/2324/4 1323/2317/4 1327/2325/4
f 1326/2323/4 1321/2314/4 1327/2326/4
f 1316/2307/4 1318/2309/4 1328/2327/4
f 1318/2309/4 1324/2321/4 1328/2327/4
f 1324/2321/4 1325/2328/4 1328/2327/4
f 1325/2322/4 1326/2323/4 1329/2329/4
f 1328/2327/4 1325/2328/4 1329/2330/4
f 1326/2331/4 1327/2325/4 1330/2332/4
f 1329/2329/4 1326/2323/4 1330/2333/4
f 1327/2325/4 1323/2317/4 1331/2334/4
f 1330/2332/4 1327/2325/4 1331/2334/4
f 1329/2329/4 1330/2333/4 1332/2335/4
f 1316/2307/4 1328/2327/4 1332/2336/4
f 1330/2333/4 1331/2337/4 1332/2335/4
f 1328/2338/4 1329/2329/4 1332/2335/4
f 1332/2335/4 1331/2337/4 1333/2339/4
f 1331/2334/4 1323/2317/4 1334/2340/4
f 1333/2339/4 1331/2337/4 1334/2341/4
f 1323/2317/4 1322/2316/4 1335/2342/4
f 1334/2340/4 1323/2317/4 1335/2342/4
f 1332/2336/4 1333/2343/4 1336/2344/4
f 1316/2307/4 1332/2336/4 1336/2344/4
f 1333/2339/4 1334/2341/4 1337/2345/4
f 1336/2344/4 1333/2343/4 1337/2346/4
f 1334/2341/4 1335/2347/4 1337/2345/4
f 1337/2345/4 1335/2347/4 1338/2348/4
f 1335/2342/4 1322/2316/4 1339/2349/4
f 1338/2348/4 1335/2347/4 1339/2350/4
f 1337/2345/4 1338/2348/4 1340/2351/4
f 1336/2352/4 1337/2345/4 1340/2351/4
f 1338/2353/4 1339/2349/4 1340/2354/4
f 1339/2349/4 1322/2316/4 1341/2355/4
f 1340/2354/4 1339/2349/4 1341/2355/4
f 1316/2307/4 1336/2344/4 1342/2356/4
f 1336/2352/4 1340/2351/4 1342/2357/4
f 1340/2351/4 1341/2358/4 1342/2357/4
f 1342/2357/4 1341/2358/4 1343/2359/4
f 1343/2359/4 1341/2358/4 1344/2360/4
f 1341/2355/4 1322/2316/4 1345/2361/4
f 1344/2360/4 1341/2358/4 1345/2362/4
f 1343/2359/4 1344/2360/4 1346/2363/4
f 1342/2356/4 1343/2364/4 1346/2365/4
f 1346/2363/4 1344/2360/4 1347/2366/4
f 1344/2367/4 1345/2361/4 1348/2368/4
f 1347/2366/4 1344/2360/4 1348/2369/4
f 1348/2368/4 1345/2361/4 1349/2370/4
f 1346/2365/4 1347/2371/4 1350/2372/4
f 1342/2356/4 1346/2365/4 1350/2372/4
f 1348/2369/4 1349/2373/4 1351/2374/4
f 1350/2372/4 1347/2371/4 1351/2375/4
f 1347/2366/4 1348/2369/4 1351/2374/4
f 1349/2370/4 1345/2361/4 1352/2376/4
f 1351/2374/4 1349/2373/4 1352/2377/4
f 1345/2361/4 1322/2316/4 1353/2378/4
f 1352/2376/4 1345/2361/4 1353/2378/4
f 1316/2307/4 1342/2356/4 1354/2379/4
f 1342/2356/4 1350/2372/4 1354/2379/4
f 1351/2374/4 1352/2377/4 1355/2380/4
f 1354/2379/4 1350/2372/4 1355/2381/4
f 1350/2382/4 1351/2374/4 1355/2380/4
f 1352/2377/4 1353/2383/4 1355/2380/4
f 1355/2380/4 1353/2383/4 1356/2384/4
f 1353/2378/4 1322/2316/4 1357/2385/4
f 1356/2384/4 1353/2383/4 1357/2386/4
f 1355/2380/4 1356/2384/4 1358/2387/4
f 1354/2388/4 1355/2380/4 1358/2387/4
f 1356/2389/4 1357/2385/4 1358/2390/4
f 1357/2385/4 1322/2316/4 1359/2391/4
f 1358/2390/4 1357/2385/4 1359/2391/4
f 1316/2307/4 1354/2379/4 1360/2392/4
f 1354/2388/4 1358/2387/4 1361/2393/4
f 1360/2392/4 1354/2379/4 1361/2394/4
f 1358/2387/4 1359/2395/4 1361/2393/4
f 1359/2391/4 1322/2316/4 1362/2396/4
f 1361/2393/4 1359/2395/4 1362/2397/4
f 1362/2396/4 1322/2316/4 1363/2398/4
f 1364/2399/5 1365/2400/5 1366/2401/5
f 1367/2402/5 1368/2403/5 1365/2404/5
f 1367/2405/5 1365/2400/5 1364/2399/5
f 1369/2406/5 1370/2407/5 1368/2408/5
f 1369/2409/5 1368/2403/5 1367/2402/5
f 1371/2410/5 1370/2407/5 1369/2406/5
f 1372/2411/5 1364/2412/5 1373/2413/5
f 1374/2414/5 1367/2405/5 1364/2399/5
f 1374/2415/5 1364/2412/5 1372/2411/5
f 1374/2414/5 1369/2406/5 1367/2405/5
f 1374/2414/5 1371/2410/5 1369/2406/5
f 1375/2416/5 1376/2417/5 1371/2418/5
f 1375/2419/5 1371/2410/5 1374/2414/5
f 1377/2420/5 1376/2417/5 1375/2416/5
f 1378/2421/5 1374/2414/5 1372/2422/5
f 1378/2421/5 1375/2419/5 1374/2414/5
f 1378/2421/5 1377/2423/5 1375/2419/5
f 1379/2424/5 1377/2423/5 1378/2421/5
f 1380/2425/5 1377/2423/5 1379/2424/5
f 1381/2426/5 1377/2423/5 1380/2425/5
f 1382/2427/5 1377/2423/5 1381/2426/5
f 1383/2428/5 1380/2425/5 1379/2424/5
f 1384/2429/5 1381/2430/5 1380/2431/5
f 1384/2432/5 1380/2425/5 1383/2428/5
f 1385/2433/5 1381/2430/5 1384/2429/5
f 1386/2434/5 1387/2435/5 1388/2436/5
f 1389/2437/5 1387/2435/5 1386/2434/5
f 1390/2438/5 1387/2435/5 1389/2437/5
f 1391/2439/5 1386/2434/5 1392/2440/5
f 1393/2441/5 1394/2442/5 1390/2438/5
f 1395/2443/5 1394/2442/5 1393/2441/5
f 1396/2444/5 1391/2439/5 1392/2440/5
f 1397/2445/5 1391/2439/5 1396/2444/5
f 1398/2446/5 1394/2442/5 1395/2443/5
f 1399/2447/5 1394/2442/5 1398/2446/5
f 1400/2448/5 1401/2449/5 1402/2450/5
f 1400/2448/5 1398/2446/5 1401/2449/5
f 1400/2448/5 1402/2450/5 1397/2445/5
f 1403/2451/5 1398/2446/5 1400/2448/5
f 1404/2452/5 1405/2453/5 1406/2454/5
f 1407/2455/5 1405/2453/5 1404/2452/5
f 1408/2456/5 1404/2452/5 1409/2457/5
f 1410/2458/5 1404/2452/5 1408/2456/5
f 1411/2459/5 1412/2460/5 1407/2455/5
f 1413/2461/5 1412/2460/5 1411/2459/5
f 1414/2462/5 1408/2456/5 1415/2463/5
f 1416/2464/5 1408/2456/5 1414/2462/5
f 1417/2465/5 1418/2466/5 1413/2461/5
f 1419/2467/5 1418/2466/5 1417/2465/5
f 1420/2468/5 1421/2469/5 1416/2464/5
f 1422/2470/5 1421/2469/5 1420/2468/5
f 1423/2471/5 1417/2465/5 1424/2472/5
f 1425/2473/5 1417/2465/5 1423/2471/5
f 1426/2474/5 1423/2471/5 1422/2470/5
f 1427/2475/5 1423/2471/5 1426/2474/5
f 1428/2476/5 1429/2477/5 1430/2478/5
f 1431/2479/5 1429/2477/5 1428/2476/5
f 1432/2480/5 1428/2476/5 1433/2481/5
f 1434/2482/5 1428/2476/5 1432/2480/5
f 1435/2483/5 1436/2484/5 1431/2479/5
f 1437/2485/5 1436/2484/5 1435/2483/5
f 1438/2486/5 1432/2480/5 1439/2487/5
f 1440/2488/5 1432/2480/5 1438/2486/5
f 1441/2489/5 1442/2490/5 1437/2485/5
f 1443/2491/5 1442/2490/5 1441/2489/5
f 1444/2492/5 1438/2486/5 1445/2493/5
f 1446/2494/5 1438/2486/5 1444/2492/5
f 1447/2495/5 1448/2496/5 1443/2491/5
f 1449/2497/5 1448/2496/5 1447/2495/5
f 1450/2498/5 1451/2499/5 1446/2494/5
f 1452/2500/5 1451/2499/5 1450/2498/5
f 1453/2501/5 1447/2495/5 1454/2502/5
f 1455/2503/5 1447/2495/5 1453/2501/5
f 1456/2504/5 1457/2505/5 1452/2500/5
f 1458/2506/5 1457/2505/5 1456/2504/5
f 1459/2507/5 1453/2501/5 1460/2508/5
f 1461/2509/5 1453/2501/5 1459/2507/5
f 1462/2510/5 1459/2507/5 1458/2506/5
f 1463/2511/5 1459/2507/5 1462/2510/5
f 1464/2512/6 1465/2513/6 1466/2514/6
f 1465/2515/6 1467/2516/6 1468/2517/6
f 1466/2514/6 1465/2513/6 1468/2518/6
f 1467/2519/6 1469/2520/6 1470/2521/6
f 1468/2517/6 1467/2516/6 1470/2522/6
f 1470/2521/6 1469/2520/6 1471/2523/6
f 1472/2524/6 1466/2525/6 1473/2526/6
f 1473/2526/6 1466/2525/6 1474/2527/6
f 1471/2528/6 1475/2529/6 1476/2530/6
f 1476/2530/6 1475/2529/6 1477/2531/6
f 1476/2532/6 1477/2533/6 1478/2534/6
f 1473/2535/6 1474/2536/6 1479/2537/6
f 1479/2537/6 1474/2536/6 1480/2538/6
f 1478/2534/6 1477/2533/6 1481/2539/6
f 1481/2539/6 1477/2533/6 1482/2540/6
f 1483/2541/6 1484/2542/6 1485/2543/6
f 1480/2538/6 1483/2541/6 1485/2543/6
f 1484/2544/6 1481/2545/6 1486/2546/6
f 1485/2543/6 1484/2542/6 1486/2547/6
f 1486/2546/6 1481/2545/6 1487/2548/6
f 1488/2549/6 1489/2550/6 1490/2551/6
f 1490/2551/6 1489/2550/6 1491/2552/6
f 1492/2553/6 1490/2551/6 1493/2554/6
f 1493/2554/6 1490/2551/6 1494/2555/6
f 1491/2552/6 1495/2556/6 1496/2557/6
f 1496/2557/6 1495/2556/6 1497/2558/6
f 1498/2559/6 1493/2554/6 1499/2560/6
f 1499/2560/6 1493/2554/6 1500/2561/6
f 1497/2558/6 1501/2562/6 1502/2563/6
f 1502/2563/6 1501/2562/6 1503/2564/6
f 1504/2565/6 1499/2560/6 1505/2566/6
f 1505/2566/6 1499/2560/6 1506/2567/6
f 1503/2564/6 1507/2568/6 1508/2569/6
f 1508/2569/6 1507/2568/6 1509/2570/6
f 1506/2567/6 1510/2571/6 1511/2572/6
f 1511/2572/6 1510/2571/6 1512/2573/6
f 1513/2574/6 1508/2569/6 1514/2575/6
f 1514/2575/6 1508/2569/6 1515/2576/6
f 1512/2573/6 1516/2577/6 1517/2578/6
f 1517/2578/6 1516/2577/6 1518/2579/6
f 1519/2580/6 1514/2575/6 1520/2581/6
f 1520/2581/6 1514/2575/6 1521/2582/6
f 1518/2579/6 1520/2581/6 1522/2583/6
f 1522/2583/6 1520/2581/6 1523/2584/6
f 1524/2585/6 1525/2586/6 1526/2587/6
f 1526/2587/6 1525/2586/6 1527/2588/6
f 1528/2589/6 1526/2587/6 1529/2590/6
f 1529/2590/6 1526/2587/6 1530/2591/6
f 1527/2588/6 1531/2592/6 1532/2593/6
f 1532/2593/6 1531/2592/6 1533/2594/6
f 1534/2595/6 1529/2590/6 1535/2596/6
f 1535/2596/6 1529/2590/6 1536/2597/6
f 1533/2594/6 1537/2598/6 1538/2599/6
f 1538/2599/6 1537/2598/6 1539/2600/6
f 1536/2597/6 1540/2601/6 1541/2602/6
f 1541/2602/6 1540/2601/6 1542/2603/6
f 1543/2604/6 1538/2599/6 1544/2605/6
f 1544/2605/6 1538/2599/6 1545/2606/6
f 1542/2603/6 1544/2605/6 1546/2607/6
f 1546/2607/6 1544/2605/6 1547/2608/6
f 1548/2609/6 1549/2610/6 1550/2611/6
f 1550/2611/6 1549/2610/6 1551/2612/6
f 1552/2613/6 1550/2611/6 1553/2614/6
f 1551/2612/6 1554/2615/6 1553/2614/6
f 1550/2611/6 1551/2612/6 1553/2614/6
f 1553/2614/6 1554/2615/6 1555/2616/6
f 1555/2616/6 1554/2615/6 1556/2617/6
f 1556/2617/6 1554/2615/6 1557/2618/6
f 1555/2616/6 1556/2617/6 1558/2619/6
f 1558/2619/6 1556/2617/6 1559/2620/6
