# Blender v2.93.0 OBJ File: ''
# www.blender.org
mtllib TVS_VoxelFarm_Barn.mtl
o VS_Farm_Barn
v -4.200000 6.099999 5.800001
v -4.200000 6.000001 -5.899999
v -4.200000 5.999999 5.900001
v -4.200000 6.100001 -5.799999
v -4.200000 6.399999 5.800001
v -4.200000 6.400001 -5.799999
v -4.200000 6.499999 5.800001
v -4.200000 6.500001 -5.799999
v -4.200000 6.799999 5.800001
v -4.200000 6.800001 -5.799999
v -4.200000 6.899999 5.800001
v -4.200000 6.900001 -5.799999
v -4.200000 7.199999 5.800001
v -4.200000 7.200001 -5.799999
v -4.200000 7.299999 5.800001
v -4.200000 7.300001 -5.799999
v -4.200000 7.599999 5.800002
v -4.200000 7.600001 -5.799999
v -4.200000 7.699999 5.800002
v -4.200000 7.700001 -5.799999
v -4.200000 7.999999 5.800002
v -4.200000 8.000001 -5.799999
v -4.200000 8.099999 5.900002
v -4.200000 8.100001 -5.899999
v -4.100000 0.099999 5.800000
v -4.100000 0.000001 -5.900000
v -4.100000 -0.000001 5.900000
v -4.100000 0.100001 -5.800000
v -4.100000 0.199999 5.700000
v -4.100000 0.200001 -5.700000
v -4.100000 0.499999 5.700000
v -4.100000 0.500001 -5.700000
v -4.100000 0.599999 5.700000
v -4.100000 0.600001 -5.700000
v -4.100000 0.899999 5.700000
v -4.100000 0.900001 -5.700000
v -4.100000 0.999999 5.700000
v -4.100000 1.000001 -5.700000
v -4.100000 1.299999 5.700000
v -4.100000 1.300001 -5.700000
v -4.100000 1.399999 5.700000
v -4.100000 1.400001 -5.700000
v -4.100000 1.699999 5.700000
v -4.100000 1.700001 -5.699999
v -4.100000 1.799999 5.700000
v -4.100000 1.800001 -5.699999
v -4.100000 2.099999 5.700000
v -4.100000 2.100001 -5.699999
v -4.100000 2.199999 5.700000
v -4.100000 2.200001 -5.699999
v -4.100000 2.499999 5.700000
v -4.100000 2.500001 -5.699999
v -4.100000 2.599999 5.700000
v -4.100000 2.600001 -5.699999
v -4.100000 2.899999 5.700000
v -4.100000 2.900001 -5.699999
v -4.100000 2.999999 5.700000
v -4.100000 3.000001 -5.699999
v -4.100000 3.299999 5.700000
v -4.100000 3.300001 -5.699999
v -4.100000 3.399999 5.700000
v -4.100000 3.400001 -5.699999
v -4.100000 3.699999 5.700000
v -4.100000 3.700001 -5.699999
v -4.100000 3.799999 5.700000
v -4.100000 3.800001 -5.699999
v -4.100000 4.099999 5.700000
v -4.100000 4.100001 -5.699999
v -4.100000 4.199999 5.700000
v -4.100000 4.200001 -5.699999
v -4.100000 4.499999 5.700001
v -4.100000 4.500001 -5.699999
v -4.100000 4.599999 5.700001
v -4.100000 4.600001 -5.699999
v -4.100000 4.899999 5.700001
v -4.100000 4.900001 -5.699999
v -4.100000 4.999999 5.700001
v -4.100000 5.000001 -5.699999
v -4.100000 5.299999 5.700001
v -4.100000 5.300001 -5.699999
v -4.100000 5.399999 5.700001
v -4.100000 5.400001 -5.699999
v -4.100000 5.799999 5.700001
v -4.100000 5.800001 -5.699999
v -4.100000 5.899999 5.800001
v -4.100000 5.900001 -5.799999
v -4.100000 5.999999 5.900001
v -4.100000 6.000001 -5.899999
v -4.000000 8.199999 5.900002
v -4.000000 8.099999 5.800002
v -4.000000 8.099999 5.900002
v -4.000000 8.199999 5.800002
v -4.000000 8.100001 -5.799999
v -4.000000 8.200001 -5.799999
v -4.000000 8.100001 -5.899999
v -4.000000 8.200001 -5.899999
v -3.800000 8.299999 5.900002
v -3.800000 8.199999 5.800002
v -3.800000 8.199999 5.900002
v -3.800000 8.299999 5.800002
v -3.800000 8.200001 -5.799999
v -3.800000 8.300001 -5.799999
v -3.800000 8.200001 -5.899999
v -3.800000 8.300001 -5.899999
v -3.600000 8.399999 5.900002
v -3.600000 8.299999 5.800002
v -3.600000 8.299999 5.900002
v -3.600000 8.399999 5.800002
v -3.600000 8.300001 -5.799999
v -3.600000 8.400001 -5.799999
v -3.600000 8.300001 -5.899999
v -3.600000 8.400001 -5.899999
v -3.400000 8.499999 5.900002
v -3.400000 8.399999 5.800002
v -3.400000 8.399999 5.900002
v -3.400000 8.400001 -5.899999
v -3.400000 8.400001 -5.799999
v -3.400000 8.500001 -5.899999
v -3.200000 8.599999 5.900002
v -3.200000 8.499999 5.800002
v -3.200000 8.499999 5.900002
v -3.200000 8.599999 5.800002
v -3.200000 8.500001 -5.799999
v -3.200000 8.600001 -5.799999
v -3.200000 8.500001 -5.899999
v -3.200000 8.600001 -5.899999
v -3.000000 8.699999 5.900002
v -3.000000 8.599999 5.800002
v -3.000000 8.599999 5.900002
v -3.000000 8.699999 5.800002
v -3.000000 8.600001 -5.799999
v -3.000000 8.700001 -5.799999
v -3.000000 8.600001 -5.899999
v -3.000000 8.700001 -5.899999
v -2.800000 8.799999 5.900002
v -2.800000 8.699999 5.800002
v -2.800000 8.699999 5.900002
v -2.800000 8.799999 5.800002
v -2.800000 8.700001 -5.799999
v -2.800000 8.800001 -5.799999
v -2.800000 8.700001 -5.899999
v -2.800000 8.800001 -5.899999
v -2.600000 8.899999 5.900002
v -2.600000 8.799999 5.800002
v -2.600000 8.799999 5.900002
v -2.600000 8.800001 -5.899999
v -2.600000 8.900001 -5.899999
v -2.400000 8.999999 5.900002
v -2.400000 8.899999 5.800002
v -2.400000 8.899999 5.900002
v -2.400000 8.999999 5.800002
v -2.400000 8.900001 -5.799999
v -2.400000 9.000001 -5.799999
v -2.400000 8.900001 -5.899999
v -2.400000 9.000001 -5.899999
v -2.200000 9.099999 5.900002
v -2.200000 8.999999 5.800002
v -2.200000 8.999999 5.900002
v -2.200000 9.099999 5.800002
v -2.200000 9.000001 -5.799999
v -2.200000 9.100001 -5.799999
v -2.200000 9.000001 -5.899999
v -2.200000 9.100001 -5.899999
v -2.000000 9.199999 5.900002
v -2.000000 9.099999 5.800002
v -2.000000 9.099999 5.900002
v -2.000000 9.199999 5.800002
v -2.000000 9.100001 -5.799999
v -2.000000 9.200001 -5.799999
v -2.000000 9.100001 -5.899999
v -2.000000 9.200001 -5.899999
v -1.800000 9.299999 5.900002
v -1.800000 9.199999 5.800002
v -1.800000 9.199999 5.900002
v -1.800000 9.200001 -5.899999
v -1.800000 9.200001 -5.799999
v -1.800000 9.300001 -5.899999
v -1.600000 9.399999 5.900002
v -1.600000 9.299999 5.800002
v -1.600000 9.299999 5.900002
v -1.600000 9.399999 5.800002
v -1.600000 9.300001 -5.799999
v -1.600000 9.400001 -5.799999
v -1.600000 9.300001 -5.899999
v -1.600000 9.400001 -5.899999
v -1.400000 0.099999 5.900000
v -1.400000 -0.000001 5.900000
v -1.400000 -0.000001 6.000000
v -1.400000 3.099999 6.000000
v -1.400000 3.099999 5.900001
v -1.400000 9.499999 5.900002
v -1.400000 9.399999 5.800002
v -1.400000 9.399999 5.900002
v -1.400000 9.499999 5.800002
v -1.400000 9.400001 -5.799999
v -1.400000 9.500001 -5.799999
v -1.400000 9.400001 -5.899999
v -1.400000 9.500001 -5.899999
v -1.200000 0.399999 6.000000
v -1.200000 0.299999 5.900000
v -1.200000 0.299999 6.000000
v -1.200000 0.399999 5.900000
v -1.200000 2.799999 6.000000
v -1.200000 2.699999 5.900001
v -1.200000 2.699999 6.000000
v -1.200000 2.799999 5.900001
v -1.200000 9.599999 5.900002
v -1.200000 9.499999 5.800002
v -1.200000 9.499999 5.900002
v -1.200000 9.599999 5.800002
v -1.200000 9.500001 -5.799999
v -1.200000 9.600001 -5.799999
v -1.200000 9.500001 -5.899999
v -1.200000 9.600001 -5.899999
v -1.100000 0.499999 6.000000
v -1.100000 0.399999 5.900000
v -1.100000 0.399999 6.000000
v -1.100000 0.499999 5.900000
v -1.100000 2.699999 6.000000
v -1.100000 2.599999 5.900001
v -1.100000 2.599999 6.000000
v -1.100000 2.699999 5.900001
v -1.000000 0.599999 6.000000
v -1.000000 0.499999 5.900000
v -1.000000 0.499999 6.000000
v -1.000000 0.599999 5.900000
v -1.000000 2.599999 6.000000
v -1.000000 2.499999 5.900001
v -1.000000 2.499999 6.000000
v -1.000000 2.599999 5.900001
v -1.000000 9.699999 5.900002
v -1.000000 9.599999 5.800002
v -1.000000 9.599999 5.900002
v -1.000000 9.600001 -5.899999
v -1.000000 9.600001 -5.799999
v -1.000000 9.700001 -5.899999
v -0.900000 0.699999 6.000000
v -0.900000 0.599999 5.900000
v -0.900000 0.599999 6.000000
v -0.900000 0.699999 5.900000
v -0.900000 2.499999 6.000000
v -0.900000 2.399999 5.900001
v -0.900000 2.399999 6.000000
v -0.900000 2.499999 5.900001
v -0.800000 0.799999 6.000000
v -0.800000 0.699999 5.900000
v -0.800000 0.699999 6.000000
v -0.800000 0.799999 5.900000
v -0.800000 2.399999 6.000000
v -0.800000 2.299999 5.900001
v -0.800000 2.299999 6.000000
v -0.800000 2.399999 5.900001
v -0.800000 9.799999 5.900002
v -0.800000 9.699999 5.800002
v -0.800000 9.699999 5.900002
v -0.800000 9.799999 5.800002
v -0.800000 9.700001 -5.799999
v -0.800000 9.800001 -5.799999
v -0.800000 9.700001 -5.899999
v -0.800000 9.800001 -5.899999
v -0.700000 0.899999 6.000000
v -0.700000 0.799999 5.900000
v -0.700000 0.799999 6.000000
v -0.700000 0.899999 5.900000
v -0.700000 2.299999 6.000000
v -0.700000 2.199999 5.900001
v -0.700000 2.199999 6.000000
v -0.700000 2.299999 5.900001
v -0.600000 0.999999 6.000000
v -0.600000 0.899999 5.900000
v -0.600000 0.899999 6.000000
v -0.600000 0.999999 5.900000
v -0.600000 2.199999 6.000000
v -0.600000 2.099999 5.900001
v -0.600000 2.099999 6.000000
v -0.600000 2.199999 5.900001
v -0.600000 9.899999 5.900002
v -0.600000 9.799999 5.800002
v -0.600000 9.799999 5.900002
v -0.600000 9.800001 -5.799999
v -0.600000 9.900001 -5.799999
v -0.600000 9.800001 -5.899999
v -0.600000 9.900001 -5.899999
v -0.500000 1.099999 6.000000
v -0.500000 0.999999 5.900000
v -0.500000 0.999999 6.000000
v -0.500000 1.099999 5.900000
v -0.500000 2.099999 6.000000
v -0.500000 1.999999 5.900001
v -0.500000 1.999999 6.000000
v -0.500000 2.099999 5.900001
v -0.500000 7.599999 6.000001
v -0.500000 5.999999 5.900001
v -0.500000 5.999999 6.000001
v -0.500000 7.599999 5.900002
v -0.500000 7.600001 -5.899999
v -0.500000 6.000001 -5.999999
v -0.500000 6.000001 -5.899999
v -0.500000 7.600001 -5.999999
v -0.400000 1.199999 6.000000
v -0.400000 1.099999 5.900000
v -0.400000 1.099999 6.000000
v -0.400000 1.199999 5.900000
v -0.400000 1.999999 6.000000
v -0.400000 1.899999 5.900001
v -0.400000 1.899999 6.000000
v -0.400000 1.999999 5.900001
v -0.400000 9.999999 5.900002
v -0.400000 9.899999 5.800002
v -0.400000 9.899999 5.900002
v -0.400000 9.999999 5.800002
v -0.400000 9.900001 -5.799999
v -0.400000 10.000001 -5.799999
v -0.400000 9.900001 -5.899999
v -0.400000 10.000001 -5.899999
v -0.300000 1.299999 6.000000
v -0.300000 1.199999 5.900000
v -0.300000 1.199999 6.000000
v -0.300000 1.299999 5.900000
v -0.300000 1.899999 6.000000
v -0.300000 1.799999 5.900001
v -0.300000 1.799999 6.000000
v -0.300000 1.899999 5.900001
v -0.200000 1.399999 6.000000
v -0.200000 1.299999 5.900000
v -0.200000 1.299999 6.000000
v -0.200000 1.399999 5.900000
v -0.200000 1.799999 6.000000
v -0.200000 1.699999 5.900001
v -0.200000 1.699999 6.000000
v -0.200000 1.799999 5.900001
v -0.200000 10.099999 5.600001
v -0.200000 9.999999 5.500001
v -0.200000 9.999999 5.600001
v -0.200000 10.099999 5.500001
v -0.100000 1.499999 6.000000
v -0.100000 1.399999 5.900000
v -0.100000 1.399999 6.000000
v -0.100000 1.499999 5.900001
v -0.100000 1.699999 6.000000
v -0.100000 1.599999 5.900001
v -0.100000 1.599999 6.000000
v -0.100000 1.699999 5.900001
v -0.100000 10.099999 5.700001
v -0.100000 9.999999 5.600001
v -0.100000 9.999999 5.700001
v -0.100000 10.099999 5.600001
v -0.100000 10.099999 5.500001
v -0.100000 9.999999 5.400002
v -0.100000 9.999999 5.500001
v -0.100000 10.099999 5.400002
v -0.100000 10.399999 5.900002
v -0.100000 10.299999 5.800002
v -0.100000 10.299999 5.900002
v -0.100000 10.399999 5.800002
v -0.100000 10.399999 5.600002
v -0.100000 10.399999 5.500002
v -0.100000 10.399999 5.300002
v -0.100000 10.299999 5.100002
v -0.100000 10.299999 5.300002
v -0.100000 10.399999 5.200002
v -0.100000 10.399999 5.100002
v -0.100000 10.499999 6.000002
v -0.100000 10.399999 6.000002
v -0.100000 10.499999 5.900002
v -0.100000 10.499999 5.800002
v -0.100000 10.499999 5.300002
v -0.100000 10.499999 5.200002
v -0.100000 10.599999 5.900002
v -0.100000 10.599999 5.800002
v -0.100000 10.599999 5.300002
v -0.100000 10.499999 5.100002
v -0.100000 10.599999 5.100002
v 0.000000 1.599999 6.000000
v 0.000000 1.499999 5.900001
v 0.000000 1.499999 6.000000
v 0.000000 1.599999 5.900001
v 0.100000 0.399999 5.900000
v 0.100000 0.099999 5.900000
v 0.100000 0.099999 6.000000
v 0.100000 0.499999 5.900000
v 0.100000 0.799999 5.900000
v 0.100000 0.899999 5.900000
v 0.100000 1.199999 5.900000
v 0.100000 1.299999 6.000000
v 0.100000 1.299999 5.900000
v 0.100000 1.899999 5.900001
v 0.100000 1.799999 5.900001
v 0.100000 1.799999 6.000000
v 0.100000 2.199999 5.900001
v 0.100000 2.299999 5.900001
v 0.100000 2.599999 5.900001
v 0.100000 2.699999 5.900001
v 0.100000 2.999999 6.000000
v 0.100000 2.999999 5.900001
v 0.300000 1.299999 6.000000
v 0.300000 1.199999 5.900000
v 0.300000 1.199999 6.000000
v 0.300000 1.299999 5.900000
v 0.300000 1.899999 6.000000
v 0.300000 1.799999 5.900001
v 0.300000 1.799999 6.000000
v 0.300000 1.899999 5.900001
v 0.400000 1.199999 6.000000
v 0.400000 1.099999 5.900000
v 0.400000 1.099999 6.000000
v 0.400000 1.199999 5.900000
v 0.400000 1.999999 6.000000
v 0.400000 1.899999 5.900001
v 0.400000 1.899999 6.000000
v 0.400000 1.999999 5.900001
v 0.500000 1.099999 6.000000
v 0.500000 0.999999 5.900000
v 0.500000 0.999999 6.000000
v 0.500000 1.099999 5.900000
v 0.500000 2.099999 6.000000
v 0.500000 1.999999 5.900001
v 0.500000 1.999999 6.000000
v 0.500000 2.099999 5.900001
v 0.600000 0.999999 6.000000
v 0.600000 0.899999 5.900000
v 0.600000 0.899999 6.000000
v 0.600000 0.999999 5.900000
v 0.600000 2.199999 6.000000
v 0.600000 2.099999 5.900001
v 0.600000 2.099999 6.000000
v 0.600000 2.199999 5.900001
v 0.700000 0.899999 6.000000
v 0.700000 0.799999 5.900000
v 0.700000 0.799999 6.000000
v 0.700000 0.899999 5.900000
v 0.700000 2.299999 6.000000
v 0.700000 2.199999 5.900001
v 0.700000 2.199999 6.000000
v 0.700000 2.299999 5.900001
v 0.700000 7.499999 6.000001
v 0.700000 6.099999 5.800001
v 0.700000 6.099999 6.000001
v 0.700000 7.499999 5.800002
v 0.700000 7.500001 -5.799999
v 0.700000 6.100001 -5.999999
v 0.700000 6.100001 -5.799999
v 0.700000 7.500001 -5.999999
v 0.800000 0.799999 6.000000
v 0.800000 0.699999 5.900000
v 0.800000 0.699999 6.000000
v 0.800000 0.799999 5.900000
v 0.800000 2.399999 6.000000
v 0.800000 2.299999 5.900001
v 0.800000 2.299999 6.000000
v 0.800000 2.399999 5.900001
v 0.900000 0.699999 6.000000
v 0.900000 0.599999 5.900000
v 0.900000 0.599999 6.000000
v 0.900000 0.699999 5.900000
v 0.900000 2.499999 6.000000
v 0.900000 2.399999 5.900001
v 0.900000 2.399999 6.000000
v 0.900000 2.499999 5.900001
v 1.000000 0.599999 6.000000
v 1.000000 0.499999 5.900000
v 1.000000 0.499999 6.000000
v 1.000000 0.599999 5.900000
v 1.000000 2.599999 6.000000
v 1.000000 2.499999 5.900001
v 1.000000 2.499999 6.000000
v 1.000000 2.599999 5.900001
v 1.100000 0.499999 6.000000
v 1.100000 0.399999 5.900000
v 1.100000 0.399999 6.000000
v 1.100000 0.499999 5.900000
v 1.100000 2.699999 6.000000
v 1.100000 2.599999 5.900001
v 1.100000 2.599999 6.000000
v 1.100000 2.699999 5.900001
v 1.200000 0.399999 6.000000
v 1.200000 0.299999 5.900000
v 1.200000 0.299999 6.000000
v 1.200000 0.399999 5.900000
v 1.200000 2.799999 6.000000
v 1.200000 2.699999 5.900001
v 1.200000 2.699999 6.000000
v 1.200000 2.799999 5.900001
v 1.300000 0.299999 6.000000
v 1.300000 0.199999 5.900000
v 1.300000 0.199999 6.000000
v 1.300000 0.299999 5.900000
v 1.300000 2.899999 6.000000
v 1.300000 2.799999 5.900001
v 1.300000 2.799999 6.000000
v 1.300000 2.899999 5.900001
v 1.400000 0.199999 6.000000
v 1.400000 0.099999 5.900000
v 1.400000 0.099999 6.000000
v 1.400000 0.199999 5.900000
v 1.400000 2.999999 6.000000
v 1.400000 2.899999 5.900001
v 1.400000 2.899999 6.000000
v 1.400000 2.999999 5.900001
v 1.600000 2.799999 6.000000
v 1.600000 0.299999 5.900000
v 1.600000 0.299999 6.000000
v 1.600000 2.799999 5.900001
v 3.800000 7.799999 5.800002
v 3.800000 5.299999 5.700001
v 3.800000 5.299999 5.800001
v 3.800000 5.300001 -5.799999
v 3.800000 5.300001 -5.699999
v 3.800000 7.899999 5.800002
v 3.800000 7.900001 -5.799999
v -3.900000 5.299999 5.800001
v -3.900000 5.299999 5.700001
v -3.900000 7.799999 5.800002
v -3.900000 5.300001 -5.699999
v -3.900000 5.300001 -5.799999
v -3.900000 7.899999 5.800002
v -3.900000 7.900001 -5.799999
v -1.300000 0.299999 6.000000
v -1.300000 0.299999 5.900000
v -1.300000 2.799999 6.000000
v -1.300000 2.799999 5.900001
v -1.100000 0.099999 6.000000
v -1.100000 0.099999 5.900000
v -1.100000 0.199999 6.000000
v -1.100000 0.199999 5.900000
v -1.100000 2.899999 6.000000
v -1.100000 2.899999 5.900001
v -1.100000 2.999999 6.000000
v -1.100000 2.999999 5.900001
v -1.000000 0.199999 6.000000
v -1.000000 0.199999 5.900000
v -1.000000 0.299999 6.000000
v -1.000000 0.299999 5.900000
v -1.000000 2.799999 6.000000
v -1.000000 2.799999 5.900001
v -1.000000 2.899999 6.000000
v -1.000000 2.899999 5.900001
v -0.900000 0.299999 6.000000
v -0.900000 0.299999 5.900000
v -0.900000 0.399999 6.000000
v -0.900000 0.399999 5.900000
v -0.900000 2.699999 6.000000
v -0.900000 2.699999 5.900001
v -0.900000 2.799999 6.000000
v -0.900000 2.799999 5.900001
v -0.800000 0.399999 6.000000
v -0.800000 0.399999 5.900000
v -0.800000 0.499999 6.000000
v -0.800000 0.499999 5.900000
v -0.800000 2.599999 6.000000
v -0.800000 2.599999 5.900001
v -0.800000 2.699999 6.000000
v -0.800000 2.699999 5.900001
v -0.700000 0.499999 6.000000
v -0.700000 0.499999 5.900000
v -0.700000 0.599999 6.000000
v -0.700000 0.599999 5.900000
v -0.700000 2.499999 6.000000
v -0.700000 2.499999 5.900001
v -0.700000 2.599999 6.000000
v -0.700000 2.599999 5.900001
v -0.600000 0.599999 6.000000
v -0.600000 0.599999 5.900000
v -0.600000 0.699999 6.000000
v -0.600000 0.699999 5.900000
v -0.600000 2.399999 6.000000
v -0.600000 2.399999 5.900001
v -0.600000 2.499999 6.000000
v -0.600000 2.499999 5.900001
v -0.500000 0.699999 6.000000
v -0.500000 0.699999 5.900000
v -0.500000 0.799999 6.000000
v -0.500000 0.799999 5.900000
v -0.500000 2.299999 6.000000
v -0.500000 2.299999 5.900001
v -0.500000 2.399999 6.000000
v -0.500000 2.399999 5.900001
v -0.400000 0.799999 6.000000
v -0.400000 0.799999 5.900000
v -0.400000 0.899999 6.000000
v -0.400000 0.899999 5.900000
v -0.400000 2.199999 6.000000
v -0.400000 2.199999 5.900001
v -0.400000 2.299999 6.000000
v -0.400000 2.299999 5.900001
v -0.400000 6.099999 6.000001
v -0.400000 6.099999 5.800001
v -0.400000 7.499999 6.000001
v -0.400000 7.499999 5.800002
v -0.400000 6.100001 -5.799999
v -0.400000 6.100001 -5.999999
v -0.400000 7.500001 -5.799999
v -0.400000 7.500001 -5.999999
v -0.300000 0.899999 6.000000
v -0.300000 0.899999 5.900000
v -0.300000 0.999999 6.000000
v -0.300000 0.999999 5.900000
v -0.300000 2.099999 6.000000
v -0.300000 2.099999 5.900001
v -0.300000 2.199999 6.000000
v -0.300000 2.199999 5.900001
v -0.200000 0.999999 6.000000
v -0.200000 0.999999 5.900000
v -0.200000 1.099999 6.000000
v -0.200000 1.099999 5.900000
v -0.200000 1.999999 6.000000
v -0.200000 1.999999 5.900001
v -0.200000 2.099999 6.000000
v -0.200000 2.099999 5.900001
v -0.100000 1.099999 6.000000
v -0.100000 1.099999 5.900000
v -0.100000 1.199999 6.000000
v -0.100000 1.199999 5.900000
v -0.100000 1.899999 6.000000
v -0.100000 1.899999 5.900001
v -0.100000 1.999999 6.000000
v -0.100000 1.999999 5.900001
v 0.000000 1.199999 6.000000
v 0.000000 1.199999 5.900000
v 0.000000 1.299999 6.000000
v 0.000000 1.299999 5.900000
v 0.000000 1.799999 6.000000
v 0.000000 1.799999 5.900001
v 0.000000 1.899999 6.000000
v 0.000000 1.899999 5.900001
v 0.000000 9.999999 5.700001
v 0.000000 9.999999 5.600001
v 0.000000 10.099999 5.700001
v 0.000000 10.099999 5.600001
v 0.000000 9.999999 5.500001
v 0.000000 9.999999 5.400002
v 0.000000 10.099999 5.500001
v 0.000000 10.099999 5.400002
v 0.000000 10.299999 5.900002
v 0.000000 10.299999 5.800002
v 0.000000 10.399999 5.900002
v 0.000000 10.399999 5.800002
v 0.000000 10.399999 5.600002
v 0.000000 10.399999 5.500002
v 0.000000 10.299999 5.300002
v 0.000000 10.299999 5.100002
v 0.000000 10.399999 5.300002
v 0.000000 10.399999 5.200002
v 0.000000 10.399999 5.100002
v 0.000000 10.499999 6.000002
v 0.000000 10.399999 6.000002
v 0.000000 10.499999 5.900002
v 0.000000 10.499999 5.800002
v 0.000000 10.499999 5.300002
v 0.000000 10.499999 5.200002
v 0.000000 10.599999 5.900002
v 0.000000 10.599999 5.800002
v 0.000000 10.499999 5.100002
v 0.000000 10.599999 5.300002
v 0.000000 10.599999 5.100002
v 0.100000 9.999999 5.600001
v 0.100000 9.999999 5.500001
v 0.100000 10.099999 5.600001
v 0.100000 10.099999 5.500001
v 0.200000 0.099999 6.000000
v 0.200000 0.099999 5.900000
v 0.200000 0.399999 5.900000
v 0.200000 0.499999 5.900000
v 0.200000 0.799999 5.900000
v 0.200000 0.899999 5.900000
v 0.200000 1.199999 5.900000
v 0.200000 1.299999 6.000000
v 0.200000 1.299999 5.900000
v 0.200000 1.799999 6.000000
v 0.200000 1.799999 5.900001
v 0.200000 1.899999 5.900001
v 0.200000 2.199999 5.900001
v 0.200000 2.299999 5.900001
v 0.200000 2.599999 5.900001
v 0.200000 2.699999 5.900001
v 0.200000 2.999999 6.000000
v 0.200000 2.999999 5.900001
v 0.300000 1.499999 6.000000
v 0.300000 1.499999 5.900001
v 0.300000 1.599999 6.000000
v 0.300000 1.599999 5.900001
v 0.300000 9.899999 5.900002
v 0.300000 9.899999 5.800002
v 0.300000 9.999999 5.900002
v 0.300000 9.900001 -5.799999
v 0.300000 9.999999 5.800002
v 0.300000 9.900001 -5.899999
v 0.300000 10.000001 -5.799999
v 0.300000 10.000001 -5.899999
v 0.400000 1.399999 6.000000
v 0.400000 1.399999 5.900000
v 0.400000 1.499999 6.000000
v 0.400000 1.499999 5.900001
v 0.400000 1.599999 6.000000
v 0.400000 1.599999 5.900001
v 0.400000 1.699999 6.000000
v 0.400000 1.699999 5.900001
v 0.500000 1.299999 6.000000
v 0.500000 1.299999 5.900000
v 0.500000 1.399999 6.000000
v 0.500000 1.399999 5.900000
v 0.500000 1.699999 6.000000
v 0.500000 1.699999 5.900001
v 0.500000 1.799999 6.000000
v 0.500000 1.799999 5.900001
v 0.500000 9.799999 5.900002
v 0.500000 9.799999 5.800002
v 0.500000 9.899999 5.900002
v 0.500000 9.800001 -5.799999
v 0.500000 9.899999 5.800002
v 0.500000 9.800001 -5.899999
v 0.500000 9.900001 -5.799999
v 0.500000 9.900001 -5.899999
v 0.600000 1.199999 6.000000
v 0.600000 1.199999 5.900000
v 0.600000 1.299999 6.000000
v 0.600000 1.299999 5.900000
v 0.600000 1.799999 6.000000
v 0.600000 1.799999 5.900001
v 0.600000 1.899999 6.000000
v 0.600000 1.899999 5.900001
v 0.700000 1.099999 6.000000
v 0.700000 1.099999 5.900000
v 0.700000 1.199999 6.000000
v 0.700000 1.199999 5.900000
v 0.700000 1.899999 6.000000
v 0.700000 1.899999 5.900001
v 0.700000 1.999999 6.000000
v 0.700000 1.999999 5.900001
v 0.700000 9.699999 5.900002
v 0.700000 9.699999 5.800002
v 0.700000 9.799999 5.900002
v 0.700000 9.700001 -5.799999
v 0.700000 9.799999 5.800002
v 0.700000 9.700001 -5.899999
v 0.700000 9.800001 -5.799999
v 0.700000 9.800001 -5.899999
v 0.800000 0.999999 6.000000
v 0.800000 0.999999 5.900000
v 0.800000 1.099999 6.000000
v 0.800000 1.099999 5.900000
v 0.800000 1.999999 6.000000
v 0.800000 1.999999 5.900001
v 0.800000 2.099999 6.000000
v 0.800000 2.099999 5.900001
v 0.800000 5.999999 6.000001
v 0.800000 5.999999 5.900001
v 0.800000 7.599999 6.000001
v 0.800000 7.599999 5.900002
v 0.800000 6.000001 -5.899999
v 0.800000 6.000001 -5.999999
v 0.800000 7.600001 -5.899999
v 0.800000 7.600001 -5.999999
v 0.900000 0.899999 6.000000
v 0.900000 0.899999 5.900000
v 0.900000 0.999999 6.000000
v 0.900000 0.999999 5.900000
v 0.900000 2.099999 6.000000
v 0.900000 2.099999 5.900001
v 0.900000 2.199999 6.000000
v 0.900000 2.199999 5.900001
v 0.900000 9.599999 5.900002
v 0.900000 9.599999 5.800002
v 0.900000 9.699999 5.900002
v 0.900000 9.600001 -5.799999
v 0.900000 9.600001 -5.899999
v 0.900000 9.700001 -5.899999
v 1.000000 0.799999 6.000000
v 1.000000 0.799999 5.900000
v 1.000000 0.899999 6.000000
v 1.000000 0.899999 5.900000
v 1.000000 2.199999 6.000000
v 1.000000 2.199999 5.900001
v 1.000000 2.299999 6.000000
v 1.000000 2.299999 5.900001
v 1.100000 0.699999 6.000000
v 1.100000 0.699999 5.900000
v 1.100000 0.799999 6.000000
v 1.100000 0.799999 5.900000
v 1.100000 2.299999 6.000000
v 1.100000 2.299999 5.900001
v 1.100000 2.399999 6.000000
v 1.100000 2.399999 5.900001
v 1.100000 9.499999 5.900002
v 1.100000 9.499999 5.800002
v 1.100000 9.599999 5.900002
v 1.100000 9.500001 -5.799999
v 1.100000 9.599999 5.800002
v 1.100000 9.500001 -5.899999
v 1.100000 9.600001 -5.799999
v 1.100000 9.600001 -5.899999
v 1.200000 0.599999 6.000000
v 1.200000 0.599999 5.900000
v 1.200000 0.699999 6.000000
v 1.200000 0.699999 5.900000
v 1.200000 2.399999 6.000000
v 1.200000 2.399999 5.900001
v 1.200000 2.499999 6.000000
v 1.200000 2.499999 5.900001
v 1.300000 0.499999 6.000000
v 1.300000 0.499999 5.900000
v 1.300000 0.599999 6.000000
v 1.300000 0.599999 5.900000
v 1.300000 2.499999 6.000000
v 1.300000 2.499999 5.900001
v 1.300000 2.599999 6.000000
v 1.300000 2.599999 5.900001
v 1.300000 9.399999 5.900002
v 1.300000 9.399999 5.800002
v 1.300000 9.499999 5.900002
v 1.300000 9.400001 -5.799999
v 1.300000 9.499999 5.800002
v 1.300000 9.400001 -5.899999
v 1.300000 9.500001 -5.799999
v 1.300000 9.500001 -5.899999
v 1.400000 0.399999 6.000000
v 1.400000 0.399999 5.900000
v 1.400000 0.499999 6.000000
v 1.400000 0.499999 5.900000
v 1.400000 2.599999 6.000000
v 1.400000 2.599999 5.900001
v 1.400000 2.699999 6.000000
v 1.400000 2.699999 5.900001
v 1.500000 0.299999 6.000000
v 1.500000 0.299999 5.900000
v 1.500000 0.399999 6.000000
v 1.500000 0.399999 5.900000
v 1.500000 2.699999 6.000000
v 1.500000 2.699999 5.900001
v 1.500000 2.799999 6.000000
v 1.500000 2.799999 5.900001
v 1.500000 9.299999 5.900002
v 1.500000 9.299999 5.800002
v 1.500000 9.399999 5.900002
v 1.500000 9.300001 -5.799999
v 1.500000 9.399999 5.800002
v 1.500000 9.300001 -5.899999
v 1.500000 9.400001 -5.799999
v 1.500000 9.400001 -5.899999
v 1.700000 -0.000001 6.000000
v 1.700000 -0.000001 5.900000
v 1.700000 0.099999 5.900000
v 1.700000 3.099999 6.000000
v 1.700000 3.099999 5.900001
v 1.700000 9.199999 5.900002
v 1.700000 9.199999 5.800002
v 1.700000 9.299999 5.900002
v 1.700000 9.200001 -5.799999
v 1.700000 9.200001 -5.899999
v 1.700000 9.300001 -5.899999
v 1.900000 9.099999 5.900002
v 1.900000 9.099999 5.800002
v 1.900000 9.199999 5.900002
v 1.900000 9.100001 -5.799999
v 1.900000 9.199999 5.800002
v 1.900000 9.100001 -5.899999
v 1.900000 9.200001 -5.799999
v 1.900000 9.200001 -5.899999
v 2.100000 8.999999 5.900002
v 2.100000 8.999999 5.800002
v 2.100000 9.099999 5.900002
v 2.100000 9.000001 -5.799999
v 2.100000 9.099999 5.800002
v 2.100000 9.000001 -5.899999
v 2.100000 9.100001 -5.799999
v 2.100000 9.100001 -5.899999
v 2.300000 8.899999 5.900002
v 2.300000 8.899999 5.800002
v 2.300000 8.999999 5.900002
v 2.300000 8.900001 -5.799999
v 2.300000 8.999999 5.800002
v 2.300000 8.900001 -5.899999
v 2.300000 9.000001 -5.799999
v 2.300000 9.000001 -5.899999
v 2.500000 8.799999 5.900002
v 2.500000 8.799999 5.800002
v 2.500000 8.899999 5.900002
v 2.500000 8.800001 -5.799999
v 2.500000 8.800001 -5.899999
v 2.500000 8.900001 -5.899999
v 2.700000 8.699999 5.900002
v 2.700000 8.699999 5.800002
v 2.700000 8.799999 5.900002
v 2.700000 8.700001 -5.799999
v 2.700000 8.799999 5.800002
v 2.700000 8.700001 -5.899999
v 2.700000 8.800001 -5.799999
v 2.700000 8.800001 -5.899999
v 2.900000 8.599999 5.900002
v 2.900000 8.599999 5.800002
v 2.900000 8.699999 5.900002
v 2.900000 8.600001 -5.799999
v 2.900000 8.699999 5.800002
v 2.900000 8.600001 -5.899999
v 2.900000 8.700001 -5.799999
v 2.900000 8.700001 -5.899999
v 3.100000 8.499999 5.900002
v 3.100000 8.499999 5.800002
v 3.100000 8.599999 5.900002
v 3.100000 8.500001 -5.799999
v 3.100000 8.599999 5.800002
v 3.100000 8.500001 -5.899999
v 3.100000 8.600001 -5.799999
v 3.100000 8.600001 -5.899999
v 3.300000 8.399999 5.900002
v 3.300000 8.399999 5.800002
v 3.300000 8.499999 5.900002
v 3.300000 8.400001 -5.799999
v 3.300000 8.400001 -5.899999
v 3.300000 8.500001 -5.899999
v 3.500000 8.299999 5.900002
v 3.500000 8.299999 5.800002
v 3.500000 8.399999 5.900002
v 3.500000 8.300001 -5.799999
v 3.500000 8.399999 5.800002
v 3.500000 8.300001 -5.899999
v 3.500000 8.400001 -5.799999
v 3.500000 8.400001 -5.899999
v 3.700000 8.199999 5.900002
v 3.700000 8.199999 5.800002
v 3.700000 8.299999 5.900002
v 3.700000 8.200001 -5.799999
v 3.700000 8.299999 5.800002
v 3.700000 8.200001 -5.899999
v 3.700000 8.300001 -5.799999
v 3.700000 8.300001 -5.899999
v 3.900000 8.099999 5.900002
v 3.900000 8.099999 5.800002
v 3.900000 8.199999 5.900002
v 3.900000 8.100001 -5.799999
v 3.900000 8.199999 5.800002
v 3.900000 8.100001 -5.899999
v 3.900000 8.200001 -5.799999
v 3.900000 8.200001 -5.899999
v 4.000000 -0.000001 5.900000
v 4.000000 0.000001 -5.900000
v 4.000000 0.099999 5.800000
v 4.000000 0.100001 -5.800000
v 4.000000 0.199999 5.700000
v 4.000000 0.200001 -5.700000
v 4.000000 0.499999 5.700000
v 4.000000 0.500001 -5.700000
v 4.000000 0.599999 5.700000
v 4.000000 0.600001 -5.700000
v 4.000000 0.899999 5.700000
v 4.000000 0.900001 -5.700000
v 4.000000 0.999999 5.700000
v 4.000000 1.000001 -5.700000
v 4.000000 1.299999 5.700000
v 4.000000 1.300001 -5.700000
v 4.000000 1.399999 5.700000
v 4.000000 1.400001 -5.700000
v 4.000000 1.699999 5.700000
v 4.000000 1.700001 -5.699999
v 4.000000 1.799999 5.700000
v 4.000000 1.800001 -5.699999
v 4.000000 2.099999 5.700000
v 4.000000 2.100001 -5.699999
v 4.000000 2.199999 5.700000
v 4.000000 2.200001 -5.699999
v 4.000000 2.499999 5.700000
v 4.000000 2.500001 -5.699999
v 4.000000 2.599999 5.700000
v 4.000000 2.600001 -5.699999
v 4.000000 2.899999 5.700000
v 4.000000 2.900001 -5.699999
v 4.000000 2.999999 5.700000
v 4.000000 3.000001 -5.699999
v 4.000000 3.299999 5.700000
v 4.000000 3.300001 -5.699999
v 4.000000 3.399999 5.700000
v 4.000000 3.400001 -5.699999
v 4.000000 3.699999 5.700000
v 4.000000 3.700001 -5.699999
v 4.000000 3.799999 5.700000
v 4.000000 3.800001 -5.699999
v 4.000000 4.099999 5.700000
v 4.000000 4.100001 -5.699999
v 4.000000 4.199999 5.700000
v 4.000000 4.200001 -5.699999
v 4.000000 4.499999 5.700001
v 4.000000 4.500001 -5.699999
v 4.000000 4.599999 5.700001
v 4.000000 4.600001 -5.699999
v 4.000000 4.899999 5.700001
v 4.000000 4.900001 -5.699999
v 4.000000 4.999999 5.700001
v 4.000000 5.000001 -5.699999
v 4.000000 5.299999 5.700001
v 4.000000 5.300001 -5.699999
v 4.000000 5.399999 5.700001
v 4.000000 5.400001 -5.699999
v 4.000000 5.799999 5.700001
v 4.000000 5.800001 -5.699999
v 4.000000 5.899999 5.800001
v 4.000000 5.900001 -5.799999
v 4.000000 5.999999 5.900001
v 4.000000 6.000001 -5.899999
v 4.100000 5.999999 5.900001
v 4.100000 6.000001 -5.899999
v 4.100000 6.099999 5.800001
v 4.100000 6.100001 -5.799999
v 4.100000 6.399999 5.800001
v 4.100000 6.400001 -5.799999
v 4.100000 6.499999 5.800001
v 4.100000 6.500001 -5.799999
v 4.100000 6.799999 5.800001
v 4.100000 6.800001 -5.799999
v 4.100000 6.899999 5.800001
v 4.100000 6.900001 -5.799999
v 4.100000 7.199999 5.800001
v 4.100000 7.200001 -5.799999
v 4.100000 7.299999 5.800001
v 4.100000 7.300001 -5.799999
v 4.100000 7.599999 5.800002
v 4.100000 7.600001 -5.799999
v 4.100000 7.699999 5.800002
v 4.100000 7.700001 -5.799999
v 4.100000 7.999999 5.800002
v 4.100000 8.000001 -5.799999
v 4.100000 8.099999 5.900002
v 4.100000 8.100001 -5.899999
v -1.300000 0.299999 6.000000
v -1.400000 3.099999 6.000000
v -1.400000 -0.000001 6.000000
v -1.300000 2.799999 6.000000
v -1.200000 0.299999 6.000000
v -1.200000 2.799999 6.000000
v -1.100000 0.099999 6.000000
v -1.200000 0.399999 6.000000
v -1.100000 0.199999 6.000000
v -1.100000 0.399999 6.000000
v -1.100000 2.699999 6.000000
v -1.200000 2.699999 6.000000
v -1.100000 2.899999 6.000000
v -1.100000 2.999999 6.000000
v -1.000000 0.199999 6.000000
v -1.100000 0.499999 6.000000
v -1.000000 0.299999 6.000000
v -1.000000 0.499999 6.000000
v -1.000000 2.599999 6.000000
v -1.100000 2.599999 6.000000
v -1.000000 2.799999 6.000000
v -1.000000 2.899999 6.000000
v -0.900000 0.299999 6.000000
v -1.000000 0.599999 6.000000
v -0.900000 0.399999 6.000000
v -0.900000 0.599999 6.000000
v -0.900000 2.499999 6.000000
v -1.000000 2.499999 6.000000
v -0.900000 2.699999 6.000000
v -0.900000 2.799999 6.000000
v -0.800000 0.399999 6.000000
v -0.900000 0.699999 6.000000
v -0.800000 0.499999 6.000000
v -0.800000 0.699999 6.000000
v -0.800000 2.399999 6.000000
v -0.900000 2.399999 6.000000
v -0.800000 2.599999 6.000000
v -0.800000 2.699999 6.000000
v -0.700000 0.499999 6.000000
v -0.800000 0.799999 6.000000
v -0.700000 0.599999 6.000000
v -0.700000 0.799999 6.000000
v -0.700000 2.299999 6.000000
v -0.800000 2.299999 6.000000
v -0.700000 2.499999 6.000000
v -0.700000 2.599999 6.000000
v -0.600000 0.599999 6.000000
v -0.700000 0.899999 6.000000
v -0.600000 0.699999 6.000000
v -0.600000 0.899999 6.000000
v -0.600000 2.199999 6.000000
v -0.700000 2.199999 6.000000
v -0.600000 2.399999 6.000000
v -0.600000 2.499999 6.000000
v -0.500000 0.699999 6.000000
v -0.600000 0.999999 6.000000
v -0.500000 0.799999 6.000000
v -0.500000 0.999999 6.000000
v -0.500000 2.099999 6.000000
v -0.600000 2.099999 6.000000
v -0.500000 2.299999 6.000000
v -0.500000 2.399999 6.000000
v -0.400000 0.799999 6.000000
v -0.500000 1.099999 6.000000
v -0.400000 0.899999 6.000000
v -0.400000 1.099999 6.000000
v -0.400000 1.999999 6.000000
v -0.500000 1.999999 6.000000
v -0.400000 2.199999 6.000000
v -0.400000 2.299999 6.000000
v -0.400000 6.099999 6.000001
v -0.500000 7.599999 6.000001
v -0.500000 5.999999 6.000001
v -0.400000 7.499999 6.000001
v -0.300000 0.899999 6.000000
v -0.400000 1.199999 6.000000
v -0.300000 0.999999 6.000000
v -0.300000 1.199999 6.000000
v -0.300000 1.899999 6.000000
v -0.400000 1.899999 6.000000
v -0.300000 2.099999 6.000000
v -0.300000 2.199999 6.000000
v -0.200000 0.999999 6.000000
v -0.300000 1.299999 6.000000
v -0.200000 1.099999 6.000000
v -0.200000 1.299999 6.000000
v -0.200000 1.799999 6.000000
v -0.300000 1.799999 6.000000
v -0.200000 1.999999 6.000000
v -0.200000 2.099999 6.000000
v -0.100000 1.099999 6.000000
v -0.200000 1.399999 6.000000
v -0.100000 1.199999 6.000000
v -0.100000 1.399999 6.000000
v -0.100000 1.699999 6.000000
v -0.200000 1.699999 6.000000
v -0.100000 1.899999 6.000000
v -0.100000 1.999999 6.000000
v 0.000000 1.199999 6.000000
v -0.100000 1.499999 6.000000
v 0.000000 1.299999 6.000000
v 0.000000 1.499999 6.000000
v 0.000000 1.599999 6.000000
v -0.100000 1.599999 6.000000
v 0.000000 1.799999 6.000000
v 0.000000 1.899999 6.000000
v 0.000000 10.399999 6.000002
v -0.100000 10.499999 6.000002
v -0.100000 10.399999 6.000002
v 0.000000 10.499999 6.000002
v 0.100000 0.099999 6.000000
v 0.100000 1.299999 6.000000
v 0.100000 1.799999 6.000000
v 0.100000 2.999999 6.000000
v 0.200000 0.099999 6.000000
v 0.200000 1.299999 6.000000
v 0.200000 1.799999 6.000000
v 0.200000 2.999999 6.000000
v 0.300000 1.299999 6.000000
v 0.300000 1.499999 6.000000
v 0.300000 1.599999 6.000000
v 0.300000 1.799999 6.000000
v 0.400000 1.199999 6.000000
v 0.300000 1.199999 6.000000
v 0.400000 1.399999 6.000000
v 0.400000 1.499999 6.000000
v 0.400000 1.599999 6.000000
v 0.300000 1.899999 6.000000
v 0.400000 1.699999 6.000000
v 0.400000 1.899999 6.000000
v 0.500000 1.099999 6.000000
v 0.400000 1.099999 6.000000
v 0.500000 1.299999 6.000000
v 0.500000 1.399999 6.000000
v 0.500000 1.699999 6.000000
v 0.400000 1.999999 6.000000
v 0.500000 1.799999 6.000000
v 0.500000 1.999999 6.000000
v 0.600000 0.999999 6.000000
v 0.500000 0.999999 6.000000
v 0.600000 1.199999 6.000000
v 0.600000 1.299999 6.000000
v 0.600000 1.799999 6.000000
v 0.500000 2.099999 6.000000
v 0.600000 1.899999 6.000000
v 0.600000 2.099999 6.000000
v 0.700000 0.899999 6.000000
v 0.600000 0.899999 6.000000
v 0.700000 1.099999 6.000000
v 0.700000 1.199999 6.000000
v 0.700000 1.899999 6.000000
v 0.600000 2.199999 6.000000
v 0.700000 1.999999 6.000000
v 0.700000 2.199999 6.000000
v 0.700000 6.099999 6.000001
v 0.700000 7.499999 6.000001
v 0.800000 0.799999 6.000000
v 0.700000 0.799999 6.000000
v 0.800000 0.999999 6.000000
v 0.800000 1.099999 6.000000
v 0.800000 1.999999 6.000000
v 0.700000 2.299999 6.000000
v 0.800000 2.099999 6.000000
v 0.800000 2.299999 6.000000
v 0.800000 5.999999 6.000001
v 0.800000 7.599999 6.000001
v 0.900000 0.699999 6.000000
v 0.800000 0.699999 6.000000
v 0.900000 0.899999 6.000000
v 0.900000 0.999999 6.000000
v 0.900000 2.099999 6.000000
v 0.800000 2.399999 6.000000
v 0.900000 2.199999 6.000000
v 0.900000 2.399999 6.000000
v 1.000000 0.599999 6.000000
v 0.900000 0.599999 6.000000
v 1.000000 0.799999 6.000000
v 1.000000 0.899999 6.000000
v 1.000000 2.199999 6.000000
v 0.900000 2.499999 6.000000
v 1.000000 2.299999 6.000000
v 1.000000 2.499999 6.000000
v 1.100000 0.499999 6.000000
v 1.000000 0.499999 6.000000
v 1.100000 0.699999 6.000000
v 1.100000 0.799999 6.000000
v 1.100000 2.299999 6.000000
v 1.000000 2.599999 6.000000
v 1.100000 2.399999 6.000000
v 1.100000 2.599999 6.000000
v 1.200000 0.399999 6.000000
v 1.100000 0.399999 6.000000
v 1.200000 0.599999 6.000000
v 1.200000 0.699999 6.000000
v 1.200000 2.399999 6.000000
v 1.100000 2.699999 6.000000
v 1.200000 2.499999 6.000000
v 1.200000 2.699999 6.000000
v 1.300000 0.299999 6.000000
v 1.200000 0.299999 6.000000
v 1.300000 0.499999 6.000000
v 1.300000 0.599999 6.000000
v 1.300000 2.499999 6.000000
v 1.200000 2.799999 6.000000
v 1.300000 2.599999 6.000000
v 1.300000 2.799999 6.000000
v 1.400000 0.099999 6.000000
v 1.400000 0.199999 6.000000
v 1.300000 0.199999 6.000000
v 1.400000 0.399999 6.000000
v 1.400000 0.499999 6.000000
v 1.400000 2.599999 6.000000
v 1.300000 2.899999 6.000000
v 1.400000 2.699999 6.000000
v 1.400000 2.899999 6.000000
v 1.400000 2.999999 6.000000
v 1.500000 0.299999 6.000000
v 1.500000 0.399999 6.000000
v 1.500000 2.699999 6.000000
v 1.500000 2.799999 6.000000
v 1.600000 0.299999 6.000000
v 1.600000 2.799999 6.000000
v 1.700000 -0.000001 6.000000
v 1.700000 3.099999 6.000000
v -4.100000 5.999999 5.900001
v -4.200000 8.099999 5.900002
v -4.200000 5.999999 5.900001
v -4.100000 7.999999 5.900002
v -4.000000 -0.000001 5.900000
v -4.100000 -0.000001 5.900000
v -4.000000 0.099999 5.900000
v -4.000000 7.799999 5.900002
v -4.000000 7.899999 5.900002
v -4.000000 7.999999 5.900002
v -4.000000 8.099999 5.900002
v -3.800000 8.099999 5.900002
v -4.000000 8.199999 5.900002
v -3.800000 8.199999 5.900002
v -3.700000 0.099999 5.900000
v -3.700000 7.799999 5.900002
v -3.600000 0.099999 5.900000
v -3.600000 7.799999 5.900002
v -3.600000 8.099999 5.900002
v -3.600000 8.199999 5.900002
v -3.800000 8.299999 5.900002
v -3.600000 8.299999 5.900002
v -3.400000 8.199999 5.900002
v -3.400000 8.299999 5.900002
v -3.600000 8.399999 5.900002
v -3.400000 8.399999 5.900002
v -3.300000 0.099999 5.900000
v -3.300000 7.799999 5.900002
v -3.300000 8.099999 5.900002
v -3.300000 8.299999 5.900002
v -3.200000 0.099999 5.900000
v -3.200000 7.799999 5.900002
v -3.200000 8.099999 5.900002
v -3.200000 8.399999 5.900002
v -3.400000 8.499999 5.900002
v -3.200000 8.499999 5.900002
v -3.000000 8.399999 5.900002
v -3.000000 8.499999 5.900002
v -3.200000 8.599999 5.900002
v -3.000000 8.599999 5.900002
v -2.900000 0.099999 5.900000
v -2.900000 7.799999 5.900002
v -2.900000 8.099999 5.900002
v -2.900000 8.499999 5.900002
v -2.800000 0.099999 5.900000
v -2.800000 7.799999 5.900002
v -2.800000 8.099999 5.900002
v -2.800000 8.599999 5.900002
v -3.000000 8.699999 5.900002
v -2.800000 8.699999 5.900002
v -2.600000 8.599999 5.900002
v -2.600000 8.699999 5.900002
v -2.800000 8.799999 5.900002
v -2.600000 8.799999 5.900002
v -2.500000 0.099999 5.900000
v -2.500000 7.799999 5.900002
v -2.500000 8.099999 5.900002
v -2.500000 8.699999 5.900002
v -2.400000 0.099999 5.900000
v -2.400000 7.799999 5.900002
v -2.400000 8.099999 5.900002
v -2.400000 8.799999 5.900002
v -2.600000 8.899999 5.900002
v -2.400000 8.899999 5.900002
v -2.200000 8.799999 5.900002
v -2.200000 8.899999 5.900002
v -2.400000 8.999999 5.900002
v -2.200000 8.999999 5.900002
v -2.100000 0.099999 5.900000
v -2.100000 7.799999 5.900002
v -2.100000 8.099999 5.900002
v -2.100000 8.899999 5.900002
v -2.000000 0.099999 5.900000
v -2.000000 7.799999 5.900002
v -2.000000 8.099999 5.900002
v -2.000000 8.999999 5.900002
v -2.200000 9.099999 5.900002
v -2.000000 9.099999 5.900002
v -1.800000 8.999999 5.900002
v -1.800000 9.099999 5.900002
v -2.000000 9.199999 5.900002
v -1.800000 9.199999 5.900002
v -1.700000 0.099999 5.900000
v -1.700000 7.799999 5.900002
v -1.700000 8.099999 5.900002
v -1.700000 9.099999 5.900002
v -1.600000 0.099999 5.900000
v -1.600000 7.799999 5.900002
v -1.600000 8.099999 5.900002
v -1.600000 9.199999 5.900002
v -1.800000 9.299999 5.900002
v -1.600000 9.299999 5.900002
v -1.400000 -0.000001 5.900000
v -1.400000 0.099999 5.900000
v -1.400000 3.099999 5.900001
v -1.400000 9.199999 5.900002
v -1.400000 9.299999 5.900002
v -1.600000 9.399999 5.900002
v -1.400000 9.399999 5.900002
v -1.300000 3.099999 5.900001
v -1.300000 7.799999 5.900002
v -1.300000 8.099999 5.900002
v -1.300000 9.299999 5.900002
v -1.200000 0.299999 5.900000
v -1.300000 2.799999 5.900001
v -1.300000 0.299999 5.900000
v -1.200000 0.399999 5.900000
v -1.200000 2.699999 5.900001
v -1.200000 2.799999 5.900001
v -1.200000 3.099999 5.900001
v -1.200000 7.799999 5.900002
v -1.200000 8.099999 5.900002
v -1.200000 9.399999 5.900002
v -1.400000 9.499999 5.900002
v -1.200000 9.499999 5.900002
v -1.100000 0.399999 5.900000
v -1.100000 0.499999 5.900000
v -1.100000 2.599999 5.900001
v -1.100000 2.699999 5.900001
v -1.000000 0.199999 5.900000
v -1.100000 0.199999 5.900000
v -1.100000 0.099999 5.900000
v -1.000000 0.499999 5.900000
v -1.000000 0.599999 5.900000
v -1.000000 2.499999 5.900001
v -1.000000 2.599999 5.900001
v -1.000000 2.899999 5.900001
v -1.100000 2.999999 5.900001
v -1.100000 2.899999 5.900001
v -1.000000 9.399999 5.900002
v -1.000000 9.499999 5.900002
v -1.200000 9.599999 5.900002
v -1.000000 9.599999 5.900002
v -0.900000 0.299999 5.900000
v -1.000000 0.299999 5.900000
v -0.900000 0.599999 5.900000
v -0.900000 0.699999 5.900000
v -0.900000 2.399999 5.900001
v -0.900000 2.499999 5.900001
v -0.900000 2.799999 5.900001
v -1.000000 2.799999 5.900001
v -0.900000 3.099999 5.900001
v -0.900000 7.799999 5.900002
v -0.900000 8.099999 5.900002
v -0.900000 9.499999 5.900002
v -0.800000 0.399999 5.900000
v -0.900000 0.399999 5.900000
v -0.800000 0.699999 5.900000
v -0.800000 0.799999 5.900000
v -0.800000 2.299999 5.900001
v -0.800000 2.399999 5.900001
v -0.800000 2.699999 5.900001
v -0.900000 2.699999 5.900001
v -0.800000 3.099999 5.900001
v -0.800000 7.799999 5.900002
v -0.800000 8.099999 5.900002
v -0.800000 9.599999 5.900002
v -1.000000 9.699999 5.900002
v -0.800000 9.699999 5.900002
v -0.700000 0.499999 5.900000
v -0.800000 0.499999 5.900000
v -0.700000 0.799999 5.900000
v -0.700000 0.899999 5.900000
v -0.700000 2.199999 5.900001
v -0.700000 2.299999 5.900001
v -0.700000 2.599999 5.900001
v -0.800000 2.599999 5.900001
v -0.600000 0.599999 5.900000
v -0.700000 0.599999 5.900000
v -0.600000 0.899999 5.900000
v -0.600000 0.999999 5.900000
v -0.600000 2.099999 5.900001
v -0.600000 2.199999 5.900001
v -0.600000 2.499999 5.900001
v -0.700000 2.499999 5.900001
v -0.600000 9.599999 5.900002
v -0.600000 9.699999 5.900002
v -0.800000 9.799999 5.900002
v -0.600000 9.799999 5.900002
v -0.500000 0.699999 5.900000
v -0.600000 0.699999 5.900000
v -0.500000 0.999999 5.900000
v -0.500000 1.099999 5.900000
v -0.500000 1.999999 5.900001
v -0.500000 2.099999 5.900001
v -0.500000 2.399999 5.900001
v -0.600000 2.399999 5.900001
v -0.500000 3.099999 5.900001
v -0.500000 5.999999 5.900001
v -0.500000 7.599999 5.900002
v -0.500000 7.799999 5.900002
v -0.500000 8.099999 5.900002
v -0.500000 9.699999 5.900002
v -0.400000 0.799999 5.900000
v -0.500000 0.799999 5.900000
v -0.400000 1.099999 5.900000
v -0.400000 1.199999 5.900000
v -0.400000 1.899999 5.900001
v -0.400000 1.999999 5.900001
v -0.400000 2.299999 5.900001
v -0.500000 2.299999 5.900001
v -0.400000 3.099999 5.900001
v -0.400000 5.999999 5.900001
v -0.400000 7.599999 5.900002
v -0.400000 7.799999 5.900002
v -0.400000 8.099999 5.900002
v -0.400000 9.799999 5.900002
v -0.600000 9.899999 5.900002
v -0.400000 9.899999 5.900002
v -0.300000 0.899999 5.900000
v -0.400000 0.899999 5.900000
v -0.300000 1.199999 5.900000
v -0.300000 1.299999 5.900000
v -0.300000 1.799999 5.900001
v -0.300000 1.899999 5.900001
v -0.300000 2.199999 5.900001
v -0.400000 2.199999 5.900001
v -0.200000 0.999999 5.900000
v -0.300000 0.999999 5.900000
v -0.200000 1.299999 5.900000
v -0.200000 1.399999 5.900000
v -0.200000 1.699999 5.900001
v -0.200000 1.799999 5.900001
v -0.200000 2.099999 5.900001
v -0.300000 2.099999 5.900001
v -0.100000 1.099999 5.900000
v -0.200000 1.099999 5.900000
v -0.100000 1.399999 5.900000
v -0.100000 1.499999 5.900001
v -0.100000 1.599999 5.900001
v -0.100000 1.699999 5.900001
v -0.100000 1.999999 5.900001
v -0.200000 1.999999 5.900001
v -0.100000 3.099999 5.900001
v -0.100000 5.999999 5.900001
v -0.100000 7.599999 5.900002
v -0.100000 7.799999 5.900002
v -0.100000 8.099999 5.900002
v -0.100000 9.799999 5.900002
v 0.000000 1.199999 5.900000
v -0.100000 1.199999 5.900000
v 0.000000 1.499999 5.900001
v 0.000000 1.599999 5.900001
v 0.000000 1.899999 5.900001
v -0.100000 1.899999 5.900001
v 0.000000 3.099999 5.900001
v 0.000000 5.999999 5.900001
v 0.000000 7.599999 5.900002
v 0.000000 7.799999 5.900002
v 0.000000 8.099999 5.900002
v 0.000000 9.799999 5.900002
v 0.000000 10.299999 5.900002
v -0.100000 10.399999 5.900002
v -0.100000 10.299999 5.900002
v 0.000000 10.399999 5.900002
v 0.000000 10.499999 5.900002
v -0.100000 10.599999 5.900002
v -0.100000 10.499999 5.900002
v 0.000000 10.599999 5.900002
v 0.100000 0.099999 5.900000
v 0.100000 0.399999 5.900000
v 0.100000 0.499999 5.900000
v 0.100000 0.799999 5.900000
v 0.100000 0.899999 5.900000
v 0.100000 1.199999 5.900000
v 0.000000 1.299999 5.900000
v 0.100000 1.299999 5.900000
v 0.100000 1.799999 5.900001
v 0.000000 1.799999 5.900001
v 0.100000 1.899999 5.900001
v 0.100000 2.199999 5.900001
v 0.100000 2.299999 5.900001
v 0.100000 2.599999 5.900001
v 0.100000 2.699999 5.900001
v 0.100000 2.999999 5.900001
v 0.300000 1.199999 5.900000
v 0.200000 1.199999 5.900000
v 0.200000 0.899999 5.900000
v 0.200000 1.299999 5.900000
v 0.300000 1.299999 5.900000
v 0.300000 1.799999 5.900001
v 0.200000 1.899999 5.900001
v 0.200000 1.799999 5.900001
v 0.300000 1.899999 5.900001
v 0.200000 2.199999 5.900001
v 0.300000 3.099999 5.900001
v 0.300000 5.999999 5.900001
v 0.300000 7.599999 5.900002
v 0.300000 7.799999 5.900002
v 0.300000 8.099999 5.900002
v 0.300000 9.799999 5.900002
v 0.300000 9.899999 5.900002
v -0.400000 9.999999 5.900002
v 0.300000 9.999999 5.900002
v 0.400000 1.099999 5.900000
v 0.400000 1.199999 5.900000
v 0.400000 1.499999 5.900001
v 0.300000 1.599999 5.900001
v 0.300000 1.499999 5.900001
v 0.400000 1.599999 5.900001
v 0.400000 1.899999 5.900001
v 0.400000 1.999999 5.900001
v 0.400000 3.099999 5.900001
v 0.400000 5.999999 5.900001
v 0.400000 7.599999 5.900002
v 0.400000 7.799999 5.900002
v 0.400000 8.099999 5.900002
v 0.400000 9.699999 5.900002
v 0.500000 0.999999 5.900000
v 0.500000 1.099999 5.900000
v 0.500000 1.399999 5.900000
v 0.400000 1.699999 5.900001
v 0.400000 1.399999 5.900000
v 0.500000 1.699999 5.900001
v 0.500000 1.999999 5.900001
v 0.500000 2.099999 5.900001
v 0.500000 9.599999 5.900002
v 0.500000 9.699999 5.900002
v 0.500000 9.799999 5.900002
v 0.500000 9.899999 5.900002
v 0.600000 0.899999 5.900000
v 0.200000 0.799999 5.900000
v 0.600000 0.999999 5.900000
v 0.600000 1.299999 5.900000
v 0.500000 1.799999 5.900001
v 0.500000 1.299999 5.900000
v 0.600000 1.799999 5.900001
v 0.600000 2.099999 5.900001
v 0.600000 2.199999 5.900001
v 0.200000 2.299999 5.900001
v 0.700000 0.799999 5.900000
v 0.200000 0.499999 5.900000
v 0.700000 0.899999 5.900000
v 0.700000 1.199999 5.900000
v 0.600000 1.899999 5.900001
v 0.600000 1.199999 5.900000
v 0.700000 1.899999 5.900001
v 0.700000 2.199999 5.900001
v 0.700000 2.299999 5.900001
v 0.200000 2.599999 5.900001
v 0.700000 3.099999 5.900001
v 0.700000 5.999999 5.900001
v 0.700000 7.599999 5.900002
v 0.700000 7.799999 5.900002
v 0.700000 8.099999 5.900002
v 0.700000 9.599999 5.900002
v 0.700000 9.699999 5.900002
v 0.700000 9.799999 5.900002
v 0.800000 0.699999 5.900000
v 0.800000 0.799999 5.900000
v 0.800000 1.099999 5.900000
v 0.700000 1.999999 5.900001
v 0.700000 1.099999 5.900000
v 0.800000 1.999999 5.900001
v 0.800000 2.299999 5.900001
v 0.800000 2.399999 5.900001
v 0.800000 3.099999 5.900001
v 0.800000 5.999999 5.900001
v 0.800000 7.599999 5.900002
v 0.800000 7.799999 5.900002
v 0.800000 8.099999 5.900002
v 0.800000 9.499999 5.900002
v 0.900000 0.599999 5.900000
v 0.900000 0.699999 5.900000
v 0.900000 0.999999 5.900000
v 0.800000 2.099999 5.900001
v 0.800000 0.999999 5.900000
v 0.900000 2.099999 5.900001
v 0.900000 2.399999 5.900001
v 0.900000 2.499999 5.900001
v 0.900000 9.399999 5.900002
v 0.900000 9.499999 5.900002
v 0.900000 9.599999 5.900002
v 0.900000 9.699999 5.900002
v 1.000000 0.499999 5.900000
v 0.200000 0.399999 5.900000
v 1.000000 0.599999 5.900000
v 1.000000 0.899999 5.900000
v 0.900000 2.199999 5.900001
v 0.900000 0.899999 5.900000
v 1.000000 2.199999 5.900001
v 1.000000 2.499999 5.900001
v 1.000000 2.599999 5.900001
v 0.200000 2.699999 5.900001
v 1.100000 0.399999 5.900000
v 0.200000 0.099999 5.900000
v 1.100000 0.499999 5.900000
v 1.100000 0.799999 5.900000
v 1.000000 2.299999 5.900001
v 1.000000 0.799999 5.900000
v 1.100000 2.299999 5.900001
v 1.100000 2.599999 5.900001
v 1.100000 2.699999 5.900001
v 0.200000 2.999999 5.900001
v 1.100000 3.099999 5.900001
v 1.100000 7.799999 5.900002
v 1.100000 8.099999 5.900002
v 1.100000 9.399999 5.900002
v 1.100000 9.499999 5.900002
v 1.100000 9.599999 5.900002
v 1.200000 0.299999 5.900000
v 1.200000 0.399999 5.900000
v 1.200000 0.699999 5.900000
v 1.100000 2.399999 5.900001
v 1.100000 0.699999 5.900000
v 1.200000 2.399999 5.900001
v 1.200000 2.699999 5.900001
v 1.200000 2.799999 5.900001
v 1.200000 3.099999 5.900001
v 1.200000 7.799999 5.900002
v 1.200000 8.099999 5.900002
v 1.200000 9.299999 5.900002
v 1.300000 0.199999 5.900000
v 1.300000 0.299999 5.900000
v 1.300000 0.599999 5.900000
v 1.200000 2.499999 5.900001
v 1.200000 0.599999 5.900000
v 1.300000 2.499999 5.900001
v 1.300000 2.799999 5.900001
v 1.300000 2.899999 5.900001
v 1.300000 9.199999 5.900002
v 1.300000 9.299999 5.900002
v 1.300000 9.399999 5.900002
v 1.300000 9.499999 5.900002
v 1.400000 0.099999 5.900000
v 1.400000 0.199999 5.900000
v 1.400000 0.499999 5.900000
v 1.300000 2.599999 5.900001
v 1.300000 0.499999 5.900000
v 1.400000 2.599999 5.900001
v 1.400000 2.899999 5.900001
v 1.400000 2.999999 5.900001
v 1.500000 0.399999 5.900000
v 1.400000 2.699999 5.900001
v 1.400000 0.399999 5.900000
v 1.500000 2.699999 5.900001
v 1.500000 3.099999 5.900001
v 1.500000 7.799999 5.900002
v 1.500000 8.099999 5.900002
v 1.500000 9.199999 5.900002
v 1.500000 9.299999 5.900002
v 1.500000 9.399999 5.900002
v 1.600000 0.299999 5.900000
v 1.500000 2.799999 5.900001
v 1.500000 0.299999 5.900000
v 1.600000 2.799999 5.900001
v 1.600000 3.099999 5.900001
v 1.600000 7.799999 5.900002
v 1.600000 8.099999 5.900002
v 1.600000 9.099999 5.900002
v 1.700000 3.099999 5.900001
v 1.700000 8.999999 5.900002
v 1.700000 9.099999 5.900002
v 1.700000 9.199999 5.900002
v 1.700000 9.299999 5.900002
v 1.900000 0.099999 5.900000
v 1.700000 0.099999 5.900000
v 1.700000 -0.000001 5.900000
v 1.900000 7.799999 5.900002
v 1.900000 8.099999 5.900002
v 1.900000 8.999999 5.900002
v 1.900000 9.099999 5.900002
v 1.900000 9.199999 5.900002
v 2.000000 0.099999 5.900000
v 2.000000 7.799999 5.900002
v 2.000000 8.099999 5.900002
v 2.000000 8.899999 5.900002
v 2.100000 8.799999 5.900002
v 2.100000 8.899999 5.900002
v 2.100000 8.999999 5.900002
v 2.100000 9.099999 5.900002
v 2.300000 0.099999 5.900000
v 2.300000 7.799999 5.900002
v 2.300000 8.099999 5.900002
v 2.300000 8.799999 5.900002
v 2.300000 8.899999 5.900002
v 2.300000 8.999999 5.900002
v 2.400000 0.099999 5.900000
v 2.400000 7.799999 5.900002
v 2.400000 8.099999 5.900002
v 2.400000 8.699999 5.900002
v 2.500000 8.599999 5.900002
v 2.500000 8.699999 5.900002
v 2.500000 8.799999 5.900002
v 2.500000 8.899999 5.900002
v 2.700000 0.099999 5.900000
v 2.700000 7.799999 5.900002
v 2.700000 8.099999 5.900002
v 2.700000 8.599999 5.900002
v 2.700000 8.699999 5.900002
v 2.700000 8.799999 5.900002
v 2.800000 0.099999 5.900000
v 2.800000 7.799999 5.900002
v 2.800000 8.099999 5.900002
v 2.800000 8.499999 5.900002
v 2.900000 8.399999 5.900002
v 2.900000 8.499999 5.900002
v 2.900000 8.599999 5.900002
v 2.900000 8.699999 5.900002
v 3.100000 0.099999 5.900000
v 3.100000 7.799999 5.900002
v 3.100000 8.099999 5.900002
v 3.100000 8.399999 5.900002
v 3.100000 8.499999 5.900002
v 3.100000 8.599999 5.900002
v 3.200000 0.099999 5.900000
v 3.200000 7.799999 5.900002
v 3.200000 8.099999 5.900002
v 3.200000 8.299999 5.900002
v 3.300000 8.199999 5.900002
v 3.300000 8.299999 5.900002
v 3.300000 8.399999 5.900002
v 3.300000 8.499999 5.900002
v 3.500000 0.099999 5.900000
v 3.500000 7.799999 5.900002
v 3.500000 8.099999 5.900002
v 3.500000 8.199999 5.900002
v 3.500000 8.299999 5.900002
v 3.500000 8.399999 5.900002
v 3.600000 0.099999 5.900000
v 3.600000 7.799999 5.900002
v 3.700000 8.099999 5.900002
v 3.700000 8.199999 5.900002
v 3.700000 8.299999 5.900002
v 3.900000 -0.000001 5.900000
v 3.900000 0.099999 5.900000
v 3.900000 7.799999 5.900002
v 3.900000 7.899999 5.900002
v 3.900000 7.999999 5.900002
v 3.900000 8.099999 5.900002
v 3.900000 8.199999 5.900002
v 4.000000 -0.000001 5.900000
v 4.000000 5.999999 5.900001
v 4.000000 7.999999 5.900002
v 4.100000 5.999999 5.900001
v 4.100000 8.099999 5.900002
v 0.000000 9.999999 5.700001
v -0.100000 10.099999 5.700001
v -0.100000 9.999999 5.700001
v 0.000000 10.099999 5.700001
v -0.100000 9.999999 5.600001
v -0.200000 10.099999 5.600001
v -0.200000 9.999999 5.600001
v -0.100000 10.099999 5.600001
v 0.000000 10.099999 5.600001
v -0.100000 10.399999 5.600002
v 0.000000 10.399999 5.600002
v 0.100000 9.999999 5.600001
v 0.000000 9.999999 5.600001
v 0.100000 10.099999 5.600001
v 0.000000 10.299999 5.300002
v -0.100000 10.399999 5.300002
v -0.100000 10.299999 5.300002
v 0.000000 10.399999 5.300002
v 0.000000 10.499999 5.300002
v -0.100000 10.599999 5.300002
v -0.100000 10.499999 5.300002
v 0.000000 10.599999 5.300002
v -3.700000 5.300001 -5.799999
v -3.900000 7.900001 -5.799999
v -3.900000 5.300001 -5.799999
v -3.700000 7.900001 -5.799999
v -3.600000 5.300001 -5.799999
v -3.600000 7.900001 -5.799999
v -3.300000 5.300001 -5.799999
v -3.300000 7.900001 -5.799999
v -3.200000 5.300001 -5.799999
v -3.200000 7.900001 -5.799999
v -2.900000 5.300001 -5.799999
v -2.900000 7.900001 -5.799999
v -2.800000 5.300001 -5.799999
v -2.800000 7.900001 -5.799999
v -2.500000 5.300001 -5.799999
v -2.500000 7.900001 -5.799999
v -2.400000 5.300001 -5.799999
v -2.400000 7.900001 -5.799999
v -2.100000 5.300001 -5.799999
v -2.100000 7.900001 -5.799999
v -2.000000 5.300001 -5.799999
v -2.000000 7.900001 -5.799999
v -1.700000 5.300001 -5.799999
v -1.700000 7.900001 -5.799999
v -1.600000 5.300001 -5.799999
v -1.600000 7.900001 -5.799999
v -1.300000 5.300001 -5.799999
v -1.300000 7.900001 -5.799999
v -1.200000 5.300001 -5.799999
v -1.200000 7.900001 -5.799999
v -0.900000 5.300001 -5.799999
v -0.900000 7.900001 -5.799999
v -0.800000 5.300001 -5.799999
v -0.800000 7.900001 -5.799999
v -0.500000 5.300001 -5.799999
v -0.500000 6.100001 -5.799999
v -0.500000 7.500001 -5.799999
v -0.500000 7.900001 -5.799999
v -0.400000 5.300001 -5.799999
v -0.400000 6.000001 -5.799999
v -0.400000 6.100001 -5.799999
v -0.400000 7.500001 -5.799999
v -0.400000 7.600001 -5.799999
v -0.400000 7.900001 -5.799999
v -0.100000 5.300001 -5.799999
v -0.100000 6.000001 -5.799999
v -0.100000 7.600001 -5.799999
v -0.100000 7.900001 -5.799999
v 0.000000 5.300001 -5.799999
v 0.000000 6.000001 -5.799999
v 0.000000 7.600001 -5.799999
v 0.000000 7.900001 -5.799999
v 0.300000 5.300001 -5.799999
v 0.300000 6.000001 -5.799999
v 0.300000 7.600001 -5.799999
v 0.300000 7.900001 -5.799999
v 0.400000 5.300001 -5.799999
v 0.400000 6.000001 -5.799999
v 0.400000 7.600001 -5.799999
v 0.400000 7.900001 -5.799999
v 0.700000 5.300001 -5.799999
v 0.700000 6.000001 -5.799999
v 0.700000 6.100001 -5.799999
v 0.700000 7.500001 -5.799999
v 0.700000 7.600001 -5.799999
v 0.700000 7.900001 -5.799999
v 0.800000 5.300001 -5.799999
v 0.800000 6.100001 -5.799999
v 0.800000 7.500001 -5.799999
v 0.800000 7.900001 -5.799999
v 1.100000 5.300001 -5.799999
v 1.100000 7.900001 -5.799999
v 1.200000 5.300001 -5.799999
v 1.200000 7.900001 -5.799999
v 1.500000 5.300001 -5.799999
v 1.500000 7.900001 -5.799999
v 1.600000 5.300001 -5.799999
v 1.600000 7.900001 -5.799999
v 1.900000 5.300001 -5.799999
v 1.900000 7.900001 -5.799999
v 2.000000 5.300001 -5.799999
v 2.000000 7.900001 -5.799999
v 2.300000 5.300001 -5.799999
v 2.300000 7.900001 -5.799999
v 2.400000 5.300001 -5.799999
v 2.400000 7.900001 -5.799999
v 2.700000 5.300001 -5.799999
v 2.700000 7.900001 -5.799999
v 2.800000 5.300001 -5.799999
v 2.800000 7.900001 -5.799999
v 3.100000 5.300001 -5.799999
v 3.100000 7.900001 -5.799999
v 3.200000 5.300001 -5.799999
v 3.200000 7.900001 -5.799999
v 3.500000 5.300001 -5.799999
v 3.500000 7.900001 -5.799999
v 3.600000 5.300001 -5.799999
v 3.600000 7.900001 -5.799999
v 3.800000 5.300001 -5.799999
v 3.800000 7.900001 -5.799999
v -3.900000 5.299999 5.800001
v -3.900000 7.799999 5.800002
v -3.700000 5.299999 5.800001
v -3.900000 7.899999 5.800002
v -3.700000 7.799999 5.800002
v -3.600000 5.299999 5.800001
v -3.600000 7.799999 5.800002
v -3.300000 5.299999 5.800001
v -3.300000 7.799999 5.800002
v -3.200000 5.299999 5.800001
v -3.200000 7.799999 5.800002
v -2.900000 5.299999 5.800001
v -2.900000 7.799999 5.800002
v -2.800000 5.299999 5.800001
v -2.800000 7.799999 5.800002
v -2.500000 5.299999 5.800001
v -2.500000 7.799999 5.800002
v -2.400000 5.299999 5.800001
v -2.400000 7.799999 5.800002
v -2.100000 5.299999 5.800001
v -2.100000 7.799999 5.800002
v -2.000000 5.299999 5.800001
v -2.000000 7.799999 5.800002
v -1.700000 5.299999 5.800001
v -1.700000 7.799999 5.800002
v -1.600000 5.299999 5.800001
v -1.600000 7.799999 5.800002
v -1.300000 5.299999 5.800001
v -1.300000 7.799999 5.800002
v -1.200000 5.299999 5.800001
v -1.200000 7.799999 5.800002
v -0.900000 5.299999 5.800001
v -0.900000 7.799999 5.800002
v -0.800000 5.299999 5.800001
v -0.800000 7.799999 5.800002
v -0.500000 5.299999 5.800001
v -0.500000 6.099999 5.800001
v -0.500000 7.499999 5.800002
v -0.500000 7.799999 5.800002
v -0.400000 5.299999 5.800001
v -0.400000 5.999999 5.800001
v -0.400000 6.099999 5.800001
v -0.400000 7.499999 5.800002
v -0.400000 7.599999 5.800002
v -0.400000 7.799999 5.800002
v -0.100000 5.299999 5.800001
v -0.100000 5.999999 5.800001
v -0.100000 7.599999 5.800002
v -0.100000 7.799999 5.800002
v 0.000000 5.299999 5.800001
v 0.000000 5.999999 5.800001
v 0.000000 7.599999 5.800002
v 0.000000 7.799999 5.800002
v -0.100000 10.299999 5.800002
v -0.100000 10.399999 5.800002
v 0.000000 10.299999 5.800002
v 0.000000 10.399999 5.800002
v -0.100000 10.499999 5.800002
v -0.100000 10.599999 5.800002
v 0.000000 10.499999 5.800002
v 0.000000 10.599999 5.800002
v 0.300000 5.299999 5.800001
v 0.300000 5.999999 5.800001
v 0.300000 7.599999 5.800002
v 0.300000 7.799999 5.800002
v 0.400000 5.299999 5.800001
v 0.400000 5.999999 5.800001
v 0.400000 7.599999 5.800002
v 0.400000 7.799999 5.800002
v 0.700000 5.299999 5.800001
v 0.700000 5.999999 5.800001
v 0.700000 6.099999 5.800001
v 0.700000 7.499999 5.800002
v 0.700000 7.599999 5.800002
v 0.700000 7.799999 5.800002
v 0.800000 5.299999 5.800001
v 0.800000 6.099999 5.800001
v 0.800000 7.499999 5.800002
v 0.800000 7.799999 5.800002
v 1.100000 5.299999 5.800001
v 1.100000 7.799999 5.800002
v 1.200000 5.299999 5.800001
v 1.200000 7.799999 5.800002
v 1.500000 5.299999 5.800001
v 1.500000 7.799999 5.800002
v 1.600000 5.299999 5.800001
v 1.600000 7.799999 5.800002
v 1.900000 5.299999 5.800001
v 1.900000 7.799999 5.800002
v 2.000000 5.299999 5.800001
v 2.000000 7.799999 5.800002
v 2.300000 5.299999 5.800001
v 2.300000 7.799999 5.800002
v 2.400000 5.299999 5.800001
v 2.400000 7.799999 5.800002
v 2.700000 5.299999 5.800001
v 2.700000 7.799999 5.800002
v 2.800000 5.299999 5.800001
v 2.800000 7.799999 5.800002
v 3.100000 5.299999 5.800001
v 3.100000 7.799999 5.800002
v 3.200000 5.299999 5.800001
v 3.200000 7.799999 5.800002
v 3.500000 5.299999 5.800001
v 3.500000 7.799999 5.800002
v 3.600000 5.299999 5.800001
v 3.600000 7.799999 5.800002
v 3.800000 5.299999 5.800001
v 3.800000 7.799999 5.800002
v 3.800000 7.899999 5.800002
v -0.200000 9.999999 5.500001
v -0.200000 10.099999 5.500001
v -0.100000 9.999999 5.500001
v -0.100000 10.099999 5.500001
v -0.100000 10.399999 5.500002
v 0.000000 10.099999 5.500001
v 0.000000 10.399999 5.500002
v 0.000000 9.999999 5.500001
v 0.100000 9.999999 5.500001
v 0.100000 10.099999 5.500001
v -0.100000 9.999999 5.400002
v -0.100000 10.099999 5.400002
v 0.000000 9.999999 5.400002
v 0.000000 10.099999 5.400002
v -0.100000 10.399999 5.200002
v -0.100000 10.499999 5.200002
v 0.000000 10.399999 5.200002
v 0.000000 10.499999 5.200002
v -0.100000 10.299999 5.100002
v -0.100000 10.399999 5.100002
v 0.000000 10.299999 5.100002
v 0.000000 10.399999 5.100002
v -0.100000 10.499999 5.100002
v -0.100000 10.599999 5.100002
v 0.000000 10.499999 5.100002
v 0.000000 10.599999 5.100002
v -4.200000 6.000001 -5.899999
v -4.200000 8.100001 -5.899999
v -4.100000 6.000001 -5.899999
v -4.100000 8.000001 -5.899999
v -4.100000 0.000001 -5.900000
v -4.000000 0.000001 -5.900000
v -4.000000 7.900001 -5.899999
v -4.000000 8.000001 -5.899999
v -4.000000 8.100001 -5.899999
v -3.800000 8.100001 -5.899999
v -4.000000 8.200001 -5.899999
v -3.800000 8.200001 -5.899999
v -3.700000 0.000001 -5.900000
v -3.700000 7.900001 -5.899999
v -3.600000 0.000001 -5.900000
v -3.600000 7.900001 -5.899999
v -3.600000 8.100001 -5.899999
v -3.800000 8.300001 -5.899999
v -3.600000 8.200001 -5.899999
v -3.600000 8.300001 -5.899999
v -3.400000 8.200001 -5.899999
v -3.600000 8.400001 -5.899999
v -3.400000 8.300001 -5.899999
v -3.400000 8.400001 -5.899999
v -3.300000 0.000001 -5.900000
v -3.300000 7.900001 -5.899999
v -3.300000 8.100001 -5.899999
v -3.300000 8.300001 -5.899999
v -3.200000 0.000001 -5.900000
v -3.200000 7.900001 -5.899999
v -3.200000 8.100001 -5.899999
v -3.400000 8.500001 -5.899999
v -3.200000 8.400001 -5.899999
v -3.200000 8.500001 -5.899999
v -3.000000 8.400001 -5.899999
v -3.200000 8.600001 -5.899999
v -3.000000 8.500001 -5.899999
v -3.000000 8.600001 -5.899999
v -2.900000 0.000001 -5.900000
v -2.900000 7.900001 -5.899999
v -2.900000 8.100001 -5.899999
v -2.900000 8.500001 -5.899999
v -2.800000 0.000001 -5.900000
v -2.800000 7.900001 -5.899999
v -2.800000 8.100001 -5.899999
v -3.000000 8.700001 -5.899999
v -2.800000 8.600001 -5.899999
v -2.800000 8.700001 -5.899999
v -2.700000 8.700001 -5.899999
v -2.800000 8.800001 -5.899999
v -2.700000 8.800001 -5.899999
v -2.600000 8.600001 -5.899999
v -2.600000 8.700001 -5.899999
v -2.600000 8.800001 -5.899999
v -2.500000 0.000001 -5.900000
v -2.500000 7.900001 -5.899999
v -2.500000 8.100001 -5.899999
v -2.500000 8.700001 -5.899999
v -2.400000 0.000001 -5.900000
v -2.400000 7.900001 -5.899999
v -2.400000 8.100001 -5.899999
v -2.600000 8.900001 -5.899999
v -2.400000 8.800001 -5.899999
v -2.400000 8.900001 -5.899999
v -2.200000 8.800001 -5.899999
v -2.400000 9.000001 -5.899999
v -2.200000 8.900001 -5.899999
v -2.200000 9.000001 -5.899999
v -2.100000 0.000001 -5.900000
v -2.100000 7.900001 -5.899999
v -2.100000 8.100001 -5.899999
v -2.100000 8.900001 -5.899999
v -2.000000 0.000001 -5.900000
v -2.000000 7.900001 -5.899999
v -2.000000 8.100001 -5.899999
v -2.200000 9.100001 -5.899999
v -2.000000 9.000001 -5.899999
v -2.000000 9.100001 -5.899999
v -1.800000 9.000001 -5.899999
v -2.000000 9.200001 -5.899999
v -1.800000 9.100001 -5.899999
v -1.800000 9.200001 -5.899999
v -1.700000 0.000001 -5.900000
v -1.700000 7.900001 -5.899999
v -1.700000 8.100001 -5.899999
v -1.700000 9.100001 -5.899999
v -1.600000 0.000001 -5.900000
v -1.600000 7.900001 -5.899999
v -1.600000 8.100001 -5.899999
v -1.800000 9.300001 -5.899999
v -1.600000 9.200001 -5.899999
v -1.600000 9.300001 -5.899999
v -1.400000 9.200001 -5.899999
v -1.600000 9.400001 -5.899999
v -1.400000 9.300001 -5.899999
v -1.400000 9.400001 -5.899999
v -1.300000 0.000001 -5.900000
v -1.300000 7.900001 -5.899999
v -1.300000 8.100001 -5.899999
v -1.300000 9.300001 -5.899999
v -1.200000 0.000001 -5.900000
v -1.200000 7.900001 -5.899999
v -1.200000 8.100001 -5.899999
v -1.400000 9.500001 -5.899999
v -1.200000 9.400001 -5.899999
v -1.200000 9.500001 -5.899999
v -1.000000 9.400001 -5.899999
v -1.200000 9.600001 -5.899999
v -1.000000 9.500001 -5.899999
v -1.000000 9.600001 -5.899999
v -0.900000 0.000001 -5.900000
v -0.900000 7.900001 -5.899999
v -0.900000 8.100001 -5.899999
v -0.900000 9.500001 -5.899999
v -0.800000 0.000001 -5.900000
v -0.800000 7.900001 -5.899999
v -0.800000 8.100001 -5.899999
v -1.000000 9.700001 -5.899999
v -0.800000 9.600001 -5.899999
v -0.800000 9.700001 -5.899999
v -0.600000 9.600001 -5.899999
v -0.800000 9.800001 -5.899999
v -0.600000 9.700001 -5.899999
v -0.600000 9.800001 -5.899999
v -0.500000 0.000001 -5.900000
v -0.500000 6.000001 -5.899999
v -0.500000 7.600001 -5.899999
v -0.500000 7.900001 -5.899999
v -0.500000 8.100001 -5.899999
v -0.500000 9.700001 -5.899999
v -0.400000 0.000001 -5.900000
v -0.400000 6.000001 -5.899999
v -0.400000 7.600001 -5.899999
v -0.400000 7.900001 -5.899999
v -0.400000 8.100001 -5.899999
v -0.600000 9.900001 -5.899999
v -0.400000 9.800001 -5.899999
v -0.400000 9.900001 -5.899999
v -0.100000 0.000001 -5.900000
v -0.100000 6.000001 -5.899999
v -0.100000 7.600001 -5.899999
v -0.100000 7.900001 -5.899999
v -0.100000 8.100001 -5.899999
v -0.100000 9.800001 -5.899999
v 0.000000 0.000001 -5.900000
v 0.000000 6.000001 -5.899999
v 0.000000 7.600001 -5.899999
v 0.000000 7.900001 -5.899999
v 0.000000 8.100001 -5.899999
v 0.000000 9.800001 -5.899999
v 0.300000 0.000001 -5.900000
v 0.300000 6.000001 -5.899999
v 0.300000 7.600001 -5.899999
v 0.300000 7.900001 -5.899999
v 0.300000 8.100001 -5.899999
v 0.300000 9.800001 -5.899999
v -0.400000 10.000001 -5.899999
v 0.300000 9.900001 -5.899999
v 0.300000 10.000001 -5.899999
v 0.400000 0.000001 -5.900000
v 0.400000 6.000001 -5.899999
v 0.400000 7.600001 -5.899999
v 0.400000 7.900001 -5.899999
v 0.400000 8.100001 -5.899999
v 0.400000 9.700001 -5.899999
v 0.500000 9.600001 -5.899999
v 0.500000 9.700001 -5.899999
v 0.500000 9.800001 -5.899999
v 0.500000 9.900001 -5.899999
v 0.700000 0.000001 -5.900000
v 0.700000 6.000001 -5.899999
v 0.700000 7.600001 -5.899999
v 0.700000 7.900001 -5.899999
v 0.700000 8.100001 -5.899999
v 0.700000 9.600001 -5.899999
v 0.700000 9.700001 -5.899999
v 0.700000 9.800001 -5.899999
v 0.800000 0.000001 -5.900000
v 0.800000 6.000001 -5.899999
v 0.800000 7.600001 -5.899999
v 0.800000 7.900001 -5.899999
v 0.800000 8.100001 -5.899999
v 0.800000 9.500001 -5.899999
v 0.900000 9.400001 -5.899999
v 0.900000 9.500001 -5.899999
v 0.900000 9.600001 -5.899999
v 0.900000 9.700001 -5.899999
v 1.100000 0.000001 -5.900000
v 1.100000 7.900001 -5.899999
v 1.100000 8.100001 -5.899999
v 1.100000 9.400001 -5.899999
v 1.100000 9.500001 -5.899999
v 1.100000 9.600001 -5.899999
v 1.200000 0.000001 -5.900000
v 1.200000 7.900001 -5.899999
v 1.200000 8.100001 -5.899999
v 1.200000 9.300001 -5.899999
v 1.300000 9.200001 -5.899999
v 1.300000 9.300001 -5.899999
v 1.300000 9.400001 -5.899999
v 1.300000 9.500001 -5.899999
v 1.500000 0.000001 -5.900000
v 1.500000 7.900001 -5.899999
v 1.500000 8.100001 -5.899999
v 1.500000 9.200001 -5.899999
v 1.500000 9.300001 -5.899999
v 1.500000 9.400001 -5.899999
v 1.600000 0.000001 -5.900000
v 1.600000 7.900001 -5.899999
v 1.600000 8.100001 -5.899999
v 1.600000 9.100001 -5.899999
v 1.700000 9.000001 -5.899999
v 1.700000 9.100001 -5.899999
v 1.700000 9.200001 -5.899999
v 1.700000 9.300001 -5.899999
v 1.900000 0.000001 -5.900000
v 1.900000 7.900001 -5.899999
v 1.900000 8.100001 -5.899999
v 1.900000 9.000001 -5.899999
v 1.900000 9.100001 -5.899999
v 1.900000 9.200001 -5.899999
v 2.000000 0.000001 -5.900000
v 2.000000 7.900001 -5.899999
v 2.000000 8.100001 -5.899999
v 2.000000 8.900001 -5.899999
v 2.100000 8.800001 -5.899999
v 2.100000 8.900001 -5.899999
v 2.100000 9.000001 -5.899999
v 2.100000 9.100001 -5.899999
v 2.300000 0.000001 -5.900000
v 2.300000 7.900001 -5.899999
v 2.300000 8.100001 -5.899999
v 2.300000 8.800001 -5.899999
v 2.300000 8.900001 -5.899999
v 2.300000 9.000001 -5.899999
v 2.400000 0.000001 -5.900000
v 2.400000 7.900001 -5.899999
v 2.400000 8.100001 -5.899999
v 2.400000 8.700001 -5.899999
v 2.500000 8.600001 -5.899999
v 2.500000 8.700001 -5.899999
v 2.500000 8.800001 -5.899999
v 2.500000 8.900001 -5.899999
v 2.700000 0.000001 -5.900000
v 2.700000 7.900001 -5.899999
v 2.700000 8.100001 -5.899999
v 2.700000 8.600001 -5.899999
v 2.700000 8.700001 -5.899999
v 2.700000 8.800001 -5.899999
v 2.800000 0.000001 -5.900000
v 2.800000 7.900001 -5.899999
v 2.800000 8.100001 -5.899999
v 2.800000 8.500001 -5.899999
v 2.900000 8.400001 -5.899999
v 2.900000 8.500001 -5.899999
v 2.900000 8.600001 -5.899999
v 2.900000 8.700001 -5.899999
v 3.100000 0.000001 -5.900000
v 3.100000 7.900001 -5.899999
v 3.100000 8.100001 -5.899999
v 3.100000 8.400001 -5.899999
v 3.100000 8.500001 -5.899999
v 3.100000 8.600001 -5.899999
v 3.200000 0.000001 -5.900000
v 3.200000 7.900001 -5.899999
v 3.200000 8.100001 -5.899999
v 3.200000 8.300001 -5.899999
v 3.300000 8.200001 -5.899999
v 3.300000 8.300001 -5.899999
v 3.300000 8.400001 -5.899999
v 3.300000 8.500001 -5.899999
v 3.500000 0.000001 -5.900000
v 3.500000 7.900001 -5.899999
v 3.500000 8.100001 -5.899999
v 3.500000 8.200001 -5.899999
v 3.500000 8.300001 -5.899999
v 3.500000 8.400001 -5.899999
v 3.600000 0.000001 -5.900000
v 3.600000 7.900001 -5.899999
v 3.700000 8.100001 -5.899999
v 3.700000 8.200001 -5.899999
v 3.700000 8.300001 -5.899999
v 3.900000 0.000001 -5.900000
v 3.900000 7.900001 -5.899999
v 3.900000 8.000001 -5.899999
v 3.900000 8.100001 -5.899999
v 3.900000 8.200001 -5.899999
v 4.000000 0.000001 -5.900000
v 4.000000 6.000001 -5.899999
v 4.000000 8.000001 -5.899999
v 4.100000 6.000001 -5.899999
v 4.100000 8.100001 -5.899999
v -0.500000 6.000001 -5.999999
v -0.500000 7.600001 -5.999999
v -0.400000 6.100001 -5.999999
v -0.400000 7.500001 -5.999999
v 0.700000 6.100001 -5.999999
v 0.700000 7.500001 -5.999999
v 0.800000 6.000001 -5.999999
v 0.800000 7.600001 -5.999999
v -1.400000 -0.000001 5.900000
v 1.700000 -0.000001 6.000000
v -1.400000 -0.000001 6.000000
v 1.700000 -0.000001 5.900000
v -4.000000 -0.000001 5.800000
v -4.000000 -0.000001 5.900000
v -4.100000 -0.000001 5.900000
v 3.900000 -0.000001 5.900000
v -3.700000 -0.000001 5.800000
v -3.600000 -0.000001 5.800000
v -3.300000 -0.000001 5.800000
v -3.200000 -0.000001 5.800000
v -2.900000 -0.000001 5.800000
v -2.800000 -0.000001 5.800000
v -2.500000 -0.000001 5.800000
v -2.400000 -0.000001 5.800000
v -2.100000 -0.000001 5.800000
v -2.000000 -0.000001 5.800000
v -1.700000 -0.000001 5.800000
v -1.600000 -0.000001 5.800000
v -1.300000 -0.000001 5.800000
v -1.200000 -0.000001 5.800000
v -0.900000 -0.000001 5.800000
v -0.800000 -0.000001 5.800000
v -0.500000 -0.000001 5.800000
v -0.400000 -0.000001 5.800000
v -0.100000 -0.000001 5.800000
v 0.000000 -0.000001 5.800000
v 0.300000 -0.000001 5.800000
v 0.400000 -0.000001 5.800000
v 0.700000 -0.000001 5.800000
v 0.800000 -0.000001 5.800000
v 1.100000 -0.000001 5.800000
v 1.200000 -0.000001 5.800000
v 1.500000 -0.000001 5.800000
v 1.600000 -0.000001 5.800000
v 1.900000 -0.000001 5.800000
v 2.000000 -0.000001 5.800000
v 2.300000 -0.000001 5.800000
v 2.400000 -0.000001 5.800000
v 2.700000 -0.000001 5.800000
v 2.800000 -0.000001 5.800000
v 3.100000 -0.000001 5.800000
v 3.200000 -0.000001 5.800000
v 3.500000 -0.000001 5.800000
v 3.600000 -0.000001 5.800000
v 3.900000 -0.000001 5.800000
v 4.000000 -0.000001 5.900000
v -4.100000 0.000001 -5.900000
v -4.000000 0.000001 -5.900000
v -3.700000 0.000001 -5.900000
v -3.600000 0.000001 -5.900000
v -3.300000 0.000001 -5.900000
v -3.200000 0.000001 -5.900000
v -2.900000 0.000001 -5.900000
v -2.800000 0.000001 -5.900000
v -2.500000 0.000001 -5.900000
v -2.400000 0.000001 -5.900000
v -2.100000 0.000001 -5.900000
v -2.000000 0.000001 -5.900000
v -1.700000 0.000001 -5.900000
v -1.600000 0.000001 -5.900000
v -1.300000 0.000001 -5.900000
v -1.200000 0.000001 -5.900000
v -0.900000 0.000001 -5.900000
v -0.800000 0.000001 -5.900000
v -0.500000 0.000001 -5.900000
v -0.400000 0.000001 -5.900000
v -0.100000 0.000001 -5.900000
v 0.000000 0.000001 -5.900000
v 0.300000 0.000001 -5.900000
v 0.400000 0.000001 -5.900000
v 0.700000 0.000001 -5.900000
v 0.800000 0.000001 -5.900000
v 1.100000 0.000001 -5.900000
v 1.200000 0.000001 -5.900000
v 1.500000 0.000001 -5.900000
v 1.600000 0.000001 -5.900000
v 1.900000 0.000001 -5.900000
v 2.000000 0.000001 -5.900000
v 2.300000 0.000001 -5.900000
v 2.400000 0.000001 -5.900000
v 2.700000 0.000001 -5.900000
v 2.800000 0.000001 -5.900000
v 3.100000 0.000001 -5.900000
v 3.200000 0.000001 -5.900000
v 3.500000 0.000001 -5.900000
v 3.600000 0.000001 -5.900000
v 3.900000 0.000001 -5.900000
v 4.000000 0.000001 -5.900000
v -1.100000 0.199999 5.900000
v -1.000000 0.199999 6.000000
v -1.100000 0.199999 6.000000
v -1.000000 0.199999 5.900000
v 1.300000 0.199999 5.900000
v 1.400000 0.199999 6.000000
v 1.300000 0.199999 6.000000
v 1.400000 0.199999 5.900000
v -1.000000 0.299999 5.900000
v -0.900000 0.299999 6.000000
v -1.000000 0.299999 6.000000
v -0.900000 0.299999 5.900000
v 1.200000 0.299999 5.900000
v 1.300000 0.299999 6.000000
v 1.200000 0.299999 6.000000
v 1.300000 0.299999 5.900000
v -0.900000 0.399999 5.900000
v -0.800000 0.399999 6.000000
v -0.900000 0.399999 6.000000
v -0.800000 0.399999 5.900000
v 1.100000 0.399999 5.900000
v 1.200000 0.399999 6.000000
v 1.100000 0.399999 6.000000
v 1.200000 0.399999 5.900000
v -0.800000 0.499999 5.900000
v -0.700000 0.499999 6.000000
v -0.800000 0.499999 6.000000
v -0.700000 0.499999 5.900000
v 1.000000 0.499999 5.900000
v 1.100000 0.499999 6.000000
v 1.000000 0.499999 6.000000
v 1.100000 0.499999 5.900000
v -0.700000 0.599999 5.900000
v -0.600000 0.599999 6.000000
v -0.700000 0.599999 6.000000
v -0.600000 0.599999 5.900000
v 0.900000 0.599999 5.900000
v 1.000000 0.599999 6.000000
v 0.900000 0.599999 6.000000
v 1.000000 0.599999 5.900000
v -0.600000 0.699999 5.900000
v -0.500000 0.699999 6.000000
v -0.600000 0.699999 6.000000
v -0.500000 0.699999 5.900000
v 0.800000 0.699999 5.900000
v 0.900000 0.699999 6.000000
v 0.800000 0.699999 6.000000
v 0.900000 0.699999 5.900000
v -0.500000 0.799999 5.900000
v -0.400000 0.799999 6.000000
v -0.500000 0.799999 6.000000
v -0.400000 0.799999 5.900000
v 0.700000 0.799999 5.900000
v 0.800000 0.799999 6.000000
v 0.700000 0.799999 6.000000
v 0.800000 0.799999 5.900000
v -0.400000 0.899999 5.900000
v -0.300000 0.899999 6.000000
v -0.400000 0.899999 6.000000
v -0.300000 0.899999 5.900000
v 0.600000 0.899999 5.900000
v 0.700000 0.899999 6.000000
v 0.600000 0.899999 6.000000
v 0.700000 0.899999 5.900000
v -0.300000 0.999999 5.900000
v -0.200000 0.999999 6.000000
v -0.300000 0.999999 6.000000
v -0.200000 0.999999 5.900000
v 0.500000 0.999999 5.900000
v 0.600000 0.999999 6.000000
v 0.500000 0.999999 6.000000
v 0.600000 0.999999 5.900000
v -0.200000 1.099999 5.900000
v -0.100000 1.099999 6.000000
v -0.200000 1.099999 6.000000
v -0.100000 1.099999 5.900000
v 0.400000 1.099999 5.900000
v 0.500000 1.099999 6.000000
v 0.400000 1.099999 6.000000
v 0.500000 1.099999 5.900000
v -0.100000 1.199999 5.900000
v 0.000000 1.199999 6.000000
v -0.100000 1.199999 6.000000
v 0.000000 1.199999 5.900000
v 0.300000 1.199999 5.900000
v 0.400000 1.199999 6.000000
v 0.300000 1.199999 6.000000
v 0.400000 1.199999 5.900000
v 0.000000 1.299999 5.900000
v 0.100000 1.299999 6.000000
v 0.000000 1.299999 6.000000
v 0.100000 1.299999 5.900000
v 0.200000 1.299999 5.900000
v 0.300000 1.299999 6.000000
v 0.200000 1.299999 6.000000
v 0.300000 1.299999 5.900000
v -0.100000 1.599999 5.900001
v 0.000000 1.599999 6.000000
v -0.100000 1.599999 6.000000
v 0.000000 1.599999 5.900001
v 0.300000 1.599999 5.900001
v 0.400000 1.599999 6.000000
v 0.300000 1.599999 6.000000
v 0.400000 1.599999 5.900001
v -0.200000 1.699999 5.900001
v -0.100000 1.699999 6.000000
v -0.200000 1.699999 6.000000
v -0.100000 1.699999 5.900001
v 0.400000 1.699999 5.900001
v 0.500000 1.699999 6.000000
v 0.400000 1.699999 6.000000
v 0.500000 1.699999 5.900001
v -0.300000 1.799999 5.900001
v -0.200000 1.799999 6.000000
v -0.300000 1.799999 6.000000
v -0.200000 1.799999 5.900001
v 0.500000 1.799999 5.900001
v 0.600000 1.799999 6.000000
v 0.500000 1.799999 6.000000
v 0.600000 1.799999 5.900001
v -0.400000 1.899999 5.900001
v -0.300000 1.899999 6.000000
v -0.400000 1.899999 6.000000
v -0.300000 1.899999 5.900001
v 0.600000 1.899999 5.900001
v 0.700000 1.899999 6.000000
v 0.600000 1.899999 6.000000
v 0.700000 1.899999 5.900001
v -0.500000 1.999999 5.900001
v -0.400000 1.999999 6.000000
v -0.500000 1.999999 6.000000
v -0.400000 1.999999 5.900001
v 0.700000 1.999999 5.900001
v 0.800000 1.999999 6.000000
v 0.700000 1.999999 6.000000
v 0.800000 1.999999 5.900001
v -0.600000 2.099999 5.900001
v -0.500000 2.099999 6.000000
v -0.600000 2.099999 6.000000
v -0.500000 2.099999 5.900001
v 0.800000 2.099999 5.900001
v 0.900000 2.099999 6.000000
v 0.800000 2.099999 6.000000
v 0.900000 2.099999 5.900001
v -0.700000 2.199999 5.900001
v -0.600000 2.199999 6.000000
v -0.700000 2.199999 6.000000
v -0.600000 2.199999 5.900001
v 0.900000 2.199999 5.900001
v 1.000000 2.199999 6.000000
v 0.900000 2.199999 6.000000
v 1.000000 2.199999 5.900001
v -0.800000 2.299999 5.900001
v -0.700000 2.299999 6.000000
v -0.800000 2.299999 6.000000
v -0.700000 2.299999 5.900001
v 1.000000 2.299999 5.900001
v 1.100000 2.299999 6.000000
v 1.000000 2.299999 6.000000
v 1.100000 2.299999 5.900001
v -0.900000 2.399999 5.900001
v -0.800000 2.399999 6.000000
v -0.900000 2.399999 6.000000
v -0.800000 2.399999 5.900001
v 1.100000 2.399999 5.900001
v 1.200000 2.399999 6.000000
v 1.100000 2.399999 6.000000
v 1.200000 2.399999 5.900001
v -1.000000 2.499999 5.900001
v -0.900000 2.499999 6.000000
v -1.000000 2.499999 6.000000
v -0.900000 2.499999 5.900001
v 1.200000 2.499999 5.900001
v 1.300000 2.499999 6.000000
v 1.200000 2.499999 6.000000
v 1.300000 2.499999 5.900001
v -1.100000 2.599999 5.900001
v -1.000000 2.599999 6.000000
v -1.100000 2.599999 6.000000
v -1.000000 2.599999 5.900001
v 1.300000 2.599999 5.900001
v 1.400000 2.599999 6.000000
v 1.300000 2.599999 6.000000
v 1.400000 2.599999 5.900001
v -1.200000 2.699999 5.900001
v -1.100000 2.699999 6.000000
v -1.200000 2.699999 6.000000
v -1.100000 2.699999 5.900001
v 1.400000 2.699999 5.900001
v 1.500000 2.699999 6.000000
v 1.400000 2.699999 6.000000
v 1.500000 2.699999 5.900001
v -1.300000 2.799999 5.900001
v -1.200000 2.799999 6.000000
v -1.300000 2.799999 6.000000
v -1.200000 2.799999 5.900001
v 1.500000 2.799999 5.900001
v 1.600000 2.799999 6.000000
v 1.500000 2.799999 6.000000
v 1.600000 2.799999 5.900001
v -1.100000 2.999999 5.900001
v 0.100000 2.999999 6.000000
v -1.100000 2.999999 6.000000
v 0.100000 2.999999 5.900001
v 0.200000 2.999999 5.900001
v 1.400000 2.999999 6.000000
v 0.200000 2.999999 6.000000
v 1.400000 2.999999 5.900001
v -0.500000 5.999999 5.900001
v 0.800000 5.999999 6.000001
v -0.500000 5.999999 6.000001
v -0.400000 5.999999 5.900001
v -0.100000 5.999999 5.900001
v 0.000000 5.999999 5.900001
v 0.300000 5.999999 5.900001
v 0.400000 5.999999 5.900001
v 0.700000 5.999999 5.900001
v 0.800000 5.999999 5.900001
v -4.200000 6.000001 -5.899999
v -4.100000 5.999999 5.900001
v -4.200000 5.999999 5.900001
v -4.100000 6.000001 -5.899999
v 4.000000 6.000001 -5.899999
v 4.100000 5.999999 5.900001
v 4.000000 5.999999 5.900001
v 4.100000 6.000001 -5.899999
v -0.500000 6.000001 -5.999999
v 0.800000 6.000001 -5.899999
v 0.700000 6.000001 -5.899999
v -0.400000 6.000001 -5.899999
v -0.500000 6.000001 -5.899999
v 0.400000 6.000001 -5.899999
v 0.300000 6.000001 -5.899999
v 0.000000 6.000001 -5.899999
v -0.100000 6.000001 -5.899999
v 0.800000 6.000001 -5.999999
v -0.400000 7.499999 5.800002
v 0.700000 7.499999 6.000001
v -0.400000 7.499999 6.000001
v 0.700000 7.499999 5.800002
v -0.400000 7.500001 -5.999999
v 0.700000 7.500001 -5.799999
v -0.400000 7.500001 -5.799999
v 0.700000 7.500001 -5.999999
v -3.900000 7.900001 -5.799999
v 3.800000 7.899999 5.800002
v -3.900000 7.899999 5.800002
v -3.700000 7.900001 -5.799999
v -3.600000 7.900001 -5.799999
v -3.300000 7.900001 -5.799999
v -3.200000 7.900001 -5.799999
v -2.900000 7.900001 -5.799999
v -2.800000 7.900001 -5.799999
v -2.500000 7.900001 -5.799999
v -2.400000 7.900001 -5.799999
v -2.100000 7.900001 -5.799999
v -2.000000 7.900001 -5.799999
v -1.700000 7.900001 -5.799999
v -1.600000 7.900001 -5.799999
v -1.300000 7.900001 -5.799999
v -1.200000 7.900001 -5.799999
v -0.900000 7.900001 -5.799999
v -0.800000 7.900001 -5.799999
v -0.500000 7.900001 -5.799999
v -0.400000 7.900001 -5.799999
v -0.100000 7.900001 -5.799999
v 0.000000 7.900001 -5.799999
v 0.300000 7.900001 -5.799999
v 0.400000 7.900001 -5.799999
v 0.700000 7.900001 -5.799999
v 0.800000 7.900001 -5.799999
v 1.100000 7.900001 -5.799999
v 1.200000 7.900001 -5.799999
v 1.500000 7.900001 -5.799999
v 1.600000 7.900001 -5.799999
v 1.900000 7.900001 -5.799999
v 2.000000 7.900001 -5.799999
v 2.300000 7.900001 -5.799999
v 2.400000 7.900001 -5.799999
v 2.700000 7.900001 -5.799999
v 2.800000 7.900001 -5.799999
v 3.100000 7.900001 -5.799999
v 3.200000 7.900001 -5.799999
v 3.500000 7.900001 -5.799999
v 3.600000 7.900001 -5.799999
v 3.800000 7.900001 -5.799999
v -0.100000 10.299999 5.800002
v 0.000000 10.299999 5.900002
v -0.100000 10.299999 5.900002
v 0.000000 10.299999 5.800002
v -0.100000 10.299999 5.100002
v 0.000000 10.299999 5.300002
v -0.100000 10.299999 5.300002
v 0.000000 10.299999 5.100002
v -0.100000 10.399999 5.900002
v 0.000000 10.399999 6.000002
v -0.100000 10.399999 6.000002
v 0.000000 10.399999 5.900002
v -0.100000 10.399999 5.600002
v 0.000000 10.399999 5.800002
v -0.100000 10.399999 5.800002
v 0.000000 10.399999 5.600002
v -0.100000 10.399999 5.300002
v 0.000000 10.399999 5.500002
v -0.100000 10.399999 5.500002
v 0.000000 10.399999 5.300002
v -0.100000 10.499999 5.100002
v 0.000000 10.499999 5.200002
v -0.100000 10.499999 5.200002
v 0.000000 10.499999 5.100002
v -1.100000 0.099999 6.000000
v 0.100000 0.099999 6.000000
v -1.100000 0.099999 5.900000
v 0.100000 0.099999 5.900000
v 0.200000 0.099999 6.000000
v 1.400000 0.099999 6.000000
v 0.200000 0.099999 5.900000
v 1.400000 0.099999 5.900000
v -1.300000 0.299999 6.000000
v -1.200000 0.299999 6.000000
v -1.300000 0.299999 5.900000
v -1.200000 0.299999 5.900000
v 1.500000 0.299999 6.000000
v 1.600000 0.299999 6.000000
v 1.500000 0.299999 5.900000
v 1.600000 0.299999 5.900000
v -1.200000 0.399999 6.000000
v -1.100000 0.399999 6.000000
v -1.200000 0.399999 5.900000
v -1.100000 0.399999 5.900000
v 1.400000 0.399999 6.000000
v 1.500000 0.399999 6.000000
v 1.400000 0.399999 5.900000
v 1.500000 0.399999 5.900000
v -1.100000 0.499999 6.000000
v -1.000000 0.499999 6.000000
v -1.100000 0.499999 5.900000
v -1.000000 0.499999 5.900000
v 1.300000 0.499999 6.000000
v 1.400000 0.499999 6.000000
v 1.300000 0.499999 5.900000
v 1.400000 0.499999 5.900000
v -1.000000 0.599999 6.000000
v -0.900000 0.599999 6.000000
v -1.000000 0.599999 5.900000
v -0.900000 0.599999 5.900000
v 1.200000 0.599999 6.000000
v 1.300000 0.599999 6.000000
v 1.200000 0.599999 5.900000
v 1.300000 0.599999 5.900000
v -0.900000 0.699999 6.000000
v -0.800000 0.699999 6.000000
v -0.900000 0.699999 5.900000
v -0.800000 0.699999 5.900000
v 1.100000 0.699999 6.000000
v 1.200000 0.699999 6.000000
v 1.100000 0.699999 5.900000
v 1.200000 0.699999 5.900000
v -0.800000 0.799999 6.000000
v -0.700000 0.799999 6.000000
v -0.800000 0.799999 5.900000
v -0.700000 0.799999 5.900000
v 1.000000 0.799999 6.000000
v 1.100000 0.799999 6.000000
v 1.000000 0.799999 5.900000
v 1.100000 0.799999 5.900000
v -0.700000 0.899999 6.000000
v -0.600000 0.899999 6.000000
v -0.700000 0.899999 5.900000
v -0.600000 0.899999 5.900000
v 0.900000 0.899999 6.000000
v 1.000000 0.899999 6.000000
v 0.900000 0.899999 5.900000
v 1.000000 0.899999 5.900000
v -0.600000 0.999999 6.000000
v -0.500000 0.999999 6.000000
v -0.600000 0.999999 5.900000
v -0.500000 0.999999 5.900000
v 0.800000 0.999999 6.000000
v 0.900000 0.999999 6.000000
v 0.800000 0.999999 5.900000
v 0.900000 0.999999 5.900000
v -0.500000 1.099999 6.000000
v -0.400000 1.099999 6.000000
v -0.500000 1.099999 5.900000
v -0.400000 1.099999 5.900000
v 0.700000 1.099999 6.000000
v 0.800000 1.099999 6.000000
v 0.700000 1.099999 5.900000
v 0.800000 1.099999 5.900000
v -0.400000 1.199999 6.000000
v -0.300000 1.199999 6.000000
v -0.400000 1.199999 5.900000
v -0.300000 1.199999 5.900000
v 0.600000 1.199999 6.000000
v 0.700000 1.199999 6.000000
v 0.600000 1.199999 5.900000
v 0.700000 1.199999 5.900000
v -0.300000 1.299999 6.000000
v -0.200000 1.299999 6.000000
v -0.300000 1.299999 5.900000
v -0.200000 1.299999 5.900000
v 0.500000 1.299999 6.000000
v 0.600000 1.299999 6.000000
v 0.500000 1.299999 5.900000
v 0.600000 1.299999 5.900000
v -0.200000 1.399999 6.000000
v -0.100000 1.399999 6.000000
v -0.200000 1.399999 5.900000
v -0.100000 1.399999 5.900000
v 0.400000 1.399999 6.000000
v 0.500000 1.399999 6.000000
v 0.400000 1.399999 5.900000
v 0.500000 1.399999 5.900000
v -0.100000 1.499999 6.000000
v 0.000000 1.499999 6.000000
v -0.100000 1.499999 5.900001
v 0.000000 1.499999 5.900001
v 0.300000 1.499999 6.000000
v 0.400000 1.499999 6.000000
v 0.300000 1.499999 5.900001
v 0.400000 1.499999 5.900001
v 0.000000 1.799999 6.000000
v 0.100000 1.799999 6.000000
v 0.000000 1.799999 5.900001
v 0.100000 1.799999 5.900001
v 0.200000 1.799999 6.000000
v 0.300000 1.799999 6.000000
v 0.200000 1.799999 5.900001
v 0.300000 1.799999 5.900001
v -0.100000 1.899999 6.000000
v 0.000000 1.899999 6.000000
v -0.100000 1.899999 5.900001
v 0.000000 1.899999 5.900001
v 0.300000 1.899999 6.000000
v 0.400000 1.899999 6.000000
v 0.300000 1.899999 5.900001
v 0.400000 1.899999 5.900001
v -0.200000 1.999999 6.000000
v -0.100000 1.999999 6.000000
v -0.200000 1.999999 5.900001
v -0.100000 1.999999 5.900001
v 0.400000 1.999999 6.000000
v 0.500000 1.999999 6.000000
v 0.400000 1.999999 5.900001
v 0.500000 1.999999 5.900001
v -0.300000 2.099999 6.000000
v -0.200000 2.099999 6.000000
v -0.300000 2.099999 5.900001
v -0.200000 2.099999 5.900001
v 0.500000 2.099999 6.000000
v 0.600000 2.099999 6.000000
v 0.500000 2.099999 5.900001
v 0.600000 2.099999 5.900001
v -0.400000 2.199999 6.000000
v -0.300000 2.199999 6.000000
v -0.400000 2.199999 5.900001
v -0.300000 2.199999 5.900001
v 0.600000 2.199999 6.000000
v 0.700000 2.199999 6.000000
v 0.600000 2.199999 5.900001
v 0.700000 2.199999 5.900001
v -0.500000 2.299999 6.000000
v -0.400000 2.299999 6.000000
v -0.500000 2.299999 5.900001
v -0.400000 2.299999 5.900001
v 0.700000 2.299999 6.000000
v 0.800000 2.299999 6.000000
v 0.700000 2.299999 5.900001
v 0.800000 2.299999 5.900001
v -0.600000 2.399999 6.000000
v -0.500000 2.399999 6.000000
v -0.600000 2.399999 5.900001
v -0.500000 2.399999 5.900001
v 0.800000 2.399999 6.000000
v 0.900000 2.399999 6.000000
v 0.800000 2.399999 5.900001
v 0.900000 2.399999 5.900001
v -0.700000 2.499999 6.000000
v -0.600000 2.499999 6.000000
v -0.700000 2.499999 5.900001
v -0.600000 2.499999 5.900001
v 0.900000 2.499999 6.000000
v 1.000000 2.499999 6.000000
v 0.900000 2.499999 5.900001
v 1.000000 2.499999 5.900001
v -0.800000 2.599999 6.000000
v -0.700000 2.599999 6.000000
v -0.800000 2.599999 5.900001
v -0.700000 2.599999 5.900001
v 1.000000 2.599999 6.000000
v 1.100000 2.599999 6.000000
v 1.000000 2.599999 5.900001
v 1.100000 2.599999 5.900001
v -0.900000 2.699999 6.000000
v -0.800000 2.699999 6.000000
v -0.900000 2.699999 5.900001
v -0.800000 2.699999 5.900001
v 1.100000 2.699999 6.000000
v 1.200000 2.699999 6.000000
v 1.100000 2.699999 5.900001
v 1.200000 2.699999 5.900001
v -1.000000 2.799999 6.000000
v -0.900000 2.799999 6.000000
v -1.000000 2.799999 5.900001
v -0.900000 2.799999 5.900001
v 1.200000 2.799999 6.000000
v 1.300000 2.799999 6.000000
v 1.200000 2.799999 5.900001
v 1.300000 2.799999 5.900001
v -1.100000 2.899999 6.000000
v -1.000000 2.899999 6.000000
v -1.100000 2.899999 5.900001
v -1.000000 2.899999 5.900001
v 1.300000 2.899999 6.000000
v 1.400000 2.899999 6.000000
v 1.300000 2.899999 5.900001
v 1.400000 2.899999 5.900001
v -1.400000 3.099999 6.000000
v 1.700000 3.099999 6.000000
v -1.400000 3.099999 5.900001
v -1.300000 3.099999 5.900001
v -1.200000 3.099999 5.900001
v -0.900000 3.099999 5.900001
v -0.800000 3.099999 5.900001
v -0.500000 3.099999 5.900001
v -0.400000 3.099999 5.900001
v -0.100000 3.099999 5.900001
v 0.000000 3.099999 5.900001
v 0.300000 3.099999 5.900001
v 0.400000 3.099999 5.900001
v 0.700000 3.099999 5.900001
v 0.800000 3.099999 5.900001
v 1.100000 3.099999 5.900001
v 1.200000 3.099999 5.900001
v 1.500000 3.099999 5.900001
v 1.600000 3.099999 5.900001
v 1.700000 3.099999 5.900001
v -3.900000 5.299999 5.800001
v -3.700000 5.299999 5.800001
v -3.900000 5.299999 5.700001
v 3.600000 5.299999 5.800001
v 3.800000 5.299999 5.800001
v 3.500000 5.299999 5.800001
v 3.200000 5.299999 5.800001
v 3.100000 5.299999 5.800001
v 2.800000 5.299999 5.800001
v 2.700000 5.299999 5.800001
v 2.400000 5.299999 5.800001
v 2.300000 5.299999 5.800001
v 2.000000 5.299999 5.800001
v 1.900000 5.299999 5.800001
v 1.600000 5.299999 5.800001
v 1.500000 5.299999 5.800001
v 1.200000 5.299999 5.800001
v 1.100000 5.299999 5.800001
v 0.800000 5.299999 5.800001
v 0.700000 5.299999 5.800001
v 0.400000 5.299999 5.800001
v 0.300000 5.299999 5.800001
v 0.000000 5.299999 5.800001
v -0.100000 5.299999 5.800001
v -0.400000 5.299999 5.800001
v -0.500000 5.299999 5.800001
v -0.800000 5.299999 5.800001
v -0.900000 5.299999 5.800001
v -1.200000 5.299999 5.800001
v -1.300000 5.299999 5.800001
v -1.600000 5.299999 5.800001
v -1.700000 5.299999 5.800001
v -2.000000 5.299999 5.800001
v -2.100000 5.299999 5.800001
v -2.400000 5.299999 5.800001
v -2.500000 5.299999 5.800001
v -2.800000 5.299999 5.800001
v -2.900000 5.299999 5.800001
v -3.200000 5.299999 5.800001
v -3.300000 5.299999 5.800001
v -3.600000 5.299999 5.800001
v -3.700000 5.299999 5.700001
v -3.600000 5.299999 5.700001
v -3.300000 5.299999 5.700001
v -3.200000 5.299999 5.700001
v -2.900000 5.299999 5.700001
v -2.800000 5.299999 5.700001
v -2.500000 5.299999 5.700001
v -2.400000 5.299999 5.700001
v -2.100000 5.299999 5.700001
v -2.000000 5.299999 5.700001
v -1.700000 5.299999 5.700001
v -1.600000 5.299999 5.700001
v -1.300000 5.299999 5.700001
v -1.200000 5.299999 5.700001
v -0.900000 5.299999 5.700001
v -0.800000 5.299999 5.700001
v -0.500000 5.299999 5.700001
v -0.400000 5.299999 5.700001
v -0.100000 5.299999 5.700001
v 0.000000 5.299999 5.700001
v 0.300000 5.299999 5.700001
v 0.400000 5.299999 5.700001
v 0.700000 5.299999 5.700001
v 0.800000 5.299999 5.700001
v 1.100000 5.299999 5.700001
v 1.200000 5.299999 5.700001
v 1.500000 5.299999 5.700001
v 1.600000 5.299999 5.700001
v 1.900000 5.299999 5.700001
v 2.000000 5.299999 5.700001
v 2.300000 5.299999 5.700001
v 2.400000 5.299999 5.700001
v 2.700000 5.299999 5.700001
v 2.800000 5.299999 5.700001
v 3.100000 5.299999 5.700001
v 3.200000 5.299999 5.700001
v 3.500000 5.299999 5.700001
v 3.600000 5.299999 5.700001
v 3.800000 5.299999 5.700001
v -3.900000 5.300001 -5.699999
v -3.700000 5.300001 -5.699999
v -3.600000 5.300001 -5.699999
v -3.300000 5.300001 -5.699999
v -3.200000 5.300001 -5.699999
v -2.900000 5.300001 -5.699999
v -2.800000 5.300001 -5.699999
v -2.500000 5.300001 -5.699999
v -2.400000 5.300001 -5.699999
v -2.100000 5.300001 -5.699999
v -2.000000 5.300001 -5.699999
v -1.700000 5.300001 -5.699999
v -1.600000 5.300001 -5.699999
v -1.300000 5.300001 -5.699999
v -1.200000 5.300001 -5.699999
v -0.900000 5.300001 -5.699999
v -0.800000 5.300001 -5.699999
v -0.500000 5.300001 -5.699999
v -0.400000 5.300001 -5.699999
v -0.100000 5.300001 -5.699999
v 0.000000 5.300001 -5.699999
v 0.300000 5.300001 -5.699999
v 0.400000 5.300001 -5.699999
v 0.700000 5.300001 -5.699999
v 0.800000 5.300001 -5.699999
v 1.100000 5.300001 -5.699999
v 1.200000 5.300001 -5.699999
v 1.500000 5.300001 -5.699999
v 1.600000 5.300001 -5.699999
v 1.900000 5.300001 -5.699999
v 2.000000 5.300001 -5.699999
v 2.300000 5.300001 -5.699999
v 2.400000 5.300001 -5.699999
v 2.700000 5.300001 -5.699999
v 2.800000 5.300001 -5.699999
v 3.100000 5.300001 -5.699999
v 3.200000 5.300001 -5.699999
v 3.500000 5.300001 -5.699999
v 3.600000 5.300001 -5.699999
v 3.800000 5.300001 -5.699999
v -3.900000 5.300001 -5.799999
v -3.700000 5.300001 -5.799999
v -3.600000 5.300001 -5.799999
v -3.300000 5.300001 -5.799999
v -3.200000 5.300001 -5.799999
v -2.900000 5.300001 -5.799999
v -2.800000 5.300001 -5.799999
v -2.500000 5.300001 -5.799999
v -2.400000 5.300001 -5.799999
v -2.100000 5.300001 -5.799999
v -2.000000 5.300001 -5.799999
v -1.700000 5.300001 -5.799999
v -1.600000 5.300001 -5.799999
v -1.300000 5.300001 -5.799999
v -1.200000 5.300001 -5.799999
v -0.900000 5.300001 -5.799999
v -0.800000 5.300001 -5.799999
v -0.500000 5.300001 -5.799999
v -0.400000 5.300001 -5.799999
v -0.100000 5.300001 -5.799999
v 0.000000 5.300001 -5.799999
v 0.300000 5.300001 -5.799999
v 0.400000 5.300001 -5.799999
v 0.700000 5.300001 -5.799999
v 0.800000 5.300001 -5.799999
v 1.100000 5.300001 -5.799999
v 1.200000 5.300001 -5.799999
v 1.500000 5.300001 -5.799999
v 1.600000 5.300001 -5.799999
v 1.900000 5.300001 -5.799999
v 2.000000 5.300001 -5.799999
v 2.300000 5.300001 -5.799999
v 2.400000 5.300001 -5.799999
v 2.700000 5.300001 -5.799999
v 2.800000 5.300001 -5.799999
v 3.100000 5.300001 -5.799999
v 3.200000 5.300001 -5.799999
v 3.500000 5.300001 -5.799999
v 3.600000 5.300001 -5.799999
v 3.800000 5.300001 -5.799999
v -0.400000 6.099999 6.000001
v 0.700000 6.099999 6.000001
v -0.400000 6.099999 5.800001
v 0.700000 6.099999 5.800001
v -0.400000 6.100001 -5.799999
v 0.700000 6.100001 -5.799999
v -0.400000 6.100001 -5.999999
v 0.700000 6.100001 -5.999999
v -0.500000 7.599999 6.000001
v 0.800000 7.599999 6.000001
v -0.500000 7.599999 5.900002
v -0.400000 7.599999 5.900002
v -0.100000 7.599999 5.900002
v 0.000000 7.599999 5.900002
v 0.300000 7.599999 5.900002
v 0.400000 7.599999 5.900002
v 0.700000 7.599999 5.900002
v 0.800000 7.599999 5.900002
v -0.500000 7.600001 -5.899999
v -0.400000 7.600001 -5.899999
v -0.500000 7.600001 -5.999999
v 0.700000 7.600001 -5.899999
v 0.800000 7.600001 -5.899999
v 0.400000 7.600001 -5.899999
v 0.300000 7.600001 -5.899999
v 0.000000 7.600001 -5.899999
v -0.100000 7.600001 -5.899999
v 0.800000 7.600001 -5.999999
v -4.200000 8.099999 5.900002
v -4.000000 8.099999 5.900002
v -4.100000 8.099999 5.800002
v -4.000000 8.099999 5.800002
v 3.900000 8.099999 5.900002
v 4.100000 8.099999 5.900002
v 3.900000 8.099999 5.800002
v 4.000000 8.099999 5.800002
v -4.100000 8.100001 -5.799999
v -4.000000 8.100001 -5.799999
v 3.900000 8.100001 -5.799999
v 4.000000 8.100001 -5.799999
v -4.200000 8.100001 -5.899999
v -4.000000 8.100001 -5.899999
v 3.900000 8.100001 -5.899999
v 4.100000 8.100001 -5.899999
v -4.000000 8.199999 5.900002
v -3.800000 8.199999 5.900002
v -4.000000 8.199999 5.800002
v -3.800000 8.199999 5.800002
v 3.700000 8.199999 5.900002
v 3.900000 8.199999 5.900002
v 3.700000 8.199999 5.800002
v 3.900000 8.199999 5.800002
v -4.000000 8.200001 -5.799999
v -3.800000 8.200001 -5.799999
v 3.700000 8.200001 -5.799999
v 3.900000 8.200001 -5.799999
v -4.000000 8.200001 -5.899999
v -3.800000 8.200001 -5.899999
v 3.700000 8.200001 -5.899999
v 3.900000 8.200001 -5.899999
v -3.800000 8.299999 5.900002
v -3.600000 8.299999 5.900002
v -3.800000 8.299999 5.800002
v -3.600000 8.299999 5.800002
v 3.500000 8.299999 5.900002
v 3.700000 8.299999 5.900002
v 3.500000 8.299999 5.800002
v 3.700000 8.299999 5.800002
v -3.800000 8.300001 -5.799999
v -3.600000 8.300001 -5.799999
v 3.500000 8.300001 -5.799999
v 3.700000 8.300001 -5.799999
v -3.800000 8.300001 -5.899999
v -3.600000 8.300001 -5.899999
v 3.500000 8.300001 -5.899999
v 3.700000 8.300001 -5.899999
v -3.600000 8.399999 5.900002
v -3.400000 8.399999 5.900002
v -3.600000 8.399999 5.800002
v -3.400000 8.399999 5.800002
v 3.300000 8.399999 5.900002
v 3.500000 8.399999 5.900002
v 3.300000 8.399999 5.800002
v 3.500000 8.399999 5.800002
v -3.600000 8.400001 -5.799999
v -3.400000 8.400001 -5.799999
v 3.300000 8.400001 -5.799999
v 3.500000 8.400001 -5.799999
v -3.600000 8.400001 -5.899999
v -3.400000 8.400001 -5.899999
v 3.300000 8.400001 -5.899999
v 3.500000 8.400001 -5.899999
v -3.400000 8.499999 5.900002
v -3.200000 8.499999 5.900002
v -3.300000 8.499999 5.800002
v -3.200000 8.499999 5.800002
v 3.100000 8.499999 5.900002
v 3.300000 8.499999 5.900002
v 3.100000 8.499999 5.800002
v 3.200000 8.499999 5.800002
v -3.300000 8.500001 -5.799999
v -3.200000 8.500001 -5.799999
v 3.100000 8.500001 -5.799999
v 3.200000 8.500001 -5.799999
v -3.400000 8.500001 -5.899999
v -3.200000 8.500001 -5.899999
v 3.100000 8.500001 -5.899999
v 3.300000 8.500001 -5.899999
v -3.200000 8.599999 5.900002
v -3.000000 8.599999 5.900002
v -3.200000 8.599999 5.800002
v -3.000000 8.599999 5.800002
v 2.900000 8.599999 5.900002
v 3.100000 8.599999 5.900002
v 2.900000 8.599999 5.800002
v 3.100000 8.599999 5.800002
v -3.200000 8.600001 -5.799999
v -3.000000 8.600001 -5.799999
v 2.900000 8.600001 -5.799999
v 3.100000 8.600001 -5.799999
v -3.200000 8.600001 -5.899999
v -3.000000 8.600001 -5.899999
v 2.900000 8.600001 -5.899999
v 3.100000 8.600001 -5.899999
v -3.000000 8.699999 5.900002
v -2.800000 8.699999 5.900002
v -3.000000 8.699999 5.800002
v -2.800000 8.699999 5.800002
v 2.700000 8.699999 5.900002
v 2.900000 8.699999 5.900002
v 2.700000 8.699999 5.800002
v 2.900000 8.699999 5.800002
v -3.000000 8.700001 -5.799999
v -2.800000 8.700001 -5.799999
v 2.700000 8.700001 -5.799999
v 2.900000 8.700001 -5.799999
v -3.000000 8.700001 -5.899999
v -2.800000 8.700001 -5.899999
v 2.700000 8.700001 -5.899999
v 2.900000 8.700001 -5.899999
v -2.800000 8.799999 5.900002
v -2.600000 8.799999 5.900002
v -2.800000 8.799999 5.800002
v -2.600000 8.799999 5.800002
v 2.500000 8.799999 5.900002
v 2.700000 8.799999 5.900002
v 2.500000 8.799999 5.800002
v 2.700000 8.799999 5.800002
v -2.800000 8.800001 -5.799999
v -2.700000 8.800001 -5.799999
v 2.500000 8.800001 -5.799999
v 2.700000 8.800001 -5.799999
v -2.800000 8.800001 -5.899999
v -2.700000 8.800001 -5.899999
v -2.600000 8.800001 -5.899999
v 2.500000 8.800001 -5.899999
v 2.700000 8.800001 -5.899999
v -2.600000 8.899999 5.900002
v -2.400000 8.899999 5.900002
v -2.500000 8.899999 5.800002
v -2.400000 8.899999 5.800002
v 2.300000 8.899999 5.900002
v 2.500000 8.899999 5.900002
v 2.300000 8.899999 5.800002
v 2.400000 8.899999 5.800002
v -2.500000 8.900001 -5.799999
v -2.400000 8.900001 -5.799999
v 2.300000 8.900001 -5.799999
v 2.400000 8.900001 -5.799999
v -2.600000 8.900001 -5.899999
v -2.400000 8.900001 -5.899999
v 2.300000 8.900001 -5.899999
v 2.500000 8.900001 -5.899999
v -2.400000 8.999999 5.900002
v -2.200000 8.999999 5.900002
v -2.400000 8.999999 5.800002
v -2.200000 8.999999 5.800002
v 2.100000 8.999999 5.900002
v 2.300000 8.999999 5.900002
v 2.100000 8.999999 5.800002
v 2.300000 8.999999 5.800002
v -2.400000 9.000001 -5.799999
v -2.200000 9.000001 -5.799999
v 2.100000 9.000001 -5.799999
v 2.300000 9.000001 -5.799999
v -2.400000 9.000001 -5.899999
v -2.200000 9.000001 -5.899999
v 2.100000 9.000001 -5.899999
v 2.300000 9.000001 -5.899999
v -2.200000 9.099999 5.900002
v -2.000000 9.099999 5.900002
v -2.200000 9.099999 5.800002
v -2.000000 9.099999 5.800002
v 1.900000 9.099999 5.900002
v 2.100000 9.099999 5.900002
v 1.900000 9.099999 5.800002
v 2.100000 9.099999 5.800002
v -2.200000 9.100001 -5.799999
v -2.000000 9.100001 -5.799999
v 1.900000 9.100001 -5.799999
v 2.100000 9.100001 -5.799999
v -2.200000 9.100001 -5.899999
v -2.000000 9.100001 -5.899999
v 1.900000 9.100001 -5.899999
v 2.100000 9.100001 -5.899999
v -2.000000 9.199999 5.900002
v -1.800000 9.199999 5.900002
v -2.000000 9.199999 5.800002
v -1.800000 9.199999 5.800002
v 1.700000 9.199999 5.900002
v 1.900000 9.199999 5.900002
v 1.700000 9.199999 5.800002
v 1.900000 9.199999 5.800002
v -2.000000 9.200001 -5.799999
v -1.800000 9.200001 -5.799999
v 1.700000 9.200001 -5.799999
v 1.900000 9.200001 -5.799999
v -2.000000 9.200001 -5.899999
v -1.800000 9.200001 -5.899999
v 1.700000 9.200001 -5.899999
v 1.900000 9.200001 -5.899999
v -1.800000 9.299999 5.900002
v -1.600000 9.299999 5.900002
v -1.700000 9.299999 5.800002
v -1.600000 9.299999 5.800002
v 1.500000 9.299999 5.900002
v 1.700000 9.299999 5.900002
v 1.500000 9.299999 5.800002
v 1.600000 9.299999 5.800002
v -1.700000 9.300001 -5.799999
v -1.600000 9.300001 -5.799999
v 1.500000 9.300001 -5.799999
v 1.600000 9.300001 -5.799999
v -1.800000 9.300001 -5.899999
v -1.600000 9.300001 -5.899999
v 1.500000 9.300001 -5.899999
v 1.700000 9.300001 -5.899999
v -1.600000 9.399999 5.900002
v -1.400000 9.399999 5.900002
v -1.600000 9.399999 5.800002
v -1.400000 9.399999 5.800002
v 1.300000 9.399999 5.900002
v 1.500000 9.399999 5.900002
v 1.300000 9.399999 5.800002
v 1.500000 9.399999 5.800002
v -1.600000 9.400001 -5.799999
v -1.400000 9.400001 -5.799999
v 1.300000 9.400001 -5.799999
v 1.500000 9.400001 -5.799999
v -1.600000 9.400001 -5.899999
v -1.400000 9.400001 -5.899999
v 1.300000 9.400001 -5.899999
v 1.500000 9.400001 -5.899999
v -1.400000 9.499999 5.900002
v -1.200000 9.499999 5.900002
v -1.400000 9.499999 5.800002
v -1.200000 9.499999 5.800002
v 1.100000 9.499999 5.900002
v 1.300000 9.499999 5.900002
v 1.100000 9.499999 5.800002
v 1.300000 9.499999 5.800002
v -1.400000 9.500001 -5.799999
v -1.200000 9.500001 -5.799999
v 1.100000 9.500001 -5.799999
v 1.300000 9.500001 -5.799999
v -1.400000 9.500001 -5.899999
v -1.200000 9.500001 -5.899999
v 1.100000 9.500001 -5.899999
v 1.300000 9.500001 -5.899999
v -1.200000 9.599999 5.900002
v -1.000000 9.599999 5.900002
v -1.200000 9.599999 5.800002
v -1.000000 9.599999 5.800002
v 0.900000 9.599999 5.900002
v 1.100000 9.599999 5.900002
v 0.900000 9.599999 5.800002
v 1.100000 9.599999 5.800002
v -1.200000 9.600001 -5.799999
v -1.000000 9.600001 -5.799999
v 0.900000 9.600001 -5.799999
v 1.100000 9.600001 -5.799999
v -1.200000 9.600001 -5.899999
v -1.000000 9.600001 -5.899999
v 0.900000 9.600001 -5.899999
v 1.100000 9.600001 -5.899999
v -1.000000 9.699999 5.900002
v -0.800000 9.699999 5.900002
v -0.900000 9.699999 5.800002
v -0.800000 9.699999 5.800002
v 0.700000 9.699999 5.900002
v 0.900000 9.699999 5.900002
v 0.700000 9.699999 5.800002
v 0.800000 9.699999 5.800002
v -0.900000 9.700001 -5.799999
v -0.800000 9.700001 -5.799999
v 0.700000 9.700001 -5.799999
v 0.800000 9.700001 -5.799999
v -1.000000 9.700001 -5.899999
v -0.800000 9.700001 -5.899999
v 0.700000 9.700001 -5.899999
v 0.900000 9.700001 -5.899999
v -0.800000 9.799999 5.900002
v -0.600000 9.799999 5.900002
v -0.800000 9.799999 5.800002
v -0.600000 9.799999 5.800002
v 0.500000 9.799999 5.900002
v 0.700000 9.799999 5.900002
v 0.500000 9.799999 5.800002
v 0.700000 9.799999 5.800002
v -0.800000 9.800001 -5.799999
v -0.600000 9.800001 -5.799999
v 0.500000 9.800001 -5.799999
v 0.700000 9.800001 -5.799999
v -0.800000 9.800001 -5.899999
v -0.600000 9.800001 -5.899999
v 0.500000 9.800001 -5.899999
v 0.700000 9.800001 -5.899999
v -0.600000 9.899999 5.900002
v -0.400000 9.899999 5.900002
v -0.400000 9.899999 5.800002
v 0.300000 9.899999 5.900002
v 0.500000 9.899999 5.900002
v 0.300000 9.899999 5.800002
v 0.500000 9.899999 5.800002
v -0.600000 9.900001 -5.799999
v -0.400000 9.900001 -5.799999
v 0.300000 9.900001 -5.799999
v 0.500000 9.900001 -5.799999
v -0.600000 9.900001 -5.899999
v -0.400000 9.900001 -5.899999
v 0.300000 9.900001 -5.899999
v 0.500000 9.900001 -5.899999
v -0.400000 9.999999 5.900002
v 0.300000 9.999999 5.900002
v -0.400000 9.999999 5.800002
v 0.300000 9.999999 5.800002
v -0.100000 9.999999 5.700001
v 0.000000 9.999999 5.700001
v -0.200000 9.999999 5.600001
v -0.100000 9.999999 5.600001
v 0.000000 9.999999 5.600001
v 0.100000 9.999999 5.600001
v -0.200000 9.999999 5.500001
v 0.100000 9.999999 5.500001
v -0.100000 9.999999 5.500001
v -0.100000 9.999999 5.400002
v 0.000000 9.999999 5.500001
v 0.000000 9.999999 5.400002
v -0.400000 10.000001 -5.799999
v 0.300000 10.000001 -5.799999
v -0.400000 10.000001 -5.899999
v 0.300000 10.000001 -5.899999
v -0.100000 10.099999 5.700001
v 0.000000 10.099999 5.700001
v -0.100000 10.099999 5.600001
v 0.000000 10.099999 5.600001
v -0.200000 10.099999 5.600001
v -0.200000 10.099999 5.500001
v -0.100000 10.099999 5.500001
v 0.100000 10.099999 5.600001
v 0.000000 10.099999 5.500001
v 0.100000 10.099999 5.500001
v -0.100000 10.099999 5.400002
v 0.000000 10.099999 5.400002
v -0.100000 10.399999 5.200002
v 0.000000 10.399999 5.200002
v -0.100000 10.399999 5.100002
v 0.000000 10.399999 5.100002
v -0.100000 10.499999 6.000002
v 0.000000 10.499999 6.000002
v -0.100000 10.499999 5.900002
v 0.000000 10.499999 5.900002
v -0.100000 10.499999 5.800002
v 0.000000 10.499999 5.800002
v -0.100000 10.499999 5.300002
v 0.000000 10.499999 5.300002
v -0.100000 10.599999 5.900002
v 0.000000 10.599999 5.900002
v -0.100000 10.599999 5.800002
v 0.000000 10.599999 5.800002
v -0.100000 10.599999 5.300002
v 0.000000 10.599999 5.300002
v -0.100000 10.599999 5.100002
v 0.000000 10.599999 5.100002
vt 0.123047 0.500000
vt 0.123047 0.500000
vt 0.123047 0.500000
vt 0.123047 0.500000
vt 0.123047 0.500000
vt 0.056641 0.500000
vt 0.056641 0.500000
vt 0.056641 0.500000
vt 0.123047 0.500000
vt 0.056641 0.500000
vt 0.123047 0.500000
vt 0.123047 0.500000
vt 0.123047 0.500000
vt 0.056641 0.500000
vt 0.056641 0.500000
vt 0.056641 0.500000
vt 0.123047 0.500000
vt 0.056641 0.500000
vt 0.123047 0.500000
vt 0.123047 0.500000
vt 0.123047 0.500000
vt 0.056641 0.500000
vt 0.056641 0.500000
vt 0.056641 0.500000
vt 0.123047 0.500000
vt 0.056641 0.500000
vt 0.123047 0.500000
vt 0.123047 0.500000
vt 0.123047 0.500000
vt 0.056641 0.500000
vt 0.056641 0.500000
vt 0.056641 0.500000
vt 0.123047 0.500000
vt 0.056641 0.500000
vt 0.123047 0.500000
vt 0.123047 0.500000
vt 0.123047 0.500000
vt 0.056641 0.500000
vt 0.056641 0.500000
vt 0.056641 0.500000
vt 0.123047 0.500000
vt 0.056641 0.500000
vt 0.123047 0.500000
vt 0.123047 0.500000
vt 0.099609 0.500000
vt 0.099609 0.500000
vt 0.099609 0.500000
vt 0.099609 0.500000
vt 0.126953 0.500000
vt 0.126953 0.500000
vt 0.126953 0.500000
vt 0.126953 0.500000
vt 0.126953 0.500000
vt 0.095703 0.500000
vt 0.095703 0.500000
vt 0.095703 0.500000
vt 0.126953 0.500000
vt 0.095703 0.500000
vt 0.126953 0.500000
vt 0.126953 0.500000
vt 0.126953 0.500000
vt 0.095703 0.500000
vt 0.095703 0.500000
vt 0.095703 0.500000
vt 0.126953 0.500000
vt 0.095703 0.500000
vt 0.126953 0.500000
vt 0.126953 0.500000
vt 0.126953 0.500000
vt 0.095703 0.500000
vt 0.095703 0.500000
vt 0.095703 0.500000
vt 0.126953 0.500000
vt 0.095703 0.500000
vt 0.126953 0.500000
vt 0.126953 0.500000
vt 0.126953 0.500000
vt 0.095703 0.500000
vt 0.095703 0.500000
vt 0.095703 0.500000
vt 0.126953 0.500000
vt 0.095703 0.500000
vt 0.126953 0.500000
vt 0.126953 0.500000
vt 0.126953 0.500000
vt 0.095703 0.500000
vt 0.095703 0.500000
vt 0.095703 0.500000
vt 0.126953 0.500000
vt 0.095703 0.500000
vt 0.126953 0.500000
vt 0.126953 0.500000
vt 0.126953 0.500000
vt 0.095703 0.500000
vt 0.095703 0.500000
vt 0.095703 0.500000
vt 0.126953 0.500000
vt 0.095703 0.500000
vt 0.126953 0.500000
vt 0.126953 0.500000
vt 0.126953 0.500000
vt 0.095703 0.500000
vt 0.095703 0.500000
vt 0.095703 0.500000
vt 0.126953 0.500000
vt 0.095703 0.500000
vt 0.126953 0.500000
vt 0.126953 0.500000
vt 0.126953 0.500000
vt 0.095703 0.500000
vt 0.095703 0.500000
vt 0.095703 0.500000
vt 0.126953 0.500000
vt 0.095703 0.500000
vt 0.126953 0.500000
vt 0.126953 0.500000
vt 0.126953 0.500000
vt 0.095703 0.500000
vt 0.095703 0.500000
vt 0.095703 0.500000
vt 0.126953 0.500000
vt 0.095703 0.500000
vt 0.126953 0.500000
vt 0.126953 0.500000
vt 0.126953 0.500000
vt 0.095703 0.500000
vt 0.095703 0.500000
vt 0.095703 0.500000
vt 0.126953 0.500000
vt 0.095703 0.500000
vt 0.126953 0.500000
vt 0.126953 0.500000
vt 0.126953 0.500000
vt 0.095703 0.500000
vt 0.095703 0.500000
vt 0.095703 0.500000
vt 0.126953 0.500000
vt 0.095703 0.500000
vt 0.126953 0.500000
vt 0.126953 0.500000
vt 0.126953 0.500000
vt 0.095703 0.500000
vt 0.095703 0.500000
vt 0.095703 0.500000
vt 0.126953 0.500000
vt 0.095703 0.500000
vt 0.126953 0.500000
vt 0.126953 0.500000
vt 0.126953 0.500000
vt 0.095703 0.500000
vt 0.095703 0.500000
vt 0.095703 0.500000
vt 0.126953 0.500000
vt 0.095703 0.500000
vt 0.126953 0.500000
vt 0.126953 0.500000
vt 0.126953 0.500000
vt 0.095703 0.500000
vt 0.095703 0.500000
vt 0.095703 0.500000
vt 0.126953 0.500000
vt 0.095703 0.500000
vt 0.099609 0.500000
vt 0.126953 0.500000
vt 0.126953 0.500000
vt 0.099609 0.500000
vt 0.099609 0.500000
vt 0.099609 0.500000
vt 0.123047 0.500000
vt 0.123047 0.500000
vt 0.123047 0.500000
vt 0.056641 0.500000
vt 0.056641 0.500000
vt 0.056641 0.500000
vt 0.123047 0.500000
vt 0.123047 0.500000
vt 0.123047 0.500000
vt 0.123047 0.500000
vt 0.056641 0.500000
vt 0.123047 0.500000
vt 0.123047 0.500000
vt 0.123047 0.500000
vt 0.123047 0.500000
vt 0.056641 0.500000
vt 0.056641 0.500000
vt 0.056641 0.500000
vt 0.123047 0.500000
vt 0.123047 0.500000
vt 0.123047 0.500000
vt 0.123047 0.500000
vt 0.056641 0.500000
vt 0.123047 0.500000
vt 0.123047 0.500000
vt 0.123047 0.500000
vt 0.123047 0.500000
vt 0.056641 0.500000
vt 0.056641 0.500000
vt 0.056641 0.500000
vt 0.123047 0.500000
vt 0.123047 0.500000
vt 0.123047 0.500000
vt 0.123047 0.500000
vt 0.056641 0.500000
vt 0.123047 0.500000
vt 0.123047 0.500000
vt 0.123047 0.500000
vt 0.123047 0.500000
vt 0.123047 0.500000
vt 0.123047 0.500000
vt 0.123047 0.500000
vt 0.123047 0.500000
vt 0.123047 0.500000
vt 0.123047 0.500000
vt 0.056641 0.500000
vt 0.056641 0.500000
vt 0.056641 0.500000
vt 0.123047 0.500000
vt 0.123047 0.500000
vt 0.123047 0.500000
vt 0.123047 0.500000
vt 0.056641 0.500000
vt 0.123047 0.500000
vt 0.123047 0.500000
vt 0.123047 0.500000
vt 0.123047 0.500000
vt 0.056641 0.500000
vt 0.056641 0.500000
vt 0.056641 0.500000
vt 0.123047 0.500000
vt 0.123047 0.500000
vt 0.123047 0.500000
vt 0.123047 0.500000
vt 0.056641 0.500000
vt 0.123047 0.500000
vt 0.123047 0.500000
vt 0.123047 0.500000
vt 0.123047 0.500000
vt 0.056641 0.500000
vt 0.056641 0.500000
vt 0.056641 0.500000
vt 0.123047 0.500000
vt 0.123047 0.500000
vt 0.123047 0.500000
vt 0.123047 0.500000
vt 0.056641 0.500000
vt 0.123047 0.500000
vt 0.123047 0.500000
vt 0.123047 0.500000
vt 0.123047 0.500000
vt 0.123047 0.500000
vt 0.123047 0.500000
vt 0.123047 0.500000
vt 0.123047 0.500000
vt 0.123047 0.500000
vt 0.056641 0.500000
vt 0.056641 0.500000
vt 0.056641 0.500000
vt 0.123047 0.500000
vt 0.123047 0.500000
vt 0.123047 0.500000
vt 0.123047 0.500000
vt 0.056641 0.500000
vt 0.123047 0.500000
vt 0.123047 0.500000
vt 0.123047 0.500000
vt 0.123047 0.500000
vt 0.056641 0.500000
vt 0.056641 0.500000
vt 0.056641 0.500000
vt 0.123047 0.500000
vt 0.123047 0.500000
vt 0.123047 0.500000
vt 0.123047 0.500000
vt 0.056641 0.500000
vt 0.123047 0.500000
vt 0.123047 0.500000
vt 0.123047 0.500000
vt 0.123047 0.500000
vt 0.056641 0.500000
vt 0.056641 0.500000
vt 0.056641 0.500000
vt 0.123047 0.500000
vt 0.123047 0.500000
vt 0.123047 0.500000
vt 0.123047 0.500000
vt 0.056641 0.500000
vt 0.123047 0.500000
vt 0.123047 0.500000
vt 0.123047 0.500000
vt 0.123047 0.500000
vt 0.123047 0.500000
vt 0.123047 0.500000
vt 0.123047 0.500000
vt 0.123047 0.500000
vt 0.123047 0.500000
vt 0.123047 0.500000
vt 0.056641 0.500000
vt 0.056641 0.500000
vt 0.056641 0.500000
vt 0.123047 0.500000
vt 0.123047 0.500000
vt 0.123047 0.500000
vt 0.123047 0.500000
vt 0.056641 0.500000
vt 0.123047 0.500000
vt 0.099609 0.500000
vt 0.099609 0.500000
vt 0.099609 0.500000
vt 0.099609 0.500000
vt 0.099609 0.500000
vt 0.123047 0.500000
vt 0.123047 0.500000
vt 0.123047 0.500000
vt 0.056641 0.500000
vt 0.056641 0.500000
vt 0.056641 0.500000
vt 0.123047 0.500000
vt 0.123047 0.500000
vt 0.123047 0.500000
vt 0.123047 0.500000
vt 0.056641 0.500000
vt 0.123047 0.500000
vt 0.099609 0.500000
vt 0.099609 0.500000
vt 0.099609 0.500000
vt 0.099609 0.500000
vt 0.099609 0.500000
vt 0.099609 0.500000
vt 0.099609 0.500000
vt 0.099609 0.500000
vt 0.123047 0.500000
vt 0.123047 0.500000
vt 0.123047 0.500000
vt 0.056641 0.500000
vt 0.056641 0.500000
vt 0.056641 0.500000
vt 0.123047 0.500000
vt 0.123047 0.500000
vt 0.123047 0.500000
vt 0.123047 0.500000
vt 0.056641 0.500000
vt 0.123047 0.500000
vt 0.099609 0.500000
vt 0.099609 0.500000
vt 0.099609 0.500000
vt 0.099609 0.500000
vt 0.099609 0.500000
vt 0.099609 0.500000
vt 0.099609 0.500000
vt 0.099609 0.500000
vt 0.099609 0.500000
vt 0.099609 0.500000
vt 0.099609 0.500000
vt 0.099609 0.500000
vt 0.099609 0.500000
vt 0.099609 0.500000
vt 0.099609 0.500000
vt 0.099609 0.500000
vt 0.123047 0.500000
vt 0.123047 0.500000
vt 0.123047 0.500000
vt 0.123047 0.500000
vt 0.123047 0.500000
vt 0.123047 0.500000
vt 0.099609 0.500000
vt 0.099609 0.500000
vt 0.099609 0.500000
vt 0.099609 0.500000
vt 0.099609 0.500000
vt 0.099609 0.500000
vt 0.099609 0.500000
vt 0.099609 0.500000
vt 0.099609 0.500000
vt 0.099609 0.500000
vt 0.099609 0.500000
vt 0.099609 0.500000
vt 0.099609 0.500000
vt 0.099609 0.500000
vt 0.099609 0.500000
vt 0.099609 0.500000
vt 0.123047 0.500000
vt 0.123047 0.500000
vt 0.123047 0.500000
vt 0.056641 0.500000
vt 0.056641 0.500000
vt 0.056641 0.500000
vt 0.123047 0.500000
vt 0.123047 0.500000
vt 0.123047 0.500000
vt 0.123047 0.500000
vt 0.056641 0.500000
vt 0.123047 0.500000
vt 0.099609 0.500000
vt 0.099609 0.500000
vt 0.099609 0.500000
vt 0.099609 0.500000
vt 0.099609 0.500000
vt 0.099609 0.500000
vt 0.099609 0.500000
vt 0.099609 0.500000
vt 0.099609 0.500000
vt 0.099609 0.500000
vt 0.099609 0.500000
vt 0.099609 0.500000
vt 0.099609 0.500000
vt 0.099609 0.500000
vt 0.099609 0.500000
vt 0.099609 0.500000
vt 0.056641 0.500000
vt 0.056641 0.500000
vt 0.056641 0.500000
vt 0.056641 0.500000
vt 0.123047 0.500000
vt 0.123047 0.500000
vt 0.123047 0.500000
vt 0.056641 0.500000
vt 0.123047 0.500000
vt 0.099609 0.500000
vt 0.099609 0.500000
vt 0.099609 0.500000
vt 0.099609 0.500000
vt 0.099609 0.500000
vt 0.099609 0.500000
vt 0.099609 0.500000
vt 0.099609 0.500000
vt 0.099609 0.500000
vt 0.099609 0.500000
vt 0.099609 0.500000
vt 0.099609 0.500000
vt 0.099609 0.500000
vt 0.099609 0.500000
vt 0.099609 0.500000
vt 0.099609 0.500000
vt 0.099609 0.500000
vt 0.099609 0.500000
vt 0.099609 0.500000
vt 0.099609 0.500000
vt 0.099609 0.500000
vt 0.099609 0.500000
vt 0.099609 0.500000
vt 0.099609 0.500000
vt 0.123047 0.500000
vt 0.123047 0.500000
vt 0.123047 0.500000
vt 0.056641 0.500000
vt 0.056641 0.500000
vt 0.056641 0.500000
vt 0.123047 0.500000
vt 0.123047 0.500000
vt 0.123047 0.500000
vt 0.123047 0.500000
vt 0.056641 0.500000
vt 0.123047 0.500000
vt 0.099609 0.500000
vt 0.099609 0.500000
vt 0.099609 0.500000
vt 0.099609 0.500000
vt 0.099609 0.500000
vt 0.099609 0.500000
vt 0.099609 0.500000
vt 0.099609 0.500000
vt 0.099609 0.500000
vt 0.099609 0.500000
vt 0.099609 0.500000
vt 0.099609 0.500000
vt 0.099609 0.500000
vt 0.099609 0.500000
vt 0.099609 0.500000
vt 0.099609 0.500000
vt 0.013672 0.500000
vt 0.013672 0.500000
vt 0.013672 0.500000
vt 0.013672 0.500000
vt 0.099609 0.500000
vt 0.099609 0.500000
vt 0.099609 0.500000
vt 0.099609 0.500000
vt 0.099609 0.500000
vt 0.099609 0.500000
vt 0.099609 0.500000
vt 0.099609 0.500000
vt 0.013672 0.500000
vt 0.013672 0.500000
vt 0.013672 0.500000
vt 0.013672 0.500000
vt 0.013672 0.500000
vt 0.013672 0.500000
vt 0.013672 0.500000
vt 0.013672 0.500000
vt 0.013672 0.500000
vt 0.013672 0.500000
vt 0.013672 0.500000
vt 0.013672 0.500000
vt 0.013672 0.500000
vt 0.013672 0.500000
vt 0.013672 0.500000
vt 0.013672 0.500000
vt 0.013672 0.500000
vt 0.013672 0.500000
vt 0.013672 0.500000
vt 0.013672 0.500000
vt 0.013672 0.500000
vt 0.013672 0.500000
vt 0.013672 0.500000
vt 0.013672 0.500000
vt 0.013672 0.500000
vt 0.013672 0.500000
vt 0.013672 0.500000
vt 0.013672 0.500000
vt 0.013672 0.500000
vt 0.013672 0.500000
vt 0.099609 0.500000
vt 0.099609 0.500000
vt 0.099609 0.500000
vt 0.099609 0.500000
vt 0.099609 0.500000
vt 0.099609 0.500000
vt 0.099609 0.500000
vt 0.099609 0.500000
vt 0.099609 0.500000
vt 0.099609 0.500000
vt 0.099609 0.500000
vt 0.099609 0.500000
vt 0.099609 0.500000
vt 0.099609 0.500000
vt 0.099609 0.500000
vt 0.099609 0.500000
vt 0.099609 0.500000
vt 0.099609 0.500000
vt 0.099609 0.500000
vt 0.099609 0.500000
vt 0.099609 0.500000
vt 0.099609 0.500000
vt 0.099609 0.500000
vt 0.099609 0.500000
vt 0.099609 0.500000
vt 0.099609 0.500000
vt 0.099609 0.500000
vt 0.099609 0.500000
vt 0.099609 0.500000
vt 0.099609 0.500000
vt 0.099609 0.500000
vt 0.099609 0.500000
vt 0.099609 0.500000
vt 0.099609 0.500000
vt 0.099609 0.500000
vt 0.099609 0.500000
vt 0.099609 0.500000
vt 0.099609 0.500000
vt 0.099609 0.500000
vt 0.099609 0.500000
vt 0.099609 0.500000
vt 0.099609 0.500000
vt 0.099609 0.500000
vt 0.099609 0.500000
vt 0.099609 0.500000
vt 0.099609 0.500000
vt 0.099609 0.500000
vt 0.099609 0.500000
vt 0.099609 0.500000
vt 0.099609 0.500000
vt 0.099609 0.500000
vt 0.099609 0.500000
vt 0.099609 0.500000
vt 0.099609 0.500000
vt 0.099609 0.500000
vt 0.099609 0.500000
vt 0.099609 0.500000
vt 0.099609 0.500000
vt 0.099609 0.500000
vt 0.099609 0.500000
vt 0.099609 0.500000
vt 0.099609 0.500000
vt 0.099609 0.500000
vt 0.099609 0.500000
vt 0.099609 0.500000
vt 0.099609 0.500000
vt 0.099609 0.500000
vt 0.099609 0.500000
vt 0.099609 0.500000
vt 0.099609 0.500000
vt 0.099609 0.500000
vt 0.099609 0.500000
vt 0.099609 0.500000
vt 0.099609 0.500000
vt 0.099609 0.500000
vt 0.099609 0.500000
vt 0.099609 0.500000
vt 0.099609 0.500000
vt 0.099609 0.500000
vt 0.099609 0.500000
vt 0.099609 0.500000
vt 0.099609 0.500000
vt 0.099609 0.500000
vt 0.099609 0.500000
vt 0.099609 0.500000
vt 0.099609 0.500000
vt 0.099609 0.500000
vt 0.099609 0.500000
vt 0.099609 0.500000
vt 0.099609 0.500000
vt 0.099609 0.500000
vt 0.099609 0.500000
vt 0.099609 0.500000
vt 0.099609 0.500000
vt 0.099609 0.500000
vt 0.099609 0.500000
vt 0.099609 0.500000
vt 0.099609 0.500000
vt 0.099609 0.500000
vt 0.099609 0.500000
vt 0.099609 0.500000
vt 0.099609 0.500000
vt 0.099609 0.500000
vt 0.099609 0.500000
vt 0.099609 0.500000
vt 0.099609 0.500000
vt 0.099609 0.500000
vt 0.099609 0.500000
vt 0.099609 0.500000
vt 0.099609 0.500000
vt 0.099609 0.500000
vt 0.099609 0.500000
vt 0.099609 0.500000
vt 0.099609 0.500000
vt 0.099609 0.500000
vt 0.099609 0.500000
vt 0.099609 0.500000
vt 0.099609 0.500000
vt 0.099609 0.500000
vt 0.099609 0.500000
vt 0.099609 0.500000
vt 0.099609 0.500000
vt 0.099609 0.500000
vt 0.099609 0.500000
vt 0.099609 0.500000
vt 0.099609 0.500000
vt 0.099609 0.500000
vt 0.099609 0.500000
vt 0.099609 0.500000
vt 0.099609 0.500000
vt 0.095703 0.500000
vt 0.095703 0.500000
vt 0.095703 0.500000
vt 0.095703 0.500000
vt 0.095703 0.500000
vt 0.095703 0.500000
vt 0.095703 0.500000
vt 0.095703 0.500000
vt 0.095703 0.500000
vt 0.095703 0.500000
vt 0.095703 0.500000
vt 0.095703 0.500000
vt 0.095703 0.500000
vt 0.095703 0.500000
vt 0.099609 0.500000
vt 0.099609 0.500000
vt 0.099609 0.500000
vt 0.099609 0.500000
vt 0.099609 0.500000
vt 0.099609 0.500000
vt 0.099609 0.500000
vt 0.099609 0.500000
vt 0.099609 0.500000
vt 0.099609 0.500000
vt 0.099609 0.500000
vt 0.099609 0.500000
vt 0.099609 0.500000
vt 0.099609 0.500000
vt 0.099609 0.500000
vt 0.099609 0.500000
vt 0.099609 0.500000
vt 0.099609 0.500000
vt 0.099609 0.500000
vt 0.099609 0.500000
vt 0.099609 0.500000
vt 0.099609 0.500000
vt 0.099609 0.500000
vt 0.099609 0.500000
vt 0.099609 0.500000
vt 0.099609 0.500000
vt 0.099609 0.500000
vt 0.099609 0.500000
vt 0.099609 0.500000
vt 0.099609 0.500000
vt 0.099609 0.500000
vt 0.099609 0.500000
vt 0.099609 0.500000
vt 0.099609 0.500000
vt 0.099609 0.500000
vt 0.099609 0.500000
vt 0.099609 0.500000
vt 0.099609 0.500000
vt 0.099609 0.500000
vt 0.099609 0.500000
vt 0.099609 0.500000
vt 0.099609 0.500000
vt 0.099609 0.500000
vt 0.099609 0.500000
vt 0.099609 0.500000
vt 0.099609 0.500000
vt 0.099609 0.500000
vt 0.099609 0.500000
vt 0.099609 0.500000
vt 0.099609 0.500000
vt 0.099609 0.500000
vt 0.099609 0.500000
vt 0.099609 0.500000
vt 0.099609 0.500000
vt 0.099609 0.500000
vt 0.099609 0.500000
vt 0.099609 0.500000
vt 0.099609 0.500000
vt 0.099609 0.500000
vt 0.099609 0.500000
vt 0.099609 0.500000
vt 0.099609 0.500000
vt 0.099609 0.500000
vt 0.099609 0.500000
vt 0.099609 0.500000
vt 0.099609 0.500000
vt 0.099609 0.500000
vt 0.099609 0.500000
vt 0.099609 0.500000
vt 0.099609 0.500000
vt 0.099609 0.500000
vt 0.099609 0.500000
vt 0.099609 0.500000
vt 0.099609 0.500000
vt 0.099609 0.500000
vt 0.099609 0.500000
vt 0.099609 0.500000
vt 0.099609 0.500000
vt 0.099609 0.500000
vt 0.099609 0.500000
vt 0.099609 0.500000
vt 0.099609 0.500000
vt 0.099609 0.500000
vt 0.099609 0.500000
vt 0.099609 0.500000
vt 0.099609 0.500000
vt 0.099609 0.500000
vt 0.099609 0.500000
vt 0.099609 0.500000
vt 0.099609 0.500000
vt 0.099609 0.500000
vt 0.099609 0.500000
vt 0.099609 0.500000
vt 0.099609 0.500000
vt 0.099609 0.500000
vt 0.099609 0.500000
vt 0.099609 0.500000
vt 0.099609 0.500000
vt 0.099609 0.500000
vt 0.099609 0.500000
vt 0.099609 0.500000
vt 0.099609 0.500000
vt 0.099609 0.500000
vt 0.099609 0.500000
vt 0.099609 0.500000
vt 0.099609 0.500000
vt 0.099609 0.500000
vt 0.099609 0.500000
vt 0.013672 0.500000
vt 0.013672 0.500000
vt 0.013672 0.500000
vt 0.013672 0.500000
vt 0.013672 0.500000
vt 0.013672 0.500000
vt 0.013672 0.500000
vt 0.013672 0.500000
vt 0.013672 0.500000
vt 0.013672 0.500000
vt 0.013672 0.500000
vt 0.013672 0.500000
vt 0.013672 0.500000
vt 0.013672 0.500000
vt 0.013672 0.500000
vt 0.013672 0.500000
vt 0.013672 0.500000
vt 0.013672 0.500000
vt 0.013672 0.500000
vt 0.013672 0.500000
vt 0.013672 0.500000
vt 0.013672 0.500000
vt 0.013672 0.500000
vt 0.013672 0.500000
vt 0.013672 0.500000
vt 0.013672 0.500000
vt 0.013672 0.500000
vt 0.013672 0.500000
vt 0.013672 0.500000
vt 0.013672 0.500000
vt 0.013672 0.500000
vt 0.013672 0.500000
vt 0.013672 0.500000
vt 0.013672 0.500000
vt 0.099609 0.500000
vt 0.099609 0.500000
vt 0.099609 0.500000
vt 0.099609 0.500000
vt 0.099609 0.500000
vt 0.099609 0.500000
vt 0.099609 0.500000
vt 0.099609 0.500000
vt 0.099609 0.500000
vt 0.099609 0.500000
vt 0.099609 0.500000
vt 0.099609 0.500000
vt 0.099609 0.500000
vt 0.099609 0.500000
vt 0.099609 0.500000
vt 0.099609 0.500000
vt 0.099609 0.500000
vt 0.099609 0.500000
vt 0.099609 0.500000
vt 0.099609 0.500000
vt 0.099609 0.500000
vt 0.099609 0.500000
vt 0.123047 0.500000
vt 0.123047 0.500000
vt 0.123047 0.500000
vt 0.056641 0.500000
vt 0.056641 0.500000
vt 0.056641 0.500000
vt 0.123047 0.500000
vt 0.123047 0.500000
vt 0.123047 0.500000
vt 0.123047 0.500000
vt 0.056641 0.500000
vt 0.123047 0.500000
vt 0.099609 0.500000
vt 0.099609 0.500000
vt 0.099609 0.500000
vt 0.099609 0.500000
vt 0.099609 0.500000
vt 0.099609 0.500000
vt 0.099609 0.500000
vt 0.099609 0.500000
vt 0.099609 0.500000
vt 0.099609 0.500000
vt 0.099609 0.500000
vt 0.099609 0.500000
vt 0.099609 0.500000
vt 0.099609 0.500000
vt 0.099609 0.500000
vt 0.099609 0.500000
vt 0.123047 0.500000
vt 0.123047 0.500000
vt 0.123047 0.500000
vt 0.056641 0.500000
vt 0.056641 0.500000
vt 0.056641 0.500000
vt 0.123047 0.500000
vt 0.123047 0.500000
vt 0.123047 0.500000
vt 0.123047 0.500000
vt 0.056641 0.500000
vt 0.123047 0.500000
vt 0.099609 0.500000
vt 0.099609 0.500000
vt 0.099609 0.500000
vt 0.099609 0.500000
vt 0.099609 0.500000
vt 0.099609 0.500000
vt 0.099609 0.500000
vt 0.099609 0.500000
vt 0.099609 0.500000
vt 0.099609 0.500000
vt 0.099609 0.500000
vt 0.099609 0.500000
vt 0.099609 0.500000
vt 0.099609 0.500000
vt 0.099609 0.500000
vt 0.099609 0.500000
vt 0.123047 0.500000
vt 0.123047 0.500000
vt 0.123047 0.500000
vt 0.056641 0.500000
vt 0.056641 0.500000
vt 0.056641 0.500000
vt 0.123047 0.500000
vt 0.123047 0.500000
vt 0.123047 0.500000
vt 0.123047 0.500000
vt 0.056641 0.500000
vt 0.123047 0.500000
vt 0.099609 0.500000
vt 0.099609 0.500000
vt 0.099609 0.500000
vt 0.099609 0.500000
vt 0.099609 0.500000
vt 0.099609 0.500000
vt 0.099609 0.500000
vt 0.099609 0.500000
vt 0.099609 0.500000
vt 0.099609 0.500000
vt 0.099609 0.500000
vt 0.099609 0.500000
vt 0.099609 0.500000
vt 0.099609 0.500000
vt 0.099609 0.500000
vt 0.099609 0.500000
vt 0.099609 0.500000
vt 0.099609 0.500000
vt 0.099609 0.500000
vt 0.099609 0.500000
vt 0.099609 0.500000
vt 0.099609 0.500000
vt 0.099609 0.500000
vt 0.099609 0.500000
vt 0.123047 0.500000
vt 0.123047 0.500000
vt 0.123047 0.500000
vt 0.123047 0.500000
vt 0.123047 0.500000
vt 0.123047 0.500000
vt 0.099609 0.500000
vt 0.099609 0.500000
vt 0.099609 0.500000
vt 0.099609 0.500000
vt 0.099609 0.500000
vt 0.099609 0.500000
vt 0.099609 0.500000
vt 0.099609 0.500000
vt 0.099609 0.500000
vt 0.099609 0.500000
vt 0.099609 0.500000
vt 0.099609 0.500000
vt 0.099609 0.500000
vt 0.099609 0.500000
vt 0.099609 0.500000
vt 0.099609 0.500000
vt 0.123047 0.500000
vt 0.123047 0.500000
vt 0.123047 0.500000
vt 0.056641 0.500000
vt 0.056641 0.500000
vt 0.056641 0.500000
vt 0.123047 0.500000
vt 0.123047 0.500000
vt 0.123047 0.500000
vt 0.123047 0.500000
vt 0.056641 0.500000
vt 0.123047 0.500000
vt 0.099609 0.500000
vt 0.099609 0.500000
vt 0.099609 0.500000
vt 0.099609 0.500000
vt 0.099609 0.500000
vt 0.099609 0.500000
vt 0.099609 0.500000
vt 0.099609 0.500000
vt 0.099609 0.500000
vt 0.099609 0.500000
vt 0.099609 0.500000
vt 0.099609 0.500000
vt 0.099609 0.500000
vt 0.099609 0.500000
vt 0.099609 0.500000
vt 0.099609 0.500000
vt 0.123047 0.500000
vt 0.123047 0.500000
vt 0.123047 0.500000
vt 0.056641 0.500000
vt 0.056641 0.500000
vt 0.056641 0.500000
vt 0.123047 0.500000
vt 0.123047 0.500000
vt 0.123047 0.500000
vt 0.123047 0.500000
vt 0.056641 0.500000
vt 0.123047 0.500000
vt 0.099609 0.500000
vt 0.099609 0.500000
vt 0.099609 0.500000
vt 0.099609 0.500000
vt 0.099609 0.500000
vt 0.099609 0.500000
vt 0.099609 0.500000
vt 0.099609 0.500000
vt 0.099609 0.500000
vt 0.099609 0.500000
vt 0.099609 0.500000
vt 0.099609 0.500000
vt 0.099609 0.500000
vt 0.099609 0.500000
vt 0.099609 0.500000
vt 0.099609 0.500000
vt 0.123047 0.500000
vt 0.123047 0.500000
vt 0.123047 0.500000
vt 0.056641 0.500000
vt 0.056641 0.500000
vt 0.056641 0.500000
vt 0.123047 0.500000
vt 0.123047 0.500000
vt 0.123047 0.500000
vt 0.123047 0.500000
vt 0.056641 0.500000
vt 0.123047 0.500000
vt 0.099609 0.500000
vt 0.099609 0.500000
vt 0.099609 0.500000
vt 0.099609 0.500000
vt 0.099609 0.500000
vt 0.123047 0.500000
vt 0.123047 0.500000
vt 0.123047 0.500000
vt 0.123047 0.500000
vt 0.123047 0.500000
vt 0.123047 0.500000
vt 0.123047 0.500000
vt 0.123047 0.500000
vt 0.123047 0.500000
vt 0.056641 0.500000
vt 0.056641 0.500000
vt 0.056641 0.500000
vt 0.123047 0.500000
vt 0.123047 0.500000
vt 0.123047 0.500000
vt 0.123047 0.500000
vt 0.056641 0.500000
vt 0.123047 0.500000
vt 0.123047 0.500000
vt 0.123047 0.500000
vt 0.123047 0.500000
vt 0.056641 0.500000
vt 0.056641 0.500000
vt 0.056641 0.500000
vt 0.123047 0.500000
vt 0.123047 0.500000
vt 0.123047 0.500000
vt 0.123047 0.500000
vt 0.056641 0.500000
vt 0.123047 0.500000
vt 0.123047 0.500000
vt 0.123047 0.500000
vt 0.123047 0.500000
vt 0.056641 0.500000
vt 0.056641 0.500000
vt 0.056641 0.500000
vt 0.123047 0.500000
vt 0.123047 0.500000
vt 0.123047 0.500000
vt 0.123047 0.500000
vt 0.056641 0.500000
vt 0.123047 0.500000
vt 0.123047 0.500000
vt 0.123047 0.500000
vt 0.123047 0.500000
vt 0.123047 0.500000
vt 0.123047 0.500000
vt 0.123047 0.500000
vt 0.123047 0.500000
vt 0.123047 0.500000
vt 0.123047 0.500000
vt 0.056641 0.500000
vt 0.056641 0.500000
vt 0.056641 0.500000
vt 0.123047 0.500000
vt 0.123047 0.500000
vt 0.123047 0.500000
vt 0.123047 0.500000
vt 0.056641 0.500000
vt 0.123047 0.500000
vt 0.123047 0.500000
vt 0.123047 0.500000
vt 0.123047 0.500000
vt 0.056641 0.500000
vt 0.056641 0.500000
vt 0.056641 0.500000
vt 0.123047 0.500000
vt 0.123047 0.500000
vt 0.123047 0.500000
vt 0.123047 0.500000
vt 0.056641 0.500000
vt 0.123047 0.500000
vt 0.123047 0.500000
vt 0.123047 0.500000
vt 0.123047 0.500000
vt 0.056641 0.500000
vt 0.056641 0.500000
vt 0.056641 0.500000
vt 0.123047 0.500000
vt 0.123047 0.500000
vt 0.123047 0.500000
vt 0.123047 0.500000
vt 0.056641 0.500000
vt 0.123047 0.500000
vt 0.123047 0.500000
vt 0.123047 0.500000
vt 0.123047 0.500000
vt 0.123047 0.500000
vt 0.123047 0.500000
vt 0.123047 0.500000
vt 0.123047 0.500000
vt 0.123047 0.500000
vt 0.123047 0.500000
vt 0.056641 0.500000
vt 0.056641 0.500000
vt 0.056641 0.500000
vt 0.123047 0.500000
vt 0.123047 0.500000
vt 0.123047 0.500000
vt 0.123047 0.500000
vt 0.056641 0.500000
vt 0.123047 0.500000
vt 0.123047 0.500000
vt 0.123047 0.500000
vt 0.123047 0.500000
vt 0.056641 0.500000
vt 0.056641 0.500000
vt 0.056641 0.500000
vt 0.123047 0.500000
vt 0.123047 0.500000
vt 0.123047 0.500000
vt 0.123047 0.500000
vt 0.056641 0.500000
vt 0.123047 0.500000
vt 0.123047 0.500000
vt 0.123047 0.500000
vt 0.123047 0.500000
vt 0.056641 0.500000
vt 0.056641 0.500000
vt 0.056641 0.500000
vt 0.123047 0.500000
vt 0.123047 0.500000
vt 0.123047 0.500000
vt 0.123047 0.500000
vt 0.056641 0.500000
vt 0.123047 0.500000
vt 0.099609 0.500000
vt 0.099609 0.500000
vt 0.099609 0.500000
vt 0.099609 0.500000
vt 0.126953 0.500000
vt 0.126953 0.500000
vt 0.126953 0.500000
vt 0.126953 0.500000
vt 0.126953 0.500000
vt 0.095703 0.500000
vt 0.095703 0.500000
vt 0.095703 0.500000
vt 0.126953 0.500000
vt 0.095703 0.500000
vt 0.126953 0.500000
vt 0.126953 0.500000
vt 0.126953 0.500000
vt 0.095703 0.500000
vt 0.095703 0.500000
vt 0.095703 0.500000
vt 0.126953 0.500000
vt 0.095703 0.500000
vt 0.126953 0.500000
vt 0.126953 0.500000
vt 0.126953 0.500000
vt 0.095703 0.500000
vt 0.095703 0.500000
vt 0.095703 0.500000
vt 0.126953 0.500000
vt 0.095703 0.500000
vt 0.126953 0.500000
vt 0.126953 0.500000
vt 0.126953 0.500000
vt 0.095703 0.500000
vt 0.095703 0.500000
vt 0.095703 0.500000
vt 0.126953 0.500000
vt 0.095703 0.500000
vt 0.126953 0.500000
vt 0.126953 0.500000
vt 0.126953 0.500000
vt 0.095703 0.500000
vt 0.095703 0.500000
vt 0.095703 0.500000
vt 0.126953 0.500000
vt 0.095703 0.500000
vt 0.126953 0.500000
vt 0.126953 0.500000
vt 0.126953 0.500000
vt 0.095703 0.500000
vt 0.095703 0.500000
vt 0.095703 0.500000
vt 0.126953 0.500000
vt 0.095703 0.500000
vt 0.126953 0.500000
vt 0.126953 0.500000
vt 0.126953 0.500000
vt 0.095703 0.500000
vt 0.095703 0.500000
vt 0.095703 0.500000
vt 0.126953 0.500000
vt 0.095703 0.500000
vt 0.126953 0.500000
vt 0.126953 0.500000
vt 0.126953 0.500000
vt 0.095703 0.500000
vt 0.095703 0.500000
vt 0.095703 0.500000
vt 0.126953 0.500000
vt 0.095703 0.500000
vt 0.126953 0.500000
vt 0.126953 0.500000
vt 0.126953 0.500000
vt 0.095703 0.500000
vt 0.095703 0.500000
vt 0.095703 0.500000
vt 0.126953 0.500000
vt 0.095703 0.500000
vt 0.126953 0.500000
vt 0.126953 0.500000
vt 0.126953 0.500000
vt 0.095703 0.500000
vt 0.095703 0.500000
vt 0.095703 0.500000
vt 0.126953 0.500000
vt 0.095703 0.500000
vt 0.126953 0.500000
vt 0.126953 0.500000
vt 0.126953 0.500000
vt 0.095703 0.500000
vt 0.095703 0.500000
vt 0.095703 0.500000
vt 0.126953 0.500000
vt 0.095703 0.500000
vt 0.126953 0.500000
vt 0.126953 0.500000
vt 0.126953 0.500000
vt 0.095703 0.500000
vt 0.095703 0.500000
vt 0.095703 0.500000
vt 0.126953 0.500000
vt 0.095703 0.500000
vt 0.126953 0.500000
vt 0.126953 0.500000
vt 0.126953 0.500000
vt 0.095703 0.500000
vt 0.095703 0.500000
vt 0.095703 0.500000
vt 0.126953 0.500000
vt 0.095703 0.500000
vt 0.126953 0.500000
vt 0.126953 0.500000
vt 0.126953 0.500000
vt 0.095703 0.500000
vt 0.095703 0.500000
vt 0.095703 0.500000
vt 0.126953 0.500000
vt 0.095703 0.500000
vt 0.099609 0.500000
vt 0.126953 0.500000
vt 0.126953 0.500000
vt 0.099609 0.500000
vt 0.099609 0.500000
vt 0.099609 0.500000
vt 0.123047 0.500000
vt 0.123047 0.500000
vt 0.123047 0.500000
vt 0.123047 0.500000
vt 0.123047 0.500000
vt 0.056641 0.500000
vt 0.056641 0.500000
vt 0.056641 0.500000
vt 0.123047 0.500000
vt 0.056641 0.500000
vt 0.123047 0.500000
vt 0.123047 0.500000
vt 0.123047 0.500000
vt 0.056641 0.500000
vt 0.056641 0.500000
vt 0.056641 0.500000
vt 0.123047 0.500000
vt 0.056641 0.500000
vt 0.123047 0.500000
vt 0.123047 0.500000
vt 0.123047 0.500000
vt 0.056641 0.500000
vt 0.056641 0.500000
vt 0.056641 0.500000
vt 0.123047 0.500000
vt 0.056641 0.500000
vt 0.123047 0.500000
vt 0.123047 0.500000
vt 0.123047 0.500000
vt 0.056641 0.500000
vt 0.056641 0.500000
vt 0.056641 0.500000
vt 0.123047 0.500000
vt 0.056641 0.500000
vt 0.123047 0.500000
vt 0.123047 0.500000
vt 0.123047 0.500000
vt 0.056641 0.500000
vt 0.056641 0.500000
vt 0.056641 0.500000
vt 0.123047 0.500000
vt 0.056641 0.500000
vt 0.123047 0.500000
vt 0.123047 0.500000
vt 0.099609 0.500000
vt 0.099609 0.500000
vt 0.099609 0.500000
vt 0.099609 0.500000
vt 0.099609 0.500000
vt 0.099609 0.500000
vt 0.099609 0.500000
vt 0.099609 0.500000
vt 0.099609 0.500000
vt 0.099609 0.500000
vt 0.099609 0.500000
vt 0.099609 0.500000
vt 0.099609 0.500000
vt 0.099609 0.500000
vt 0.099609 0.500000
vt 0.099609 0.500000
vt 0.099609 0.500000
vt 0.099609 0.500000
vt 0.099609 0.500000
vt 0.099609 0.500000
vt 0.099609 0.500000
vt 0.099609 0.500000
vt 0.099609 0.500000
vt 0.099609 0.500000
vt 0.099609 0.500000
vt 0.099609 0.500000
vt 0.099609 0.500000
vt 0.099609 0.500000
vt 0.099609 0.500000
vt 0.099609 0.500000
vt 0.099609 0.500000
vt 0.099609 0.500000
vt 0.099609 0.500000
vt 0.099609 0.500000
vt 0.099609 0.500000
vt 0.099609 0.500000
vt 0.099609 0.500000
vt 0.099609 0.500000
vt 0.099609 0.500000
vt 0.099609 0.500000
vt 0.099609 0.500000
vt 0.099609 0.500000
vt 0.099609 0.500000
vt 0.099609 0.500000
vt 0.099609 0.500000
vt 0.099609 0.500000
vt 0.099609 0.500000
vt 0.099609 0.500000
vt 0.099609 0.500000
vt 0.099609 0.500000
vt 0.099609 0.500000
vt 0.099609 0.500000
vt 0.099609 0.500000
vt 0.099609 0.500000
vt 0.099609 0.500000
vt 0.099609 0.500000
vt 0.099609 0.500000
vt 0.099609 0.500000
vt 0.099609 0.500000
vt 0.099609 0.500000
vt 0.099609 0.500000
vt 0.099609 0.500000
vt 0.099609 0.500000
vt 0.099609 0.500000
vt 0.099609 0.500000
vt 0.099609 0.500000
vt 0.099609 0.500000
vt 0.099609 0.500000
vt 0.099609 0.500000
vt 0.099609 0.500000
vt 0.099609 0.500000
vt 0.099609 0.500000
vt 0.099609 0.500000
vt 0.099609 0.500000
vt 0.099609 0.500000
vt 0.099609 0.500000
vt 0.099609 0.500000
vt 0.099609 0.500000
vt 0.099609 0.500000
vt 0.099609 0.500000
vt 0.099609 0.500000
vt 0.099609 0.500000
vt 0.099609 0.500000
vt 0.099609 0.500000
vt 0.099609 0.500000
vt 0.099609 0.500000
vt 0.099609 0.500000
vt 0.099609 0.500000
vt 0.099609 0.500000
vt 0.099609 0.500000
vt 0.099609 0.500000
vt 0.099609 0.500000
vt 0.099609 0.500000
vt 0.099609 0.500000
vt 0.099609 0.500000
vt 0.099609 0.500000
vt 0.099609 0.500000
vt 0.099609 0.500000
vt 0.099609 0.500000
vt 0.099609 0.500000
vt 0.099609 0.500000
vt 0.099609 0.500000
vt 0.099609 0.500000
vt 0.099609 0.500000
vt 0.099609 0.500000
vt 0.099609 0.500000
vt 0.013672 0.500000
vt 0.013672 0.500000
vt 0.013672 0.500000
vt 0.013672 0.500000
vt 0.099609 0.500000
vt 0.099609 0.500000
vt 0.099609 0.500000
vt 0.099609 0.500000
vt 0.099609 0.500000
vt 0.099609 0.500000
vt 0.099609 0.500000
vt 0.099609 0.500000
vt 0.099609 0.500000
vt 0.099609 0.500000
vt 0.099609 0.500000
vt 0.099609 0.500000
vt 0.099609 0.500000
vt 0.099609 0.500000
vt 0.099609 0.500000
vt 0.099609 0.500000
vt 0.099609 0.500000
vt 0.099609 0.500000
vt 0.099609 0.500000
vt 0.099609 0.500000
vt 0.099609 0.500000
vt 0.099609 0.500000
vt 0.099609 0.500000
vt 0.099609 0.500000
vt 0.099609 0.500000
vt 0.099609 0.500000
vt 0.099609 0.500000
vt 0.099609 0.500000
vt 0.099609 0.500000
vt 0.099609 0.500000
vt 0.099609 0.500000
vt 0.099609 0.500000
vt 0.099609 0.500000
vt 0.099609 0.500000
vt 0.099609 0.500000
vt 0.099609 0.500000
vt 0.099609 0.500000
vt 0.099609 0.500000
vt 0.099609 0.500000
vt 0.099609 0.500000
vt 0.099609 0.500000
vt 0.099609 0.500000
vt 0.099609 0.500000
vt 0.099609 0.500000
vt 0.099609 0.500000
vt 0.099609 0.500000
vt 0.099609 0.500000
vt 0.099609 0.500000
vt 0.099609 0.500000
vt 0.099609 0.500000
vt 0.099609 0.500000
vt 0.099609 0.500000
vt 0.099609 0.500000
vt 0.099609 0.500000
vt 0.099609 0.500000
vt 0.099609 0.500000
vt 0.099609 0.500000
vt 0.099609 0.500000
vt 0.099609 0.500000
vt 0.099609 0.500000
vt 0.099609 0.500000
vt 0.099609 0.500000
vt 0.099609 0.500000
vt 0.099609 0.500000
vt 0.099609 0.500000
vt 0.099609 0.500000
vt 0.099609 0.500000
vt 0.099609 0.500000
vt 0.099609 0.500000
vt 0.099609 0.500000
vt 0.099609 0.500000
vt 0.099609 0.500000
vt 0.099609 0.500000
vt 0.099609 0.500000
vt 0.099609 0.500000
vt 0.099609 0.500000
vt 0.099609 0.500000
vt 0.099609 0.500000
vt 0.099609 0.500000
vt 0.099609 0.500000
vt 0.099609 0.500000
vt 0.099609 0.500000
vt 0.099609 0.500000
vt 0.099609 0.500000
vt 0.099609 0.500000
vt 0.099609 0.500000
vt 0.099609 0.500000
vt 0.099609 0.500000
vt 0.099609 0.500000
vt 0.099609 0.500000
vt 0.099609 0.500000
vt 0.099609 0.500000
vt 0.099609 0.500000
vt 0.099609 0.500000
vt 0.099609 0.500000
vt 0.099609 0.500000
vt 0.099609 0.500000
vt 0.099609 0.500000
vt 0.099609 0.500000
vt 0.099609 0.500000
vt 0.099609 0.500000
vt 0.099609 0.500000
vt 0.099609 0.500000
vt 0.099609 0.500000
vt 0.099609 0.500000
vt 0.099609 0.500000
vt 0.099609 0.500000
vt 0.099609 0.500000
vt 0.099609 0.500000
vt 0.099609 0.500000
vt 0.099609 0.500000
vt 0.099609 0.500000
vt 0.099609 0.500000
vt 0.099609 0.500000
vt 0.123047 0.500000
vt 0.123047 0.500000
vt 0.123047 0.500000
vt 0.123047 0.500000
vt 0.099609 0.500000
vt 0.099609 0.500000
vt 0.099609 0.500000
vt 0.099609 0.500000
vt 0.099609 0.500000
vt 0.099609 0.500000
vt 0.099609 0.500000
vt 0.123047 0.500000
vt 0.099609 0.500000
vt 0.123047 0.500000
vt 0.126953 0.500000
vt 0.126953 0.500000
vt 0.126953 0.500000
vt 0.123047 0.500000
vt 0.123047 0.500000
vt 0.123047 0.500000
vt 0.126953 0.500000
vt 0.126953 0.500000
vt 0.126953 0.500000
vt 0.095703 0.500000
vt 0.095703 0.500000
vt 0.095703 0.500000
vt 0.126953 0.500000
vt 0.126953 0.500000
vt 0.126953 0.500000
vt 0.095703 0.500000
vt 0.126953 0.500000
vt 0.126953 0.500000
vt 0.126953 0.500000
vt 0.126953 0.500000
vt 0.123047 0.500000
vt 0.123047 0.500000
vt 0.126953 0.500000
vt 0.123047 0.500000
vt 0.095703 0.500000
vt 0.095703 0.500000
vt 0.095703 0.500000
vt 0.126953 0.500000
vt 0.126953 0.500000
vt 0.123047 0.500000
vt 0.123047 0.500000
vt 0.126953 0.500000
vt 0.123047 0.500000
vt 0.126953 0.500000
vt 0.095703 0.500000
vt 0.095703 0.500000
vt 0.095703 0.500000
vt 0.126953 0.500000
vt 0.095703 0.500000
vt 0.126953 0.500000
vt 0.095703 0.500000
vt 0.095703 0.500000
vt 0.126953 0.500000
vt 0.126953 0.500000
vt 0.095703 0.500000
vt 0.126953 0.500000
vt 0.126953 0.500000
vt 0.126953 0.500000
vt 0.123047 0.500000
vt 0.123047 0.500000
vt 0.126953 0.500000
vt 0.123047 0.500000
vt 0.095703 0.500000
vt 0.095703 0.500000
vt 0.095703 0.500000
vt 0.126953 0.500000
vt 0.126953 0.500000
vt 0.123047 0.500000
vt 0.123047 0.500000
vt 0.126953 0.500000
vt 0.123047 0.500000
vt 0.126953 0.500000
vt 0.095703 0.500000
vt 0.095703 0.500000
vt 0.095703 0.500000
vt 0.126953 0.500000
vt 0.095703 0.500000
vt 0.126953 0.500000
vt 0.095703 0.500000
vt 0.095703 0.500000
vt 0.126953 0.500000
vt 0.126953 0.500000
vt 0.095703 0.500000
vt 0.126953 0.500000
vt 0.126953 0.500000
vt 0.126953 0.500000
vt 0.123047 0.500000
vt 0.123047 0.500000
vt 0.126953 0.500000
vt 0.123047 0.500000
vt 0.095703 0.500000
vt 0.095703 0.500000
vt 0.095703 0.500000
vt 0.126953 0.500000
vt 0.126953 0.500000
vt 0.123047 0.500000
vt 0.123047 0.500000
vt 0.126953 0.500000
vt 0.123047 0.500000
vt 0.126953 0.500000
vt 0.095703 0.500000
vt 0.095703 0.500000
vt 0.095703 0.500000
vt 0.126953 0.500000
vt 0.095703 0.500000
vt 0.126953 0.500000
vt 0.095703 0.500000
vt 0.095703 0.500000
vt 0.126953 0.500000
vt 0.126953 0.500000
vt 0.095703 0.500000
vt 0.126953 0.500000
vt 0.126953 0.500000
vt 0.126953 0.500000
vt 0.123047 0.500000
vt 0.123047 0.500000
vt 0.126953 0.500000
vt 0.123047 0.500000
vt 0.095703 0.500000
vt 0.095703 0.500000
vt 0.095703 0.500000
vt 0.126953 0.500000
vt 0.126953 0.500000
vt 0.123047 0.500000
vt 0.123047 0.500000
vt 0.126953 0.500000
vt 0.123047 0.500000
vt 0.126953 0.500000
vt 0.095703 0.500000
vt 0.095703 0.500000
vt 0.095703 0.500000
vt 0.126953 0.500000
vt 0.095703 0.500000
vt 0.126953 0.500000
vt 0.095703 0.500000
vt 0.095703 0.500000
vt 0.126953 0.500000
vt 0.126953 0.500000
vt 0.095703 0.500000
vt 0.126953 0.500000
vt 0.126953 0.500000
vt 0.126953 0.500000
vt 0.123047 0.500000
vt 0.123047 0.500000
vt 0.126953 0.500000
vt 0.123047 0.500000
vt 0.095703 0.500000
vt 0.095703 0.500000
vt 0.095703 0.500000
vt 0.126953 0.500000
vt 0.126953 0.500000
vt 0.123047 0.500000
vt 0.123047 0.500000
vt 0.126953 0.500000
vt 0.123047 0.500000
vt 0.126953 0.500000
vt 0.095703 0.500000
vt 0.095703 0.500000
vt 0.095703 0.500000
vt 0.126953 0.500000
vt 0.095703 0.500000
vt 0.126953 0.500000
vt 0.095703 0.500000
vt 0.095703 0.500000
vt 0.126953 0.500000
vt 0.126953 0.500000
vt 0.095703 0.500000
vt 0.126953 0.500000
vt 0.126953 0.500000
vt 0.126953 0.500000
vt 0.123047 0.500000
vt 0.123047 0.500000
vt 0.126953 0.500000
vt 0.123047 0.500000
vt 0.126953 0.500000
vt 0.095703 0.500000
vt 0.095703 0.500000
vt 0.095703 0.500000
vt 0.126953 0.500000
vt 0.095703 0.500000
vt 0.095703 0.500000
vt 0.095703 0.500000
vt 0.095703 0.500000
vt 0.126953 0.500000
vt 0.126953 0.500000
vt 0.123047 0.500000
vt 0.123047 0.500000
vt 0.126953 0.500000
vt 0.123047 0.500000
vt 0.095703 0.500000
vt 0.126953 0.500000
vt 0.095703 0.500000
vt 0.126953 0.500000
vt 0.095703 0.500000
vt 0.095703 0.500000
vt 0.126953 0.500000
vt 0.126953 0.500000
vt 0.095703 0.500000
vt 0.126953 0.500000
vt 0.126953 0.500000
vt 0.126953 0.500000
vt 0.126953 0.500000
vt 0.126953 0.500000
vt 0.126953 0.500000
vt 0.126953 0.500000
vt 0.126953 0.500000
vt 0.126953 0.500000
vt 0.126953 0.500000
vt 0.126953 0.500000
vt 0.123047 0.500000
vt 0.123047 0.500000
vt 0.123047 0.500000
vt 0.095703 0.500000
vt 0.095703 0.500000
vt 0.095703 0.500000
vt 0.095703 0.500000
vt 0.095703 0.500000
vt 0.095703 0.500000
vt 0.095703 0.500000
vt 0.095703 0.500000
vt 0.095703 0.500000
vt 0.095703 0.500000
vt 0.095703 0.500000
vt 0.095703 0.500000
vt 0.095703 0.500000
vt 0.095703 0.500000
vt 0.095703 0.500000
vt 0.095703 0.500000
vt 0.126953 0.500000
vt 0.126953 0.500000
vt 0.095703 0.500000
vt 0.095703 0.500000
vt 0.095703 0.500000
vt 0.123047 0.500000
vt 0.123047 0.500000
vt 0.126953 0.500000
vt 0.123047 0.500000
vt 0.095703 0.500000
vt 0.095703 0.500000
vt 0.095703 0.500000
vt 0.095703 0.500000
vt 0.095703 0.500000
vt 0.095703 0.500000
vt 0.095703 0.500000
vt 0.095703 0.500000
vt 0.095703 0.500000
vt 0.095703 0.500000
vt 0.095703 0.500000
vt 0.126953 0.500000
vt 0.095703 0.500000
vt 0.095703 0.500000
vt 0.126953 0.500000
vt 0.095703 0.500000
vt 0.126953 0.500000
vt 0.126953 0.500000
vt 0.095703 0.500000
vt 0.095703 0.500000
vt 0.095703 0.500000
vt 0.126953 0.500000
vt 0.126953 0.500000
vt 0.126953 0.500000
vt 0.126953 0.500000
vt 0.126953 0.500000
vt 0.126953 0.500000
vt 0.095703 0.500000
vt 0.095703 0.500000
vt 0.126953 0.500000
vt 0.126953 0.500000
vt 0.126953 0.500000
vt 0.126953 0.500000
vt 0.123047 0.500000
vt 0.123047 0.500000
vt 0.126953 0.500000
vt 0.123047 0.500000
vt 0.126953 0.500000
vt 0.126953 0.500000
vt 0.126953 0.500000
vt 0.095703 0.500000
vt 0.095703 0.500000
vt 0.095703 0.500000
vt 0.095703 0.500000
vt 0.095703 0.500000
vt 0.095703 0.500000
vt 0.126953 0.500000
vt 0.126953 0.500000
vt 0.126953 0.500000
vt 0.095703 0.500000
vt 0.095703 0.500000
vt 0.095703 0.500000
vt 0.095703 0.500000
vt 0.095703 0.500000
vt 0.095703 0.500000
vt 0.095703 0.500000
vt 0.095703 0.500000
vt 0.095703 0.500000
vt 0.095703 0.500000
vt 0.126953 0.500000
vt 0.126953 0.500000
vt 0.095703 0.500000
vt 0.095703 0.500000
vt 0.095703 0.500000
vt 0.123047 0.500000
vt 0.123047 0.500000
vt 0.126953 0.500000
vt 0.123047 0.500000
vt 0.095703 0.500000
vt 0.095703 0.500000
vt 0.095703 0.500000
vt 0.095703 0.500000
vt 0.095703 0.500000
vt 0.095703 0.500000
vt 0.095703 0.500000
vt 0.095703 0.500000
vt 0.095703 0.500000
vt 0.095703 0.500000
vt 0.095703 0.500000
vt 0.095703 0.500000
vt 0.095703 0.500000
vt 0.126953 0.500000
vt 0.095703 0.500000
vt 0.126953 0.500000
vt 0.095703 0.500000
vt 0.095703 0.500000
vt 0.126953 0.500000
vt 0.126953 0.500000
vt 0.095703 0.500000
vt 0.095703 0.500000
vt 0.095703 0.500000
vt 0.126953 0.500000
vt 0.126953 0.500000
vt 0.126953 0.500000
vt 0.126953 0.500000
vt 0.126953 0.500000
vt 0.126953 0.500000
vt 0.095703 0.500000
vt 0.095703 0.500000
vt 0.126953 0.500000
vt 0.126953 0.500000
vt 0.126953 0.500000
vt 0.126953 0.500000
vt 0.126953 0.500000
vt 0.126953 0.500000
vt 0.126953 0.500000
vt 0.126953 0.500000
vt 0.056641 0.500000
vt 0.056641 0.500000
vt 0.056641 0.500000
vt 0.126953 0.500000
vt 0.056641 0.500000
vt 0.126953 0.500000
vt 0.126953 0.500000
vt 0.126953 0.500000
vt 0.095703 0.500000
vt 0.095703 0.500000
vt 0.095703 0.500000
vt 0.095703 0.500000
vt 0.095703 0.500000
vt 0.095703 0.500000
vt 0.126953 0.500000
vt 0.126953 0.500000
vt 0.126953 0.500000
vt 0.095703 0.500000
vt 0.095703 0.500000
vt 0.095703 0.500000
vt 0.095703 0.500000
vt 0.095703 0.500000
vt 0.095703 0.500000
vt 0.095703 0.500000
vt 0.095703 0.500000
vt 0.095703 0.500000
vt 0.095703 0.500000
vt 0.095703 0.500000
vt 0.095703 0.500000
vt 0.095703 0.500000
vt 0.095703 0.500000
vt 0.095703 0.500000
vt 0.095703 0.500000
vt 0.095703 0.500000
vt 0.095703 0.500000
vt 0.095703 0.500000
vt 0.095703 0.500000
vt 0.095703 0.500000
vt 0.095703 0.500000
vt 0.095703 0.500000
vt 0.095703 0.500000
vt 0.095703 0.500000
vt 0.126953 0.500000
vt 0.095703 0.500000
vt 0.126953 0.500000
vt 0.095703 0.500000
vt 0.095703 0.500000
vt 0.095703 0.500000
vt 0.126953 0.500000
vt 0.126953 0.500000
vt 0.095703 0.500000
vt 0.095703 0.500000
vt 0.095703 0.500000
vt 0.095703 0.500000
vt 0.095703 0.500000
vt 0.095703 0.500000
vt 0.095703 0.500000
vt 0.126953 0.500000
vt 0.126953 0.500000
vt 0.126953 0.500000
vt 0.126953 0.500000
vt 0.126953 0.500000
vt 0.126953 0.500000
vt 0.126953 0.500000
vt 0.126953 0.500000
vt 0.126953 0.500000
vt 0.013672 0.500000
vt 0.013672 0.500000
vt 0.013672 0.500000
vt 0.013672 0.500000
vt 0.013672 0.500000
vt 0.013672 0.500000
vt 0.013672 0.500000
vt 0.013672 0.500000
vt 0.095703 0.500000
vt 0.126953 0.500000
vt 0.095703 0.500000
vt 0.095703 0.500000
vt 0.126953 0.500000
vt 0.126953 0.500000
vt 0.095703 0.500000
vt 0.095703 0.500000
vt 0.126953 0.500000
vt 0.126953 0.500000
vt 0.126953 0.500000
vt 0.126953 0.500000
vt 0.095703 0.500000
vt 0.126953 0.500000
vt 0.126953 0.500000
vt 0.126953 0.500000
vt 0.126953 0.500000
vt 0.095703 0.500000
vt 0.126953 0.500000
vt 0.126953 0.500000
vt 0.095703 0.500000
vt 0.095703 0.500000
vt 0.126953 0.500000
vt 0.095703 0.500000
vt 0.126953 0.500000
vt 0.095703 0.500000
vt 0.126953 0.500000
vt 0.095703 0.500000
vt 0.095703 0.500000
vt 0.095703 0.500000
vt 0.095703 0.500000
vt 0.126953 0.500000
vt 0.126953 0.500000
vt 0.126953 0.500000
vt 0.126953 0.500000
vt 0.126953 0.500000
vt 0.126953 0.500000
vt 0.126953 0.500000
vt 0.095703 0.500000
vt 0.095703 0.500000
vt 0.095703 0.500000
vt 0.126953 0.500000
vt 0.095703 0.500000
vt 0.095703 0.500000
vt 0.095703 0.500000
vt 0.095703 0.500000
vt 0.095703 0.500000
vt 0.095703 0.500000
vt 0.095703 0.500000
vt 0.126953 0.500000
vt 0.095703 0.500000
vt 0.126953 0.500000
vt 0.095703 0.500000
vt 0.095703 0.500000
vt 0.095703 0.500000
vt 0.126953 0.500000
vt 0.095703 0.500000
vt 0.123047 0.500000
vt 0.123047 0.500000
vt 0.123047 0.500000
vt 0.126953 0.500000
vt 0.123047 0.500000
vt 0.095703 0.500000
vt 0.095703 0.500000
vt 0.095703 0.500000
vt 0.095703 0.500000
vt 0.095703 0.500000
vt 0.095703 0.500000
vt 0.095703 0.500000
vt 0.095703 0.500000
vt 0.126953 0.500000
vt 0.126953 0.500000
vt 0.126953 0.500000
vt 0.126953 0.500000
vt 0.126953 0.500000
vt 0.126953 0.500000
vt 0.126953 0.500000
vt 0.126953 0.500000
vt 0.126953 0.500000
vt 0.095703 0.500000
vt 0.095703 0.500000
vt 0.095703 0.500000
vt 0.095703 0.500000
vt 0.095703 0.500000
vt 0.095703 0.500000
vt 0.095703 0.500000
vt 0.095703 0.500000
vt 0.095703 0.500000
vt 0.095703 0.500000
vt 0.095703 0.500000
vt 0.126953 0.500000
vt 0.095703 0.500000
vt 0.123047 0.500000
vt 0.123047 0.500000
vt 0.126953 0.500000
vt 0.123047 0.500000
vt 0.126953 0.500000
vt 0.126953 0.500000
vt 0.126953 0.500000
vt 0.095703 0.500000
vt 0.095703 0.500000
vt 0.095703 0.500000
vt 0.095703 0.500000
vt 0.095703 0.500000
vt 0.095703 0.500000
vt 0.095703 0.500000
vt 0.126953 0.500000
vt 0.126953 0.500000
vt 0.126953 0.500000
vt 0.095703 0.500000
vt 0.095703 0.500000
vt 0.095703 0.500000
vt 0.095703 0.500000
vt 0.126953 0.500000
vt 0.126953 0.500000
vt 0.095703 0.500000
vt 0.095703 0.500000
vt 0.095703 0.500000
vt 0.095703 0.500000
vt 0.126953 0.500000
vt 0.095703 0.500000
vt 0.095703 0.500000
vt 0.095703 0.500000
vt 0.126953 0.500000
vt 0.095703 0.500000
vt 0.095703 0.500000
vt 0.095703 0.500000
vt 0.095703 0.500000
vt 0.095703 0.500000
vt 0.095703 0.500000
vt 0.095703 0.500000
vt 0.126953 0.500000
vt 0.095703 0.500000
vt 0.095703 0.500000
vt 0.126953 0.500000
vt 0.126953 0.500000
vt 0.126953 0.500000
vt 0.095703 0.500000
vt 0.123047 0.500000
vt 0.123047 0.500000
vt 0.126953 0.500000
vt 0.123047 0.500000
vt 0.095703 0.500000
vt 0.095703 0.500000
vt 0.126953 0.500000
vt 0.126953 0.500000
vt 0.126953 0.500000
vt 0.126953 0.500000
vt 0.126953 0.500000
vt 0.126953 0.500000
vt 0.095703 0.500000
vt 0.095703 0.500000
vt 0.126953 0.500000
vt 0.126953 0.500000
vt 0.126953 0.500000
vt 0.126953 0.500000
vt 0.126953 0.500000
vt 0.126953 0.500000
vt 0.126953 0.500000
vt 0.126953 0.500000
vt 0.126953 0.500000
vt 0.095703 0.500000
vt 0.095703 0.500000
vt 0.095703 0.500000
vt 0.095703 0.500000
vt 0.095703 0.500000
vt 0.095703 0.500000
vt 0.095703 0.500000
vt 0.095703 0.500000
vt 0.095703 0.500000
vt 0.095703 0.500000
vt 0.095703 0.500000
vt 0.095703 0.500000
vt 0.095703 0.500000
vt 0.126953 0.500000
vt 0.095703 0.500000
vt 0.123047 0.500000
vt 0.123047 0.500000
vt 0.126953 0.500000
vt 0.123047 0.500000
vt 0.126953 0.500000
vt 0.126953 0.500000
vt 0.126953 0.500000
vt 0.095703 0.500000
vt 0.095703 0.500000
vt 0.095703 0.500000
vt 0.095703 0.500000
vt 0.095703 0.500000
vt 0.095703 0.500000
vt 0.095703 0.500000
vt 0.126953 0.500000
vt 0.126953 0.500000
vt 0.126953 0.500000
vt 0.095703 0.500000
vt 0.095703 0.500000
vt 0.095703 0.500000
vt 0.095703 0.500000
vt 0.126953 0.500000
vt 0.126953 0.500000
vt 0.095703 0.500000
vt 0.095703 0.500000
vt 0.095703 0.500000
vt 0.095703 0.500000
vt 0.126953 0.500000
vt 0.095703 0.500000
vt 0.095703 0.500000
vt 0.095703 0.500000
vt 0.126953 0.500000
vt 0.095703 0.500000
vt 0.095703 0.500000
vt 0.095703 0.500000
vt 0.095703 0.500000
vt 0.095703 0.500000
vt 0.126953 0.500000
vt 0.095703 0.500000
vt 0.095703 0.500000
vt 0.126953 0.500000
vt 0.126953 0.500000
vt 0.126953 0.500000
vt 0.095703 0.500000
vt 0.123047 0.500000
vt 0.123047 0.500000
vt 0.126953 0.500000
vt 0.123047 0.500000
vt 0.095703 0.500000
vt 0.095703 0.500000
vt 0.126953 0.500000
vt 0.126953 0.500000
vt 0.126953 0.500000
vt 0.126953 0.500000
vt 0.126953 0.500000
vt 0.126953 0.500000
vt 0.095703 0.500000
vt 0.095703 0.500000
vt 0.126953 0.500000
vt 0.126953 0.500000
vt 0.126953 0.500000
vt 0.126953 0.500000
vt 0.126953 0.500000
vt 0.095703 0.500000
vt 0.095703 0.500000
vt 0.095703 0.500000
vt 0.095703 0.500000
vt 0.095703 0.500000
vt 0.095703 0.500000
vt 0.095703 0.500000
vt 0.095703 0.500000
vt 0.095703 0.500000
vt 0.095703 0.500000
vt 0.095703 0.500000
vt 0.095703 0.500000
vt 0.095703 0.500000
vt 0.126953 0.500000
vt 0.095703 0.500000
vt 0.123047 0.500000
vt 0.123047 0.500000
vt 0.126953 0.500000
vt 0.123047 0.500000
vt 0.095703 0.500000
vt 0.095703 0.500000
vt 0.095703 0.500000
vt 0.095703 0.500000
vt 0.095703 0.500000
vt 0.095703 0.500000
vt 0.095703 0.500000
vt 0.095703 0.500000
vt 0.095703 0.500000
vt 0.095703 0.500000
vt 0.095703 0.500000
vt 0.095703 0.500000
vt 0.095703 0.500000
vt 0.095703 0.500000
vt 0.095703 0.500000
vt 0.126953 0.500000
vt 0.095703 0.500000
vt 0.095703 0.500000
vt 0.126953 0.500000
vt 0.126953 0.500000
vt 0.126953 0.500000
vt 0.095703 0.500000
vt 0.123047 0.500000
vt 0.123047 0.500000
vt 0.126953 0.500000
vt 0.123047 0.500000
vt 0.126953 0.500000
vt 0.126953 0.500000
vt 0.126953 0.500000
vt 0.126953 0.500000
vt 0.126953 0.500000
vt 0.126953 0.500000
vt 0.126953 0.500000
vt 0.126953 0.500000
vt 0.126953 0.500000
vt 0.126953 0.500000
vt 0.126953 0.500000
vt 0.095703 0.500000
vt 0.095703 0.500000
vt 0.095703 0.500000
vt 0.095703 0.500000
vt 0.095703 0.500000
vt 0.095703 0.500000
vt 0.126953 0.500000
vt 0.095703 0.500000
vt 0.123047 0.500000
vt 0.123047 0.500000
vt 0.126953 0.500000
vt 0.123047 0.500000
vt 0.126953 0.500000
vt 0.126953 0.500000
vt 0.126953 0.500000
vt 0.095703 0.500000
vt 0.095703 0.500000
vt 0.126953 0.500000
vt 0.095703 0.500000
vt 0.095703 0.500000
vt 0.126953 0.500000
vt 0.126953 0.500000
vt 0.126953 0.500000
vt 0.095703 0.500000
vt 0.123047 0.500000
vt 0.123047 0.500000
vt 0.126953 0.500000
vt 0.123047 0.500000
vt 0.126953 0.500000
vt 0.126953 0.500000
vt 0.126953 0.500000
vt 0.126953 0.500000
vt 0.095703 0.500000
vt 0.095703 0.500000
vt 0.095703 0.500000
vt 0.126953 0.500000
vt 0.095703 0.500000
vt 0.123047 0.500000
vt 0.123047 0.500000
vt 0.126953 0.500000
vt 0.123047 0.500000
vt 0.126953 0.500000
vt 0.095703 0.500000
vt 0.095703 0.500000
vt 0.095703 0.500000
vt 0.126953 0.500000
vt 0.095703 0.500000
vt 0.126953 0.500000
vt 0.095703 0.500000
vt 0.126953 0.500000
vt 0.126953 0.500000
vt 0.095703 0.500000
vt 0.123047 0.500000
vt 0.123047 0.500000
vt 0.126953 0.500000
vt 0.123047 0.500000
vt 0.126953 0.500000
vt 0.126953 0.500000
vt 0.126953 0.500000
vt 0.126953 0.500000
vt 0.095703 0.500000
vt 0.095703 0.500000
vt 0.095703 0.500000
vt 0.126953 0.500000
vt 0.095703 0.500000
vt 0.123047 0.500000
vt 0.123047 0.500000
vt 0.126953 0.500000
vt 0.123047 0.500000
vt 0.095703 0.500000
vt 0.095703 0.500000
vt 0.095703 0.500000
vt 0.126953 0.500000
vt 0.126953 0.500000
vt 0.095703 0.500000
vt 0.126953 0.500000
vt 0.095703 0.500000
vt 0.126953 0.500000
vt 0.126953 0.500000
vt 0.095703 0.500000
vt 0.123047 0.500000
vt 0.123047 0.500000
vt 0.126953 0.500000
vt 0.123047 0.500000
vt 0.126953 0.500000
vt 0.126953 0.500000
vt 0.126953 0.500000
vt 0.126953 0.500000
vt 0.095703 0.500000
vt 0.095703 0.500000
vt 0.095703 0.500000
vt 0.126953 0.500000
vt 0.095703 0.500000
vt 0.123047 0.500000
vt 0.123047 0.500000
vt 0.126953 0.500000
vt 0.123047 0.500000
vt 0.095703 0.500000
vt 0.095703 0.500000
vt 0.095703 0.500000
vt 0.126953 0.500000
vt 0.126953 0.500000
vt 0.095703 0.500000
vt 0.126953 0.500000
vt 0.095703 0.500000
vt 0.126953 0.500000
vt 0.126953 0.500000
vt 0.095703 0.500000
vt 0.123047 0.500000
vt 0.123047 0.500000
vt 0.126953 0.500000
vt 0.123047 0.500000
vt 0.126953 0.500000
vt 0.126953 0.500000
vt 0.126953 0.500000
vt 0.126953 0.500000
vt 0.095703 0.500000
vt 0.095703 0.500000
vt 0.095703 0.500000
vt 0.126953 0.500000
vt 0.095703 0.500000
vt 0.123047 0.500000
vt 0.123047 0.500000
vt 0.126953 0.500000
vt 0.123047 0.500000
vt 0.095703 0.500000
vt 0.095703 0.500000
vt 0.095703 0.500000
vt 0.126953 0.500000
vt 0.126953 0.500000
vt 0.095703 0.500000
vt 0.126953 0.500000
vt 0.095703 0.500000
vt 0.126953 0.500000
vt 0.126953 0.500000
vt 0.095703 0.500000
vt 0.123047 0.500000
vt 0.123047 0.500000
vt 0.126953 0.500000
vt 0.123047 0.500000
vt 0.126953 0.500000
vt 0.126953 0.500000
vt 0.126953 0.500000
vt 0.123047 0.500000
vt 0.123047 0.500000
vt 0.126953 0.500000
vt 0.123047 0.500000
vt 0.126953 0.500000
vt 0.095703 0.500000
vt 0.095703 0.500000
vt 0.095703 0.500000
vt 0.126953 0.500000
vt 0.126953 0.500000
vt 0.095703 0.500000
vt 0.099609 0.500000
vt 0.126953 0.500000
vt 0.126953 0.500000
vt 0.099609 0.500000
vt 0.123047 0.500000
vt 0.123047 0.500000
vt 0.126953 0.500000
vt 0.123047 0.500000
vt 0.099609 0.500000
vt 0.099609 0.500000
vt 0.099609 0.500000
vt 0.099609 0.500000
vt 0.099609 0.500000
vt 0.123047 0.500000
vt 0.123047 0.500000
vt 0.099609 0.500000
vt 0.123047 0.500000
vt 0.123047 0.500000
vt 0.123047 0.500000
vt 0.013672 0.500000
vt 0.013672 0.500000
vt 0.013672 0.500000
vt 0.013672 0.500000
vt 0.013672 0.500000
vt 0.013672 0.500000
vt 0.013672 0.500000
vt 0.013672 0.500000
vt 0.013672 0.500000
vt 0.013672 0.500000
vt 0.013672 0.500000
vt 0.013672 0.500000
vt 0.013672 0.500000
vt 0.013672 0.500000
vt 0.013672 0.500000
vt 0.013672 0.500000
vt 0.013672 0.500000
vt 0.013672 0.500000
vt 0.013672 0.500000
vt 0.013672 0.500000
vt 0.013672 0.500000
vt 0.013672 0.500000
vt 0.095703 0.500000
vt 0.095703 0.500000
vt 0.095703 0.500000
vt 0.095703 0.500000
vt 0.126953 0.500000
vt 0.126953 0.500000
vt 0.126953 0.500000
vt 0.126953 0.500000
vt 0.095703 0.500000
vt 0.095703 0.500000
vt 0.095703 0.500000
vt 0.095703 0.500000
vt 0.126953 0.500000
vt 0.126953 0.500000
vt 0.126953 0.500000
vt 0.126953 0.500000
vt 0.095703 0.500000
vt 0.095703 0.500000
vt 0.095703 0.500000
vt 0.095703 0.500000
vt 0.126953 0.500000
vt 0.126953 0.500000
vt 0.126953 0.500000
vt 0.126953 0.500000
vt 0.095703 0.500000
vt 0.095703 0.500000
vt 0.095703 0.500000
vt 0.095703 0.500000
vt 0.126953 0.500000
vt 0.126953 0.500000
vt 0.126953 0.500000
vt 0.126953 0.500000
vt 0.095703 0.500000
vt 0.095703 0.500000
vt 0.095703 0.500000
vt 0.095703 0.500000
vt 0.126953 0.500000
vt 0.126953 0.500000
vt 0.126953 0.500000
vt 0.126953 0.500000
vt 0.095703 0.500000
vt 0.095703 0.500000
vt 0.095703 0.500000
vt 0.095703 0.500000
vt 0.126953 0.500000
vt 0.126953 0.500000
vt 0.126953 0.500000
vt 0.126953 0.500000
vt 0.095703 0.500000
vt 0.095703 0.500000
vt 0.095703 0.500000
vt 0.095703 0.500000
vt 0.126953 0.500000
vt 0.126953 0.500000
vt 0.126953 0.500000
vt 0.126953 0.500000
vt 0.095703 0.500000
vt 0.095703 0.500000
vt 0.095703 0.500000
vt 0.095703 0.500000
vt 0.126953 0.500000
vt 0.126953 0.500000
vt 0.126953 0.500000
vt 0.126953 0.500000
vt 0.095703 0.500000
vt 0.095703 0.500000
vt 0.095703 0.500000
vt 0.095703 0.500000
vt 0.095703 0.500000
vt 0.095703 0.500000
vt 0.126953 0.500000
vt 0.126953 0.500000
vt 0.126953 0.500000
vt 0.126953 0.500000
vt 0.099609 0.500000
vt 0.099609 0.500000
vt 0.099609 0.500000
vt 0.126953 0.500000
vt 0.126953 0.500000
vt 0.126953 0.500000
vt 0.126953 0.500000
vt 0.099609 0.500000
vt 0.126953 0.500000
vt 0.126953 0.500000
vt 0.095703 0.500000
vt 0.095703 0.500000
vt 0.095703 0.500000
vt 0.099609 0.500000
vt 0.099609 0.500000
vt 0.095703 0.500000
vt 0.095703 0.500000
vt 0.095703 0.500000
vt 0.095703 0.500000
vt 0.099609 0.500000
vt 0.099609 0.500000
vt 0.095703 0.500000
vt 0.126953 0.500000
vt 0.126953 0.500000
vt 0.126953 0.500000
vt 0.099609 0.500000
vt 0.126953 0.500000
vt 0.099609 0.500000
vt 0.126953 0.500000
vt 0.126953 0.500000
vt 0.126953 0.500000
vt 0.126953 0.500000
vt 0.095703 0.500000
vt 0.095703 0.500000
vt 0.095703 0.500000
vt 0.099609 0.500000
vt 0.095703 0.500000
vt 0.099609 0.500000
vt 0.095703 0.500000
vt 0.095703 0.500000
vt 0.095703 0.500000
vt 0.095703 0.500000
vt 0.126953 0.500000
vt 0.126953 0.500000
vt 0.126953 0.500000
vt 0.099609 0.500000
vt 0.126953 0.500000
vt 0.099609 0.500000
vt 0.126953 0.500000
vt 0.126953 0.500000
vt 0.126953 0.500000
vt 0.126953 0.500000
vt 0.095703 0.500000
vt 0.095703 0.500000
vt 0.095703 0.500000
vt 0.099609 0.500000
vt 0.095703 0.500000
vt 0.099609 0.500000
vt 0.099609 0.500000
vt 0.095703 0.500000
vt 0.095703 0.500000
vt 0.095703 0.500000
vt 0.099609 0.500000
vt 0.095703 0.500000
vt 0.126953 0.500000
vt 0.126953 0.500000
vt 0.126953 0.500000
vt 0.126953 0.500000
vt 0.099609 0.500000
vt 0.126953 0.500000
vt 0.126953 0.500000
vt 0.126953 0.500000
vt 0.126953 0.500000
vt 0.099609 0.500000
vt 0.126953 0.500000
vt 0.126953 0.500000
vt 0.095703 0.500000
vt 0.095703 0.500000
vt 0.095703 0.500000
vt 0.095703 0.500000
vt 0.095703 0.500000
vt 0.095703 0.500000
vt 0.126953 0.500000
vt 0.126953 0.500000
vt 0.126953 0.500000
vt 0.126953 0.500000
vt 0.095703 0.500000
vt 0.095703 0.500000
vt 0.095703 0.500000
vt 0.095703 0.500000
vt 0.126953 0.500000
vt 0.126953 0.500000
vt 0.126953 0.500000
vt 0.126953 0.500000
vt 0.095703 0.500000
vt 0.095703 0.500000
vt 0.095703 0.500000
vt 0.095703 0.500000
vt 0.126953 0.500000
vt 0.126953 0.500000
vt 0.126953 0.500000
vt 0.126953 0.500000
vt 0.095703 0.500000
vt 0.095703 0.500000
vt 0.095703 0.500000
vt 0.095703 0.500000
vt 0.126953 0.500000
vt 0.126953 0.500000
vt 0.126953 0.500000
vt 0.126953 0.500000
vt 0.095703 0.500000
vt 0.095703 0.500000
vt 0.095703 0.500000
vt 0.095703 0.500000
vt 0.126953 0.500000
vt 0.126953 0.500000
vt 0.126953 0.500000
vt 0.126953 0.500000
vt 0.095703 0.500000
vt 0.095703 0.500000
vt 0.095703 0.500000
vt 0.095703 0.500000
vt 0.126953 0.500000
vt 0.126953 0.500000
vt 0.126953 0.500000
vt 0.126953 0.500000
vt 0.095703 0.500000
vt 0.095703 0.500000
vt 0.095703 0.500000
vt 0.095703 0.500000
vt 0.126953 0.500000
vt 0.126953 0.500000
vt 0.126953 0.500000
vt 0.126953 0.500000
vt 0.095703 0.500000
vt 0.095703 0.500000
vt 0.095703 0.500000
vt 0.095703 0.500000
vt 0.095703 0.500000
vt 0.095703 0.500000
vt 0.095703 0.500000
vt 0.126953 0.500000
vt 0.126953 0.500000
vt 0.126953 0.500000
vt 0.095703 0.500000
vt 0.126953 0.500000
vt 0.126953 0.500000
vt 0.126953 0.500000
vt 0.095703 0.500000
vt 0.095703 0.500000
vt 0.095703 0.500000
vt 0.126953 0.500000
vt 0.095703 0.500000
vt 0.126953 0.500000
vt 0.126953 0.500000
vt 0.126953 0.500000
vt 0.095703 0.500000
vt 0.095703 0.500000
vt 0.095703 0.500000
vt 0.126953 0.500000
vt 0.095703 0.500000
vt 0.126953 0.500000
vt 0.126953 0.500000
vt 0.126953 0.500000
vt 0.095703 0.500000
vt 0.095703 0.500000
vt 0.095703 0.500000
vt 0.126953 0.500000
vt 0.095703 0.500000
vt 0.126953 0.500000
vt 0.126953 0.500000
vt 0.126953 0.500000
vt 0.095703 0.500000
vt 0.095703 0.500000
vt 0.095703 0.500000
vt 0.126953 0.500000
vt 0.095703 0.500000
vt 0.126953 0.500000
vt 0.126953 0.500000
vt 0.126953 0.500000
vt 0.095703 0.500000
vt 0.095703 0.500000
vt 0.095703 0.500000
vt 0.126953 0.500000
vt 0.095703 0.500000
vt 0.126953 0.500000
vt 0.126953 0.500000
vt 0.126953 0.500000
vt 0.095703 0.500000
vt 0.095703 0.500000
vt 0.095703 0.500000
vt 0.126953 0.500000
vt 0.095703 0.500000
vt 0.126953 0.500000
vt 0.126953 0.500000
vt 0.126953 0.500000
vt 0.095703 0.500000
vt 0.095703 0.500000
vt 0.095703 0.500000
vt 0.126953 0.500000
vt 0.095703 0.500000
vt 0.126953 0.500000
vt 0.126953 0.500000
vt 0.126953 0.500000
vt 0.095703 0.500000
vt 0.095703 0.500000
vt 0.095703 0.500000
vt 0.095703 0.500000
vt 0.095703 0.500000
vt 0.126953 0.500000
vt 0.095703 0.500000
vt 0.126953 0.500000
vt 0.126953 0.500000
vt 0.126953 0.500000
vt 0.126953 0.500000
vt 0.099609 0.500000
vt 0.099609 0.500000
vt 0.099609 0.500000
vt 0.126953 0.500000
vt 0.126953 0.500000
vt 0.126953 0.500000
vt 0.099609 0.500000
vt 0.126953 0.500000
vt 0.126953 0.500000
vt 0.095703 0.500000
vt 0.095703 0.500000
vt 0.095703 0.500000
vt 0.099609 0.500000
vt 0.099609 0.500000
vt 0.095703 0.500000
vt 0.099609 0.500000
vt 0.099609 0.500000
vt 0.095703 0.500000
vt 0.095703 0.500000
vt 0.095703 0.500000
vt 0.126953 0.500000
vt 0.095703 0.500000
vt 0.126953 0.500000
vt 0.126953 0.500000
vt 0.126953 0.500000
vt 0.099609 0.500000
vt 0.126953 0.500000
vt 0.099609 0.500000
vt 0.126953 0.500000
vt 0.126953 0.500000
vt 0.126953 0.500000
vt 0.013672 0.500000
vt 0.013672 0.500000
vt 0.013672 0.500000
vt 0.013672 0.500000
vt 0.013672 0.500000
vt 0.013672 0.500000
vt 0.013672 0.500000
vt 0.013672 0.500000
vt 0.095703 0.500000
vt 0.095703 0.500000
vt 0.095703 0.500000
vt 0.099609 0.500000
vt 0.095703 0.500000
vt 0.099609 0.500000
vt 0.095703 0.500000
vt 0.095703 0.500000
vt 0.095703 0.500000
vt 0.126953 0.500000
vt 0.095703 0.500000
vt 0.126953 0.500000
vt 0.126953 0.500000
vt 0.126953 0.500000
vt 0.099609 0.500000
vt 0.126953 0.500000
vt 0.099609 0.500000
vt 0.126953 0.500000
vt 0.126953 0.500000
vt 0.126953 0.500000
vt 0.095703 0.500000
vt 0.095703 0.500000
vt 0.095703 0.500000
vt 0.099609 0.500000
vt 0.095703 0.500000
vt 0.099609 0.500000
vt 0.099609 0.500000
vt 0.095703 0.500000
vt 0.095703 0.500000
vt 0.095703 0.500000
vt 0.099609 0.500000
vt 0.126953 0.500000
vt 0.095703 0.500000
vt 0.126953 0.500000
vt 0.126953 0.500000
vt 0.126953 0.500000
vt 0.126953 0.500000
vt 0.099609 0.500000
vt 0.126953 0.500000
vt 0.126953 0.500000
vt 0.126953 0.500000
vt 0.126953 0.500000
vt 0.099609 0.500000
vt 0.126953 0.500000
vt 0.095703 0.500000
vt 0.095703 0.500000
vt 0.095703 0.500000
vt 0.095703 0.500000
vt 0.095703 0.500000
vt 0.126953 0.500000
vt 0.095703 0.500000
vt 0.126953 0.500000
vt 0.126953 0.500000
vt 0.126953 0.500000
vt 0.095703 0.500000
vt 0.095703 0.500000
vt 0.095703 0.500000
vt 0.126953 0.500000
vt 0.095703 0.500000
vt 0.126953 0.500000
vt 0.126953 0.500000
vt 0.126953 0.500000
vt 0.095703 0.500000
vt 0.095703 0.500000
vt 0.095703 0.500000
vt 0.126953 0.500000
vt 0.095703 0.500000
vt 0.126953 0.500000
vt 0.126953 0.500000
vt 0.126953 0.500000
vt 0.095703 0.500000
vt 0.095703 0.500000
vt 0.095703 0.500000
vt 0.126953 0.500000
vt 0.095703 0.500000
vt 0.126953 0.500000
vt 0.126953 0.500000
vt 0.126953 0.500000
vt 0.095703 0.500000
vt 0.095703 0.500000
vt 0.095703 0.500000
vt 0.126953 0.500000
vt 0.095703 0.500000
vt 0.126953 0.500000
vt 0.126953 0.500000
vt 0.126953 0.500000
vt 0.095703 0.500000
vt 0.095703 0.500000
vt 0.095703 0.500000
vt 0.126953 0.500000
vt 0.095703 0.500000
vt 0.126953 0.500000
vt 0.126953 0.500000
vt 0.126953 0.500000
vt 0.095703 0.500000
vt 0.095703 0.500000
vt 0.095703 0.500000
vt 0.126953 0.500000
vt 0.095703 0.500000
vt 0.126953 0.500000
vt 0.126953 0.500000
vt 0.126953 0.500000
vt 0.095703 0.500000
vt 0.095703 0.500000
vt 0.095703 0.500000
vt 0.126953 0.500000
vt 0.095703 0.500000
vt 0.126953 0.500000
vt 0.013672 0.500000
vt 0.013672 0.500000
vt 0.013672 0.500000
vt 0.013672 0.500000
vt 0.013672 0.500000
vt 0.013672 0.500000
vt 0.013672 0.500000
vt 0.013672 0.500000
vt 0.013672 0.500000
vt 0.013672 0.500000
vt 0.013672 0.500000
vt 0.013672 0.500000
vt 0.013672 0.500000
vt 0.013672 0.500000
vt 0.013672 0.500000
vt 0.013672 0.500000
vt 0.013672 0.500000
vt 0.013672 0.500000
vt 0.013672 0.500000
vt 0.013672 0.500000
vt 0.013672 0.500000
vt 0.013672 0.500000
vt 0.013672 0.500000
vt 0.013672 0.500000
vt 0.013672 0.500000
vt 0.013672 0.500000
vt 0.123047 0.500000
vt 0.123047 0.500000
vt 0.123047 0.500000
vt 0.123047 0.500000
vt 0.099609 0.500000
vt 0.099609 0.500000
vt 0.099609 0.500000
vt 0.099609 0.500000
vt 0.099609 0.500000
vt 0.123047 0.500000
vt 0.099609 0.500000
vt 0.123047 0.500000
vt 0.126953 0.500000
vt 0.126953 0.500000
vt 0.126953 0.500000
vt 0.123047 0.500000
vt 0.123047 0.500000
vt 0.123047 0.500000
vt 0.095703 0.500000
vt 0.095703 0.500000
vt 0.095703 0.500000
vt 0.099609 0.500000
vt 0.095703 0.500000
vt 0.126953 0.500000
vt 0.126953 0.500000
vt 0.126953 0.500000
vt 0.099609 0.500000
vt 0.126953 0.500000
vt 0.126953 0.500000
vt 0.126953 0.500000
vt 0.123047 0.500000
vt 0.123047 0.500000
vt 0.126953 0.500000
vt 0.123047 0.500000
vt 0.095703 0.500000
vt 0.095703 0.500000
vt 0.095703 0.500000
vt 0.126953 0.500000
vt 0.126953 0.500000
vt 0.123047 0.500000
vt 0.123047 0.500000
vt 0.126953 0.500000
vt 0.123047 0.500000
vt 0.095703 0.500000
vt 0.095703 0.500000
vt 0.095703 0.500000
vt 0.099609 0.500000
vt 0.095703 0.500000
vt 0.126953 0.500000
vt 0.095703 0.500000
vt 0.095703 0.500000
vt 0.126953 0.500000
vt 0.126953 0.500000
vt 0.095703 0.500000
vt 0.126953 0.500000
vt 0.126953 0.500000
vt 0.126953 0.500000
vt 0.099609 0.500000
vt 0.126953 0.500000
vt 0.126953 0.500000
vt 0.123047 0.500000
vt 0.123047 0.500000
vt 0.126953 0.500000
vt 0.123047 0.500000
vt 0.095703 0.500000
vt 0.095703 0.500000
vt 0.095703 0.500000
vt 0.126953 0.500000
vt 0.126953 0.500000
vt 0.123047 0.500000
vt 0.123047 0.500000
vt 0.126953 0.500000
vt 0.123047 0.500000
vt 0.095703 0.500000
vt 0.095703 0.500000
vt 0.095703 0.500000
vt 0.099609 0.500000
vt 0.095703 0.500000
vt 0.126953 0.500000
vt 0.095703 0.500000
vt 0.095703 0.500000
vt 0.126953 0.500000
vt 0.126953 0.500000
vt 0.095703 0.500000
vt 0.126953 0.500000
vt 0.126953 0.500000
vt 0.126953 0.500000
vt 0.099609 0.500000
vt 0.126953 0.500000
vt 0.126953 0.500000
vt 0.123047 0.500000
vt 0.123047 0.500000
vt 0.126953 0.500000
vt 0.123047 0.500000
vt 0.126953 0.500000
vt 0.126953 0.500000
vt 0.123047 0.500000
vt 0.123047 0.500000
vt 0.123047 0.500000
vt 0.095703 0.500000
vt 0.095703 0.500000
vt 0.095703 0.500000
vt 0.126953 0.500000
vt 0.056641 0.500000
vt 0.056641 0.500000
vt 0.056641 0.500000
vt 0.126953 0.500000
vt 0.056641 0.500000
vt 0.095703 0.500000
vt 0.095703 0.500000
vt 0.095703 0.500000
vt 0.099609 0.500000
vt 0.095703 0.500000
vt 0.126953 0.500000
vt 0.095703 0.500000
vt 0.095703 0.500000
vt 0.126953 0.500000
vt 0.126953 0.500000
vt 0.095703 0.500000
vt 0.126953 0.500000
vt 0.126953 0.500000
vt 0.126953 0.500000
vt 0.099609 0.500000
vt 0.126953 0.500000
vt 0.126953 0.500000
vt 0.123047 0.500000
vt 0.123047 0.500000
vt 0.123047 0.500000
vt 0.126953 0.500000
vt 0.123047 0.500000
vt 0.095703 0.500000
vt 0.095703 0.500000
vt 0.095703 0.500000
vt 0.126953 0.500000
vt 0.126953 0.500000
vt 0.123047 0.500000
vt 0.123047 0.500000
vt 0.126953 0.500000
vt 0.123047 0.500000
vt 0.095703 0.500000
vt 0.095703 0.500000
vt 0.095703 0.500000
vt 0.099609 0.500000
vt 0.095703 0.500000
vt 0.126953 0.500000
vt 0.095703 0.500000
vt 0.095703 0.500000
vt 0.126953 0.500000
vt 0.126953 0.500000
vt 0.095703 0.500000
vt 0.126953 0.500000
vt 0.126953 0.500000
vt 0.126953 0.500000
vt 0.099609 0.500000
vt 0.126953 0.500000
vt 0.126953 0.500000
vt 0.123047 0.500000
vt 0.123047 0.500000
vt 0.126953 0.500000
vt 0.123047 0.500000
vt 0.095703 0.500000
vt 0.095703 0.500000
vt 0.095703 0.500000
vt 0.126953 0.500000
vt 0.126953 0.500000
vt 0.123047 0.500000
vt 0.123047 0.500000
vt 0.126953 0.500000
vt 0.123047 0.500000
vt 0.095703 0.500000
vt 0.095703 0.500000
vt 0.095703 0.500000
vt 0.099609 0.500000
vt 0.095703 0.500000
vt 0.126953 0.500000
vt 0.095703 0.500000
vt 0.095703 0.500000
vt 0.126953 0.500000
vt 0.126953 0.500000
vt 0.095703 0.500000
vt 0.126953 0.500000
vt 0.126953 0.500000
vt 0.126953 0.500000
vt 0.099609 0.500000
vt 0.126953 0.500000
vt 0.126953 0.500000
vt 0.123047 0.500000
vt 0.123047 0.500000
vt 0.126953 0.500000
vt 0.123047 0.500000
vt 0.095703 0.500000
vt 0.095703 0.500000
vt 0.095703 0.500000
vt 0.126953 0.500000
vt 0.126953 0.500000
vt 0.123047 0.500000
vt 0.123047 0.500000
vt 0.126953 0.500000
vt 0.123047 0.500000
vt 0.095703 0.500000
vt 0.095703 0.500000
vt 0.095703 0.500000
vt 0.099609 0.500000
vt 0.095703 0.500000
vt 0.126953 0.500000
vt 0.095703 0.500000
vt 0.095703 0.500000
vt 0.126953 0.500000
vt 0.126953 0.500000
vt 0.095703 0.500000
vt 0.126953 0.500000
vt 0.126953 0.500000
vt 0.126953 0.500000
vt 0.099609 0.500000
vt 0.126953 0.500000
vt 0.126953 0.500000
vt 0.123047 0.500000
vt 0.123047 0.500000
vt 0.126953 0.500000
vt 0.123047 0.500000
vt 0.095703 0.500000
vt 0.095703 0.500000
vt 0.095703 0.500000
vt 0.126953 0.500000
vt 0.126953 0.500000
vt 0.123047 0.500000
vt 0.123047 0.500000
vt 0.126953 0.500000
vt 0.123047 0.500000
vt 0.095703 0.500000
vt 0.095703 0.500000
vt 0.095703 0.500000
vt 0.099609 0.500000
vt 0.095703 0.500000
vt 0.126953 0.500000
vt 0.095703 0.500000
vt 0.095703 0.500000
vt 0.126953 0.500000
vt 0.126953 0.500000
vt 0.095703 0.500000
vt 0.126953 0.500000
vt 0.126953 0.500000
vt 0.126953 0.500000
vt 0.099609 0.500000
vt 0.126953 0.500000
vt 0.126953 0.500000
vt 0.123047 0.500000
vt 0.123047 0.500000
vt 0.126953 0.500000
vt 0.123047 0.500000
vt 0.095703 0.500000
vt 0.095703 0.500000
vt 0.095703 0.500000
vt 0.126953 0.500000
vt 0.126953 0.500000
vt 0.123047 0.500000
vt 0.123047 0.500000
vt 0.126953 0.500000
vt 0.123047 0.500000
vt 0.095703 0.500000
vt 0.095703 0.500000
vt 0.095703 0.500000
vt 0.095703 0.500000
vt 0.095703 0.500000
vt 0.099609 0.500000
vt 0.095703 0.500000
vt 0.126953 0.500000
vt 0.095703 0.500000
vt 0.095703 0.500000
vt 0.126953 0.500000
vt 0.126953 0.500000
vt 0.095703 0.500000
vt 0.126953 0.500000
vt 0.126953 0.500000
vt 0.126953 0.500000
vt 0.126953 0.500000
vt 0.126953 0.500000
vt 0.126953 0.500000
vt 0.126953 0.500000
vt 0.099609 0.500000
vt 0.126953 0.500000
vt 0.126953 0.500000
vt 0.123047 0.500000
vt 0.123047 0.500000
vt 0.126953 0.500000
vt 0.123047 0.500000
vt 0.095703 0.500000
vt 0.095703 0.500000
vt 0.095703 0.500000
vt 0.095703 0.500000
vt 0.095703 0.500000
vt 0.095703 0.500000
vt 0.095703 0.500000
vt 0.099609 0.500000
vt 0.095703 0.500000
vt 0.126953 0.500000
vt 0.095703 0.500000
vt 0.095703 0.500000
vt 0.095703 0.500000
vt 0.126953 0.500000
vt 0.126953 0.500000
vt 0.095703 0.500000
vt 0.126953 0.500000
vt 0.126953 0.500000
vt 0.126953 0.500000
vt 0.126953 0.500000
vt 0.126953 0.500000
vt 0.126953 0.500000
vt 0.126953 0.500000
vt 0.099609 0.500000
vt 0.126953 0.500000
vt 0.126953 0.500000
vt 0.126953 0.500000
vt 0.095703 0.500000
vt 0.095703 0.500000
vt 0.095703 0.500000
vt 0.095703 0.500000
vt 0.095703 0.500000
vt 0.095703 0.500000
vt 0.095703 0.500000
vt 0.099609 0.500000
vt 0.095703 0.500000
vt 0.126953 0.500000
vt 0.095703 0.500000
vt 0.095703 0.500000
vt 0.095703 0.500000
vt 0.126953 0.500000
vt 0.095703 0.500000
vt 0.123047 0.500000
vt 0.123047 0.500000
vt 0.126953 0.500000
vt 0.123047 0.500000
vt 0.126953 0.500000
vt 0.126953 0.500000
vt 0.126953 0.500000
vt 0.126953 0.500000
vt 0.126953 0.500000
vt 0.126953 0.500000
vt 0.126953 0.500000
vt 0.099609 0.500000
vt 0.126953 0.500000
vt 0.126953 0.500000
vt 0.126953 0.500000
vt 0.095703 0.500000
vt 0.095703 0.500000
vt 0.095703 0.500000
vt 0.126953 0.500000
vt 0.095703 0.500000
vt 0.123047 0.500000
vt 0.123047 0.500000
vt 0.126953 0.500000
vt 0.123047 0.500000
vt 0.095703 0.500000
vt 0.095703 0.500000
vt 0.095703 0.500000
vt 0.095703 0.500000
vt 0.095703 0.500000
vt 0.095703 0.500000
vt 0.095703 0.500000
vt 0.099609 0.500000
vt 0.095703 0.500000
vt 0.126953 0.500000
vt 0.095703 0.500000
vt 0.126953 0.500000
vt 0.126953 0.500000
vt 0.095703 0.500000
vt 0.123047 0.500000
vt 0.123047 0.500000
vt 0.126953 0.500000
vt 0.123047 0.500000
vt 0.126953 0.500000
vt 0.126953 0.500000
vt 0.126953 0.500000
vt 0.126953 0.500000
vt 0.126953 0.500000
vt 0.126953 0.500000
vt 0.126953 0.500000
vt 0.099609 0.500000
vt 0.126953 0.500000
vt 0.126953 0.500000
vt 0.126953 0.500000
vt 0.095703 0.500000
vt 0.095703 0.500000
vt 0.095703 0.500000
vt 0.126953 0.500000
vt 0.095703 0.500000
vt 0.123047 0.500000
vt 0.123047 0.500000
vt 0.126953 0.500000
vt 0.123047 0.500000
vt 0.095703 0.500000
vt 0.095703 0.500000
vt 0.095703 0.500000
vt 0.095703 0.500000
vt 0.095703 0.500000
vt 0.099609 0.500000
vt 0.095703 0.500000
vt 0.095703 0.500000
vt 0.126953 0.500000
vt 0.126953 0.500000
vt 0.126953 0.500000
vt 0.095703 0.500000
vt 0.123047 0.500000
vt 0.123047 0.500000
vt 0.126953 0.500000
vt 0.123047 0.500000
vt 0.126953 0.500000
vt 0.126953 0.500000
vt 0.126953 0.500000
vt 0.099609 0.500000
vt 0.126953 0.500000
vt 0.126953 0.500000
vt 0.126953 0.500000
vt 0.095703 0.500000
vt 0.095703 0.500000
vt 0.095703 0.500000
vt 0.126953 0.500000
vt 0.095703 0.500000
vt 0.123047 0.500000
vt 0.123047 0.500000
vt 0.126953 0.500000
vt 0.123047 0.500000
vt 0.095703 0.500000
vt 0.095703 0.500000
vt 0.095703 0.500000
vt 0.099609 0.500000
vt 0.095703 0.500000
vt 0.126953 0.500000
vt 0.095703 0.500000
vt 0.126953 0.500000
vt 0.126953 0.500000
vt 0.095703 0.500000
vt 0.123047 0.500000
vt 0.123047 0.500000
vt 0.126953 0.500000
vt 0.123047 0.500000
vt 0.126953 0.500000
vt 0.126953 0.500000
vt 0.126953 0.500000
vt 0.099609 0.500000
vt 0.126953 0.500000
vt 0.126953 0.500000
vt 0.126953 0.500000
vt 0.095703 0.500000
vt 0.095703 0.500000
vt 0.095703 0.500000
vt 0.126953 0.500000
vt 0.095703 0.500000
vt 0.123047 0.500000
vt 0.123047 0.500000
vt 0.126953 0.500000
vt 0.123047 0.500000
vt 0.095703 0.500000
vt 0.095703 0.500000
vt 0.095703 0.500000
vt 0.099609 0.500000
vt 0.095703 0.500000
vt 0.126953 0.500000
vt 0.095703 0.500000
vt 0.126953 0.500000
vt 0.126953 0.500000
vt 0.095703 0.500000
vt 0.123047 0.500000
vt 0.123047 0.500000
vt 0.126953 0.500000
vt 0.123047 0.500000
vt 0.126953 0.500000
vt 0.126953 0.500000
vt 0.126953 0.500000
vt 0.099609 0.500000
vt 0.126953 0.500000
vt 0.126953 0.500000
vt 0.126953 0.500000
vt 0.095703 0.500000
vt 0.095703 0.500000
vt 0.095703 0.500000
vt 0.126953 0.500000
vt 0.095703 0.500000
vt 0.123047 0.500000
vt 0.123047 0.500000
vt 0.126953 0.500000
vt 0.123047 0.500000
vt 0.095703 0.500000
vt 0.095703 0.500000
vt 0.095703 0.500000
vt 0.099609 0.500000
vt 0.095703 0.500000
vt 0.126953 0.500000
vt 0.095703 0.500000
vt 0.126953 0.500000
vt 0.126953 0.500000
vt 0.095703 0.500000
vt 0.123047 0.500000
vt 0.123047 0.500000
vt 0.126953 0.500000
vt 0.123047 0.500000
vt 0.126953 0.500000
vt 0.126953 0.500000
vt 0.126953 0.500000
vt 0.099609 0.500000
vt 0.126953 0.500000
vt 0.126953 0.500000
vt 0.126953 0.500000
vt 0.095703 0.500000
vt 0.095703 0.500000
vt 0.095703 0.500000
vt 0.126953 0.500000
vt 0.095703 0.500000
vt 0.123047 0.500000
vt 0.123047 0.500000
vt 0.126953 0.500000
vt 0.123047 0.500000
vt 0.095703 0.500000
vt 0.095703 0.500000
vt 0.095703 0.500000
vt 0.099609 0.500000
vt 0.095703 0.500000
vt 0.126953 0.500000
vt 0.095703 0.500000
vt 0.126953 0.500000
vt 0.126953 0.500000
vt 0.095703 0.500000
vt 0.123047 0.500000
vt 0.123047 0.500000
vt 0.126953 0.500000
vt 0.123047 0.500000
vt 0.126953 0.500000
vt 0.126953 0.500000
vt 0.126953 0.500000
vt 0.099609 0.500000
vt 0.126953 0.500000
vt 0.126953 0.500000
vt 0.126953 0.500000
vt 0.095703 0.500000
vt 0.095703 0.500000
vt 0.095703 0.500000
vt 0.126953 0.500000
vt 0.095703 0.500000
vt 0.123047 0.500000
vt 0.123047 0.500000
vt 0.126953 0.500000
vt 0.123047 0.500000
vt 0.095703 0.500000
vt 0.095703 0.500000
vt 0.095703 0.500000
vt 0.099609 0.500000
vt 0.095703 0.500000
vt 0.126953 0.500000
vt 0.095703 0.500000
vt 0.126953 0.500000
vt 0.126953 0.500000
vt 0.095703 0.500000
vt 0.123047 0.500000
vt 0.123047 0.500000
vt 0.126953 0.500000
vt 0.123047 0.500000
vt 0.126953 0.500000
vt 0.126953 0.500000
vt 0.126953 0.500000
vt 0.099609 0.500000
vt 0.126953 0.500000
vt 0.126953 0.500000
vt 0.126953 0.500000
vt 0.095703 0.500000
vt 0.095703 0.500000
vt 0.095703 0.500000
vt 0.126953 0.500000
vt 0.095703 0.500000
vt 0.123047 0.500000
vt 0.123047 0.500000
vt 0.126953 0.500000
vt 0.123047 0.500000
vt 0.095703 0.500000
vt 0.095703 0.500000
vt 0.095703 0.500000
vt 0.099609 0.500000
vt 0.095703 0.500000
vt 0.126953 0.500000
vt 0.095703 0.500000
vt 0.126953 0.500000
vt 0.126953 0.500000
vt 0.095703 0.500000
vt 0.123047 0.500000
vt 0.123047 0.500000
vt 0.126953 0.500000
vt 0.123047 0.500000
vt 0.126953 0.500000
vt 0.126953 0.500000
vt 0.126953 0.500000
vt 0.099609 0.500000
vt 0.126953 0.500000
vt 0.126953 0.500000
vt 0.123047 0.500000
vt 0.123047 0.500000
vt 0.126953 0.500000
vt 0.123047 0.500000
vt 0.095703 0.500000
vt 0.095703 0.500000
vt 0.095703 0.500000
vt 0.099609 0.500000
vt 0.095703 0.500000
vt 0.126953 0.500000
vt 0.099609 0.500000
vt 0.123047 0.500000
vt 0.123047 0.500000
vt 0.126953 0.500000
vt 0.123047 0.500000
vt 0.099609 0.500000
vt 0.099609 0.500000
vt 0.099609 0.500000
vt 0.123047 0.500000
vt 0.123047 0.500000
vt 0.099609 0.500000
vt 0.123047 0.500000
vt 0.123047 0.500000
vt 0.123047 0.500000
vt 0.099609 0.500000
vt 0.099609 0.500000
vt 0.099609 0.500000
vt 0.099609 0.500000
vt 0.099609 0.500000
vt 0.099609 0.500000
vt 0.099609 0.500000
vt 0.099609 0.500000
vt 0.099609 0.500000
vt 0.099609 0.500000
vt 0.099609 0.500000
vt 0.099609 0.500000
vt 0.099609 0.500000
vt 0.099609 0.500000
vt 0.099609 0.500000
vt 0.126953 0.500000
vt 0.126953 0.500000
vt 0.126953 0.500000
vt 0.126953 0.500000
vt 0.126953 0.500000
vt 0.126953 0.500000
vt 0.126953 0.500000
vt 0.126953 0.500000
vt 0.126953 0.500000
vt 0.126953 0.500000
vt 0.126953 0.500000
vt 0.126953 0.500000
vt 0.126953 0.500000
vt 0.126953 0.500000
vt 0.126953 0.500000
vt 0.126953 0.500000
vt 0.126953 0.500000
vt 0.126953 0.500000
vt 0.126953 0.500000
vt 0.126953 0.500000
vt 0.126953 0.500000
vt 0.126953 0.500000
vt 0.126953 0.500000
vt 0.126953 0.500000
vt 0.126953 0.500000
vt 0.126953 0.500000
vt 0.126953 0.500000
vt 0.126953 0.500000
vt 0.126953 0.500000
vt 0.126953 0.500000
vt 0.126953 0.500000
vt 0.126953 0.500000
vt 0.126953 0.500000
vt 0.126953 0.500000
vt 0.126953 0.500000
vt 0.126953 0.500000
vt 0.126953 0.500000
vt 0.126953 0.500000
vt 0.126953 0.500000
vt 0.126953 0.500000
vt 0.126953 0.500000
vt 0.126953 0.500000
vt 0.126953 0.500000
vt 0.099609 0.500000
vt 0.099609 0.500000
vt 0.099609 0.500000
vt 0.126953 0.500000
vt 0.099609 0.500000
vt 0.095703 0.500000
vt 0.095703 0.500000
vt 0.095703 0.500000
vt 0.099609 0.500000
vt 0.126953 0.500000
vt 0.095703 0.500000
vt 0.095703 0.500000
vt 0.095703 0.500000
vt 0.095703 0.500000
vt 0.126953 0.500000
vt 0.126953 0.500000
vt 0.095703 0.500000
vt 0.095703 0.500000
vt 0.095703 0.500000
vt 0.095703 0.500000
vt 0.126953 0.500000
vt 0.126953 0.500000
vt 0.095703 0.500000
vt 0.095703 0.500000
vt 0.095703 0.500000
vt 0.095703 0.500000
vt 0.126953 0.500000
vt 0.126953 0.500000
vt 0.095703 0.500000
vt 0.095703 0.500000
vt 0.095703 0.500000
vt 0.095703 0.500000
vt 0.126953 0.500000
vt 0.126953 0.500000
vt 0.095703 0.500000
vt 0.095703 0.500000
vt 0.095703 0.500000
vt 0.095703 0.500000
vt 0.126953 0.500000
vt 0.126953 0.500000
vt 0.095703 0.500000
vt 0.095703 0.500000
vt 0.095703 0.500000
vt 0.095703 0.500000
vt 0.126953 0.500000
vt 0.126953 0.500000
vt 0.095703 0.500000
vt 0.095703 0.500000
vt 0.095703 0.500000
vt 0.095703 0.500000
vt 0.126953 0.500000
vt 0.126953 0.500000
vt 0.095703 0.500000
vt 0.095703 0.500000
vt 0.095703 0.500000
vt 0.095703 0.500000
vt 0.126953 0.500000
vt 0.126953 0.500000
vt 0.095703 0.500000
vt 0.095703 0.500000
vt 0.095703 0.500000
vt 0.095703 0.500000
vt 0.126953 0.500000
vt 0.126953 0.500000
vt 0.095703 0.500000
vt 0.095703 0.500000
vt 0.095703 0.500000
vt 0.095703 0.500000
vt 0.126953 0.500000
vt 0.126953 0.500000
vt 0.095703 0.500000
vt 0.095703 0.500000
vt 0.095703 0.500000
vt 0.095703 0.500000
vt 0.126953 0.500000
vt 0.126953 0.500000
vt 0.095703 0.500000
vt 0.095703 0.500000
vt 0.095703 0.500000
vt 0.095703 0.500000
vt 0.126953 0.500000
vt 0.126953 0.500000
vt 0.095703 0.500000
vt 0.095703 0.500000
vt 0.095703 0.500000
vt 0.095703 0.500000
vt 0.126953 0.500000
vt 0.126953 0.500000
vt 0.095703 0.500000
vt 0.095703 0.500000
vt 0.095703 0.500000
vt 0.095703 0.500000
vt 0.126953 0.500000
vt 0.126953 0.500000
vt 0.095703 0.500000
vt 0.095703 0.500000
vt 0.095703 0.500000
vt 0.095703 0.500000
vt 0.126953 0.500000
vt 0.126953 0.500000
vt 0.095703 0.500000
vt 0.095703 0.500000
vt 0.095703 0.500000
vt 0.095703 0.500000
vt 0.126953 0.500000
vt 0.126953 0.500000
vt 0.095703 0.500000
vt 0.095703 0.500000
vt 0.095703 0.500000
vt 0.095703 0.500000
vt 0.126953 0.500000
vt 0.126953 0.500000
vt 0.095703 0.500000
vt 0.095703 0.500000
vt 0.095703 0.500000
vt 0.095703 0.500000
vt 0.126953 0.500000
vt 0.126953 0.500000
vt 0.095703 0.500000
vt 0.095703 0.500000
vt 0.095703 0.500000
vt 0.095703 0.500000
vt 0.126953 0.500000
vt 0.099609 0.500000
vt 0.095703 0.500000
vt 0.099609 0.500000
vt 0.099609 0.500000
vt 0.099609 0.500000
vt 0.099609 0.500000
vt 0.099609 0.500000
vt 0.099609 0.500000
vt 0.099609 0.500000
vt 0.099609 0.500000
vt 0.099609 0.500000
vt 0.099609 0.500000
vt 0.099609 0.500000
vt 0.099609 0.500000
vt 0.099609 0.500000
vt 0.099609 0.500000
vt 0.099609 0.500000
vt 0.099609 0.500000
vt 0.099609 0.500000
vt 0.099609 0.500000
vt 0.099609 0.500000
vt 0.099609 0.500000
vt 0.099609 0.500000
vt 0.099609 0.500000
vt 0.099609 0.500000
vt 0.099609 0.500000
vt 0.099609 0.500000
vt 0.099609 0.500000
vt 0.099609 0.500000
vt 0.099609 0.500000
vt 0.099609 0.500000
vt 0.099609 0.500000
vt 0.099609 0.500000
vt 0.099609 0.500000
vt 0.099609 0.500000
vt 0.099609 0.500000
vt 0.099609 0.500000
vt 0.099609 0.500000
vt 0.099609 0.500000
vt 0.099609 0.500000
vt 0.099609 0.500000
vt 0.099609 0.500000
vt 0.099609 0.500000
vt 0.099609 0.500000
vt 0.099609 0.500000
vt 0.099609 0.500000
vt 0.099609 0.500000
vt 0.099609 0.500000
vt 0.099609 0.500000
vt 0.099609 0.500000
vt 0.099609 0.500000
vt 0.099609 0.500000
vt 0.099609 0.500000
vt 0.099609 0.500000
vt 0.099609 0.500000
vt 0.099609 0.500000
vt 0.099609 0.500000
vt 0.099609 0.500000
vt 0.099609 0.500000
vt 0.099609 0.500000
vt 0.099609 0.500000
vt 0.099609 0.500000
vt 0.099609 0.500000
vt 0.099609 0.500000
vt 0.099609 0.500000
vt 0.099609 0.500000
vt 0.099609 0.500000
vt 0.099609 0.500000
vt 0.099609 0.500000
vt 0.099609 0.500000
vt 0.099609 0.500000
vt 0.099609 0.500000
vt 0.099609 0.500000
vt 0.099609 0.500000
vt 0.099609 0.500000
vt 0.099609 0.500000
vt 0.099609 0.500000
vt 0.099609 0.500000
vt 0.099609 0.500000
vt 0.099609 0.500000
vt 0.099609 0.500000
vt 0.099609 0.500000
vt 0.099609 0.500000
vt 0.099609 0.500000
vt 0.099609 0.500000
vt 0.099609 0.500000
vt 0.099609 0.500000
vt 0.099609 0.500000
vt 0.099609 0.500000
vt 0.099609 0.500000
vt 0.099609 0.500000
vt 0.099609 0.500000
vt 0.099609 0.500000
vt 0.099609 0.500000
vt 0.099609 0.500000
vt 0.099609 0.500000
vt 0.099609 0.500000
vt 0.099609 0.500000
vt 0.099609 0.500000
vt 0.099609 0.500000
vt 0.099609 0.500000
vt 0.099609 0.500000
vt 0.099609 0.500000
vt 0.099609 0.500000
vt 0.099609 0.500000
vt 0.099609 0.500000
vt 0.099609 0.500000
vt 0.099609 0.500000
vt 0.099609 0.500000
vt 0.099609 0.500000
vt 0.099609 0.500000
vt 0.099609 0.500000
vt 0.099609 0.500000
vt 0.099609 0.500000
vt 0.099609 0.500000
vt 0.099609 0.500000
vt 0.099609 0.500000
vt 0.099609 0.500000
vt 0.099609 0.500000
vt 0.099609 0.500000
vt 0.099609 0.500000
vt 0.099609 0.500000
vt 0.099609 0.500000
vt 0.099609 0.500000
vt 0.099609 0.500000
vt 0.099609 0.500000
vt 0.099609 0.500000
vt 0.099609 0.500000
vt 0.099609 0.500000
vt 0.099609 0.500000
vt 0.099609 0.500000
vt 0.099609 0.500000
vt 0.099609 0.500000
vt 0.099609 0.500000
vt 0.099609 0.500000
vt 0.099609 0.500000
vt 0.099609 0.500000
vt 0.099609 0.500000
vt 0.099609 0.500000
vt 0.099609 0.500000
vt 0.099609 0.500000
vt 0.099609 0.500000
vt 0.099609 0.500000
vt 0.099609 0.500000
vt 0.099609 0.500000
vt 0.099609 0.500000
vt 0.099609 0.500000
vt 0.099609 0.500000
vt 0.099609 0.500000
vt 0.099609 0.500000
vt 0.099609 0.500000
vt 0.099609 0.500000
vt 0.099609 0.500000
vt 0.099609 0.500000
vt 0.099609 0.500000
vt 0.099609 0.500000
vt 0.099609 0.500000
vt 0.099609 0.500000
vt 0.099609 0.500000
vt 0.099609 0.500000
vt 0.099609 0.500000
vt 0.099609 0.500000
vt 0.099609 0.500000
vt 0.099609 0.500000
vt 0.099609 0.500000
vt 0.099609 0.500000
vt 0.099609 0.500000
vt 0.099609 0.500000
vt 0.099609 0.500000
vt 0.099609 0.500000
vt 0.099609 0.500000
vt 0.099609 0.500000
vt 0.099609 0.500000
vt 0.099609 0.500000
vt 0.099609 0.500000
vt 0.099609 0.500000
vt 0.099609 0.500000
vt 0.099609 0.500000
vt 0.099609 0.500000
vt 0.099609 0.500000
vt 0.099609 0.500000
vt 0.099609 0.500000
vt 0.099609 0.500000
vt 0.099609 0.500000
vt 0.099609 0.500000
vt 0.099609 0.500000
vt 0.099609 0.500000
vt 0.099609 0.500000
vt 0.099609 0.500000
vt 0.099609 0.500000
vt 0.099609 0.500000
vt 0.099609 0.500000
vt 0.099609 0.500000
vt 0.099609 0.500000
vt 0.099609 0.500000
vt 0.099609 0.500000
vt 0.099609 0.500000
vt 0.099609 0.500000
vt 0.099609 0.500000
vt 0.099609 0.500000
vt 0.099609 0.500000
vt 0.099609 0.500000
vt 0.099609 0.500000
vt 0.099609 0.500000
vt 0.099609 0.500000
vt 0.099609 0.500000
vt 0.099609 0.500000
vt 0.099609 0.500000
vt 0.099609 0.500000
vt 0.099609 0.500000
vt 0.099609 0.500000
vt 0.099609 0.500000
vt 0.099609 0.500000
vt 0.099609 0.500000
vt 0.099609 0.500000
vt 0.099609 0.500000
vt 0.099609 0.500000
vt 0.099609 0.500000
vt 0.099609 0.500000
vt 0.099609 0.500000
vt 0.099609 0.500000
vt 0.123047 0.500000
vt 0.123047 0.500000
vt 0.123047 0.500000
vt 0.123047 0.500000
vt 0.123047 0.500000
vt 0.123047 0.500000
vt 0.123047 0.500000
vt 0.123047 0.500000
vt 0.099609 0.500000
vt 0.099609 0.500000
vt 0.099609 0.500000
vt 0.099609 0.500000
vt 0.099609 0.500000
vt 0.099609 0.500000
vt 0.099609 0.500000
vt 0.099609 0.500000
vt 0.099609 0.500000
vt 0.099609 0.500000
vt 0.099609 0.500000
vt 0.099609 0.500000
vt 0.099609 0.500000
vt 0.099609 0.500000
vt 0.099609 0.500000
vt 0.099609 0.500000
vt 0.099609 0.500000
vt 0.099609 0.500000
vt 0.126953 0.500000
vt 0.126953 0.500000
vt 0.126953 0.500000
vt 0.126953 0.500000
vt 0.126953 0.500000
vt 0.126953 0.500000
vt 0.126953 0.500000
vt 0.126953 0.500000
vt 0.126953 0.500000
vt 0.126953 0.500000
vt 0.126953 0.500000
vt 0.126953 0.500000
vt 0.126953 0.500000
vt 0.126953 0.500000
vt 0.126953 0.500000
vt 0.126953 0.500000
vt 0.126953 0.500000
vt 0.126953 0.500000
vt 0.126953 0.500000
vt 0.126953 0.500000
vt 0.126953 0.500000
vt 0.126953 0.500000
vt 0.126953 0.500000
vt 0.126953 0.500000
vt 0.126953 0.500000
vt 0.126953 0.500000
vt 0.126953 0.500000
vt 0.126953 0.500000
vt 0.126953 0.500000
vt 0.126953 0.500000
vt 0.126953 0.500000
vt 0.126953 0.500000
vt 0.126953 0.500000
vt 0.126953 0.500000
vt 0.126953 0.500000
vt 0.126953 0.500000
vt 0.126953 0.500000
vt 0.126953 0.500000
vt 0.126953 0.500000
vt 0.126953 0.500000
vt 0.126953 0.500000
vt 0.126953 0.500000
vt 0.013672 0.500000
vt 0.013672 0.500000
vt 0.013672 0.500000
vt 0.013672 0.500000
vt 0.013672 0.500000
vt 0.013672 0.500000
vt 0.013672 0.500000
vt 0.013672 0.500000
vt 0.013672 0.500000
vt 0.013672 0.500000
vt 0.013672 0.500000
vt 0.013672 0.500000
vt 0.013672 0.500000
vt 0.013672 0.500000
vt 0.013672 0.500000
vt 0.013672 0.500000
vt 0.013672 0.500000
vt 0.013672 0.500000
vt 0.013672 0.500000
vt 0.013672 0.500000
vt 0.013672 0.500000
vt 0.013672 0.500000
vt 0.013672 0.500000
vt 0.013672 0.500000
vt 0.099609 0.500000
vt 0.099609 0.500000
vt 0.099609 0.500000
vt 0.099609 0.500000
vt 0.099609 0.500000
vt 0.099609 0.500000
vt 0.099609 0.500000
vt 0.099609 0.500000
vt 0.099609 0.500000
vt 0.099609 0.500000
vt 0.099609 0.500000
vt 0.099609 0.500000
vt 0.099609 0.500000
vt 0.099609 0.500000
vt 0.099609 0.500000
vt 0.099609 0.500000
vt 0.099609 0.500000
vt 0.099609 0.500000
vt 0.099609 0.500000
vt 0.099609 0.500000
vt 0.099609 0.500000
vt 0.099609 0.500000
vt 0.099609 0.500000
vt 0.099609 0.500000
vt 0.099609 0.500000
vt 0.099609 0.500000
vt 0.099609 0.500000
vt 0.099609 0.500000
vt 0.099609 0.500000
vt 0.099609 0.500000
vt 0.099609 0.500000
vt 0.099609 0.500000
vt 0.099609 0.500000
vt 0.099609 0.500000
vt 0.099609 0.500000
vt 0.099609 0.500000
vt 0.099609 0.500000
vt 0.099609 0.500000
vt 0.099609 0.500000
vt 0.099609 0.500000
vt 0.099609 0.500000
vt 0.099609 0.500000
vt 0.099609 0.500000
vt 0.099609 0.500000
vt 0.099609 0.500000
vt 0.099609 0.500000
vt 0.099609 0.500000
vt 0.099609 0.500000
vt 0.099609 0.500000
vt 0.099609 0.500000
vt 0.099609 0.500000
vt 0.099609 0.500000
vt 0.099609 0.500000
vt 0.099609 0.500000
vt 0.099609 0.500000
vt 0.099609 0.500000
vt 0.099609 0.500000
vt 0.099609 0.500000
vt 0.099609 0.500000
vt 0.099609 0.500000
vt 0.099609 0.500000
vt 0.099609 0.500000
vt 0.099609 0.500000
vt 0.099609 0.500000
vt 0.099609 0.500000
vt 0.099609 0.500000
vt 0.099609 0.500000
vt 0.099609 0.500000
vt 0.099609 0.500000
vt 0.099609 0.500000
vt 0.099609 0.500000
vt 0.099609 0.500000
vt 0.099609 0.500000
vt 0.099609 0.500000
vt 0.099609 0.500000
vt 0.099609 0.500000
vt 0.099609 0.500000
vt 0.099609 0.500000
vt 0.099609 0.500000
vt 0.099609 0.500000
vt 0.099609 0.500000
vt 0.099609 0.500000
vt 0.099609 0.500000
vt 0.099609 0.500000
vt 0.099609 0.500000
vt 0.099609 0.500000
vt 0.099609 0.500000
vt 0.099609 0.500000
vt 0.099609 0.500000
vt 0.099609 0.500000
vt 0.099609 0.500000
vt 0.099609 0.500000
vt 0.099609 0.500000
vt 0.099609 0.500000
vt 0.099609 0.500000
vt 0.099609 0.500000
vt 0.099609 0.500000
vt 0.099609 0.500000
vt 0.099609 0.500000
vt 0.099609 0.500000
vt 0.099609 0.500000
vt 0.099609 0.500000
vt 0.099609 0.500000
vt 0.099609 0.500000
vt 0.099609 0.500000
vt 0.099609 0.500000
vt 0.099609 0.500000
vt 0.099609 0.500000
vt 0.099609 0.500000
vt 0.099609 0.500000
vt 0.099609 0.500000
vt 0.099609 0.500000
vt 0.099609 0.500000
vt 0.099609 0.500000
vt 0.099609 0.500000
vt 0.099609 0.500000
vt 0.099609 0.500000
vt 0.099609 0.500000
vt 0.099609 0.500000
vt 0.099609 0.500000
vt 0.099609 0.500000
vt 0.099609 0.500000
vt 0.099609 0.500000
vt 0.099609 0.500000
vt 0.099609 0.500000
vt 0.099609 0.500000
vt 0.099609 0.500000
vt 0.099609 0.500000
vt 0.099609 0.500000
vt 0.099609 0.500000
vt 0.099609 0.500000
vt 0.099609 0.500000
vt 0.099609 0.500000
vt 0.099609 0.500000
vt 0.099609 0.500000
vt 0.099609 0.500000
vt 0.099609 0.500000
vt 0.099609 0.500000
vt 0.099609 0.500000
vt 0.099609 0.500000
vt 0.099609 0.500000
vt 0.099609 0.500000
vt 0.099609 0.500000
vt 0.099609 0.500000
vt 0.099609 0.500000
vt 0.099609 0.500000
vt 0.099609 0.500000
vt 0.099609 0.500000
vt 0.099609 0.500000
vt 0.099609 0.500000
vt 0.099609 0.500000
vt 0.099609 0.500000
vt 0.099609 0.500000
vt 0.099609 0.500000
vt 0.099609 0.500000
vt 0.099609 0.500000
vt 0.099609 0.500000
vt 0.099609 0.500000
vt 0.099609 0.500000
vt 0.099609 0.500000
vt 0.099609 0.500000
vt 0.099609 0.500000
vt 0.099609 0.500000
vt 0.099609 0.500000
vt 0.099609 0.500000
vt 0.099609 0.500000
vt 0.099609 0.500000
vt 0.099609 0.500000
vt 0.099609 0.500000
vt 0.099609 0.500000
vt 0.099609 0.500000
vt 0.099609 0.500000
vt 0.099609 0.500000
vt 0.099609 0.500000
vt 0.099609 0.500000
vt 0.099609 0.500000
vt 0.099609 0.500000
vt 0.099609 0.500000
vt 0.099609 0.500000
vt 0.099609 0.500000
vt 0.099609 0.500000
vt 0.099609 0.500000
vt 0.099609 0.500000
vt 0.099609 0.500000
vt 0.099609 0.500000
vt 0.099609 0.500000
vt 0.099609 0.500000
vt 0.099609 0.500000
vt 0.099609 0.500000
vt 0.099609 0.500000
vt 0.099609 0.500000
vt 0.099609 0.500000
vt 0.099609 0.500000
vt 0.099609 0.500000
vt 0.099609 0.500000
vt 0.099609 0.500000
vt 0.099609 0.500000
vt 0.099609 0.500000
vt 0.099609 0.500000
vt 0.099609 0.500000
vt 0.099609 0.500000
vt 0.099609 0.500000
vt 0.099609 0.500000
vt 0.099609 0.500000
vt 0.099609 0.500000
vt 0.099609 0.500000
vt 0.099609 0.500000
vt 0.099609 0.500000
vt 0.099609 0.500000
vt 0.099609 0.500000
vt 0.099609 0.500000
vt 0.099609 0.500000
vt 0.099609 0.500000
vt 0.099609 0.500000
vt 0.099609 0.500000
vt 0.099609 0.500000
vt 0.099609 0.500000
vt 0.099609 0.500000
vt 0.099609 0.500000
vt 0.099609 0.500000
vt 0.099609 0.500000
vt 0.099609 0.500000
vt 0.099609 0.500000
vt 0.099609 0.500000
vt 0.099609 0.500000
vt 0.099609 0.500000
vt 0.099609 0.500000
vt 0.099609 0.500000
vt 0.126953 0.500000
vt 0.126953 0.500000
vt 0.126953 0.500000
vt 0.126953 0.500000
vt 0.126953 0.500000
vt 0.126953 0.500000
vt 0.126953 0.500000
vt 0.126953 0.500000
vt 0.126953 0.500000
vt 0.126953 0.500000
vt 0.126953 0.500000
vt 0.126953 0.500000
vt 0.126953 0.500000
vt 0.126953 0.500000
vt 0.126953 0.500000
vt 0.126953 0.500000
vt 0.126953 0.500000
vt 0.126953 0.500000
vt 0.126953 0.500000
vt 0.126953 0.500000
vt 0.126953 0.500000
vt 0.126953 0.500000
vt 0.126953 0.500000
vt 0.126953 0.500000
vt 0.126953 0.500000
vt 0.126953 0.500000
vt 0.126953 0.500000
vt 0.126953 0.500000
vt 0.126953 0.500000
vt 0.126953 0.500000
vt 0.126953 0.500000
vt 0.126953 0.500000
vt 0.126953 0.500000
vt 0.126953 0.500000
vt 0.126953 0.500000
vt 0.126953 0.500000
vt 0.126953 0.500000
vt 0.126953 0.500000
vt 0.126953 0.500000
vt 0.126953 0.500000
vt 0.126953 0.500000
vt 0.126953 0.500000
vt 0.126953 0.500000
vt 0.126953 0.500000
vt 0.126953 0.500000
vt 0.126953 0.500000
vt 0.126953 0.500000
vt 0.126953 0.500000
vt 0.126953 0.500000
vt 0.126953 0.500000
vt 0.126953 0.500000
vt 0.126953 0.500000
vt 0.126953 0.500000
vt 0.126953 0.500000
vt 0.126953 0.500000
vt 0.126953 0.500000
vt 0.126953 0.500000
vt 0.126953 0.500000
vt 0.126953 0.500000
vt 0.126953 0.500000
vt 0.126953 0.500000
vt 0.126953 0.500000
vt 0.126953 0.500000
vt 0.126953 0.500000
vt 0.126953 0.500000
vt 0.126953 0.500000
vt 0.126953 0.500000
vt 0.126953 0.500000
vt 0.126953 0.500000
vt 0.126953 0.500000
vt 0.126953 0.500000
vt 0.126953 0.500000
vt 0.126953 0.500000
vt 0.126953 0.500000
vt 0.126953 0.500000
vt 0.126953 0.500000
vt 0.126953 0.500000
vt 0.126953 0.500000
vt 0.126953 0.500000
vt 0.126953 0.500000
vt 0.095703 0.500000
vt 0.095703 0.500000
vt 0.095703 0.500000
vt 0.126953 0.500000
vt 0.095703 0.500000
vt 0.095703 0.500000
vt 0.095703 0.500000
vt 0.095703 0.500000
vt 0.126953 0.500000
vt 0.126953 0.500000
vt 0.095703 0.500000
vt 0.095703 0.500000
vt 0.095703 0.500000
vt 0.095703 0.500000
vt 0.126953 0.500000
vt 0.126953 0.500000
vt 0.095703 0.500000
vt 0.095703 0.500000
vt 0.095703 0.500000
vt 0.095703 0.500000
vt 0.126953 0.500000
vt 0.126953 0.500000
vt 0.095703 0.500000
vt 0.095703 0.500000
vt 0.095703 0.500000
vt 0.095703 0.500000
vt 0.126953 0.500000
vt 0.126953 0.500000
vt 0.095703 0.500000
vt 0.095703 0.500000
vt 0.095703 0.500000
vt 0.095703 0.500000
vt 0.126953 0.500000
vt 0.126953 0.500000
vt 0.095703 0.500000
vt 0.095703 0.500000
vt 0.095703 0.500000
vt 0.095703 0.500000
vt 0.126953 0.500000
vt 0.126953 0.500000
vt 0.095703 0.500000
vt 0.095703 0.500000
vt 0.095703 0.500000
vt 0.095703 0.500000
vt 0.126953 0.500000
vt 0.126953 0.500000
vt 0.095703 0.500000
vt 0.095703 0.500000
vt 0.095703 0.500000
vt 0.095703 0.500000
vt 0.126953 0.500000
vt 0.126953 0.500000
vt 0.095703 0.500000
vt 0.095703 0.500000
vt 0.095703 0.500000
vt 0.095703 0.500000
vt 0.126953 0.500000
vt 0.126953 0.500000
vt 0.095703 0.500000
vt 0.095703 0.500000
vt 0.095703 0.500000
vt 0.095703 0.500000
vt 0.126953 0.500000
vt 0.126953 0.500000
vt 0.095703 0.500000
vt 0.095703 0.500000
vt 0.095703 0.500000
vt 0.095703 0.500000
vt 0.126953 0.500000
vt 0.126953 0.500000
vt 0.095703 0.500000
vt 0.095703 0.500000
vt 0.095703 0.500000
vt 0.095703 0.500000
vt 0.126953 0.500000
vt 0.126953 0.500000
vt 0.095703 0.500000
vt 0.095703 0.500000
vt 0.095703 0.500000
vt 0.095703 0.500000
vt 0.126953 0.500000
vt 0.126953 0.500000
vt 0.095703 0.500000
vt 0.095703 0.500000
vt 0.095703 0.500000
vt 0.095703 0.500000
vt 0.126953 0.500000
vt 0.126953 0.500000
vt 0.095703 0.500000
vt 0.095703 0.500000
vt 0.095703 0.500000
vt 0.095703 0.500000
vt 0.126953 0.500000
vt 0.126953 0.500000
vt 0.095703 0.500000
vt 0.095703 0.500000
vt 0.095703 0.500000
vt 0.095703 0.500000
vt 0.126953 0.500000
vt 0.126953 0.500000
vt 0.095703 0.500000
vt 0.095703 0.500000
vt 0.095703 0.500000
vt 0.095703 0.500000
vt 0.126953 0.500000
vt 0.126953 0.500000
vt 0.095703 0.500000
vt 0.095703 0.500000
vt 0.095703 0.500000
vt 0.095703 0.500000
vt 0.126953 0.500000
vt 0.126953 0.500000
vt 0.095703 0.500000
vt 0.095703 0.500000
vt 0.095703 0.500000
vt 0.095703 0.500000
vt 0.126953 0.500000
vt 0.095703 0.500000
vt 0.126953 0.500000
vt 0.126953 0.500000
vt 0.126953 0.500000
vt 0.126953 0.500000
vt 0.126953 0.500000
vt 0.126953 0.500000
vt 0.126953 0.500000
vt 0.126953 0.500000
vt 0.126953 0.500000
vt 0.126953 0.500000
vt 0.126953 0.500000
vt 0.126953 0.500000
vt 0.126953 0.500000
vt 0.126953 0.500000
vt 0.126953 0.500000
vt 0.126953 0.500000
vt 0.126953 0.500000
vt 0.126953 0.500000
vt 0.126953 0.500000
vt 0.126953 0.500000
vt 0.126953 0.500000
vt 0.126953 0.500000
vt 0.126953 0.500000
vt 0.126953 0.500000
vt 0.126953 0.500000
vt 0.126953 0.500000
vt 0.126953 0.500000
vt 0.126953 0.500000
vt 0.126953 0.500000
vt 0.126953 0.500000
vt 0.126953 0.500000
vt 0.126953 0.500000
vt 0.126953 0.500000
vt 0.126953 0.500000
vt 0.126953 0.500000
vt 0.126953 0.500000
vt 0.126953 0.500000
vt 0.126953 0.500000
vt 0.126953 0.500000
vt 0.126953 0.500000
vt 0.126953 0.500000
vt 0.126953 0.500000
vt 0.099609 0.500000
vt 0.099609 0.500000
vt 0.099609 0.500000
vt 0.099609 0.500000
vt 0.099609 0.500000
vt 0.099609 0.500000
vt 0.099609 0.500000
vt 0.099609 0.500000
vt 0.099609 0.500000
vt 0.099609 0.500000
vt 0.099609 0.500000
vt 0.099609 0.500000
vt 0.099609 0.500000
vt 0.099609 0.500000
vt 0.099609 0.500000
vt 0.099609 0.500000
vt 0.099609 0.500000
vt 0.099609 0.500000
vt 0.099609 0.500000
vt 0.099609 0.500000
vt 0.099609 0.500000
vt 0.099609 0.500000
vt 0.099609 0.500000
vt 0.099609 0.500000
vt 0.099609 0.500000
vt 0.099609 0.500000
vt 0.099609 0.500000
vt 0.099609 0.500000
vt 0.123047 0.500000
vt 0.123047 0.500000
vt 0.123047 0.500000
vt 0.123047 0.500000
vt 0.123047 0.500000
vt 0.123047 0.500000
vt 0.123047 0.500000
vt 0.123047 0.500000
vt 0.056641 0.500000
vt 0.056641 0.500000
vt 0.056641 0.500000
vt 0.123047 0.500000
vt 0.056641 0.500000
vt 0.056641 0.500000
vt 0.056641 0.500000
vt 0.056641 0.500000
vt 0.123047 0.500000
vt 0.056641 0.500000
vt 0.123047 0.500000
vt 0.123047 0.500000
vt 0.123047 0.500000
vt 0.123047 0.500000
vt 0.123047 0.500000
vt 0.123047 0.500000
vt 0.123047 0.500000
vt 0.123047 0.500000
vt 0.123047 0.500000
vt 0.123047 0.500000
vt 0.123047 0.500000
vt 0.123047 0.500000
vt 0.123047 0.500000
vt 0.123047 0.500000
vt 0.056641 0.500000
vt 0.056641 0.500000
vt 0.056641 0.500000
vt 0.056641 0.500000
vt 0.056641 0.500000
vt 0.056641 0.500000
vt 0.056641 0.500000
vt 0.056641 0.500000
vt 0.123047 0.500000
vt 0.123047 0.500000
vt 0.123047 0.500000
vt 0.123047 0.500000
vt 0.123047 0.500000
vt 0.123047 0.500000
vt 0.123047 0.500000
vt 0.123047 0.500000
vt 0.123047 0.500000
vt 0.123047 0.500000
vt 0.123047 0.500000
vt 0.123047 0.500000
vt 0.123047 0.500000
vt 0.123047 0.500000
vt 0.123047 0.500000
vt 0.123047 0.500000
vt 0.056641 0.500000
vt 0.056641 0.500000
vt 0.056641 0.500000
vt 0.056641 0.500000
vt 0.056641 0.500000
vt 0.056641 0.500000
vt 0.056641 0.500000
vt 0.056641 0.500000
vt 0.123047 0.500000
vt 0.123047 0.500000
vt 0.123047 0.500000
vt 0.123047 0.500000
vt 0.123047 0.500000
vt 0.123047 0.500000
vt 0.123047 0.500000
vt 0.123047 0.500000
vt 0.123047 0.500000
vt 0.123047 0.500000
vt 0.123047 0.500000
vt 0.123047 0.500000
vt 0.123047 0.500000
vt 0.123047 0.500000
vt 0.123047 0.500000
vt 0.123047 0.500000
vt 0.056641 0.500000
vt 0.056641 0.500000
vt 0.056641 0.500000
vt 0.056641 0.500000
vt 0.056641 0.500000
vt 0.056641 0.500000
vt 0.056641 0.500000
vt 0.056641 0.500000
vt 0.123047 0.500000
vt 0.123047 0.500000
vt 0.123047 0.500000
vt 0.123047 0.500000
vt 0.123047 0.500000
vt 0.123047 0.500000
vt 0.123047 0.500000
vt 0.123047 0.500000
vt 0.123047 0.500000
vt 0.123047 0.500000
vt 0.123047 0.500000
vt 0.123047 0.500000
vt 0.123047 0.500000
vt 0.123047 0.500000
vt 0.123047 0.500000
vt 0.123047 0.500000
vt 0.056641 0.500000
vt 0.056641 0.500000
vt 0.056641 0.500000
vt 0.123047 0.500000
vt 0.056641 0.500000
vt 0.056641 0.500000
vt 0.056641 0.500000
vt 0.056641 0.500000
vt 0.123047 0.500000
vt 0.056641 0.500000
vt 0.123047 0.500000
vt 0.123047 0.500000
vt 0.123047 0.500000
vt 0.123047 0.500000
vt 0.123047 0.500000
vt 0.123047 0.500000
vt 0.123047 0.500000
vt 0.123047 0.500000
vt 0.123047 0.500000
vt 0.123047 0.500000
vt 0.123047 0.500000
vt 0.123047 0.500000
vt 0.123047 0.500000
vt 0.123047 0.500000
vt 0.056641 0.500000
vt 0.056641 0.500000
vt 0.056641 0.500000
vt 0.056641 0.500000
vt 0.056641 0.500000
vt 0.056641 0.500000
vt 0.056641 0.500000
vt 0.056641 0.500000
vt 0.123047 0.500000
vt 0.123047 0.500000
vt 0.123047 0.500000
vt 0.123047 0.500000
vt 0.123047 0.500000
vt 0.123047 0.500000
vt 0.123047 0.500000
vt 0.123047 0.500000
vt 0.123047 0.500000
vt 0.123047 0.500000
vt 0.123047 0.500000
vt 0.123047 0.500000
vt 0.123047 0.500000
vt 0.123047 0.500000
vt 0.123047 0.500000
vt 0.123047 0.500000
vt 0.056641 0.500000
vt 0.056641 0.500000
vt 0.056641 0.500000
vt 0.056641 0.500000
vt 0.056641 0.500000
vt 0.056641 0.500000
vt 0.056641 0.500000
vt 0.056641 0.500000
vt 0.123047 0.500000
vt 0.123047 0.500000
vt 0.123047 0.500000
vt 0.123047 0.500000
vt 0.123047 0.500000
vt 0.123047 0.500000
vt 0.123047 0.500000
vt 0.123047 0.500000
vt 0.123047 0.500000
vt 0.123047 0.500000
vt 0.123047 0.500000
vt 0.123047 0.500000
vt 0.123047 0.500000
vt 0.123047 0.500000
vt 0.123047 0.500000
vt 0.123047 0.500000
vt 0.056641 0.500000
vt 0.056641 0.500000
vt 0.056641 0.500000
vt 0.056641 0.500000
vt 0.056641 0.500000
vt 0.056641 0.500000
vt 0.056641 0.500000
vt 0.056641 0.500000
vt 0.123047 0.500000
vt 0.123047 0.500000
vt 0.123047 0.500000
vt 0.056641 0.500000
vt 0.123047 0.500000
vt 0.056641 0.500000
vt 0.123047 0.500000
vt 0.123047 0.500000
vt 0.123047 0.500000
vt 0.123047 0.500000
vt 0.123047 0.500000
vt 0.123047 0.500000
vt 0.123047 0.500000
vt 0.123047 0.500000
vt 0.123047 0.500000
vt 0.123047 0.500000
vt 0.123047 0.500000
vt 0.123047 0.500000
vt 0.056641 0.500000
vt 0.056641 0.500000
vt 0.056641 0.500000
vt 0.123047 0.500000
vt 0.056641 0.500000
vt 0.056641 0.500000
vt 0.056641 0.500000
vt 0.056641 0.500000
vt 0.123047 0.500000
vt 0.056641 0.500000
vt 0.123047 0.500000
vt 0.123047 0.500000
vt 0.123047 0.500000
vt 0.123047 0.500000
vt 0.123047 0.500000
vt 0.123047 0.500000
vt 0.123047 0.500000
vt 0.123047 0.500000
vt 0.123047 0.500000
vt 0.123047 0.500000
vt 0.123047 0.500000
vt 0.123047 0.500000
vt 0.123047 0.500000
vt 0.123047 0.500000
vt 0.056641 0.500000
vt 0.056641 0.500000
vt 0.056641 0.500000
vt 0.056641 0.500000
vt 0.056641 0.500000
vt 0.056641 0.500000
vt 0.056641 0.500000
vt 0.056641 0.500000
vt 0.123047 0.500000
vt 0.123047 0.500000
vt 0.123047 0.500000
vt 0.123047 0.500000
vt 0.123047 0.500000
vt 0.123047 0.500000
vt 0.123047 0.500000
vt 0.123047 0.500000
vt 0.123047 0.500000
vt 0.123047 0.500000
vt 0.123047 0.500000
vt 0.123047 0.500000
vt 0.123047 0.500000
vt 0.123047 0.500000
vt 0.123047 0.500000
vt 0.123047 0.500000
vt 0.056641 0.500000
vt 0.056641 0.500000
vt 0.056641 0.500000
vt 0.056641 0.500000
vt 0.056641 0.500000
vt 0.056641 0.500000
vt 0.056641 0.500000
vt 0.056641 0.500000
vt 0.123047 0.500000
vt 0.123047 0.500000
vt 0.123047 0.500000
vt 0.123047 0.500000
vt 0.123047 0.500000
vt 0.123047 0.500000
vt 0.123047 0.500000
vt 0.123047 0.500000
vt 0.123047 0.500000
vt 0.123047 0.500000
vt 0.123047 0.500000
vt 0.123047 0.500000
vt 0.123047 0.500000
vt 0.123047 0.500000
vt 0.123047 0.500000
vt 0.123047 0.500000
vt 0.056641 0.500000
vt 0.056641 0.500000
vt 0.056641 0.500000
vt 0.056641 0.500000
vt 0.056641 0.500000
vt 0.056641 0.500000
vt 0.056641 0.500000
vt 0.056641 0.500000
vt 0.123047 0.500000
vt 0.123047 0.500000
vt 0.123047 0.500000
vt 0.123047 0.500000
vt 0.123047 0.500000
vt 0.123047 0.500000
vt 0.123047 0.500000
vt 0.123047 0.500000
vt 0.123047 0.500000
vt 0.123047 0.500000
vt 0.123047 0.500000
vt 0.123047 0.500000
vt 0.123047 0.500000
vt 0.123047 0.500000
vt 0.123047 0.500000
vt 0.123047 0.500000
vt 0.056641 0.500000
vt 0.056641 0.500000
vt 0.056641 0.500000
vt 0.123047 0.500000
vt 0.056641 0.500000
vt 0.056641 0.500000
vt 0.056641 0.500000
vt 0.056641 0.500000
vt 0.123047 0.500000
vt 0.056641 0.500000
vt 0.123047 0.500000
vt 0.123047 0.500000
vt 0.123047 0.500000
vt 0.123047 0.500000
vt 0.123047 0.500000
vt 0.123047 0.500000
vt 0.123047 0.500000
vt 0.123047 0.500000
vt 0.123047 0.500000
vt 0.123047 0.500000
vt 0.123047 0.500000
vt 0.123047 0.500000
vt 0.123047 0.500000
vt 0.123047 0.500000
vt 0.056641 0.500000
vt 0.056641 0.500000
vt 0.056641 0.500000
vt 0.056641 0.500000
vt 0.056641 0.500000
vt 0.056641 0.500000
vt 0.056641 0.500000
vt 0.056641 0.500000
vt 0.123047 0.500000
vt 0.123047 0.500000
vt 0.123047 0.500000
vt 0.123047 0.500000
vt 0.123047 0.500000
vt 0.123047 0.500000
vt 0.123047 0.500000
vt 0.123047 0.500000
vt 0.123047 0.500000
vt 0.123047 0.500000
vt 0.123047 0.500000
vt 0.123047 0.500000
vt 0.123047 0.500000
vt 0.123047 0.500000
vt 0.123047 0.500000
vt 0.123047 0.500000
vt 0.056641 0.500000
vt 0.056641 0.500000
vt 0.056641 0.500000
vt 0.056641 0.500000
vt 0.056641 0.500000
vt 0.056641 0.500000
vt 0.056641 0.500000
vt 0.056641 0.500000
vt 0.123047 0.500000
vt 0.123047 0.500000
vt 0.123047 0.500000
vt 0.123047 0.500000
vt 0.123047 0.500000
vt 0.123047 0.500000
vt 0.123047 0.500000
vt 0.123047 0.500000
vt 0.123047 0.500000
vt 0.123047 0.500000
vt 0.123047 0.500000
vt 0.123047 0.500000
vt 0.123047 0.500000
vt 0.123047 0.500000
vt 0.123047 0.500000
vt 0.123047 0.500000
vt 0.056641 0.500000
vt 0.056641 0.500000
vt 0.056641 0.500000
vt 0.056641 0.500000
vt 0.056641 0.500000
vt 0.056641 0.500000
vt 0.056641 0.500000
vt 0.056641 0.500000
vt 0.123047 0.500000
vt 0.123047 0.500000
vt 0.123047 0.500000
vt 0.123047 0.500000
vt 0.123047 0.500000
vt 0.123047 0.500000
vt 0.123047 0.500000
vt 0.123047 0.500000
vt 0.123047 0.500000
vt 0.123047 0.500000
vt 0.123047 0.500000
vt 0.123047 0.500000
vt 0.123047 0.500000
vt 0.123047 0.500000
vt 0.123047 0.500000
vt 0.123047 0.500000
vt 0.056641 0.500000
vt 0.056641 0.500000
vt 0.056641 0.500000
vt 0.123047 0.500000
vt 0.056641 0.500000
vt 0.056641 0.500000
vt 0.056641 0.500000
vt 0.056641 0.500000
vt 0.123047 0.500000
vt 0.056641 0.500000
vt 0.123047 0.500000
vt 0.123047 0.500000
vt 0.123047 0.500000
vt 0.123047 0.500000
vt 0.123047 0.500000
vt 0.123047 0.500000
vt 0.123047 0.500000
vt 0.123047 0.500000
vt 0.123047 0.500000
vt 0.123047 0.500000
vt 0.123047 0.500000
vt 0.123047 0.500000
vt 0.123047 0.500000
vt 0.123047 0.500000
vt 0.056641 0.500000
vt 0.056641 0.500000
vt 0.056641 0.500000
vt 0.056641 0.500000
vt 0.056641 0.500000
vt 0.056641 0.500000
vt 0.056641 0.500000
vt 0.056641 0.500000
vt 0.123047 0.500000
vt 0.123047 0.500000
vt 0.123047 0.500000
vt 0.123047 0.500000
vt 0.123047 0.500000
vt 0.123047 0.500000
vt 0.123047 0.500000
vt 0.123047 0.500000
vt 0.056641 0.500000
vt 0.056641 0.500000
vt 0.056641 0.500000
vt 0.123047 0.500000
vt 0.123047 0.500000
vt 0.123047 0.500000
vt 0.123047 0.500000
vt 0.056641 0.500000
vt 0.056641 0.500000
vt 0.056641 0.500000
vt 0.056641 0.500000
vt 0.056641 0.500000
vt 0.056641 0.500000
vt 0.123047 0.500000
vt 0.123047 0.500000
vt 0.123047 0.500000
vt 0.123047 0.500000
vt 0.123047 0.500000
vt 0.123047 0.500000
vt 0.123047 0.500000
vt 0.123047 0.500000
vt 0.123047 0.500000
vt 0.123047 0.500000
vt 0.123047 0.500000
vt 0.123047 0.500000
vt 0.056641 0.500000
vt 0.056641 0.500000
vt 0.056641 0.500000
vt 0.056641 0.500000
vt 0.056641 0.500000
vt 0.056641 0.500000
vt 0.056641 0.500000
vt 0.056641 0.500000
vt 0.056641 0.500000
vt 0.056641 0.500000
vt 0.056641 0.500000
vt 0.056641 0.500000
vt 0.056641 0.500000
vt 0.056641 0.500000
vt 0.056641 0.500000
vt 0.056641 0.500000
vt 0.123047 0.500000
vt 0.123047 0.500000
vt 0.123047 0.500000
vt 0.123047 0.500000
vt 0.013672 0.500000
vt 0.013672 0.500000
vt 0.013672 0.500000
vt 0.013672 0.500000
vt 0.013672 0.500000
vt 0.013672 0.500000
vt 0.013672 0.500000
vt 0.013672 0.500000
vt 0.013672 0.500000
vt 0.013672 0.500000
vt 0.013672 0.500000
vt 0.013672 0.500000
vt 0.013672 0.500000
vt 0.013672 0.500000
vt 0.013672 0.500000
vt 0.013672 0.500000
vt 0.013672 0.500000
vt 0.013672 0.500000
vt 0.013672 0.500000
vt 0.013672 0.500000
vt 0.013672 0.500000
vt 0.013672 0.500000
vt 0.013672 0.500000
vt 0.013672 0.500000
vt 0.013672 0.500000
vt 0.013672 0.500000
vt 0.013672 0.500000
vt 0.013672 0.500000
vt 0.013672 0.500000
vt 0.013672 0.500000
vt 0.013672 0.500000
vt 0.013672 0.500000
vn -1.0000 0.0000 0.0000
vn -1.0000 -0.0001 0.0000
vn -1.0000 0.0001 0.0000
vn 1.0000 0.0000 0.0000
vn 1.0000 0.0002 0.0000
vn 0.0000 -0.0000 1.0000
vn 0.0001 -0.0000 1.0000
vn -0.0001 -0.0000 1.0000
vn 0.0000 0.0000 -1.0000
vn 0.0001 0.0000 -1.0000
vn 0.0000 -1.0000 -0.0000
vn 0.0000 -1.0000 -0.0002
vn 0.0000 -1.0000 0.0001
vn 0.0000 1.0000 0.0000
vn 0.0000 1.0000 0.0002
vn 0.0000 1.0000 -0.0002
vn 0.0000 1.0000 0.0001
vn 0.0000 1.0000 -0.0003
vn 0.0000 1.0000 0.0008
vn 0.0000 1.0000 -0.0004
vn 0.0000 1.0000 -0.0001
vn 0.0000 1.0000 0.0004
vn 0.0000 1.0000 0.0003
vn 0.0000 1.0000 -0.0005
vn 0.0000 1.0000 -0.0008
usemtl palette.083
s 1
f 1/1/1 2/2/1 3/3/1
f 4/4/1 2/2/1 1/1/1
f 5/5/1 1/1/1 3/3/1
f 5/6/1 4/7/1 1/8/1
f 6/9/1 2/2/1 4/4/1
f 6/10/1 4/7/1 5/6/1
f 7/11/1 5/5/1 3/3/1
f 7/11/1 6/9/1 5/5/1
f 8/12/1 2/2/1 6/9/1
f 8/12/1 6/9/1 7/11/1
f 9/13/1 7/11/1 3/3/1
f 9/14/1 8/15/1 7/16/1
f 10/17/1 2/2/1 8/12/1
f 10/18/1 8/15/1 9/14/1
f 11/19/1 9/13/1 3/3/1
f 11/19/1 10/17/1 9/13/1
f 12/20/1 2/2/1 10/17/1
f 12/20/1 10/17/1 11/19/1
f 13/21/1 11/19/1 3/3/1
f 13/22/1 12/23/1 11/24/1
f 14/25/1 2/2/1 12/20/1
f 14/26/1 12/23/1 13/22/1
f 15/27/1 13/21/1 3/3/1
f 15/27/1 14/25/1 13/21/1
f 16/28/1 2/2/1 14/25/1
f 16/28/1 14/25/1 15/27/1
f 17/29/1 15/27/1 3/3/1
f 17/30/1 16/31/1 15/32/1
f 18/33/1 2/2/1 16/28/1
f 18/34/1 16/31/1 17/30/1
f 19/35/1 17/29/1 3/3/1
f 19/35/1 18/33/1 17/29/1
f 20/36/1 2/2/1 18/33/1
f 20/36/1 18/33/1 19/35/1
f 21/37/1 19/35/1 3/3/1
f 21/38/1 20/39/1 19/40/1
f 22/41/1 2/2/1 20/36/1
f 22/42/1 20/39/1 21/38/1
f 23/43/1 21/37/1 3/3/1
f 23/43/1 22/41/1 21/37/1
f 24/44/1 2/2/1 22/41/1
f 24/44/1 22/41/1 23/43/1
f 25/45/1 26/46/1 27/47/1
f 28/48/1 26/46/1 25/45/1
f 29/49/1 28/50/1 25/51/1
f 30/52/1 28/50/1 29/49/1
f 31/53/1 29/49/1 25/51/1
f 31/54/1 30/55/1 29/56/1
f 32/57/1 28/50/1 30/52/1
f 32/58/1 30/55/1 31/54/1
f 33/59/1 31/53/1 25/51/1
f 33/59/1 32/57/1 31/53/1
f 34/60/1 28/50/1 32/57/1
f 34/60/1 32/57/1 33/59/1
f 35/61/1 33/59/1 25/51/1
f 35/62/1 34/63/1 33/64/1
f 36/65/1 28/50/1 34/60/1
f 36/66/1 34/63/1 35/62/1
f 37/67/1 35/61/1 25/51/1
f 37/67/1 36/65/1 35/61/1
f 38/68/1 28/50/1 36/65/1
f 38/68/1 36/65/1 37/67/1
f 39/69/1 37/67/1 25/51/1
f 39/70/1 38/71/1 37/72/1
f 40/73/1 28/50/1 38/68/1
f 40/74/1 38/71/1 39/70/1
f 41/75/1 39/69/1 25/51/1
f 41/75/1 40/73/1 39/69/1
f 42/76/1 28/50/1 40/73/1
f 42/76/1 40/73/1 41/75/1
f 43/77/1 41/75/1 25/51/1
f 43/78/1 42/79/1 41/80/1
f 44/81/1 28/50/1 42/76/1
f 44/82/1 42/79/1 43/78/1
f 45/83/1 43/77/1 25/51/1
f 45/83/1 44/81/1 43/77/1
f 46/84/1 28/50/1 44/81/1
f 46/84/1 44/81/1 45/83/1
f 47/85/1 45/83/1 25/51/1
f 47/86/1 46/87/1 45/88/1
f 48/89/1 28/50/1 46/84/1
f 48/90/1 46/87/1 47/86/1
f 49/91/1 47/85/1 25/51/1
f 49/91/1 48/89/1 47/85/1
f 50/92/1 28/50/1 48/89/1
f 50/92/1 48/89/1 49/91/1
f 51/93/1 49/91/1 25/51/1
f 51/94/1 50/95/1 49/96/1
f 52/97/1 28/50/1 50/92/1
f 52/98/1 50/95/1 51/94/1
f 53/99/1 51/93/1 25/51/1
f 53/99/1 52/97/1 51/93/1
f 54/100/1 28/50/1 52/97/1
f 54/100/1 52/97/1 53/99/1
f 55/101/1 53/99/1 25/51/1
f 55/102/1 54/103/1 53/104/1
f 56/105/1 28/50/1 54/100/1
f 56/106/1 54/103/1 55/102/1
f 57/107/1 55/101/1 25/51/1
f 57/107/1 56/105/1 55/101/1
f 58/108/1 28/50/1 56/105/1
f 58/108/1 56/105/1 57/107/1
f 59/109/1 57/107/1 25/51/1
f 59/110/1 58/111/1 57/112/1
f 60/113/1 28/50/1 58/108/1
f 60/114/1 58/111/1 59/110/1
f 61/115/1 59/109/1 25/51/1
f 61/115/1 60/113/1 59/109/1
f 62/116/1 28/50/1 60/113/1
f 62/116/1 60/113/1 61/115/1
f 63/117/1 61/115/1 25/51/1
f 63/118/1 62/119/1 61/120/1
f 64/121/1 28/50/1 62/116/1
f 64/122/1 62/119/1 63/118/1
f 65/123/1 63/117/1 25/51/1
f 65/123/1 64/121/1 63/117/1
f 66/124/1 28/50/1 64/121/1
f 66/124/1 64/121/1 65/123/1
f 67/125/1 65/123/1 25/51/1
f 67/126/1 66/127/1 65/128/1
f 68/129/1 28/50/1 66/124/1
f 68/130/1 66/127/1 67/126/1
f 69/131/1 67/125/1 25/51/1
f 69/131/1 68/129/1 67/125/1
f 70/132/1 28/50/1 68/129/1
f 70/132/1 68/129/1 69/131/1
f 71/133/1 69/131/1 25/51/1
f 71/134/1 70/135/1 69/136/1
f 72/137/1 28/50/1 70/132/1
f 72/138/1 70/135/1 71/134/1
f 73/139/1 71/133/1 25/51/1
f 73/139/1 72/137/1 71/133/1
f 74/140/1 28/50/1 72/137/1
f 74/140/1 72/137/1 73/139/1
f 75/141/1 73/139/1 25/51/1
f 75/142/1 74/143/1 73/144/1
f 76/145/1 28/50/1 74/140/1
f 76/146/1 74/143/1 75/142/1
f 77/147/1 75/141/1 25/51/1
f 77/147/1 76/145/1 75/141/1
f 78/148/1 28/50/1 76/145/1
f 78/148/1 76/145/1 77/147/1
f 79/149/1 77/147/1 25/51/1
f 79/150/1 78/151/1 77/152/1
f 80/153/1 28/50/1 78/148/1
f 80/154/1 78/151/1 79/150/1
f 81/155/1 79/149/1 25/51/1
f 81/155/1 80/153/1 79/149/1
f 82/156/1 28/50/1 80/153/1
f 82/156/1 80/153/1 81/155/1
f 83/157/1 81/155/1 25/51/1
f 83/158/1 82/159/1 81/160/1
f 84/161/1 28/50/1 82/156/1
f 84/162/1 82/159/1 83/158/1
f 85/163/1 25/45/1 27/47/1
f 85/164/1 83/157/1 25/51/1
f 85/164/1 84/161/1 83/157/1
f 86/165/1 28/50/1 84/161/1
f 86/165/1 84/161/1 85/164/1
f 86/166/1 26/46/1 28/48/1
f 87/167/1 85/163/1 27/47/1
f 87/167/1 86/166/1 85/163/1
f 88/168/1 26/46/1 86/166/1
f 88/168/1 86/166/1 87/167/1
f 89/169/1 90/170/1 91/171/1
f 92/172/1 93/173/1 90/174/1
f 92/175/1 90/170/1 89/169/1
f 94/176/1 95/177/1 93/178/1
f 94/179/1 93/173/1 92/172/1
f 96/180/1 95/177/1 94/176/1
f 97/181/1 98/182/1 99/183/1
f 100/184/1 101/185/1 98/186/1
f 100/187/1 98/182/1 97/181/1
f 102/188/1 103/189/1 101/190/1
f 102/191/1 101/185/1 100/184/1
f 104/192/1 103/189/1 102/188/1
f 105/193/1 106/194/1 107/195/1
f 108/196/1 109/197/1 106/198/1
f 108/199/1 106/194/1 105/193/1
f 110/200/1 111/201/1 109/202/1
f 110/203/1 109/197/1 108/196/1
f 112/204/1 111/201/1 110/200/1
f 113/205/1 114/206/1 115/207/1
f 113/205/1 116/208/1 117/209/2
f 113/205/1 117/209/2 114/206/1
f 118/210/1 116/208/1 113/205/1
f 119/211/1 120/212/1 121/213/1
f 122/214/1 123/215/1 120/216/1
f 122/217/1 120/212/1 119/211/1
f 124/218/1 125/219/1 123/220/1
f 124/221/1 123/215/1 122/214/1
f 126/222/1 125/219/1 124/218/1
f 127/223/1 128/224/1 129/225/1
f 130/226/1 131/227/1 128/228/1
f 130/229/1 128/224/1 127/223/1
f 132/230/1 133/231/1 131/232/1
f 132/233/1 131/227/1 130/226/1
f 134/234/1 133/231/1 132/230/1
f 135/235/1 136/236/1 137/237/1
f 138/238/1 139/239/1 136/240/1
f 138/241/1 136/236/1 135/235/1
f 140/242/1 141/243/1 139/244/1
f 140/245/1 139/239/1 138/238/1
f 142/246/1 141/243/1 140/242/1
f 143/247/1 144/248/1 145/249/1
f 143/247/1 146/250/1 144/248/1
f 147/251/1 146/250/1 143/247/1
f 148/252/1 149/253/1 150/254/1
f 151/255/1 152/256/1 149/257/1
f 151/258/1 149/253/1 148/252/1
f 153/259/1 154/260/1 152/261/1
f 153/262/1 152/256/1 151/255/1
f 155/263/1 154/260/1 153/259/1
f 156/264/1 157/265/1 158/266/1
f 159/267/1 160/268/1 157/269/1
f 159/270/1 157/265/1 156/264/1
f 161/271/1 162/272/1 160/273/1
f 161/274/1 160/268/1 159/267/1
f 163/275/1 162/272/1 161/271/1
f 164/276/1 165/277/1 166/278/1
f 167/279/1 168/280/1 165/281/1
f 167/282/1 165/277/1 164/276/1
f 169/283/1 170/284/1 168/285/1
f 169/286/1 168/280/1 167/279/1
f 171/287/1 170/284/1 169/283/1
f 172/288/1 173/289/1 174/290/1
f 172/288/1 175/291/1 176/292/2
f 172/288/1 176/292/2 173/289/1
f 177/293/1 175/291/1 172/288/1
f 178/294/1 179/295/1 180/296/1
f 181/297/1 182/298/1 179/299/1
f 181/300/1 179/295/1 178/294/1
f 183/301/1 184/302/1 182/303/1
f 183/304/1 182/298/1 181/297/1
f 185/305/1 184/302/1 183/301/1
f 186/306/1 187/307/1 188/308/1
f 189/309/1 186/306/1 188/308/1
f 190/310/1 186/306/1 189/309/1
f 191/311/1 192/312/1 193/313/1
f 194/314/1 195/315/1 192/316/1
f 194/317/1 192/312/1 191/311/1
f 196/318/1 197/319/1 195/320/1
f 196/321/1 195/315/1 194/314/1
f 198/322/1 197/319/1 196/318/1
f 199/323/1 200/324/1 201/325/1
f 202/326/1 200/324/1 199/323/1
f 203/327/1 204/328/1 205/329/1
f 206/330/1 204/328/1 203/327/1
f 207/331/1 208/332/1 209/333/1
f 210/334/1 211/335/1 208/336/1
f 210/337/1 208/332/1 207/331/1
f 212/338/1 213/339/1 211/340/1
f 212/341/1 211/335/1 210/334/1
f 214/342/1 213/339/1 212/338/1
f 215/343/1 216/344/1 217/345/1
f 218/346/1 216/344/1 215/343/1
f 219/347/1 220/348/1 221/349/1
f 222/350/1 220/348/1 219/347/1
f 223/351/1 224/352/1 225/353/1
f 226/354/1 224/352/1 223/351/1
f 227/355/1 228/356/1 229/357/1
f 230/358/1 228/356/1 227/355/1
f 231/359/1 232/360/1 233/361/1
f 231/359/1 234/362/1 235/363/3
f 231/359/1 235/363/3 232/360/1
f 236/364/1 234/362/1 231/359/1
f 237/365/1 238/366/1 239/367/1
f 240/368/1 238/366/1 237/365/1
f 241/369/1 242/370/1 243/371/1
f 244/372/1 242/370/1 241/369/1
f 245/373/1 246/374/1 247/375/1
f 248/376/1 246/374/1 245/373/1
f 249/377/1 250/378/1 251/379/1
f 252/380/1 250/378/1 249/377/1
f 253/381/1 254/382/1 255/383/1
f 256/384/1 257/385/1 254/386/1
f 256/387/1 254/382/1 253/381/1
f 258/388/1 259/389/1 257/390/1
f 258/391/1 257/385/1 256/384/1
f 260/392/1 259/389/1 258/388/1
f 261/393/1 262/394/1 263/395/1
f 264/396/1 262/394/1 261/393/1
f 265/397/1 266/398/1 267/399/1
f 268/400/1 266/398/1 265/397/1
f 269/401/1 270/402/1 271/403/1
f 272/404/1 270/402/1 269/401/1
f 273/405/1 274/406/1 275/407/1
f 276/408/1 274/406/1 273/405/1
f 277/409/1 278/410/1 279/411/1
f 277/409/1 280/412/1 278/410/1
f 281/413/1 282/414/1 280/415/1
f 281/416/1 280/412/1 277/409/1
f 283/417/1 282/414/1 281/413/1
f 284/418/1 285/419/1 286/420/1
f 287/421/1 285/419/1 284/418/1
f 288/422/1 289/423/1 290/424/1
f 291/425/1 289/423/1 288/422/1
f 292/426/1 293/427/1 294/428/1
f 295/429/1 293/427/1 292/426/1
f 296/430/1 297/431/1 298/432/1
f 299/433/1 297/431/1 296/430/1
f 300/434/1 301/435/1 302/436/1
f 303/437/1 301/435/1 300/434/1
f 304/438/1 305/439/1 306/440/1
f 307/441/1 305/439/1 304/438/1
f 308/442/1 309/443/1 310/444/1
f 311/445/1 312/446/1 309/447/1
f 311/448/1 309/443/1 308/442/1
f 313/449/1 314/450/1 312/451/1
f 313/452/1 312/446/1 311/445/1
f 315/453/1 314/450/1 313/449/1
f 316/454/1 317/455/1 318/456/1
f 319/457/1 317/455/1 316/454/1
f 320/458/1 321/459/1 322/460/1
f 323/461/1 321/459/1 320/458/1
f 324/462/1 325/463/1 326/464/1
f 327/465/1 325/463/1 324/462/1
f 328/466/1 329/467/1 330/468/1
f 331/469/1 329/467/1 328/466/1
f 332/470/1 333/471/1 334/472/1
f 335/473/1 333/471/1 332/470/1
f 336/474/1 337/475/1 338/476/1
f 339/477/1 337/475/1 336/474/1
f 340/478/1 341/479/1 342/480/1
f 343/481/1 341/479/1 340/478/1
f 344/482/1 345/483/1 346/484/1
f 347/485/1 345/483/1 344/482/1
f 348/486/1 349/487/1 350/488/1
f 351/489/1 349/487/1 348/486/1
f 352/490/1 353/491/1 354/492/1
f 355/493/1 353/491/1 352/490/1
f 356/494/1 348/486/1 347/485/1
f 357/495/1 348/486/1 356/494/1
f 358/496/1 359/497/1 360/498/1
f 361/499/1 359/497/1 358/496/1
f 362/500/1 359/497/1 361/499/1
f 363/501/1 357/495/1 356/494/1
f 363/501/1 355/493/1 352/490/1
f 363/501/1 361/499/1 358/496/1
f 363/501/1 358/496/1 357/495/1
f 363/501/1 352/490/1 364/502/1
f 363/501/1 356/494/1 355/493/1
f 365/503/1 361/499/1 363/501/1
f 366/504/1 361/499/1 365/503/1
f 367/505/1 361/499/1 366/504/1
f 368/506/1 361/499/1 367/505/1
f 369/507/1 366/504/1 365/503/1
f 370/508/1 366/504/1 369/507/1
f 371/509/1 372/510/1 368/506/1
f 371/509/1 368/506/1 367/505/1
f 373/511/1 372/510/1 371/509/1
f 374/512/1 375/513/1 376/514/1
f 377/515/1 375/513/1 374/512/1
f 378/516/1 379/517/1 380/518/1
f 381/519/1 378/516/1 380/518/1
f 382/520/1 381/519/1 380/518/1
f 383/521/1 382/520/1 380/518/1
f 384/522/1 383/521/1 380/518/1
f 385/523/1 384/522/1 380/518/1
f 386/524/1 384/522/1 385/523/1
f 387/525/1 388/526/1 389/527/1
f 390/528/1 387/525/1 389/527/1
f 391/529/1 390/528/1 389/527/1
f 392/530/1 391/529/1 389/527/1
f 393/531/1 392/530/1 389/527/1
f 394/532/1 393/531/1 389/527/1
f 395/533/1 393/531/1 394/532/1
f 396/534/1 397/535/1 398/536/1
f 399/537/1 397/535/1 396/534/1
f 400/538/1 401/539/1 402/540/1
f 403/541/1 401/539/1 400/538/1
f 404/542/1 405/543/1 406/544/1
f 407/545/1 405/543/1 404/542/1
f 408/546/1 409/547/1 410/548/1
f 411/549/1 409/547/1 408/546/1
f 412/550/1 413/551/1 414/552/1
f 415/553/1 413/551/1 412/550/1
f 416/554/1 417/555/1 418/556/1
f 419/557/1 417/555/1 416/554/1
f 420/558/1 421/559/1 422/560/1
f 423/561/1 421/559/1 420/558/1
f 424/562/1 425/563/1 426/564/1
f 427/565/1 425/563/1 424/562/1
f 428/566/1 429/567/1 430/568/1
f 431/569/1 429/567/1 428/566/1
f 432/570/1 433/571/1 434/572/1
f 435/573/1 433/571/1 432/570/1
f 436/574/1 437/575/1 438/576/1
f 439/577/1 437/575/1 436/574/1
f 440/578/1 441/579/1 442/580/1
f 443/581/1 441/579/1 440/578/1
f 444/582/1 445/583/1 446/584/1
f 447/585/1 445/583/1 444/582/1
f 448/586/1 449/587/1 450/588/1
f 451/589/1 449/587/1 448/586/1
f 452/590/1 453/591/1 454/592/1
f 455/593/1 453/591/1 452/590/1
f 456/594/1 457/595/1 458/596/1
f 459/597/1 457/595/1 456/594/1
f 460/598/1 461/599/1 462/600/1
f 463/601/1 461/599/1 460/598/1
f 464/602/1 465/603/1 466/604/1
f 467/605/1 465/603/1 464/602/1
f 468/606/1 469/607/1 470/608/1
f 471/609/1 469/607/1 468/606/1
f 472/610/1 473/611/1 474/612/1
f 475/613/1 473/611/1 472/610/1
f 476/614/1 477/615/1 478/616/1
f 479/617/1 477/615/1 476/614/1
f 480/618/1 481/619/1 482/620/1
f 483/621/1 481/619/1 480/618/1
f 484/622/1 485/623/1 486/624/1
f 487/625/1 485/623/1 484/622/1
f 488/626/1 489/627/1 490/628/1
f 491/629/1 489/627/1 488/626/1
f 492/630/1 493/631/1 494/632/1
f 495/633/1 493/631/1 492/630/1
f 496/634/1 497/635/1 498/636/1
f 499/637/1 497/635/1 496/634/1
f 500/638/1 501/639/1 502/640/1
f 503/641/1 501/639/1 500/638/1
f 504/642/1 505/643/1 506/644/1
f 504/642/1 507/645/1 508/646/1
f 504/642/1 508/646/1 505/643/1
f 509/647/1 507/645/1 504/642/1
f 510/648/1 507/645/1 509/647/1
f 511/649/4 512/650/4 513/651/4
f 514/652/4 515/653/4 513/651/4
f 512/650/4 514/652/4 513/651/4
f 513/651/4 515/653/4 516/654/4
f 516/654/4 515/653/4 517/655/4
f 518/656/4 519/657/4 520/658/4
f 520/658/4 519/657/4 521/659/4
f 522/660/4 523/661/4 524/662/4
f 524/662/4 523/661/4 525/663/4
f 526/664/4 527/665/4 528/666/4
f 528/666/4 527/665/4 529/667/4
f 530/668/4 531/669/4 532/670/4
f 532/670/4 531/669/4 533/671/4
f 534/672/4 535/673/4 536/674/4
f 536/674/4 535/673/4 537/675/4
f 538/676/4 539/677/4 540/678/4
f 540/678/4 539/677/4 541/679/4
f 542/680/4 543/681/4 544/682/4
f 544/682/4 543/681/4 545/683/4
f 546/684/4 547/685/4 548/686/4
f 548/686/4 547/685/4 549/687/4
f 550/688/4 551/689/4 552/690/4
f 552/690/4 551/689/4 553/691/4
f 554/692/4 555/693/4 556/694/4
f 556/694/4 555/693/4 557/695/4
f 558/696/4 559/697/4 560/698/4
f 560/698/4 559/697/4 561/699/4
f 562/700/4 563/701/4 564/702/4
f 564/702/4 563/701/4 565/703/4
f 566/704/4 567/705/4 568/706/4
f 568/706/4 567/705/4 569/707/4
f 570/708/4 571/709/4 572/710/4
f 572/710/4 571/709/4 573/711/4
f 574/712/4 575/713/4 576/714/4
f 576/714/4 575/713/4 577/715/4
f 578/716/4 579/717/4 580/718/4
f 580/718/4 579/717/4 581/719/4
f 582/720/4 583/721/4 584/722/4
f 584/722/4 583/721/4 585/723/4
f 586/724/4 587/725/4 588/726/4
f 588/726/4 587/725/4 589/727/4
f 590/728/4 591/729/4 592/730/4
f 592/730/4 591/729/4 593/731/4
f 594/732/4 595/733/4 596/734/4
f 596/734/4 595/733/4 597/735/4
f 598/736/4 599/737/4 600/738/4
f 600/738/4 599/737/4 601/739/4
f 602/740/4 603/741/4 604/742/4
f 604/742/4 603/741/4 605/743/4
f 606/744/4 607/745/4 608/746/4
f 608/746/4 607/745/4 609/747/4
f 610/748/4 611/749/4 612/750/4
f 612/750/4 611/749/4 613/751/4
f 614/752/4 615/753/4 616/754/4
f 616/754/4 615/753/4 617/755/4
f 618/756/4 619/757/4 620/758/4
f 620/758/4 619/757/4 621/759/4
f 622/760/4 623/761/4 624/762/4
f 624/762/4 623/761/4 625/763/4
f 626/764/4 627/765/4 628/766/4
f 628/766/4 627/765/4 629/767/4
f 630/768/4 631/769/4 632/770/4
f 632/770/4 631/769/4 633/771/4
f 634/772/4 635/773/4 636/774/4
f 636/774/4 635/773/4 637/775/4
f 629/767/4 632/770/4 638/776/4
f 638/776/4 632/770/4 639/777/4
f 640/778/4 641/779/4 642/780/4
f 642/780/4 641/779/4 643/781/4
f 643/781/4 641/779/4 644/782/4
f 638/776/4 639/777/4 645/783/4
f 636/774/4 637/775/4 645/783/4
f 642/780/4 643/781/4 645/783/4
f 639/777/4 642/780/4 645/783/4
f 646/784/4 636/774/4 645/783/4
f 637/775/4 638/776/4 645/783/4
f 645/783/4 643/781/4 647/785/4
f 647/785/4 643/781/4 648/786/4
f 648/786/4 643/781/4 649/787/4
f 649/787/4 643/781/4 650/788/4
f 647/785/4 648/786/4 651/789/4
f 651/789/4 648/786/4 652/790/4
f 650/788/4 653/791/4 654/792/4
f 649/787/4 650/788/4 654/792/4
f 654/792/4 653/791/4 655/793/4
f 656/794/4 657/795/4 658/796/4
f 658/796/4 657/795/4 659/797/4
f 660/798/4 661/799/4 662/800/4
f 660/798/4 662/800/4 663/801/4
f 660/798/4 663/801/4 664/802/4
f 660/798/4 664/802/4 665/803/4
f 660/798/4 665/803/4 666/804/4
f 660/798/4 666/804/4 667/805/4
f 667/805/4 666/804/4 668/806/4
f 669/807/4 670/808/4 671/809/4
f 669/807/4 671/809/4 672/810/4
f 669/807/4 672/810/4 673/811/4
f 669/807/4 673/811/4 674/812/4
f 669/807/4 674/812/4 675/813/4
f 669/807/4 675/813/4 676/814/4
f 676/814/4 675/813/4 677/815/4
f 678/816/4 679/817/4 680/818/4
f 680/818/4 679/817/4 681/819/4
f 682/820/4 683/821/4 684/822/4
f 683/823/4 685/824/4 686/825/4
f 684/822/4 683/821/4 686/826/4
f 685/827/4 687/828/4 688/829/4
f 686/825/4 685/824/4 688/830/4
f 688/829/4 687/828/4 689/831/4
f 690/832/4 691/833/4 692/834/4
f 692/834/4 691/833/4 693/835/4
f 694/836/4 695/837/4 696/838/4
f 696/838/4 695/837/4 697/839/4
f 698/840/4 699/841/4 700/842/4
f 700/842/4 699/841/4 701/843/4
f 702/844/4 703/845/4 704/846/4
f 704/846/4 703/845/4 705/847/4
f 706/848/4 707/849/4 708/850/4
f 707/851/4 709/852/4 710/853/4
f 708/850/4 707/849/4 710/854/4
f 709/855/4 711/856/4 712/857/4
f 710/853/4 709/852/4 712/858/4
f 712/857/4 711/856/4 713/859/4
f 714/860/4 715/861/4 716/862/4
f 716/862/4 715/861/4 717/863/4
f 718/864/4 719/865/4 720/866/4
f 720/866/4 719/865/4 721/867/4
f 722/868/4 723/869/4 724/870/4
f 724/870/4 723/869/4 725/871/4
f 726/872/4 727/873/4 728/874/4
f 728/874/4 727/873/4 729/875/4
f 730/876/4 731/877/4 732/878/4
f 731/879/4 733/880/4 734/881/4
f 732/878/4 731/877/4 734/882/4
f 733/883/4 735/884/4 736/885/4
f 734/881/4 733/880/4 736/886/4
f 736/885/4 735/884/4 737/887/4
f 738/888/4 739/889/4 740/890/4
f 740/890/4 739/889/4 741/891/4
f 742/892/4 743/893/4 744/894/4
f 744/894/4 743/893/4 745/895/4
f 746/896/4 747/897/4 748/898/4
f 748/898/4 747/897/4 749/899/4
f 750/900/4 751/901/4 752/902/4
f 752/902/4 751/901/4 753/903/4
f 754/904/4 755/905/4 756/906/4
f 756/906/4 755/905/4 757/907/4
f 758/908/4 759/909/4 760/910/4
f 760/910/4 759/909/4 761/911/4
f 762/912/4 763/913/4 764/914/4
f 765/915/5 766/916/4 764/914/4
f 763/913/4 765/915/5 764/914/4
f 764/914/4 766/916/4 767/917/4
f 768/918/4 769/919/4 770/920/4
f 770/920/4 769/919/4 771/921/4
f 772/922/4 773/923/4 774/924/4
f 774/924/4 773/923/4 775/925/4
f 776/926/4 777/927/4 778/928/4
f 778/928/4 777/927/4 779/929/4
f 780/930/4 781/931/4 782/932/4
f 782/932/4 781/931/4 783/933/4
f 784/934/4 785/935/4 786/936/4
f 785/937/4 787/938/4 788/939/4
f 786/936/4 785/935/4 788/940/4
f 787/941/4 789/942/4 790/943/4
f 788/939/4 787/938/4 790/944/4
f 790/943/4 789/942/4 791/945/4
f 792/946/4 793/947/4 794/948/4
f 794/948/4 793/947/4 795/949/4
f 796/950/4 797/951/4 798/952/4
f 798/952/4 797/951/4 799/953/4
f 800/954/4 801/955/4 802/956/4
f 802/956/4 801/955/4 803/957/4
f 804/958/4 805/959/4 806/960/4
f 806/960/4 805/959/4 807/961/4
f 808/962/4 809/963/4 810/964/4
f 809/965/4 811/966/4 812/967/4
f 810/964/4 809/963/4 812/968/4
f 811/969/4 813/970/4 814/971/4
f 812/967/4 811/966/4 814/972/4
f 814/971/4 813/970/4 815/973/4
f 816/974/4 817/975/4 818/976/4
f 818/976/4 817/975/4 819/977/4
f 820/978/4 821/979/4 822/980/4
f 822/980/4 821/979/4 823/981/4
f 824/982/4 825/983/4 826/984/4
f 826/984/4 825/983/4 827/985/4
f 828/986/4 829/987/4 830/988/4
f 830/988/4 829/987/4 831/989/4
f 832/990/4 833/991/4 834/992/4
f 833/993/4 835/994/4 836/995/4
f 834/992/4 833/991/4 836/996/4
f 835/997/4 837/998/4 838/999/4
f 836/995/4 835/994/4 838/1000/4
f 838/999/4 837/998/4 839/1001/4
f 840/1002/4 841/1003/4 842/1004/4
f 840/1002/4 842/1004/4 843/1005/4
f 843/1005/4 842/1004/4 844/1006/4
f 845/1007/4 846/1008/4 847/1009/4
f 848/1010/4 849/1011/4 847/1009/4
f 846/1008/4 848/1010/4 847/1009/4
f 847/1009/4 849/1011/4 850/1012/4
f 851/1013/4 852/1014/4 853/1015/4
f 852/1016/4 854/1017/4 855/1018/4
f 853/1015/4 852/1014/4 855/1019/4
f 854/1020/4 856/1021/4 857/1022/4
f 855/1018/4 854/1017/4 857/1023/4
f 857/1022/4 856/1021/4 858/1024/4
f 859/1025/4 860/1026/4 861/1027/4
f 860/1028/4 862/1029/4 863/1030/4
f 861/1027/4 860/1026/4 863/1031/4
f 862/1032/4 864/1033/4 865/1034/4
f 863/1030/4 862/1029/4 865/1035/4
f 865/1034/4 864/1033/4 866/1036/4
f 867/1037/4 868/1038/4 869/1039/4
f 868/1040/4 870/1041/4 871/1042/4
f 869/1039/4 868/1038/4 871/1043/4
f 870/1044/4 872/1045/4 873/1046/4
f 871/1042/4 870/1041/4 873/1047/4
f 873/1046/4 872/1045/4 874/1048/4
f 875/1049/4 876/1050/4 877/1051/4
f 878/1052/4 879/1053/4 877/1051/4
f 876/1050/4 878/1052/4 877/1051/4
f 877/1051/4 879/1053/4 880/1054/4
f 881/1055/4 882/1056/4 883/1057/4
f 882/1058/4 884/1059/4 885/1060/4
f 883/1057/4 882/1056/4 885/1061/4
f 884/1062/4 886/1063/4 887/1064/4
f 885/1060/4 884/1059/4 887/1065/4
f 887/1064/4 886/1063/4 888/1066/4
f 889/1067/4 890/1068/4 891/1069/4
f 890/1070/4 892/1071/4 893/1072/4
f 891/1069/4 890/1068/4 893/1073/4
f 892/1074/4 894/1075/4 895/1076/4
f 893/1072/4 892/1071/4 895/1077/4
f 895/1076/4 894/1075/4 896/1078/4
f 897/1079/4 898/1080/4 899/1081/4
f 898/1082/4 900/1083/4 901/1084/4
f 899/1081/4 898/1080/4 901/1085/4
f 900/1086/4 902/1087/4 903/1088/4
f 901/1084/4 900/1083/4 903/1089/4
f 903/1088/4 902/1087/4 904/1090/4
f 905/1091/4 906/1092/4 907/1093/4
f 908/1094/4 909/1095/4 907/1093/4
f 906/1092/4 908/1094/4 907/1093/4
f 907/1093/4 909/1095/4 910/1096/4
f 911/1097/4 912/1098/4 913/1099/4
f 912/1100/4 914/1101/4 915/1102/4
f 913/1099/4 912/1098/4 915/1103/4
f 914/1104/4 916/1105/4 917/1106/4
f 915/1102/4 914/1101/4 917/1107/4
f 917/1106/4 916/1105/4 918/1108/4
f 919/1109/4 920/1110/4 921/1111/4
f 920/1112/4 922/1113/4 923/1114/4
f 921/1111/4 920/1110/4 923/1115/4
f 922/1116/4 924/1117/4 925/1118/4
f 923/1114/4 922/1113/4 925/1119/4
f 925/1118/4 924/1117/4 926/1120/4
f 927/1121/4 928/1122/4 929/1123/4
f 928/1124/4 930/1125/4 931/1126/4
f 929/1123/4 928/1122/4 931/1127/4
f 930/1128/4 932/1129/4 933/1130/4
f 931/1126/4 930/1125/4 933/1131/4
f 933/1130/4 932/1129/4 934/1132/4
f 935/1133/4 936/1134/4 937/1135/4
f 937/1135/4 936/1134/4 938/1136/4
f 937/1137/4 938/1138/4 939/1139/4
f 939/1139/4 938/1138/4 940/1140/4
f 937/1137/4 939/1139/4 941/1141/4
f 939/1142/4 940/1143/4 941/1144/4
f 940/1140/4 938/1138/4 942/1145/4
f 941/1144/4 940/1143/4 942/1146/4
f 937/1137/4 941/1141/4 943/1147/4
f 941/1141/4 942/1145/4 943/1147/4
f 942/1145/4 938/1138/4 944/1148/4
f 943/1147/4 942/1145/4 944/1148/4
f 937/1137/4 943/1147/4 945/1149/4
f 943/1150/4 944/1151/4 945/1152/4
f 944/1148/4 938/1138/4 946/1153/4
f 945/1152/4 944/1151/4 946/1154/4
f 937/1137/4 945/1149/4 947/1155/4
f 945/1149/4 946/1153/4 947/1155/4
f 946/1153/4 938/1138/4 948/1156/4
f 947/1155/4 946/1153/4 948/1156/4
f 937/1137/4 947/1155/4 949/1157/4
f 947/1158/4 948/1159/4 949/1160/4
f 948/1156/4 938/1138/4 950/1161/4
f 949/1160/4 948/1159/4 950/1162/4
f 937/1137/4 949/1157/4 951/1163/4
f 949/1157/4 950/1161/4 951/1163/4
f 950/1161/4 938/1138/4 952/1164/4
f 951/1163/4 950/1161/4 952/1164/4
f 937/1137/4 951/1163/4 953/1165/4
f 951/1166/4 952/1167/4 953/1168/4
f 952/1164/4 938/1138/4 954/1169/4
f 953/1168/4 952/1167/4 954/1170/4
f 937/1137/4 953/1165/4 955/1171/4
f 953/1165/4 954/1169/4 955/1171/4
f 954/1169/4 938/1138/4 956/1172/4
f 955/1171/4 954/1169/4 956/1172/4
f 937/1137/4 955/1171/4 957/1173/4
f 955/1174/4 956/1175/4 957/1176/4
f 956/1172/4 938/1138/4 958/1177/4
f 957/1176/4 956/1175/4 958/1178/4
f 937/1137/4 957/1173/4 959/1179/4
f 957/1173/4 958/1177/4 959/1179/4
f 958/1177/4 938/1138/4 960/1180/4
f 959/1179/4 958/1177/4 960/1180/4
f 937/1137/4 959/1179/4 961/1181/4
f 959/1182/4 960/1183/4 961/1184/4
f 960/1180/4 938/1138/4 962/1185/4
f 961/1184/4 960/1183/4 962/1186/4
f 937/1137/4 961/1181/4 963/1187/4
f 961/1181/4 962/1185/4 963/1187/4
f 962/1185/4 938/1138/4 964/1188/4
f 963/1187/4 962/1185/4 964/1188/4
f 937/1137/4 963/1187/4 965/1189/4
f 963/1190/4 964/1191/4 965/1192/4
f 964/1188/4 938/1138/4 966/1193/4
f 965/1192/4 964/1191/4 966/1194/4
f 937/1137/4 965/1189/4 967/1195/4
f 965/1189/4 966/1193/4 967/1195/4
f 966/1193/4 938/1138/4 968/1196/4
f 967/1195/4 966/1193/4 968/1196/4
f 937/1137/4 967/1195/4 969/1197/4
f 967/1198/4 968/1199/4 969/1200/4
f 968/1196/4 938/1138/4 970/1201/4
f 969/1200/4 968/1199/4 970/1202/4
f 937/1137/4 969/1197/4 971/1203/4
f 969/1197/4 970/1201/4 971/1203/4
f 970/1201/4 938/1138/4 972/1204/4
f 971/1203/4 970/1201/4 972/1204/4
f 937/1137/4 971/1203/4 973/1205/4
f 971/1206/4 972/1207/4 973/1208/4
f 972/1204/4 938/1138/4 974/1209/4
f 973/1208/4 972/1207/4 974/1210/4
f 937/1137/4 973/1205/4 975/1211/4
f 973/1205/4 974/1209/4 975/1211/4
f 974/1209/4 938/1138/4 976/1212/4
f 975/1211/4 974/1209/4 976/1212/4
f 937/1137/4 975/1211/4 977/1213/4
f 975/1214/4 976/1215/4 977/1216/4
f 976/1212/4 938/1138/4 978/1217/4
f 977/1216/4 976/1215/4 978/1218/4
f 937/1137/4 977/1213/4 979/1219/4
f 977/1213/4 978/1217/4 979/1219/4
f 978/1217/4 938/1138/4 980/1220/4
f 979/1219/4 978/1217/4 980/1220/4
f 937/1137/4 979/1219/4 981/1221/4
f 979/1222/4 980/1223/4 981/1224/4
f 980/1220/4 938/1138/4 982/1225/4
f 981/1224/4 980/1223/4 982/1226/4
f 937/1137/4 981/1221/4 983/1227/4
f 981/1221/4 982/1225/4 983/1227/4
f 982/1225/4 938/1138/4 984/1228/4
f 983/1227/4 982/1225/4 984/1228/4
f 937/1137/4 983/1227/4 985/1229/4
f 983/1230/4 984/1231/4 985/1232/4
f 984/1228/4 938/1138/4 986/1233/4
f 985/1232/4 984/1231/4 986/1234/4
f 937/1137/4 985/1229/4 987/1235/4
f 985/1229/4 986/1233/4 987/1235/4
f 986/1233/4 938/1138/4 988/1236/4
f 987/1235/4 986/1233/4 988/1236/4
f 937/1137/4 987/1235/4 989/1237/4
f 987/1238/4 988/1239/4 989/1240/4
f 988/1236/4 938/1138/4 990/1241/4
f 989/1240/4 988/1239/4 990/1242/4
f 937/1137/4 989/1237/4 991/1243/4
f 989/1237/4 990/1241/4 991/1243/4
f 990/1241/4 938/1138/4 992/1244/4
f 991/1243/4 990/1241/4 992/1244/4
f 937/1137/4 991/1243/4 993/1245/4
f 991/1246/4 992/1247/4 993/1248/4
f 992/1244/4 938/1138/4 994/1249/4
f 993/1248/4 992/1247/4 994/1250/4
f 935/1133/4 937/1135/4 995/1251/4
f 937/1137/4 993/1245/4 995/1252/4
f 993/1245/4 994/1249/4 995/1252/4
f 994/1249/4 938/1138/4 996/1253/4
f 995/1252/4 994/1249/4 996/1253/4
f 938/1136/4 936/1134/4 996/1254/4
f 935/1133/4 995/1251/4 997/1255/4
f 995/1251/4 996/1254/4 997/1255/4
f 996/1254/4 936/1134/4 998/1256/4
f 997/1255/4 996/1254/4 998/1256/4
f 999/1257/4 1000/1258/4 1001/1259/4
f 1001/1259/4 1000/1258/4 1002/1260/4
f 999/1257/4 1001/1259/4 1003/1261/4
f 1001/1262/4 1002/1263/4 1003/1264/4
f 1002/1260/4 1000/1258/4 1004/1265/4
f 1003/1264/4 1002/1263/4 1004/1266/4
f 999/1257/4 1003/1261/4 1005/1267/4
f 1003/1261/4 1004/1265/4 1005/1267/4
f 1004/1265/4 1000/1258/4 1006/1268/4
f 1005/1267/4 1004/1265/4 1006/1268/4
f 999/1257/4 1005/1267/4 1007/1269/4
f 1005/1270/4 1006/1271/4 1007/1272/4
f 1006/1268/4 1000/1258/4 1008/1273/4
f 1007/1272/4 1006/1271/4 1008/1274/4
f 999/1257/4 1007/1269/4 1009/1275/4
f 1007/1269/4 1008/1273/4 1009/1275/4
f 1008/1273/4 1000/1258/4 1010/1276/4
f 1009/1275/4 1008/1273/4 1010/1276/4
f 999/1257/4 1009/1275/4 1011/1277/4
f 1009/1278/4 1010/1279/4 1011/1280/4
f 1010/1276/4 1000/1258/4 1012/1281/4
f 1011/1280/4 1010/1279/4 1012/1282/4
f 999/1257/4 1011/1277/4 1013/1283/4
f 1011/1277/4 1012/1281/4 1013/1283/4
f 1012/1281/4 1000/1258/4 1014/1284/4
f 1013/1283/4 1012/1281/4 1014/1284/4
f 999/1257/4 1013/1283/4 1015/1285/4
f 1013/1286/4 1014/1287/4 1015/1288/4
f 1014/1284/4 1000/1258/4 1016/1289/4
f 1015/1288/4 1014/1287/4 1016/1290/4
f 999/1257/4 1015/1285/4 1017/1291/4
f 1015/1285/4 1016/1289/4 1017/1291/4
f 1016/1289/4 1000/1258/4 1018/1292/4
f 1017/1291/4 1016/1289/4 1018/1292/4
f 999/1257/4 1017/1291/4 1019/1293/4
f 1017/1294/4 1018/1295/4 1019/1296/4
f 1018/1292/4 1000/1258/4 1020/1297/4
f 1019/1296/4 1018/1295/4 1020/1298/4
f 999/1257/4 1019/1293/4 1021/1299/4
f 1019/1293/4 1020/1297/4 1021/1299/4
f 1020/1297/4 1000/1258/4 1022/1300/4
f 1021/1299/4 1020/1297/4 1022/1300/4
f 1023/1301/6 1024/1302/6 1025/1303/6
f 1026/1304/6 1024/1302/6 1023/1301/6
f 1027/1305/6 1023/1301/6 1025/1303/6
f 1028/1306/6 1024/1302/6 1026/1304/6
f 1029/1307/6 1030/1308/6 1027/1305/6
f 1029/1307/6 1027/1305/6 1025/1303/6
f 1031/1309/6 1030/1308/6 1029/1307/6
f 1032/1310/6 1030/1308/6 1031/1309/6
f 1033/1311/6 1028/1306/6 1034/1312/6
f 1035/1313/6 1024/1302/6 1028/1306/6
f 1035/1313/6 1028/1306/6 1033/1311/6
f 1036/1314/6 1024/1302/6 1035/1313/6
f 1037/1315/6 1038/1316/6 1032/1310/6
f 1037/1315/6 1032/1310/6 1031/1309/6
f 1039/1317/6 1038/1316/6 1037/1315/6
f 1040/1318/6 1038/1316/6 1039/1317/6
f 1041/1319/6 1033/1311/6 1042/1320/6
f 1041/1319/6 1035/1313/6 1033/1311/6
f 1043/1321/6 1035/1313/6 1041/1319/6
f 1044/1322/6 1035/1313/6 1043/1321/6
f 1045/1323/6 1046/1324/6 1040/1318/6
f 1045/1323/6 1040/1318/6 1039/1317/6
f 1047/1325/6 1046/1324/6 1045/1323/6
f 1048/1326/6 1046/1324/6 1047/1325/6
f 1049/1327/6 1043/1321/6 1041/1319/6
f 1049/1327/6 1041/1319/6 1050/1328/6
f 1051/1329/6 1043/1321/6 1049/1327/6
f 1052/1330/6 1043/1321/6 1051/1329/6
f 1053/1331/6 1054/1332/6 1048/1326/6
f 1053/1331/6 1048/1326/6 1047/1325/6
f 1055/1333/6 1054/1332/6 1053/1331/6
f 1056/1334/6 1054/1332/6 1055/1333/6
f 1057/1335/6 1051/1329/6 1049/1327/6
f 1057/1335/6 1049/1327/6 1058/1336/6
f 1059/1337/6 1051/1329/6 1057/1335/6
f 1060/1338/6 1051/1329/6 1059/1337/6
f 1061/1339/6 1062/1340/6 1056/1334/6
f 1061/1339/6 1056/1334/6 1055/1333/6
f 1063/1341/6 1062/1340/6 1061/1339/6
f 1064/1342/6 1062/1340/6 1063/1341/6
f 1065/1343/6 1059/1337/6 1057/1335/6
f 1065/1343/6 1057/1335/6 1066/1344/6
f 1067/1345/6 1059/1337/6 1065/1343/6
f 1068/1346/6 1059/1337/6 1067/1345/6
f 1069/1347/6 1070/1348/6 1064/1342/6
f 1069/1347/6 1064/1342/6 1063/1341/6
f 1071/1349/6 1070/1348/6 1069/1347/6
f 1072/1350/6 1070/1348/6 1071/1349/6
f 1073/1351/6 1067/1345/6 1065/1343/6
f 1073/1351/6 1065/1343/6 1074/1352/6
f 1075/1353/6 1067/1345/6 1073/1351/6
f 1076/1354/6 1067/1345/6 1075/1353/6
f 1077/1355/6 1078/1356/6 1072/1350/6
f 1077/1355/6 1072/1350/6 1071/1349/6
f 1079/1357/6 1078/1356/6 1077/1355/6
f 1080/1358/6 1078/1356/6 1079/1357/6
f 1081/1359/6 1075/1353/6 1073/1351/6
f 1081/1359/6 1073/1351/6 1082/1360/6
f 1083/1361/6 1075/1353/6 1081/1359/6
f 1084/1362/6 1075/1353/6 1083/1361/6
f 1085/1363/6 1086/1364/6 1080/1358/6
f 1085/1363/6 1080/1358/6 1079/1357/6
f 1087/1365/6 1086/1364/6 1085/1363/6
f 1088/1366/6 1086/1364/6 1087/1365/6
f 1089/1367/6 1083/1361/6 1081/1359/6
f 1089/1367/6 1081/1359/6 1090/1368/6
f 1091/1369/6 1083/1361/6 1089/1367/6
f 1092/1370/6 1083/1361/6 1091/1369/6
f 1093/1371/6 1094/1372/6 1095/1373/6
f 1096/1374/6 1094/1372/6 1093/1371/6
f 1097/1375/6 1098/1376/6 1088/1366/6
f 1097/1375/6 1088/1366/6 1087/1365/6
f 1099/1377/6 1098/1376/6 1097/1375/6
f 1100/1378/6 1098/1376/6 1099/1377/6
f 1101/1379/6 1091/1369/6 1089/1367/6
f 1101/1379/6 1089/1367/6 1102/1380/6
f 1103/1381/6 1091/1369/6 1101/1379/6
f 1104/1382/6 1091/1369/6 1103/1381/6
f 1105/1383/6 1106/1384/6 1100/1378/6
f 1105/1383/6 1100/1378/6 1099/1377/6
f 1107/1385/6 1106/1384/6 1105/1383/6
f 1108/1386/6 1106/1384/6 1107/1385/6
f 1109/1387/6 1103/1381/6 1101/1379/6
f 1109/1387/6 1101/1379/6 1110/1388/6
f 1111/1389/6 1103/1381/6 1109/1387/6
f 1112/1390/6 1103/1381/6 1111/1389/6
f 1113/1391/6 1114/1392/6 1108/1386/6
f 1113/1391/6 1108/1386/6 1107/1385/6
f 1115/1393/6 1114/1392/6 1113/1391/6
f 1116/1394/6 1114/1392/6 1115/1393/6
f 1117/1395/6 1111/1389/6 1109/1387/6
f 1117/1395/6 1109/1387/6 1118/1396/6
f 1119/1397/6 1111/1389/6 1117/1395/6
f 1120/1398/6 1111/1389/6 1119/1397/6
f 1121/1399/6 1122/1400/6 1116/1394/6
f 1121/1399/6 1116/1394/6 1115/1393/6
f 1123/1401/6 1122/1400/6 1121/1399/6
f 1124/1402/6 1122/1400/6 1123/1401/6
f 1125/1403/6 1119/1397/6 1117/1395/6
f 1125/1403/6 1117/1395/6 1126/1404/6
f 1127/1405/6 1119/1397/6 1125/1403/6
f 1128/1406/6 1119/1397/6 1127/1405/6
f 1129/1407/6 1130/1408/6 1131/1409/6
f 1132/1410/6 1130/1408/6 1129/1407/6
f 1133/1411/6 1029/1307/6 1025/1303/6
f 1134/1412/6 1124/1402/6 1123/1401/6
f 1134/1412/6 1127/1405/6 1125/1403/6
f 1134/1412/6 1125/1403/6 1124/1402/6
f 1135/1413/6 1127/1405/6 1134/1412/6
f 1136/1414/6 1024/1302/6 1036/1314/6
f 1137/1415/6 1135/1413/6 1134/1412/6
f 1137/1415/6 1136/1414/6 1135/1413/6
f 1137/1415/6 1133/1411/6 1025/1303/6
f 1137/1415/6 1134/1412/6 1133/1411/6
f 1138/1416/6 1136/1414/6 1137/1415/6
f 1139/1417/6 1136/1414/6 1138/1416/6
f 1140/1418/6 1024/1302/6 1136/1414/6
f 1140/1418/6 1136/1414/6 1139/1417/6
f 1141/1419/6 1139/1417/6 1138/1416/6
f 1142/1420/6 1139/1417/6 1141/1419/6
f 1143/1421/6 1139/1417/6 1142/1420/6
f 1144/1422/6 1139/1417/6 1143/1421/6
f 1145/1423/6 1141/1419/6 1146/1424/6
f 1145/1423/6 1142/1420/6 1141/1419/6
f 1147/1425/6 1142/1420/6 1145/1423/6
f 1148/1426/6 1142/1420/6 1147/1425/6
f 1149/1427/6 1144/1422/6 1143/1421/6
f 1149/1427/6 1150/1428/6 1144/1422/6
f 1151/1429/6 1150/1428/6 1149/1427/6
f 1152/1430/6 1150/1428/6 1151/1429/6
f 1153/1431/6 1147/1425/6 1145/1423/6
f 1153/1431/6 1145/1423/6 1154/1432/6
f 1155/1433/6 1147/1425/6 1153/1431/6
f 1156/1434/6 1147/1425/6 1155/1433/6
f 1157/1435/6 1158/1436/6 1152/1430/6
f 1157/1435/6 1152/1430/6 1151/1429/6
f 1159/1437/6 1158/1436/6 1157/1435/6
f 1160/1438/6 1158/1436/6 1159/1437/6
f 1161/1439/6 1155/1433/6 1153/1431/6
f 1161/1439/6 1153/1431/6 1162/1440/6
f 1163/1441/6 1155/1433/6 1161/1439/6
f 1164/1442/6 1155/1433/6 1163/1441/6
f 1165/1443/6 1166/1444/6 1160/1438/6
f 1165/1443/6 1160/1438/6 1159/1437/6
f 1167/1445/6 1166/1444/6 1165/1443/6
f 1168/1446/6 1166/1444/6 1167/1445/6
f 1169/1447/6 1163/1441/6 1161/1439/6
f 1169/1447/6 1161/1439/6 1170/1448/6
f 1171/1449/6 1163/1441/6 1169/1447/6
f 1172/1450/6 1163/1441/6 1171/1449/6
f 1173/1451/6 1174/1452/6 1168/1446/6
f 1173/1451/6 1168/1446/6 1167/1445/6
f 1175/1453/6 1174/1452/6 1173/1451/6
f 1176/1454/6 1174/1452/6 1175/1453/6
f 1177/1455/6 1093/1371/6 1095/1373/6
f 1178/1456/6 1094/1372/6 1096/1374/6
f 1179/1457/6 1171/1449/6 1169/1447/6
f 1179/1457/6 1169/1447/6 1180/1458/6
f 1181/1459/6 1171/1449/6 1179/1457/6
f 1182/1460/6 1171/1449/6 1181/1459/6
f 1183/1461/6 1184/1462/6 1176/1454/6
f 1183/1461/6 1176/1454/6 1175/1453/6
f 1185/1463/6 1184/1462/6 1183/1461/6
f 1186/1464/6 1184/1462/6 1185/1463/6
f 1187/1465/6 1177/1455/6 1095/1373/6
f 1187/1465/6 1178/1456/6 1177/1455/6
f 1188/1466/6 1094/1372/6 1178/1456/6
f 1188/1466/6 1178/1456/6 1187/1465/6
f 1189/1467/6 1181/1459/6 1179/1457/6
f 1189/1467/6 1179/1457/6 1190/1468/6
f 1191/1469/6 1181/1459/6 1189/1467/6
f 1192/1470/6 1181/1459/6 1191/1469/6
f 1193/1471/6 1194/1472/6 1186/1464/6
f 1193/1471/6 1186/1464/6 1185/1463/6
f 1195/1473/6 1194/1472/6 1193/1471/6
f 1196/1474/6 1194/1472/6 1195/1473/6
f 1197/1475/6 1191/1469/6 1189/1467/6
f 1197/1475/6 1189/1467/6 1198/1476/6
f 1199/1477/6 1191/1469/6 1197/1475/6
f 1200/1478/6 1191/1469/6 1199/1477/6
f 1201/1479/6 1202/1480/6 1196/1474/6
f 1201/1479/6 1196/1474/6 1195/1473/6
f 1203/1481/6 1202/1480/6 1201/1479/6
f 1204/1482/6 1202/1480/6 1203/1481/6
f 1205/1483/6 1199/1477/6 1197/1475/6
f 1205/1483/6 1197/1475/6 1206/1484/6
f 1207/1485/6 1199/1477/6 1205/1483/6
f 1208/1486/6 1199/1477/6 1207/1485/6
f 1209/1487/6 1210/1488/6 1204/1482/6
f 1209/1487/6 1204/1482/6 1203/1481/6
f 1211/1489/6 1210/1488/6 1209/1487/6
f 1212/1490/6 1210/1488/6 1211/1489/6
f 1213/1491/6 1207/1485/6 1205/1483/6
f 1213/1491/6 1205/1483/6 1214/1492/6
f 1215/1493/6 1207/1485/6 1213/1491/6
f 1216/1494/6 1207/1485/6 1215/1493/6
f 1217/1495/6 1218/1496/6 1212/1490/6
f 1217/1495/6 1212/1490/6 1211/1489/6
f 1219/1497/6 1218/1496/6 1217/1495/6
f 1220/1498/6 1218/1496/6 1219/1497/6
f 1221/1499/6 1215/1493/6 1213/1491/6
f 1221/1499/6 1213/1491/6 1222/1500/6
f 1223/1501/6 1215/1493/6 1221/1499/6
f 1224/1502/6 1215/1493/6 1223/1501/6
f 1225/1503/6 1226/1504/6 1220/1498/6
f 1225/1503/6 1220/1498/6 1219/1497/6
f 1227/1505/6 1226/1504/6 1225/1503/6
f 1228/1506/6 1226/1504/6 1227/1505/6
f 1229/1507/6 1137/1415/6 1025/1303/6
f 1230/1508/6 1223/1501/6 1221/1499/6
f 1230/1508/6 1221/1499/6 1231/1509/6
f 1232/1510/6 1223/1501/6 1230/1508/6
f 1233/1511/6 1223/1501/6 1232/1510/6
f 1234/1512/6 1235/1513/6 1228/1506/6
f 1234/1512/6 1228/1506/6 1227/1505/6
f 1236/1514/6 1235/1513/6 1234/1512/6
f 1237/1515/6 1235/1513/6 1236/1514/6
f 1238/1516/6 1024/1302/6 1140/1418/6
f 1239/1517/6 1232/1510/6 1230/1508/6
f 1239/1517/6 1230/1508/6 1229/1507/6
f 1240/1518/6 1232/1510/6 1239/1517/6
f 1241/1519/6 1237/1515/6 1236/1514/6
f 1241/1519/6 1238/1516/6 1237/1515/6
f 1242/1520/6 1238/1516/6 1241/1519/6
f 1243/1521/6 1239/1517/6 1229/1507/6
f 1244/1522/6 1238/1516/6 1242/1520/6
f 1245/1523/6 1243/1521/6 1229/1507/6
f 1245/1523/6 1244/1522/6 1243/1521/6
f 1245/1523/6 1229/1507/6 1025/1303/6
f 1246/1524/6 1238/1516/6 1244/1522/6
f 1246/1524/6 1244/1522/6 1245/1523/6
f 1246/1524/6 1024/1302/6 1238/1516/6
f 1247/1525/6 1248/1526/6 1249/1527/6
f 1250/1528/6 1248/1526/6 1247/1525/6
f 1251/1529/6 1247/1530/6 1252/1531/6
f 1251/1529/6 1250/1532/6 1247/1530/6
f 1253/1533/6 1250/1532/6 1251/1529/6
f 1254/1534/6 1250/1532/6 1253/1533/6
f 1255/1535/6 1250/1532/6 1254/1534/6
f 1256/1536/6 1248/1526/6 1250/1528/6
f 1256/1537/6 1250/1532/6 1255/1535/6
f 1257/1538/6 1248/1526/6 1256/1536/6
f 1258/1539/6 1257/1540/6 1256/1541/6
f 1258/1542/6 1259/1543/6 1257/1538/6
f 1260/1544/6 1259/1543/6 1258/1542/6
f 1261/1545/6 1253/1546/6 1251/1547/6
f 1261/1548/6 1254/1549/6 1253/1550/6
f 1262/1551/6 1255/1552/6 1254/1553/6
f 1262/1554/6 1254/1549/6 1261/1548/6
f 1263/1555/6 1261/1545/6 1251/1547/6
f 1263/1555/6 1262/1551/6 1261/1545/6
f 1264/1556/6 1255/1552/6 1262/1551/6
f 1264/1556/6 1262/1551/6 1263/1555/6
f 1265/1557/6 1260/1558/6 1258/1539/6
f 1265/1557/6 1258/1539/6 1256/1541/6
f 1266/1559/6 1267/1560/6 1260/1544/6
f 1266/1561/6 1260/1558/6 1265/1557/6
f 1268/1562/6 1267/1560/6 1266/1559/6
f 1269/1563/6 1266/1564/6 1265/1565/6
f 1269/1566/6 1268/1567/6 1266/1561/6
f 1270/1568/6 1271/1569/6 1268/1562/6
f 1270/1570/6 1268/1567/6 1269/1566/6
f 1272/1571/6 1271/1569/6 1270/1568/6
f 1273/1572/6 1263/1555/6 1251/1547/6
f 1273/1573/6 1264/1574/6 1263/1575/6
f 1274/1576/6 1255/1552/6 1264/1556/6
f 1274/1577/6 1264/1574/6 1273/1573/6
f 1275/1578/6 1265/1557/6 1256/1541/6
f 1275/1579/6 1269/1563/6 1265/1565/6
f 1275/1579/6 1270/1580/6 1269/1563/6
f 1276/1581/6 1272/1582/6 1270/1570/6
f 1276/1583/6 1270/1580/6 1275/1579/6
f 1277/1584/6 1273/1572/6 1251/1547/6
f 1277/1584/6 1274/1576/6 1273/1572/6
f 1278/1585/6 1255/1552/6 1274/1576/6
f 1278/1585/6 1274/1576/6 1277/1584/6
f 1279/1586/6 1275/1578/6 1256/1541/6
f 1279/1586/6 1276/1581/6 1275/1578/6
f 1280/1587/6 1281/1588/6 1272/1571/6
f 1280/1589/6 1276/1581/6 1279/1586/6
f 1280/1589/6 1272/1582/6 1276/1581/6
f 1282/1590/6 1281/1588/6 1280/1587/6
f 1283/1591/6 1280/1592/6 1279/1593/6
f 1283/1594/6 1282/1595/6 1280/1589/6
f 1284/1596/6 1285/1597/6 1282/1590/6
f 1284/1598/6 1282/1595/6 1283/1594/6
f 1286/1599/6 1285/1597/6 1284/1596/6
f 1287/1600/6 1277/1584/6 1251/1547/6
f 1287/1601/6 1278/1602/6 1277/1603/6
f 1288/1604/6 1255/1552/6 1278/1585/6
f 1288/1605/6 1278/1602/6 1287/1601/6
f 1289/1606/6 1279/1586/6 1256/1541/6
f 1289/1607/6 1283/1591/6 1279/1593/6
f 1289/1607/6 1284/1608/6 1283/1591/6
f 1290/1609/6 1286/1610/6 1284/1598/6
f 1290/1611/6 1284/1608/6 1289/1607/6
f 1291/1612/6 1287/1600/6 1251/1547/6
f 1291/1612/6 1288/1604/6 1287/1600/6
f 1292/1613/6 1255/1552/6 1288/1604/6
f 1292/1613/6 1288/1604/6 1291/1612/6
f 1293/1614/6 1289/1606/6 1256/1541/6
f 1293/1614/6 1290/1609/6 1289/1606/6
f 1294/1615/6 1295/1616/6 1286/1599/6
f 1294/1617/6 1290/1609/6 1293/1614/6
f 1294/1617/6 1286/1610/6 1290/1609/6
f 1296/1618/6 1295/1616/6 1294/1615/6
f 1297/1619/6 1294/1620/6 1293/1621/6
f 1297/1622/6 1296/1623/6 1294/1617/6
f 1298/1624/6 1299/1625/6 1296/1618/6
f 1298/1626/6 1296/1623/6 1297/1622/6
f 1300/1627/6 1299/1625/6 1298/1624/6
f 1301/1628/6 1291/1612/6 1251/1547/6
f 1301/1629/6 1292/1630/6 1291/1631/6
f 1302/1632/6 1255/1552/6 1292/1613/6
f 1302/1633/6 1292/1630/6 1301/1629/6
f 1303/1634/6 1293/1614/6 1256/1541/6
f 1303/1635/6 1297/1619/6 1293/1621/6
f 1303/1635/6 1298/1636/6 1297/1619/6
f 1304/1637/6 1300/1638/6 1298/1626/6
f 1304/1639/6 1298/1636/6 1303/1635/6
f 1305/1640/6 1301/1628/6 1251/1547/6
f 1305/1640/6 1302/1632/6 1301/1628/6
f 1306/1641/6 1255/1552/6 1302/1632/6
f 1306/1641/6 1302/1632/6 1305/1640/6
f 1307/1642/6 1303/1634/6 1256/1541/6
f 1307/1642/6 1304/1637/6 1303/1634/6
f 1308/1643/6 1309/1644/6 1300/1627/6
f 1308/1645/6 1304/1637/6 1307/1642/6
f 1308/1645/6 1300/1638/6 1304/1637/6
f 1310/1646/6 1309/1644/6 1308/1643/6
f 1311/1647/6 1308/1648/6 1307/1649/6
f 1311/1650/6 1310/1651/6 1308/1645/6
f 1312/1652/6 1313/1653/6 1310/1646/6
f 1312/1654/6 1310/1651/6 1311/1650/6
f 1314/1655/6 1313/1653/6 1312/1652/6
f 1315/1656/6 1305/1640/6 1251/1547/6
f 1315/1657/6 1306/1658/6 1305/1659/6
f 1316/1660/6 1255/1552/6 1306/1641/6
f 1316/1661/6 1306/1658/6 1315/1657/6
f 1317/1662/6 1307/1642/6 1256/1541/6
f 1317/1663/6 1311/1647/6 1307/1649/6
f 1317/1663/6 1312/1664/6 1311/1647/6
f 1318/1665/6 1314/1666/6 1312/1654/6
f 1318/1667/6 1312/1664/6 1317/1663/6
f 1319/1668/6 1315/1656/6 1251/1547/6
f 1319/1668/6 1316/1660/6 1315/1656/6
f 1320/1669/6 1255/1552/6 1316/1660/6
f 1320/1669/6 1316/1660/6 1319/1668/6
f 1321/1670/6 1317/1662/6 1256/1541/6
f 1321/1670/6 1318/1665/6 1317/1662/6
f 1322/1671/6 1323/1672/6 1314/1655/6
f 1322/1673/6 1318/1665/6 1321/1670/6
f 1322/1673/6 1314/1666/6 1318/1665/6
f 1324/1674/6 1323/1672/6 1322/1671/6
f 1325/1675/6 1322/1676/6 1321/1677/6
f 1325/1678/6 1324/1679/6 1322/1673/6
f 1326/1680/6 1327/1681/6 1324/1674/6
f 1326/1682/6 1324/1679/6 1325/1678/6
f 1328/1683/6 1327/1681/6 1326/1680/6
f 1329/1684/6 1319/1668/6 1251/1547/6
f 1329/1685/6 1320/1686/6 1319/1687/6
f 1330/1688/6 1255/1552/6 1320/1669/6
f 1330/1689/6 1320/1686/6 1329/1685/6
f 1331/1690/6 1321/1670/6 1256/1541/6
f 1331/1691/6 1325/1675/6 1321/1677/6
f 1331/1691/6 1326/1692/6 1325/1675/6
f 1332/1693/6 1328/1694/6 1326/1682/6
f 1332/1695/6 1326/1692/6 1331/1691/6
f 1333/1696/6 1329/1684/6 1251/1547/6
f 1333/1696/6 1330/1688/6 1329/1684/6
f 1334/1697/6 1255/1552/6 1330/1688/6
f 1334/1697/6 1330/1688/6 1333/1696/6
f 1335/1698/6 1331/1690/6 1256/1541/6
f 1335/1698/6 1332/1693/6 1331/1690/6
f 1336/1699/6 1337/1700/6 1328/1683/6
f 1336/1701/6 1332/1693/6 1335/1698/6
f 1336/1701/6 1328/1694/6 1332/1693/6
f 1338/1702/6 1337/1700/6 1336/1699/6
f 1339/1703/6 1333/1696/6 1251/1547/6
f 1340/1704/6 1334/1705/6 1333/1706/6
f 1340/1707/6 1333/1696/6 1339/1703/6
f 1341/1708/6 1334/1705/6 1340/1704/6
f 1342/1709/6 1336/1710/6 1335/1711/6
f 1342/1712/6 1338/1713/6 1336/1701/6
f 1343/1714/6 1344/1715/6 1338/1702/6
f 1343/1716/6 1338/1713/6 1342/1712/6
f 1345/1717/6 1344/1715/6 1343/1714/6
f 1346/1718/6 1334/1705/6 1341/1708/6
f 1347/1719/6 1255/1552/6 1334/1697/6
f 1347/1720/6 1334/1705/6 1346/1718/6
f 1348/1721/6 1335/1698/6 1256/1541/6
f 1348/1722/6 1342/1709/6 1335/1711/6
f 1348/1722/6 1343/1723/6 1342/1709/6
f 1349/1724/6 1345/1725/6 1343/1716/6
f 1349/1726/6 1343/1723/6 1348/1722/6
f 1350/1727/6 1351/1728/6 1352/1729/6
f 1353/1730/7 1351/1728/6 1350/1727/6
f 1354/1731/6 1351/1728/6 1353/1730/7
f 1355/1732/6 1351/1728/6 1354/1731/6
f 1356/1733/6 1347/1719/6 1346/1734/6
f 1357/1735/6 1255/1552/6 1347/1719/6
f 1357/1735/6 1347/1719/6 1356/1733/6
f 1358/1736/6 1348/1721/6 1256/1541/6
f 1358/1736/6 1349/1724/6 1348/1721/6
f 1359/1737/6 1345/1725/6 1349/1724/6
f 1359/1737/6 1349/1724/6 1358/1736/6
f 1359/1738/6 1360/1739/6 1345/1717/6
f 1361/1740/6 1360/1739/6 1359/1738/6
f 1362/1741/6 1354/1742/6 1353/1743/7
f 1363/1744/8 1354/1742/6 1362/1741/6
f 1364/1745/6 1354/1742/6 1363/1744/8
f 1365/1746/6 1354/1742/6 1364/1745/6
f 1366/1747/6 1367/1748/6 1368/1749/6
f 1369/1750/6 1364/1745/6 1363/1744/8
f 1370/1751/6 1364/1745/6 1369/1750/6
f 1371/1752/6 1364/1745/6 1370/1751/6
f 1372/1753/6 1364/1745/6 1371/1752/6
f 1373/1754/6 1374/1755/6 1375/1756/6
f 1376/1757/6 1361/1758/6 1359/1737/6
f 1376/1759/6 1359/1760/6 1358/1761/6
f 1377/1762/6 1378/1763/6 1361/1740/6
f 1377/1764/6 1361/1758/6 1376/1757/6
f 1379/1765/6 1378/1763/6 1377/1762/6
f 1380/1766/6 1381/1767/6 1366/1747/6
f 1382/1768/6 1371/1752/6 1370/1751/6
f 1383/1769/6 1371/1752/6 1382/1768/6
f 1384/1770/6 1371/1752/6 1383/1769/6
f 1385/1771/6 1371/1752/6 1384/1770/6
f 1386/1772/6 1373/1754/6 1387/1773/6
f 1388/1774/6 1357/1775/6 1356/1776/6
f 1389/1777/6 1255/1552/6 1357/1735/6
f 1389/1778/6 1357/1775/6 1388/1774/6
f 1390/1779/6 1376/1759/6 1358/1761/6
f 1390/1780/6 1358/1736/6 1256/1541/6
f 1390/1779/6 1377/1781/6 1376/1759/6
f 1391/1782/6 1379/1783/6 1377/1764/6
f 1391/1784/6 1377/1781/6 1390/1779/6
f 1392/1785/6 1393/1786/6 1380/1766/6
f 1394/1787/6 1384/1788/6 1383/1789/6
f 1395/1790/6 1384/1788/6 1394/1787/6
f 1396/1791/6 1384/1788/6 1395/1790/6
f 1397/1792/6 1384/1788/6 1396/1791/6
f 1398/1793/6 1386/1772/6 1399/1794/6
f 1400/1795/6 1389/1777/6 1388/1796/6
f 1401/1797/6 1255/1552/6 1389/1777/6
f 1401/1797/6 1389/1777/6 1400/1795/6
f 1402/1798/6 1390/1780/6 1256/1541/6
f 1402/1798/6 1391/1782/6 1390/1780/6
f 1403/1799/6 1404/1800/6 1379/1765/6
f 1403/1801/6 1391/1782/6 1402/1798/6
f 1403/1801/6 1379/1783/6 1391/1782/6
f 1405/1802/6 1404/1800/6 1403/1799/6
f 1406/1803/6 1407/1804/6 1392/1805/6
f 1408/1806/6 1396/1807/6 1395/1808/6
f 1409/1809/6 1396/1807/6 1408/1806/6
f 1410/1810/6 1396/1807/6 1409/1809/6
f 1411/1811/6 1396/1807/6 1410/1810/6
f 1412/1812/6 1398/1813/6 1413/1814/6
f 1414/1815/6 1415/1816/6 1406/1817/6
f 1416/1818/6 1410/1810/6 1409/1809/6
f 1417/1819/6 1410/1810/6 1416/1818/6
f 1418/1820/6 1410/1810/6 1417/1819/6
f 1419/1821/6 1410/1810/6 1418/1820/6
f 1420/1822/6 1412/1823/6 1421/1824/6
f 1422/1825/6 1405/1826/6 1403/1801/6
f 1422/1827/6 1403/1828/6 1402/1829/6
f 1423/1830/6 1424/1831/6 1405/1802/6
f 1423/1832/6 1405/1826/6 1422/1825/6
f 1425/1833/6 1424/1831/6 1423/1830/6
f 1426/1834/6 1427/1835/6 1414/1815/6
f 1428/1836/6 1418/1820/6 1417/1819/6
f 1429/1837/6 1418/1820/6 1428/1836/6
f 1430/1838/6 1418/1820/6 1429/1837/6
f 1431/1839/6 1418/1820/6 1430/1838/6
f 1432/1840/6 1420/1822/6 1433/1841/6
f 1434/1842/6 1401/1843/6 1400/1844/6
f 1435/1845/6 1401/1843/6 1434/1842/6
f 1436/1846/6 1401/1843/6 1435/1845/6
f 1437/1847/6 1255/1552/6 1401/1797/6
f 1437/1848/6 1401/1843/6 1436/1846/6
f 1438/1849/6 1402/1798/6 1256/1541/6
f 1438/1850/6 1422/1827/6 1402/1829/6
f 1438/1850/6 1423/1851/6 1422/1827/6
f 1439/1852/6 1425/1853/6 1423/1832/6
f 1439/1854/6 1423/1851/6 1438/1850/6
f 1440/1855/6 1441/1856/6 1426/1834/6
f 1442/1857/6 1430/1858/6 1429/1859/6
f 1443/1860/6 1430/1858/6 1442/1857/6
f 1444/1861/6 1430/1858/6 1443/1860/6
f 1445/1862/6 1430/1858/6 1444/1861/6
f 1446/1863/6 1432/1840/6 1447/1864/6
f 1448/1865/6 1435/1866/6 1434/1867/6
f 1449/1868/6 1435/1866/6 1448/1865/6
f 1450/1869/6 1437/1847/6 1436/1870/6
f 1451/1871/6 1255/1552/6 1437/1847/6
f 1451/1871/6 1437/1847/6 1450/1869/6
f 1452/1872/6 1439/1852/6 1438/1849/6
f 1452/1872/6 1438/1849/6 1256/1541/6
f 1453/1873/6 1454/1874/6 1425/1875/6
f 1453/1876/6 1439/1852/6 1452/1872/6
f 1453/1876/6 1425/1853/6 1439/1852/6
f 1455/1877/6 1454/1874/6 1453/1873/6
f 1456/1878/6 1457/1879/6 1440/1880/6
f 1458/1881/6 1444/1882/6 1443/1883/6
f 1459/1884/6 1444/1882/6 1458/1881/6
f 1460/1885/6 1444/1882/6 1459/1884/6
f 1461/1886/6 1444/1882/6 1460/1885/6
f 1462/1887/6 1446/1888/6 1463/1889/6
f 1464/1890/6 1465/1891/6 1456/1892/6
f 1466/1893/6 1460/1885/6 1459/1884/6
f 1467/1894/6 1460/1885/6 1466/1893/6
f 1468/1895/6 1460/1885/6 1467/1894/6
f 1469/1896/6 1460/1885/6 1468/1895/6
f 1470/1897/6 1462/1898/6 1471/1899/6
f 1472/1900/6 1473/1901/6 1464/1890/6
f 1474/1902/6 1468/1895/6 1467/1894/6
f 1475/1903/6 1468/1895/6 1474/1902/6
f 1476/1904/6 1468/1895/6 1475/1903/6
f 1477/1905/6 1468/1895/6 1476/1904/6
f 1478/1906/6 1470/1897/6 1479/1907/6
f 1480/1908/6 1449/1909/6 1448/1910/6
f 1481/1911/6 1449/1909/6 1480/1908/6
f 1482/1912/6 1451/1913/6 1450/1914/6
f 1483/1915/6 1255/1552/6 1451/1871/6
f 1483/1916/6 1451/1913/6 1482/1912/6
f 1484/1917/6 1452/1872/6 1256/1541/6
f 1484/1918/6 1453/1919/6 1452/1920/6
f 1485/1921/6 1455/1922/6 1453/1876/6
f 1485/1923/6 1453/1919/6 1484/1918/6
f 1486/1924/6 1487/1925/6 1472/1900/6
f 1488/1926/6 1476/1904/6 1475/1903/6
f 1489/1927/6 1476/1904/6 1488/1926/6
f 1490/1928/6 1478/1906/6 1491/1929/6
f 1492/1930/6 1481/1931/6 1480/1932/6
f 1493/1933/6 1481/1931/6 1492/1930/6
f 1494/1934/6 1483/1915/6 1482/1935/6
f 1495/1936/6 1255/1552/6 1483/1915/6
f 1495/1936/6 1483/1915/6 1494/1934/6
f 1496/1937/6 1484/1917/6 1256/1541/6
f 1496/1937/6 1485/1921/6 1484/1917/6
f 1497/1938/6 1455/1922/6 1485/1921/6
f 1497/1938/6 1485/1921/6 1496/1937/6
f 1498/1939/6 1499/1940/6 1500/1941/6
f 1501/1942/6 1499/1940/6 1498/1939/6
f 1502/1943/6 1503/1944/6 1504/1945/6
f 1505/1946/6 1503/1944/6 1502/1943/6
f 1506/1947/6 1366/1747/6 1368/1749/6
f 1506/1947/6 1380/1766/6 1366/1747/6
f 1506/1947/6 1392/1785/6 1380/1766/6
f 1507/1948/6 1406/1803/6 1392/1805/6
f 1507/1949/6 1392/1785/6 1506/1947/6
f 1508/1950/6 1414/1815/6 1406/1817/6
f 1508/1951/6 1406/1803/6 1507/1948/6
f 1508/1950/6 1426/1834/6 1414/1815/6
f 1508/1950/6 1440/1855/6 1426/1834/6
f 1509/1952/6 1456/1878/6 1440/1880/6
f 1509/1953/6 1440/1855/6 1508/1950/6
f 1510/1954/6 1464/1890/6 1456/1892/6
f 1510/1955/6 1456/1878/6 1509/1952/6
f 1510/1954/6 1472/1900/6 1464/1890/6
f 1510/1954/6 1486/1924/6 1472/1900/6
f 1511/1956/6 1512/1957/6 1486/1958/6
f 1511/1959/6 1486/1924/6 1510/1954/6
f 1513/1960/6 1512/1957/6 1511/1956/6
f 1514/1961/6 1490/1962/6 1515/1963/6
f 1516/1964/6 1478/1906/6 1490/1928/6
f 1516/1965/6 1490/1962/6 1514/1961/6
f 1517/1966/6 1446/1888/6 1462/1887/6
f 1517/1967/6 1478/1906/6 1516/1964/6
f 1517/1967/6 1462/1898/6 1470/1897/6
f 1517/1967/6 1470/1897/6 1478/1906/6
f 1518/1968/6 1432/1840/6 1446/1863/6
f 1518/1969/6 1446/1888/6 1517/1966/6
f 1519/1970/6 1412/1823/6 1420/1822/6
f 1519/1970/6 1432/1840/6 1518/1968/6
f 1519/1971/6 1398/1813/6 1412/1812/6
f 1519/1970/6 1420/1822/6 1432/1840/6
f 1520/1972/6 1386/1772/6 1398/1793/6
f 1520/1973/6 1398/1813/6 1519/1971/6
f 1521/1974/6 1374/1755/6 1373/1754/6
f 1521/1974/6 1386/1772/6 1520/1972/6
f 1521/1974/6 1373/1754/6 1386/1772/6
f 1522/1975/6 1523/1976/6 1524/1977/6
f 1522/1978/6 1525/1979/6 1523/1980/6
f 1526/1981/6 1525/1979/6 1522/1978/6
f 1527/1982/6 1528/1983/6 1529/1984/6
f 1530/1985/6 1531/1986/6 1528/1987/6
f 1530/1988/6 1528/1983/6 1527/1982/6
f 1532/1989/6 1493/1990/6 1492/1991/6
f 1533/1992/6 1493/1990/6 1532/1989/6
f 1534/1993/6 1495/1994/6 1494/1995/6
f 1535/1996/6 1255/1552/6 1495/1936/6
f 1535/1997/6 1495/1994/6 1534/1993/6
f 1536/1998/6 1496/1937/6 1256/1541/6
f 1536/1999/6 1497/2000/6 1496/2001/6
f 1537/2002/6 1455/1922/6 1497/1938/6
f 1537/2003/6 1497/2000/6 1536/1999/6
f 1538/2004/6 1539/2005/6 1455/2006/6
f 1538/2007/6 1455/1922/6 1537/2002/6
f 1540/2008/6 1539/2005/6 1538/2004/6
f 1541/2009/6 1522/1975/6 1524/1977/6
f 1542/2010/6 1522/1975/6 1541/2009/6
f 1543/2011/6 1544/2012/6 1545/2013/6
f 1546/2014/6 1544/2012/6 1543/2011/6
f 1547/2015/6 1531/1986/6 1530/1985/6
f 1548/2016/6 1531/1986/6 1547/2015/6
f 1549/2017/6 1533/2018/6 1532/2019/6
f 1550/2020/6 1533/2018/6 1549/2017/6
f 1551/2021/6 1535/1996/6 1534/2022/6
f 1552/2023/6 1255/1552/6 1535/1996/6
f 1552/2023/6 1535/1996/6 1551/2021/6
f 1553/2024/6 1537/2002/6 1536/1998/6
f 1553/2024/6 1536/1998/6 1256/1541/6
f 1554/2025/6 1537/2002/6 1553/2024/6
f 1555/2026/6 1541/2009/6 1524/1977/6
f 1556/2027/6 1541/2009/6 1555/2026/6
f 1557/2028/6 1558/2029/6 1546/2014/6
f 1557/2028/6 1543/2011/6 1559/2030/6
f 1557/2028/6 1546/2014/6 1543/2011/6
f 1560/2031/6 1558/2029/6 1557/2028/6
f 1561/2032/6 1531/1986/6 1548/2016/6
f 1562/2033/6 1531/1986/6 1561/2032/6
f 1563/2034/6 1554/2035/6 1553/2036/6
f 1564/2037/6 1537/2002/6 1554/2025/6
f 1564/2038/6 1554/2035/6 1563/2034/6
f 1565/2039/6 1538/2004/6 1537/2040/6
f 1565/2041/6 1537/2002/6 1564/2037/6
f 1566/2042/6 1538/2004/6 1565/2039/6
f 1567/2043/6 1524/2044/6 1568/2045/6
f 1567/2046/6 1555/2026/6 1524/1977/6
f 1569/2047/6 1555/2026/6 1567/2046/6
f 1570/2048/6 1571/2049/6 1560/2031/6
f 1570/2048/6 1557/2028/6 1572/2050/6
f 1570/2048/6 1560/2031/6 1557/2028/6
f 1573/2051/6 1571/2049/6 1570/2048/6
f 1574/2052/6 1531/1986/6 1562/2033/6
f 1575/2053/6 1576/2054/6 1531/2055/6
f 1575/2056/6 1531/1986/6 1574/2052/6
f 1577/2057/6 1568/2058/6 1578/2059/6
f 1577/2060/6 1567/2043/6 1568/2045/6
f 1579/2061/6 1567/2043/6 1577/2060/6
f 1580/2062/6 1573/2051/6 1570/2048/6
f 1580/2062/6 1581/2063/6 1573/2051/6
f 1580/2062/6 1570/2048/6 1582/2064/6
f 1583/2065/6 1581/2063/6 1580/2062/6
f 1584/2066/6 1576/2054/6 1575/2053/6
f 1585/2067/6 1586/2068/6 1576/2069/6
f 1585/2070/6 1576/2054/6 1584/2066/6
f 1587/2071/6 1550/2072/6 1549/2073/6
f 1588/2074/6 1550/2072/6 1587/2071/6
f 1589/2075/6 1552/2076/6 1551/2077/6
f 1590/2078/6 1255/1552/6 1552/2023/6
f 1590/2079/6 1552/2076/6 1589/2075/6
f 1591/2080/6 1563/2034/6 1553/2036/6
f 1591/2081/6 1553/2024/6 1256/1541/6
f 1592/2082/6 1564/2037/6 1563/2083/6
f 1592/2084/6 1563/2034/6 1591/2080/6
f 1593/2085/6 1565/2039/6 1564/2086/6
f 1593/2087/6 1564/2037/6 1592/2082/6
f 1594/2088/6 1565/2039/6 1593/2085/6
f 1595/2089/6 1577/2057/6 1578/2059/6
f 1596/2090/6 1577/2057/6 1595/2089/6
f 1597/2091/6 1598/2092/6 1583/2093/6
f 1597/2091/6 1580/2094/6 1599/2095/6
f 1597/2091/6 1583/2093/6 1580/2094/6
f 1600/2096/6 1598/2092/6 1597/2091/6
f 1601/2097/6 1586/2068/6 1585/2067/6
f 1602/2098/6 1586/2068/6 1601/2097/6
f 1603/2099/6 1588/2100/6 1587/2101/6
f 1604/2102/6 1588/2100/6 1603/2099/6
f 1605/2103/6 1590/2078/6 1589/2104/6
f 1606/2105/6 1255/1552/6 1590/2078/6
f 1606/2105/6 1590/2078/6 1605/2103/6
f 1607/2106/6 1592/2082/6 1591/2081/6
f 1607/2106/6 1591/2081/6 1256/1541/6
f 1608/2107/6 1592/2082/6 1607/2106/6
f 1609/2108/6 1595/2089/6 1578/2059/6
f 1610/2109/6 1595/2089/6 1609/2108/6
f 1611/2110/6 1612/2111/6 1600/2112/6
f 1611/2110/6 1597/2113/6 1613/2114/6
f 1611/2110/6 1600/2112/6 1597/2113/6
f 1614/2115/6 1612/2111/6 1611/2110/6
f 1615/2116/6 1586/2068/6 1602/2098/6
f 1616/2117/6 1586/2068/6 1615/2116/6
f 1617/2118/6 1608/2119/6 1607/2120/6
f 1618/2121/6 1592/2082/6 1608/2107/6
f 1618/2122/6 1608/2119/6 1617/2118/6
f 1619/2123/6 1593/2085/6 1592/2124/6
f 1619/2125/6 1592/2082/6 1618/2121/6
f 1620/2126/6 1593/2085/6 1619/2123/6
f 1621/2127/6 1578/2128/6 1622/2129/6
f 1621/2130/6 1609/2108/6 1578/2059/6
f 1623/2131/6 1609/2108/6 1621/2130/6
f 1624/2132/6 1625/2133/6 1614/2115/6
f 1624/2132/6 1611/2110/6 1626/2134/6
f 1624/2132/6 1614/2115/6 1611/2110/6
f 1627/2135/6 1625/2133/6 1624/2132/6
f 1628/2136/6 1586/2068/6 1616/2117/6
f 1629/2137/6 1630/2138/6 1586/2139/6
f 1629/2140/6 1586/2068/6 1628/2136/6
f 1631/2141/6 1622/2142/6 1632/2143/6
f 1631/2144/6 1621/2127/6 1622/2129/6
f 1633/2145/6 1621/2127/6 1631/2144/6
f 1634/2146/6 1627/2135/6 1624/2132/6
f 1634/2146/6 1635/2147/6 1627/2135/6
f 1634/2146/6 1624/2132/6 1636/2148/6
f 1637/2149/6 1635/2147/6 1634/2146/6
f 1638/2150/6 1630/2138/6 1629/2137/6
f 1639/2151/6 1640/2152/6 1630/2153/6
f 1639/2154/6 1630/2138/6 1638/2150/6
f 1641/2155/6 1605/2156/6 1604/2157/6
f 1641/2155/6 1606/2158/6 1605/2156/6
f 1641/2155/6 1604/2157/6 1603/2159/6
f 1642/2160/6 1255/1552/6 1606/2105/6
f 1642/2161/6 1606/2158/6 1641/2155/6
f 1643/2162/6 1617/2118/6 1607/2120/6
f 1643/2163/6 1607/2106/6 1256/1541/6
f 1644/2164/6 1618/2121/6 1617/2165/6
f 1644/2166/6 1617/2118/6 1643/2162/6
f 1645/2167/6 1619/2123/6 1618/2168/6
f 1645/2169/6 1618/2121/6 1644/2164/6
f 1646/2170/6 1619/2123/6 1645/2167/6
f 1647/2171/6 1631/2141/6 1632/2143/6
f 1648/2172/6 1631/2141/6 1647/2171/6
f 1649/2173/6 1650/2174/6 1637/2175/6
f 1649/2173/6 1637/2175/6 1634/2176/6
f 1649/2173/6 1634/2176/6 1651/2177/6
f 1652/2178/6 1650/2174/6 1649/2173/6
f 1653/2179/6 1640/2152/6 1639/2151/6
f 1654/2180/6 1640/2152/6 1653/2179/6
f 1655/2181/6 1642/2160/6 1641/2182/6
f 1656/2183/6 1255/1552/6 1642/2160/6
f 1656/2183/6 1642/2160/6 1655/2181/6
f 1657/2184/6 1644/2164/6 1643/2163/6
f 1657/2184/6 1643/2163/6 1256/1541/6
f 1658/2185/6 1644/2164/6 1657/2184/6
f 1659/2186/6 1647/2171/6 1632/2143/6
f 1660/2187/6 1647/2171/6 1659/2186/6
f 1661/2188/6 1662/2189/6 1652/2190/6
f 1661/2188/6 1649/2191/6 1663/2192/6
f 1661/2188/6 1652/2190/6 1649/2191/6
f 1664/2193/6 1662/2189/6 1661/2188/6
f 1665/2194/6 1640/2152/6 1654/2180/6
f 1666/2195/6 1640/2152/6 1665/2194/6
f 1667/2196/6 1658/2197/6 1657/2198/6
f 1668/2199/6 1644/2164/6 1658/2185/6
f 1668/2200/6 1658/2197/6 1667/2196/6
f 1669/2201/6 1645/2167/6 1644/2202/6
f 1669/2203/6 1644/2164/6 1668/2199/6
f 1670/2204/6 1645/2167/6 1669/2201/6
f 1671/2205/6 1659/2186/6 1632/2143/6
f 1672/2206/6 1659/2186/6 1671/2205/6
f 1673/2207/6 1674/2208/6 1664/2193/6
f 1673/2207/6 1661/2188/6 1675/2209/6
f 1673/2207/6 1664/2193/6 1661/2188/6
f 1676/2210/7 1674/2208/6 1673/2207/6
f 1677/2211/6 1640/2152/6 1666/2195/6
f 1678/2212/6 1640/2152/6 1677/2211/6
f 1679/2213/6 1680/2214/6 1676/2210/7
f 1679/2213/6 1673/2207/6 1681/2215/6
f 1679/2213/6 1676/2210/7 1673/2207/6
f 1682/2216/8 1680/2214/6 1679/2213/6
f 1683/2217/6 1656/2218/6 1655/2219/6
f 1684/2220/6 1255/1552/6 1656/2183/6
f 1684/2221/6 1656/2218/6 1683/2217/6
f 1685/2222/6 1667/2196/6 1657/2198/6
f 1685/2223/6 1657/2184/6 1256/1541/6
f 1686/2224/6 1668/2199/6 1667/2225/6
f 1686/2226/6 1667/2196/6 1685/2222/6
f 1687/2227/6 1669/2201/6 1668/2228/6
f 1687/2229/6 1668/2199/6 1686/2224/6
f 1688/2230/6 1669/2201/6 1687/2227/6
f 1689/2231/6 1690/2232/6 1682/2233/8
f 1689/2231/6 1682/2233/8 1679/2234/6
f 1689/2231/6 1679/2234/6 1691/2235/6
f 1692/2236/6 1690/2232/6 1689/2231/6
f 1693/2237/6 1684/2220/6 1683/2238/6
f 1694/2239/6 1255/1552/6 1684/2220/6
f 1694/2239/6 1684/2220/6 1693/2237/6
f 1695/2240/6 1685/2223/6 1256/1541/6
f 1695/2240/6 1686/2224/6 1685/2223/6
f 1696/2241/6 1686/2224/6 1695/2240/6
f 1697/2242/6 1694/2243/6 1693/2244/6
f 1698/2245/6 1696/2246/6 1695/2247/6
f 1699/2248/6 1686/2224/6 1696/2241/6
f 1699/2249/6 1696/2246/6 1698/2245/6
f 1700/2250/6 1687/2227/6 1686/2251/6
f 1700/2252/6 1686/2224/6 1699/2248/6
f 1701/2253/6 1687/2227/6 1700/2250/6
f 1702/2254/6 1703/2255/6 1704/2256/6
f 1702/2257/6 1697/2242/6 1703/2258/6
f 1705/2259/6 1255/1552/6 1694/2239/6
f 1705/2260/6 1697/2242/6 1702/2257/6
f 1705/2260/6 1694/2243/6 1697/2242/6
f 1706/2261/6 1698/2245/6 1695/2247/6
f 1706/2262/6 1695/2240/6 1256/1541/6
f 1707/2263/6 1699/2248/6 1698/2264/6
f 1707/2265/6 1698/2245/6 1706/2261/6
f 1708/2266/6 1700/2250/6 1699/2267/6
f 1708/2268/6 1699/2248/6 1707/2263/6
f 1709/2269/6 1700/2250/6 1708/2266/6
f 1710/2270/6 1702/2254/6 1704/2256/6
f 1710/2270/6 1705/2259/6 1702/2254/6
f 1711/2271/6 1255/1552/6 1705/2259/6
f 1711/2271/6 1705/2259/6 1710/2270/6
f 1712/2272/6 1706/2262/6 1256/1541/6
f 1712/2272/6 1707/2263/6 1706/2262/6
f 1713/2273/6 1707/2263/6 1712/2272/6
f 1714/2274/6 1713/2275/6 1712/2276/6
f 1715/2277/6 1707/2263/6 1713/2273/6
f 1715/2278/6 1713/2275/6 1714/2274/6
f 1716/2279/6 1708/2266/6 1707/2280/6
f 1716/2281/6 1707/2263/6 1715/2277/6
f 1717/2282/6 1708/2266/6 1716/2279/6
f 1718/2283/6 1710/2270/6 1704/2256/6
f 1718/2284/6 1711/2285/6 1710/2286/6
f 1719/2287/6 1255/1552/6 1711/2271/6
f 1719/2288/6 1711/2285/6 1718/2284/6
f 1720/2289/6 1712/2272/6 1256/1541/6
f 1720/2290/6 1714/2274/6 1712/2276/6
f 1721/2291/6 1715/2277/6 1714/2292/6
f 1721/2293/6 1714/2274/6 1720/2290/6
f 1722/2294/6 1716/2279/6 1715/2295/6
f 1722/2296/6 1715/2277/6 1721/2291/6
f 1723/2297/6 1716/2279/6 1722/2294/6
f 1724/2298/6 1718/2283/6 1704/2256/6
f 1724/2298/6 1719/2287/6 1718/2283/6
f 1725/2299/6 1255/1552/6 1719/2287/6
f 1725/2299/6 1719/2287/6 1724/2298/6
f 1726/2300/6 1720/2289/6 1256/1541/6
f 1726/2300/6 1721/2291/6 1720/2289/6
f 1727/2301/6 1721/2291/6 1726/2300/6
f 1728/2302/6 1727/2303/6 1726/2304/6
f 1729/2305/6 1721/2291/6 1727/2301/6
f 1729/2306/6 1727/2303/6 1728/2302/6
f 1730/2307/6 1722/2294/6 1721/2308/6
f 1730/2309/6 1721/2291/6 1729/2305/6
f 1731/2310/6 1722/2294/6 1730/2307/6
f 1732/2311/6 1725/2312/6 1724/2313/6
f 1732/2314/6 1724/2298/6 1704/2256/6
f 1733/2315/6 1255/1552/6 1725/2299/6
f 1733/2316/6 1725/2312/6 1732/2311/6
f 1734/2317/6 1726/2300/6 1256/1541/6
f 1734/2318/6 1728/2302/6 1726/2304/6
f 1735/2319/6 1729/2305/6 1728/2320/6
f 1735/2321/6 1728/2302/6 1734/2318/6
f 1736/2322/6 1730/2307/6 1729/2323/6
f 1736/2324/6 1729/2305/6 1735/2319/6
f 1737/2325/6 1730/2307/6 1736/2322/6
f 1738/2326/6 1732/2314/6 1704/2256/6
f 1738/2326/6 1733/2315/6 1732/2314/6
f 1739/2327/6 1255/1552/6 1733/2315/6
f 1739/2327/6 1733/2315/6 1738/2326/6
f 1740/2328/6 1735/2319/6 1734/2317/6
f 1740/2328/6 1734/2317/6 1256/1541/6
f 1741/2329/6 1735/2319/6 1740/2328/6
f 1742/2330/6 1741/2331/6 1740/2332/6
f 1743/2333/6 1735/2319/6 1741/2329/6
f 1743/2334/6 1741/2331/6 1742/2330/6
f 1744/2335/6 1736/2322/6 1735/2336/6
f 1744/2337/6 1735/2319/6 1743/2333/6
f 1745/2338/6 1736/2322/6 1744/2335/6
f 1746/2339/6 1739/2340/6 1738/2341/6
f 1746/2342/6 1738/2326/6 1704/2256/6
f 1747/2343/6 1255/1552/6 1739/2327/6
f 1747/2344/6 1739/2340/6 1746/2339/6
f 1748/2345/6 1740/2328/6 1256/1541/6
f 1748/2346/6 1742/2330/6 1740/2332/6
f 1749/2347/6 1743/2333/6 1742/2348/6
f 1749/2349/6 1742/2330/6 1748/2346/6
f 1750/2350/6 1744/2335/6 1743/2351/6
f 1750/2352/6 1743/2333/6 1749/2347/6
f 1751/2353/6 1744/2335/6 1750/2350/6
f 1752/2354/6 1746/2342/6 1704/2256/6
f 1752/2354/6 1747/2343/6 1746/2342/6
f 1753/2355/6 1255/1552/6 1747/2343/6
f 1753/2355/6 1747/2343/6 1752/2354/6
f 1754/2356/6 1749/2347/6 1748/2345/6
f 1754/2356/6 1748/2345/6 1256/1541/6
f 1755/2357/6 1749/2347/6 1754/2356/6
f 1756/2358/6 1755/2359/6 1754/2360/6
f 1757/2361/6 1749/2347/6 1755/2357/6
f 1757/2362/6 1755/2359/6 1756/2358/6
f 1758/2363/6 1750/2350/6 1749/2364/6
f 1758/2365/6 1749/2347/6 1757/2361/6
f 1759/2366/6 1750/2350/6 1758/2363/6
f 1760/2367/6 1753/2368/6 1752/2369/6
f 1760/2370/6 1752/2354/6 1704/2256/6
f 1761/2371/6 1255/1552/6 1753/2355/6
f 1761/2372/6 1753/2368/6 1760/2367/6
f 1762/2373/6 1754/2356/6 1256/1541/6
f 1762/2374/6 1756/2358/6 1754/2360/6
f 1763/2375/6 1757/2361/6 1756/2376/6
f 1763/2377/6 1756/2358/6 1762/2374/6
f 1764/2378/6 1758/2363/6 1757/2379/6
f 1764/2380/6 1757/2361/6 1763/2375/6
f 1765/2381/6 1758/2363/6 1764/2378/6
f 1766/2382/6 1760/2370/6 1704/2256/6
f 1766/2382/6 1761/2371/6 1760/2370/6
f 1767/2383/6 1255/1552/6 1761/2371/6
f 1767/2383/6 1761/2371/6 1766/2382/6
f 1768/2384/6 1763/2375/6 1762/2373/6
f 1768/2384/6 1762/2373/6 1256/1541/6
f 1769/2385/6 1764/2378/6 1763/2386/6
f 1769/2387/6 1763/2375/6 1768/2384/6
f 1770/2388/6 1764/2378/6 1769/2385/6
f 1771/2389/6 1766/2382/6 1704/2256/6
f 1772/2390/6 1767/2391/6 1766/2392/6
f 1772/2393/6 1766/2382/6 1771/2389/6
f 1773/2394/8 1255/1552/6 1767/2383/6
f 1773/2395/8 1767/2391/6 1772/2390/6
f 1774/2396/8 1256/1537/6 1255/1535/6
f 1774/2397/8 1255/1552/6 1773/2394/8
f 1775/2398/6 1768/2384/6 1256/1541/6
f 1775/2399/6 1256/1537/6 1774/2396/8
f 1776/2400/6 1769/2385/6 1768/2401/6
f 1776/2402/6 1768/2384/6 1775/2398/6
f 1777/2403/6 1769/2385/6 1776/2400/6
f 1778/2404/6 1773/2405/8 1772/2406/6
f 1778/2404/6 1772/2406/6 1771/2407/6
f 1778/2404/6 1774/2396/8 1773/2405/8
f 1778/2404/6 1775/2399/6 1774/2396/8
f 1779/2408/6 1775/2399/6 1778/2404/6
f 1780/2409/6 1776/2400/6 1775/2410/6
f 1780/2411/6 1775/2399/6 1779/2408/6
f 1781/2412/6 1780/2409/6 1779/2413/6
f 1782/2414/6 1776/2400/6 1780/2409/6
f 1782/2414/6 1780/2409/6 1781/2412/6
f 1783/2415/6 1784/2416/6 1785/2417/6
f 1786/2418/6 1784/2416/6 1783/2415/6
f 1787/2419/6 1788/2420/6 1789/2421/6
f 1790/2422/6 1788/2420/6 1787/2419/6
f 1791/2423/6 1792/2424/6 1790/2422/6
f 1793/2425/6 1792/2424/6 1791/2423/6
f 1794/2426/6 1791/2423/6 1795/2427/6
f 1796/2428/6 1791/2423/6 1794/2426/6
f 1797/2429/6 1798/2430/6 1799/2431/6
f 1800/2432/6 1798/2430/6 1797/2429/6
f 1801/2433/6 1802/2434/6 1803/2435/6
f 1804/2436/6 1802/2434/6 1801/2433/6
f 1805/2437/6 1806/2438/6 1807/2439/6
f 1808/2440/6 1806/2438/6 1805/2437/6
f 1809/2441/6 1808/2442/6 1805/2443/6
f 1810/2444/6 1808/2442/6 1809/2441/6
f 1811/2445/6 1810/2446/6 1809/2447/6
f 1812/2448/6 1810/2446/6 1811/2445/6
f 1813/2449/6 1812/2450/6 1811/2451/6
f 1814/2452/6 1812/2450/6 1813/2449/6
f 1815/2453/6 1814/2454/6 1813/2455/6
f 1816/2456/6 1814/2454/6 1815/2453/6
f 1817/2457/6 1816/2458/6 1815/2459/6
f 1818/2460/6 1816/2458/6 1817/2457/6
f 1819/2461/6 1818/2462/6 1817/2463/6
f 1820/2464/6 1818/2462/6 1819/2461/6
f 1821/2465/6 1820/2466/6 1819/2467/6
f 1822/2468/6 1820/2466/6 1821/2465/6
f 1823/2469/6 1822/2470/6 1821/2471/6
f 1824/2472/6 1822/2470/6 1823/2469/6
f 1825/2473/6 1824/2474/6 1823/2475/6
f 1826/2476/6 1824/2474/6 1825/2473/6
f 1827/2477/6 1826/2478/6 1825/2479/6
f 1828/2480/6 1826/2478/6 1827/2477/6
f 1829/2481/6 1828/2482/6 1827/2483/6
f 1830/2484/6 1828/2482/6 1829/2481/6
f 1831/2485/6 1830/2486/6 1829/2487/6
f 1832/2488/6 1830/2486/6 1831/2485/6
f 1833/2489/6 1832/2490/6 1831/2491/6
f 1834/2492/6 1832/2490/6 1833/2489/6
f 1835/2493/6 1834/2494/6 1833/2495/6
f 1836/2496/6 1834/2494/6 1835/2493/6
f 1837/2497/6 1836/2498/6 1835/2499/6
f 1838/2500/6 1836/2498/6 1837/2497/6
f 1839/2501/6 1838/2502/6 1837/2503/6
f 1840/2504/6 1838/2502/6 1839/2501/6
f 1841/2505/6 1838/2502/6 1840/2504/6
f 1842/2506/6 1838/2502/6 1841/2505/6
f 1843/2507/6 1840/2508/6 1839/2509/6
f 1844/2510/6 1840/2508/6 1843/2507/6
f 1845/2511/6 1841/2512/6 1840/2513/6
f 1845/2514/6 1840/2508/6 1844/2510/6
f 1846/2515/6 1842/2516/6 1841/2517/6
f 1846/2518/6 1841/2512/6 1845/2511/6
f 1847/2519/6 1842/2516/6 1846/2515/6
f 1848/2520/6 1842/2516/6 1847/2519/6
f 1849/2521/6 1844/2522/6 1843/2523/6
f 1850/2524/6 1845/2511/6 1844/2525/6
f 1850/2526/6 1844/2522/6 1849/2521/6
f 1851/2527/6 1848/2528/6 1847/2529/6
f 1851/2530/6 1847/2531/6 1846/2518/6
f 1852/2532/6 1848/2528/6 1851/2527/6
f 1853/2533/6 1850/2534/6 1849/2535/6
f 1854/2536/6 1845/2511/6 1850/2524/6
f 1854/2537/6 1850/2534/6 1853/2533/6
f 1855/2538/6 1851/2530/6 1846/2518/6
f 1855/2539/6 1852/2540/6 1851/2541/6
f 1856/2542/6 1852/2540/6 1855/2539/6
f 1857/2543/6 1854/2544/6 1853/2545/6
f 1858/2546/6 1845/2511/6 1854/2536/6
f 1858/2547/6 1854/2544/6 1857/2543/6
f 1859/2548/6 1855/2538/6 1846/2518/6
f 1859/2549/6 1856/2550/6 1855/2551/6
f 1860/2552/6 1856/2550/6 1859/2549/6
f 1861/2553/6 1858/2554/6 1857/2555/6
f 1862/2556/6 1845/2511/6 1858/2546/6
f 1862/2557/6 1858/2554/6 1861/2553/6
f 1863/2558/6 1859/2548/6 1846/2518/6
f 1863/2559/6 1860/2560/6 1859/2561/6
f 1864/2562/6 1860/2560/6 1863/2559/6
f 1865/2563/6 1862/2564/6 1861/2565/6
f 1866/2566/6 1845/2511/6 1862/2556/6
f 1866/2567/6 1862/2564/6 1865/2563/6
f 1867/2568/6 1845/2511/6 1866/2566/6
f 1868/2569/6 1863/2558/6 1846/2518/6
f 1869/2570/6 1864/2571/6 1863/2572/6
f 1869/2573/6 1863/2558/6 1868/2569/6
f 1870/2574/6 1864/2571/6 1869/2570/6
f 1871/2575/6 1867/2576/6 1866/2577/6
f 1871/2575/6 1866/2577/6 1865/2578/6
f 1872/2579/6 1868/2569/6 1867/2568/6
f 1872/2580/6 1867/2576/6 1871/2575/6
f 1873/2581/6 1870/2582/6 1869/2583/6
f 1873/2584/6 1868/2569/6 1872/2579/6
f 1873/2581/6 1869/2583/6 1868/2585/6
f 1874/2586/6 1870/2582/6 1873/2581/6
f 1875/2587/6 1872/2588/6 1871/2589/6
f 1875/2587/6 1873/2590/6 1872/2588/6
f 1875/2587/6 1874/2591/6 1873/2590/6
f 1876/2592/6 1874/2591/6 1875/2587/6
f 1877/2593/6 1876/2594/6 1875/2595/6
f 1878/2596/6 1876/2594/6 1877/2593/6
f 1879/2597/6 1878/2598/6 1877/2599/6
f 1880/2600/6 1878/2598/6 1879/2597/6
f 1881/2601/6 1880/2602/6 1879/2603/6
f 1882/2604/6 1880/2602/6 1881/2601/6
f 1883/2605/6 1882/2606/6 1881/2607/6
f 1884/2608/6 1882/2606/6 1883/2605/6
f 1885/2609/6 1884/2610/6 1883/2611/6
f 1886/2612/6 1884/2610/6 1885/2609/6
f 1887/2613/6 1886/2614/6 1885/2615/6
f 1888/2616/6 1886/2614/6 1887/2613/6
f 1889/2617/6 1888/2618/6 1887/2619/6
f 1890/2620/6 1888/2618/6 1889/2617/6
f 1891/2621/6 1890/2622/6 1889/2623/6
f 1892/2624/6 1890/2622/6 1891/2621/6
f 1893/2625/6 1892/2626/6 1891/2627/6
f 1894/2628/6 1892/2626/6 1893/2625/6
f 1895/2629/6 1894/2630/6 1893/2631/6
f 1896/2632/6 1894/2630/6 1895/2629/6
f 1897/2633/6 1896/2634/6 1895/2635/6
f 1898/2636/6 1896/2634/6 1897/2633/6
f 1899/2637/6 1898/2638/6 1897/2639/6
f 1900/2640/6 1898/2638/6 1899/2637/6
f 1901/2641/6 1900/2642/6 1899/2643/6
f 1902/2644/6 1900/2642/6 1901/2641/6
f 1903/2645/6 1902/2646/6 1901/2647/6
f 1904/2648/6 1902/2646/6 1903/2645/6
f 1905/2649/9 1906/2650/9 1907/2651/9
f 1906/2652/9 1908/2653/9 1909/2654/9
f 1907/2651/9 1906/2650/9 1909/2655/9
f 1907/2656/9 1909/2654/9 1910/2657/9
f 1909/2654/9 1908/2653/9 1911/2658/9
f 1910/2657/9 1909/2654/9 1911/2658/9
f 1910/2659/9 1911/2660/9 1912/2661/9
f 1911/2658/9 1908/2653/9 1913/2662/9
f 1912/2661/9 1911/2660/9 1913/2663/9
f 1912/2664/9 1913/2662/9 1914/2665/9
f 1913/2662/9 1908/2653/9 1915/2666/9
f 1914/2665/9 1913/2662/9 1915/2666/9
f 1914/2667/9 1915/2668/9 1916/2669/9
f 1915/2666/9 1908/2653/9 1917/2670/9
f 1916/2669/9 1915/2668/9 1917/2671/9
f 1916/2672/9 1917/2670/9 1918/2673/9
f 1917/2670/9 1908/2653/9 1919/2674/9
f 1918/2673/9 1917/2670/9 1919/2674/9
f 1918/2675/9 1919/2676/9 1920/2677/9
f 1919/2674/9 1908/2653/9 1921/2678/9
f 1920/2677/9 1919/2676/9 1921/2679/9
f 1920/2680/9 1921/2678/9 1922/2681/9
f 1921/2678/9 1908/2653/9 1923/2682/9
f 1922/2681/9 1921/2678/9 1923/2682/9
f 1922/2683/9 1923/2684/9 1924/2685/9
f 1923/2682/9 1908/2653/9 1925/2686/9
f 1924/2685/9 1923/2684/9 1925/2687/9
f 1924/2688/9 1925/2686/9 1926/2689/9
f 1925/2686/9 1908/2653/9 1927/2690/9
f 1926/2689/9 1925/2686/9 1927/2690/9
f 1926/2691/9 1927/2692/9 1928/2693/9
f 1927/2690/9 1908/2653/9 1929/2694/9
f 1928/2693/9 1927/2692/9 1929/2695/9
f 1928/2696/9 1929/2694/9 1930/2697/9
f 1929/2694/9 1908/2653/9 1931/2698/9
f 1930/2697/9 1929/2694/9 1931/2698/9
f 1930/2699/9 1931/2700/9 1932/2701/9
f 1931/2698/9 1908/2653/9 1933/2702/9
f 1932/2701/9 1931/2700/9 1933/2703/9
f 1932/2704/9 1933/2702/9 1934/2705/9
f 1933/2702/9 1908/2653/9 1935/2706/9
f 1934/2705/9 1933/2702/9 1935/2706/9
f 1934/2707/9 1935/2708/9 1936/2709/9
f 1935/2706/9 1908/2653/9 1937/2710/9
f 1936/2709/9 1935/2708/9 1937/2711/9
f 1936/2712/9 1937/2710/9 1938/2713/9
f 1937/2710/9 1908/2653/9 1939/2714/9
f 1938/2713/9 1937/2710/9 1939/2714/9
f 1938/2715/9 1939/2716/9 1940/2717/9
f 1940/2717/9 1939/2716/9 1941/2718/9
f 1941/2718/9 1939/2716/9 1942/2719/9
f 1939/2714/9 1908/2653/9 1943/2720/9
f 1942/2719/9 1939/2716/9 1943/2721/9
f 1940/2722/9 1941/2723/9 1944/2724/9
f 1944/2724/9 1941/2723/9 1945/2725/9
f 1941/2726/9 1942/2727/9 1946/2728/9
f 1945/2725/9 1941/2723/9 1946/2729/9
f 1942/2730/9 1943/2720/9 1947/2731/9
f 1946/2728/9 1942/2727/9 1947/2732/9
f 1947/2731/9 1943/2720/9 1948/2733/9
f 1943/2720/9 1908/2653/9 1949/2734/9
f 1948/2733/9 1943/2720/9 1949/2734/9
f 1944/2735/9 1945/2736/9 1950/2737/9
f 1945/2738/9 1946/2728/9 1951/2739/9
f 1950/2737/9 1945/2736/9 1951/2740/9
f 1947/2732/9 1948/2741/9 1952/2742/9
f 1948/2743/9 1949/2744/9 1952/2745/9
f 1949/2734/9 1908/2653/9 1953/2746/9
f 1952/2745/9 1949/2744/9 1953/2747/9
f 1950/2748/9 1951/2749/9 1954/2750/9
f 1951/2739/9 1946/2728/9 1955/2751/9
f 1954/2750/9 1951/2749/9 1955/2752/9
f 1947/2732/9 1952/2742/9 1956/2753/9
f 1952/2754/9 1953/2746/9 1956/2755/9
f 1953/2746/9 1908/2653/9 1957/2756/9
f 1956/2755/9 1953/2746/9 1957/2756/9
f 1958/2757/9 1959/2758/9 1960/2759/9
f 1960/2759/9 1959/2758/9 1961/2760/9
f 1962/2761/9 1963/2762/9 1964/2763/9
f 1964/2763/9 1963/2762/9 1965/2764/9
f 1954/2765/9 1955/2766/9 1966/2767/9
f 1955/2751/9 1946/2728/9 1967/2768/9
f 1966/2767/9 1955/2766/9 1967/2769/9
f 1947/2732/9 1956/2753/9 1968/2770/9
f 1956/2771/9 1957/2772/9 1968/2773/9
f 1957/2756/9 1908/2653/9 1969/2774/9
f 1968/2773/9 1957/2772/9 1969/2775/9
f 1966/2776/9 1967/2777/9 1970/2778/9
f 1967/2768/9 1946/2728/9 1971/2779/9
f 1970/2778/9 1967/2777/9 1971/2780/9
f 1947/2732/9 1968/2770/9 1972/2781/9
f 1968/2782/9 1969/2774/9 1972/2783/9
f 1969/2774/9 1908/2653/9 1973/2784/9
f 1972/2783/9 1969/2774/9 1973/2784/9
f 1970/2785/9 1971/2786/9 1974/2787/9
f 1971/2779/9 1946/2728/9 1975/2788/9
f 1974/2787/9 1971/2786/9 1975/2789/9
f 1975/2788/9 1946/2728/9 1976/2790/9
f 1947/2732/9 1972/2781/9 1977/2791/9
f 1972/2792/9 1973/2793/9 1978/2794/9
f 1977/2791/9 1972/2781/9 1978/2795/9
f 1973/2784/9 1908/2653/9 1979/2796/9
f 1978/2794/9 1973/2793/9 1979/2797/9
f 1975/2798/9 1976/2799/9 1980/2800/9
f 1974/2801/9 1975/2798/9 1980/2800/9
f 1976/2790/9 1977/2791/9 1981/2802/9
f 1980/2800/9 1976/2799/9 1981/2803/9
f 1977/2804/9 1978/2805/9 1982/2806/9
f 1981/2802/9 1977/2791/9 1982/2807/9
f 1978/2805/9 1979/2796/9 1982/2806/9
f 1979/2796/9 1908/2653/9 1983/2808/9
f 1982/2806/9 1979/2796/9 1983/2808/9
f 1981/2809/9 1982/2810/9 1984/2811/9
f 1980/2812/9 1981/2809/9 1984/2811/9
f 1982/2810/9 1983/2813/9 1984/2811/9
f 1983/2808/9 1908/2653/9 1985/2814/9
f 1984/2811/9 1983/2813/9 1985/2815/9
f 1984/2816/9 1985/2814/9 1986/2817/9
f 1985/2814/9 1908/2653/9 1987/2818/9
f 1986/2817/9 1985/2814/9 1987/2818/9
f 1986/2819/9 1987/2820/9 1988/2821/9
f 1987/2818/9 1908/2653/9 1989/2822/9
f 1988/2821/9 1987/2820/9 1989/2823/9
f 1988/2824/9 1989/2822/9 1990/2825/9
f 1989/2822/9 1908/2653/9 1991/2826/9
f 1990/2825/9 1989/2822/9 1991/2826/9
f 1990/2827/9 1991/2828/9 1992/2829/9
f 1991/2826/9 1908/2653/9 1993/2830/9
f 1992/2829/9 1991/2828/9 1993/2831/9
f 1992/2832/9 1993/2830/9 1994/2833/9
f 1993/2830/9 1908/2653/9 1995/2834/9
f 1994/2833/9 1993/2830/9 1995/2834/9
f 1994/2835/9 1995/2836/9 1996/2837/9
f 1995/2834/9 1908/2653/9 1997/2838/9
f 1996/2837/9 1995/2836/9 1997/2839/9
f 1996/2840/9 1997/2838/9 1998/2841/9
f 1997/2838/9 1908/2653/9 1999/2842/9
f 1998/2841/9 1997/2838/9 1999/2842/9
f 1998/2843/9 1999/2844/9 2000/2845/9
f 1999/2842/9 1908/2653/9 2001/2846/9
f 2000/2845/9 1999/2844/9 2001/2847/9
f 2000/2848/9 2001/2846/9 2002/2849/9
f 2001/2846/9 1908/2653/9 2003/2850/9
f 2002/2849/9 2001/2846/9 2003/2850/9
f 2002/2851/9 2003/2852/9 2004/2853/9
f 2003/2850/9 1908/2653/9 2005/2854/9
f 2004/2853/9 2003/2852/9 2005/2855/9
f 2004/2856/9 2005/2854/9 2006/2857/9
f 2005/2854/9 1908/2653/9 2007/2858/9
f 2006/2857/9 2005/2854/9 2007/2858/9
f 2006/2859/9 2007/2860/9 2008/2861/9
f 2007/2858/9 1908/2653/9 2009/2862/9
f 2008/2861/9 2007/2860/9 2009/2863/9
f 2008/2864/9 2009/2862/9 2010/2865/9
f 2009/2862/9 1908/2653/9 2011/2866/9
f 2010/2865/9 2009/2862/9 2011/2866/9
f 2010/2867/9 2011/2868/9 2012/2869/9
f 2011/2866/9 1908/2653/9 2013/2870/9
f 2012/2869/9 2011/2868/9 2013/2871/9
f 2013/2870/9 1908/2653/9 2014/2872/9
f 2015/2873/9 2016/2874/9 2017/2875/9
f 2017/2875/9 2016/2874/9 2018/2876/9
f 2018/2876/9 2019/2877/9 2020/2878/9
f 2020/2878/9 2019/2877/9 2021/2879/9
f 2022/2880/9 2020/2878/9 2023/2881/9
f 2023/2881/9 2020/2878/9 2024/2882/9
f 2025/2883/9 2026/2884/9 2027/2885/9
f 2027/2885/9 2026/2884/9 2028/2886/9
f 2029/2887/9 2030/2888/9 2031/2889/9
f 2031/2889/9 2030/2888/9 2032/2890/9
f 2033/2891/9 2034/2892/9 2035/2893/9
f 2035/2893/9 2034/2892/9 2036/2894/9
f 2037/2895/9 2038/2896/9 2039/2897/9
f 2039/2897/9 2038/2896/9 2040/2898/9
f 2041/2899/9 2042/2900/9 2043/2901/9
f 2043/2901/9 2042/2900/9 2044/2902/9
f 2045/2903/9 2043/2904/9 2046/2905/9
f 2043/2904/9 2044/2906/9 2046/2905/9
f 2046/2905/9 2044/2906/9 2047/2907/9
f 2044/2902/9 2042/2900/9 2048/2908/9
f 2047/2907/9 2044/2906/9 2048/2909/9
f 2048/2908/9 2042/2900/9 2049/2910/9
f 2048/2911/9 2049/2912/9 2050/2913/9
f 2049/2910/9 2051/2914/9 2050/2915/9
f 2050/2915/9 2051/2914/9 2052/2916/9
f 2046/2917/9 2047/2918/9 2053/2919/9
f 2047/2907/9 2048/2909/9 2054/2920/9
f 2053/2919/9 2047/2918/9 2054/2921/9
f 2053/2922/9 2054/2923/9 2055/2924/9
f 2054/2920/9 2048/2909/9 2056/2925/9
f 2055/2924/9 2054/2923/9 2056/2926/9
f 2048/2911/9 2050/2913/9 2057/2927/9
f 2050/2913/9 2052/2928/9 2057/2927/9
f 2052/2916/9 2058/2929/9 2059/2930/9
f 2057/2927/9 2052/2928/9 2059/2931/9
f 2059/2930/9 2058/2929/9 2060/2932/9
f 2057/2933/9 2059/2934/9 2061/2935/9
f 2059/2931/9 2060/2936/9 2061/2937/9
f 2060/2932/9 2062/2938/9 2063/2939/9
f 2061/2937/9 2060/2936/9 2063/2940/9
f 2063/2939/9 2062/2938/9 2064/2941/9
f 2055/2942/9 2056/2943/9 2065/2944/9
f 2056/2925/9 2048/2909/9 2066/2945/9
f 2065/2944/9 2056/2943/9 2066/2946/9
f 2048/2911/9 2057/2927/9 2067/2947/9
f 2057/2933/9 2061/2935/9 2067/2948/9
f 2061/2935/9 2063/2949/9 2067/2948/9
f 2063/2940/9 2064/2950/9 2068/2951/9
f 2067/2948/9 2063/2949/9 2068/2952/9
f 2065/2953/9 2066/2954/9 2069/2955/9
f 2066/2945/9 2048/2909/9 2070/2956/9
f 2069/2955/9 2066/2954/9 2070/2957/9
f 2048/2911/9 2067/2947/9 2071/2958/9
f 2067/2947/9 2068/2951/9 2071/2958/9
f 2064/2941/9 2072/2959/9 2073/2960/9
f 2071/2958/9 2068/2951/9 2073/2961/9
f 2068/2951/9 2064/2950/9 2073/2961/9
f 2073/2960/9 2072/2959/9 2074/2962/9
f 2071/2963/9 2073/2964/9 2075/2965/9
f 2073/2961/9 2074/2966/9 2075/2967/9
f 2074/2962/9 2076/2968/9 2077/2969/9
f 2075/2967/9 2074/2966/9 2077/2970/9
f 2077/2969/9 2076/2968/9 2078/2971/9
f 2069/2972/9 2070/2973/9 2079/2974/9
f 2070/2956/9 2048/2909/9 2080/2975/9
f 2079/2974/9 2070/2973/9 2080/2976/9
f 2048/2911/9 2071/2958/9 2081/2977/9
f 2071/2963/9 2075/2965/9 2081/2978/9
f 2075/2965/9 2077/2979/9 2081/2978/9
f 2077/2970/9 2078/2980/9 2082/2981/9
f 2081/2978/9 2077/2979/9 2082/2982/9
f 2079/2983/9 2080/2984/9 2083/2985/9
f 2080/2975/9 2048/2909/9 2084/2986/9
f 2083/2985/9 2080/2984/9 2084/2987/9
f 2048/2911/9 2081/2977/9 2085/2988/9
f 2081/2977/9 2082/2981/9 2085/2988/9
f 2078/2971/9 2086/2989/9 2087/2990/9
f 2085/2988/9 2082/2981/9 2087/2991/9
f 2082/2981/9 2078/2980/9 2087/2991/9
f 2087/2990/9 2086/2989/9 2088/2992/9
f 2087/2991/9 2088/2993/9 2089/2994/9
f 2088/2992/9 2090/2995/9 2089/2996/9
f 2089/2996/9 2090/2995/9 2091/2997/9
f 2085/2998/9 2087/2999/9 2092/3000/9
f 2087/2991/9 2089/2994/9 2092/3001/9
f 2089/3002/9 2091/3003/9 2093/3004/9
f 2092/3001/9 2089/2994/9 2093/3005/9
f 2093/3004/9 2091/3003/9 2094/3006/9
f 2083/3007/9 2084/3008/9 2095/3009/9
f 2084/2986/9 2048/2909/9 2096/3010/9
f 2095/3009/9 2084/3008/9 2096/3011/9
f 2048/2911/9 2085/2988/9 2097/3012/9
f 2085/2998/9 2092/3000/9 2097/3013/9
f 2092/3000/9 2093/3014/9 2097/3013/9
f 2093/3005/9 2094/3015/9 2098/3016/9
f 2097/3013/9 2093/3014/9 2098/3017/9
f 2095/3018/9 2096/3019/9 2099/3020/9
f 2096/3010/9 2048/2909/9 2100/3021/9
f 2099/3020/9 2096/3019/9 2100/3022/9
f 2048/2911/9 2097/3012/9 2101/3023/9
f 2097/3012/9 2098/3016/9 2101/3023/9
f 2094/3024/9 2102/3025/9 2103/3026/9
f 2101/3023/9 2098/3016/9 2103/3027/9
f 2098/3016/9 2094/3015/9 2103/3027/9
f 2103/3026/9 2102/3025/9 2104/3028/9
f 2101/3029/9 2103/3030/9 2105/3031/9
f 2103/3027/9 2104/3032/9 2105/3033/9
f 2104/3028/9 2106/3034/9 2107/3035/9
f 2105/3033/9 2104/3032/9 2107/3036/9
f 2107/3035/9 2106/3034/9 2108/3037/9
f 2099/3038/9 2100/3039/9 2109/3040/9
f 2100/3021/9 2048/2909/9 2110/3041/9
f 2109/3040/9 2100/3039/9 2110/3042/9
f 2048/2911/9 2101/3023/9 2111/3043/9
f 2101/3029/9 2105/3031/9 2111/3044/9
f 2105/3031/9 2107/3045/9 2111/3044/9
f 2107/3036/9 2108/3046/9 2112/3047/9
f 2111/3044/9 2107/3045/9 2112/3048/9
f 2109/3049/9 2110/3050/9 2113/3051/9
f 2110/3041/9 2048/2909/9 2114/3052/9
f 2113/3051/9 2110/3050/9 2114/3053/9
f 2048/2911/9 2111/3043/9 2115/3054/9
f 2111/3043/9 2112/3047/9 2115/3054/9
f 2108/3037/9 2116/3055/9 2117/3056/9
f 2115/3054/9 2112/3047/9 2117/3057/9
f 2112/3047/9 2108/3046/9 2117/3057/9
f 2117/3056/9 2116/3055/9 2118/3058/9
f 2115/3059/9 2117/3060/9 2119/3061/9
f 2117/3057/9 2118/3062/9 2119/3063/9
f 2118/3058/9 2120/3064/9 2121/3065/9
f 2119/3063/9 2118/3062/9 2121/3066/9
f 2121/3065/9 2120/3064/9 2122/3067/9
f 2113/3068/9 2114/3069/9 2123/3070/9
f 2114/3052/9 2048/2909/9 2124/3071/9
f 2123/3070/9 2114/3069/9 2124/3072/9
f 2048/2911/9 2115/3054/9 2125/3073/9
f 2115/3059/9 2119/3061/9 2125/3074/9
f 2119/3061/9 2121/3075/9 2125/3074/9
f 2121/3066/9 2122/3076/9 2126/3077/9
f 2125/3074/9 2121/3075/9 2126/3078/9
f 2123/3079/9 2124/3080/9 2127/3081/9
f 2124/3071/9 2048/2909/9 2128/3082/9
f 2127/3081/9 2124/3080/9 2128/3083/9
f 2048/2911/9 2125/3073/9 2129/3084/9
f 2125/3073/9 2126/3077/9 2129/3084/9
f 2122/3067/9 2130/3085/9 2131/3086/9
f 2129/3084/9 2126/3077/9 2131/3087/9
f 2126/3077/9 2122/3076/9 2131/3087/9
f 2131/3086/9 2130/3085/9 2132/3088/9
f 2129/3089/9 2131/3090/9 2133/3091/9
f 2131/3087/9 2132/3092/9 2133/3093/9
f 2132/3088/9 2134/3094/9 2135/3095/9
f 2133/3093/9 2132/3092/9 2135/3096/9
f 2135/3095/9 2134/3094/9 2136/3097/9
f 2127/3098/9 2128/3099/9 2137/3100/9
f 2128/3082/9 2048/2909/9 2138/3101/9
f 2137/3100/9 2128/3099/9 2138/3102/9
f 2048/2911/9 2129/3084/9 2139/3103/9
f 2129/3089/9 2133/3091/9 2139/3104/9
f 2133/3091/9 2135/3105/9 2139/3104/9
f 2135/3096/9 2136/3106/9 2140/3107/9
f 2139/3104/9 2135/3105/9 2140/3108/9
f 2137/3109/9 2138/3110/9 2141/3111/9
f 2138/3101/9 2048/2909/9 2142/3112/9
f 2141/3111/9 2138/3110/9 2142/3113/9
f 2048/2911/9 2139/3103/9 2143/3114/9
f 2139/3103/9 2140/3107/9 2143/3114/9
f 2136/3097/9 2144/3115/9 2145/3116/9
f 2143/3114/9 2140/3107/9 2145/3117/9
f 2140/3107/9 2136/3106/9 2145/3117/9
f 2145/3116/9 2144/3115/9 2146/3118/9
f 2143/3119/9 2145/3120/9 2147/3121/10
f 2145/3117/9 2146/3122/9 2147/3123/10
f 2146/3118/9 2148/3124/9 2149/3125/9
f 2147/3123/10 2146/3122/9 2149/3126/9
f 2149/3125/9 2148/3124/9 2150/3127/9
f 2141/3128/9 2142/3129/9 2151/3130/9
f 2142/3112/9 2048/2909/9 2152/3131/9
f 2151/3130/9 2142/3129/9 2152/3132/9
f 2048/2911/9 2143/3114/9 2153/3133/9
f 2143/3119/9 2147/3121/10 2153/3134/9
f 2147/3121/10 2149/3135/9 2153/3134/9
f 2149/3126/9 2150/3136/9 2154/3137/9
f 2153/3134/9 2149/3135/9 2154/3138/9
f 2151/3139/9 2152/3140/9 2155/3141/9
f 2152/3131/9 2048/2909/9 2156/3142/9
f 2155/3141/9 2152/3140/9 2156/3143/9
f 2048/2911/9 2153/3133/9 2157/3144/9
f 2153/3133/9 2154/3137/9 2157/3144/9
f 2150/3127/9 2158/3145/9 2159/3146/9
f 2157/3144/9 2154/3137/9 2159/3147/9
f 2154/3137/9 2150/3136/9 2159/3147/9
f 2159/3146/9 2158/3145/9 2160/3148/9
f 2157/3149/9 2159/3150/9 2161/3151/9
f 2159/3147/9 2160/3152/9 2161/3153/9
f 2160/3148/9 2162/3154/9 2163/3155/9
f 2161/3153/9 2160/3152/9 2163/3156/9
f 2163/3155/9 2162/3154/9 2164/3157/9
f 2155/3158/9 2156/3159/9 2165/3160/9
f 2165/3160/9 2156/3159/9 2166/3161/9
f 2166/3161/9 2156/3159/9 2167/3162/9
f 2156/3142/9 2048/2909/9 2168/3163/9
f 2167/3162/9 2156/3159/9 2168/3164/9
f 2048/2911/9 2157/3144/9 2169/3165/9
f 2157/3149/9 2161/3151/9 2169/3166/9
f 2161/3151/9 2163/3167/9 2169/3166/9
f 2163/3156/9 2164/3168/9 2170/3169/9
f 2169/3166/9 2163/3167/9 2170/3170/9
f 2165/3171/9 2166/3172/9 2171/3173/9
f 2171/3173/9 2166/3172/9 2172/3174/9
f 2167/3175/9 2168/3176/9 2173/3177/9
f 2168/3163/9 2048/2909/9 2174/3178/9
f 2173/3177/9 2168/3176/9 2174/3179/9
f 2169/3165/9 2170/3169/9 2175/3180/9
f 2048/2911/9 2169/3165/9 2175/3180/9
f 2164/3157/9 2176/3181/9 2177/3182/9
f 2175/3180/9 2170/3169/9 2177/3183/9
f 2170/3169/9 2164/3168/9 2177/3183/9
f 2177/3182/9 2176/3181/9 2178/3184/9
f 2171/3185/9 2172/3186/9 2179/3187/9
f 2179/3187/9 2172/3186/9 2180/3188/9
f 2173/3189/9 2174/3190/9 2181/3191/9
f 2174/3178/9 2048/2909/9 2182/3192/9
f 2181/3191/9 2174/3190/9 2182/3193/9
f 2048/2911/9 2175/3180/9 2183/3194/9
f 2175/3195/9 2177/3196/9 2183/3197/9
f 2177/3183/9 2178/3198/9 2184/3199/9
f 2183/3197/9 2177/3196/9 2184/3200/9
f 2179/3201/9 2180/3202/9 2185/3203/9
f 2185/3203/9 2180/3202/9 2186/3204/9
f 2181/3205/9 2182/3206/9 2187/3207/9
f 2182/3192/9 2048/2909/9 2188/3208/9
f 2187/3207/9 2182/3206/9 2188/3209/9
f 2048/2911/9 2183/3194/9 2189/3210/9
f 2183/3194/9 2184/3199/9 2189/3210/9
f 2184/3199/9 2178/3198/9 2190/3211/9
f 2189/3210/9 2184/3199/9 2190/3211/9
f 2185/3212/9 2186/3213/9 2191/3214/9
f 2191/3214/9 2186/3213/9 2192/3215/9
f 2187/3216/9 2188/3217/9 2193/3218/9
f 2188/3208/9 2048/2909/9 2194/3219/9
f 2193/3218/9 2188/3217/9 2194/3220/9
f 2048/2911/9 2189/3210/9 2195/3221/9
f 2189/3222/9 2190/3223/9 2195/3224/9
f 2190/3211/9 2178/3198/9 2196/3225/9
f 2195/3224/9 2190/3223/9 2196/3226/9
f 2178/3184/9 2197/3227/9 2198/3228/9
f 2196/3225/9 2178/3198/9 2198/3229/9
f 2198/3228/9 2197/3227/9 2199/3230/9
f 2191/3231/9 2192/3232/9 2200/3233/9
f 2200/3233/9 2192/3232/9 2201/3234/9
f 2193/3235/9 2194/3236/9 2202/3237/9
f 2194/3219/9 2048/2909/9 2203/3238/9
f 2202/3237/9 2194/3236/9 2203/3239/9
f 2195/3221/9 2196/3225/9 2204/3240/9
f 2048/2911/9 2195/3221/9 2204/3240/9
f 2204/3240/9 2196/3225/9 2205/3241/9
f 2204/3242/9 2205/3243/9 2206/3244/9
f 2205/3241/9 2196/3225/9 2207/3245/9
f 2206/3244/9 2205/3243/9 2207/3246/9
f 2196/3247/9 2198/3228/9 2208/3248/9
f 2207/3245/9 2196/3225/9 2208/3249/9
f 2208/3248/9 2198/3228/9 2209/3250/9
f 2200/3251/9 2201/3252/9 2210/3253/9
f 2210/3253/9 2201/3252/9 2211/3254/9
f 2202/3255/9 2203/3256/9 2212/3257/9
f 2203/3238/9 2048/2909/9 2213/3258/9
f 2212/3257/9 2203/3256/9 2213/3259/9
f 2048/2911/9 2204/3240/9 2214/3260/9
f 2204/3242/9 2206/3244/9 2214/3261/9
f 2206/3262/9 2207/3245/9 2215/3263/9
f 2214/3261/9 2206/3244/9 2215/3264/9
f 2207/3265/9 2208/3248/9 2216/3266/9
f 2215/3263/9 2207/3245/9 2216/3267/9
f 2216/3266/9 2208/3248/9 2217/3268/9
f 2210/3269/9 2211/3270/9 2218/3271/9
f 2218/3271/9 2211/3270/9 2219/3272/9
f 2212/3273/9 2213/3274/9 2220/3275/9
f 2213/3258/9 2048/2909/9 2221/3276/9
f 2220/3275/9 2213/3274/9 2221/3277/9
f 2048/2911/9 2214/3260/9 2222/3278/9
f 2214/3260/9 2215/3263/9 2222/3278/9
f 2222/3278/9 2215/3263/9 2223/3279/9
f 2222/3280/9 2223/3281/9 2224/3282/9
f 2223/3279/9 2215/3263/9 2225/3283/9
f 2224/3282/9 2223/3281/9 2225/3284/9
f 2215/3285/9 2216/3266/9 2226/3286/9
f 2225/3283/9 2215/3263/9 2226/3287/9
f 2226/3286/9 2216/3266/9 2227/3288/9
f 2219/3289/9 2220/3290/9 2228/3291/9
f 2218/3292/9 2219/3289/9 2228/3291/9
f 2220/3290/9 2221/3293/9 2228/3291/9
f 2221/3276/9 2048/2909/9 2229/3294/9
f 2228/3291/9 2221/3293/9 2229/3295/9
f 2222/3280/9 2224/3282/9 2230/3296/9
f 2048/2911/9 2222/3278/9 2230/3297/9
f 2224/3298/9 2225/3283/9 2231/3299/9
f 2230/3296/9 2224/3282/9 2231/3300/9
f 2225/3301/9 2226/3286/9 2232/3302/9
f 2231/3299/9 2225/3283/9 2232/3303/9
f 2232/3302/9 2226/3286/9 2233/3304/9
f 2228/3305/9 2229/3306/9 2234/3307/9
f 2229/3294/9 2048/2909/9 2235/3308/9
f 2234/3307/9 2229/3306/9 2235/3309/9
f 2230/3297/9 2231/3299/9 2236/3310/9
f 2048/2911/9 2230/3297/9 2236/3310/9
f 2236/3310/9 2231/3299/9 2237/3311/9
f 2236/3312/9 2237/3313/9 2238/3314/9
f 2237/3311/9 2231/3299/9 2239/3315/9
f 2238/3314/9 2237/3313/9 2239/3316/9
f 2231/3317/9 2232/3302/9 2240/3318/9
f 2239/3315/9 2231/3299/9 2240/3319/9
f 2240/3318/9 2232/3302/9 2241/3320/9
f 2234/3321/9 2235/3322/9 2242/3323/9
f 2235/3308/9 2048/2909/9 2243/3324/9
f 2242/3323/9 2235/3322/9 2243/3325/9
f 2048/2911/9 2236/3310/9 2244/3326/9
f 2236/3312/9 2238/3314/9 2244/3327/9
f 2238/3328/9 2239/3315/9 2245/3329/9
f 2244/3327/9 2238/3314/9 2245/3330/9
f 2239/3331/9 2240/3318/9 2246/3332/9
f 2245/3329/9 2239/3315/9 2246/3333/9
f 2246/3332/9 2240/3318/9 2247/3334/9
f 2242/3335/9 2243/3336/9 2248/3337/9
f 2243/3324/9 2048/2909/9 2249/3338/9
f 2248/3337/9 2243/3336/9 2249/3339/9
f 2048/2911/9 2244/3326/9 2250/3340/9
f 2244/3326/9 2245/3329/9 2250/3340/9
f 2250/3340/9 2245/3329/9 2251/3341/9
f 2250/3342/9 2251/3343/9 2252/3344/9
f 2251/3341/9 2245/3329/9 2253/3345/9
f 2252/3344/9 2251/3343/9 2253/3346/9
f 2245/3347/9 2246/3332/9 2254/3348/9
f 2253/3345/9 2245/3329/9 2254/3349/9
f 2254/3348/9 2246/3332/9 2255/3350/9
f 2248/3351/9 2249/3352/9 2256/3353/9
f 2249/3338/9 2048/2909/9 2257/3354/9
f 2256/3353/9 2249/3352/9 2257/3355/9
f 2048/2911/9 2250/3340/9 2258/3356/9
f 2250/3342/9 2252/3344/9 2258/3357/9
f 2252/3358/9 2253/3345/9 2259/3359/9
f 2258/3357/9 2252/3344/9 2259/3360/9
f 2253/3361/9 2254/3348/9 2260/3362/9
f 2259/3359/9 2253/3345/9 2260/3363/9
f 2260/3362/9 2254/3348/9 2261/3364/9
f 2256/3365/9 2257/3366/9 2262/3367/9
f 2257/3354/9 2048/2909/9 2263/3368/9
f 2262/3367/9 2257/3366/9 2263/3369/9
f 2048/2911/9 2258/3356/9 2264/3370/9
f 2258/3356/9 2259/3359/9 2264/3370/9
f 2264/3370/9 2259/3359/9 2265/3371/9
f 2264/3372/9 2265/3373/9 2266/3374/9
f 2265/3371/9 2259/3359/9 2267/3375/9
f 2266/3374/9 2265/3373/9 2267/3376/9
f 2259/3377/9 2260/3362/9 2268/3378/9
f 2267/3375/9 2259/3359/9 2268/3379/9
f 2268/3378/9 2260/3362/9 2269/3380/9
f 2262/3381/9 2263/3382/9 2270/3383/9
f 2263/3368/9 2048/2909/9 2271/3384/9
f 2270/3383/9 2263/3382/9 2271/3385/9
f 2048/2911/9 2264/3370/9 2272/3386/9
f 2264/3372/9 2266/3374/9 2272/3387/9
f 2266/3388/9 2267/3375/9 2273/3389/9
f 2272/3387/9 2266/3374/9 2273/3390/9
f 2267/3391/9 2268/3378/9 2274/3392/9
f 2273/3389/9 2267/3375/9 2274/3393/9
f 2274/3392/9 2268/3378/9 2275/3394/9
f 2270/3395/9 2271/3396/9 2276/3397/9
f 2271/3384/9 2048/2909/9 2277/3398/9
f 2276/3397/9 2271/3396/9 2277/3399/9
f 2048/2911/9 2272/3386/9 2278/3400/9
f 2272/3386/9 2273/3389/9 2278/3400/9
f 2278/3400/9 2273/3389/9 2279/3401/9
f 2278/3402/9 2279/3403/9 2280/3404/9
f 2279/3401/9 2273/3389/9 2281/3405/9
f 2280/3404/9 2279/3403/9 2281/3406/9
f 2273/3407/9 2274/3392/9 2282/3408/9
f 2281/3405/9 2273/3389/9 2282/3409/9
f 2282/3408/9 2274/3392/9 2283/3410/9
f 2276/3411/9 2277/3412/9 2284/3413/9
f 2277/3398/9 2048/2909/9 2285/3414/9
f 2284/3413/9 2277/3412/9 2285/3415/9
f 2048/2911/9 2278/3400/9 2286/3416/9
f 2278/3402/9 2280/3404/9 2286/3417/9
f 2280/3418/9 2281/3405/9 2287/3419/9
f 2286/3417/9 2280/3404/9 2287/3420/9
f 2281/3421/9 2282/3408/9 2288/3422/9
f 2287/3419/9 2281/3405/9 2288/3423/9
f 2288/3422/9 2282/3408/9 2289/3424/9
f 2284/3425/9 2285/3426/9 2290/3427/9
f 2285/3414/9 2048/2909/9 2291/3428/9
f 2290/3427/9 2285/3426/9 2291/3429/9
f 2048/2911/9 2286/3416/9 2292/3430/9
f 2286/3416/9 2287/3419/9 2292/3430/9
f 2292/3430/9 2287/3419/9 2293/3431/9
f 2292/3432/9 2293/3433/9 2294/3434/9
f 2293/3431/9 2287/3419/9 2295/3435/9
f 2294/3434/9 2293/3433/9 2295/3436/9
f 2287/3437/9 2288/3422/9 2296/3438/9
f 2295/3435/9 2287/3419/9 2296/3439/9
f 2296/3438/9 2288/3422/9 2297/3440/9
f 2290/3441/9 2291/3442/9 2298/3443/9
f 2291/3428/9 2048/2909/9 2299/3444/9
f 2298/3443/9 2291/3442/9 2299/3445/9
f 2048/2911/9 2292/3430/9 2300/3446/9
f 2292/3432/9 2294/3434/9 2300/3447/9
f 2294/3448/9 2295/3435/9 2301/3449/9
f 2300/3447/9 2294/3434/9 2301/3450/9
f 2295/3451/9 2296/3438/9 2302/3452/9
f 2301/3449/9 2295/3435/9 2302/3453/9
f 2302/3452/9 2296/3438/9 2303/3454/9
f 2298/3455/9 2299/3456/9 2304/3457/9
f 2299/3444/9 2048/2909/9 2305/3458/9
f 2304/3457/9 2299/3456/9 2305/3459/9
f 2048/2911/9 2300/3446/9 2306/3460/9
f 2300/3446/9 2301/3449/9 2306/3460/9
f 2306/3460/9 2301/3449/9 2307/3461/9
f 2306/3462/9 2307/3463/9 2308/3464/9
f 2307/3461/9 2301/3449/9 2309/3465/9
f 2308/3464/9 2307/3463/9 2309/3466/9
f 2301/3467/9 2302/3452/9 2310/3468/9
f 2309/3465/9 2301/3449/9 2310/3469/9
f 2310/3468/9 2302/3452/9 2311/3470/9
f 2304/3471/9 2305/3472/9 2312/3473/9
f 2305/3458/9 2048/2909/9 2313/3474/9
f 2312/3473/9 2305/3472/9 2313/3475/9
f 2048/2911/9 2306/3460/9 2314/3476/9
f 2306/3462/9 2308/3464/9 2314/3477/9
f 2308/3478/9 2309/3465/9 2315/3479/9
f 2314/3477/9 2308/3464/9 2315/3480/9
f 2309/3481/9 2310/3468/9 2316/3482/9
f 2315/3479/9 2309/3465/9 2316/3483/9
f 2316/3482/9 2310/3468/9 2317/3484/9
f 2312/3485/9 2313/3486/9 2318/3487/9
f 2313/3474/9 2048/2909/9 2319/3488/9
f 2318/3487/9 2313/3486/9 2319/3489/9
f 2048/2911/9 2314/3476/9 2320/3490/9
f 2314/3476/9 2315/3479/9 2320/3490/9
f 2315/3491/9 2316/3482/9 2321/3492/9
f 2320/3490/9 2315/3479/9 2321/3493/9
f 2321/3492/9 2316/3482/9 2322/3494/9
f 2318/3495/9 2319/3496/9 2323/3497/9
f 2319/3488/9 2048/2909/9 2324/3498/9
f 2323/3497/9 2319/3496/9 2324/3499/9
f 2048/2911/9 2320/3490/9 2325/3500/9
f 2324/3498/9 2048/2909/9 2325/3501/9
f 2320/3502/9 2321/3492/9 2326/3503/9
f 2325/3500/9 2320/3490/9 2326/3504/9
f 2326/3503/9 2321/3492/9 2327/3505/9
f 2323/3506/9 2324/3498/9 2328/3507/9
f 2324/3498/9 2325/3501/9 2328/3507/9
f 2328/3507/9 2325/3501/9 2329/3508/9
f 2325/3509/9 2326/3503/9 2330/3510/9
f 2329/3508/9 2325/3501/9 2330/3511/9
f 2329/3512/9 2330/3510/9 2331/3513/9
f 2330/3510/9 2326/3503/9 2332/3514/9
f 2331/3513/9 2330/3510/9 2332/3514/9
f 2333/3515/9 2334/3516/9 2335/3517/9
f 2335/3517/9 2334/3516/9 2336/3518/9
f 2333/3515/9 2335/3517/9 2337/3519/9
f 2336/3518/9 2334/3516/9 2338/3520/9
f 2333/3515/9 2337/3519/9 2339/3521/9
f 2337/3519/9 2338/3520/9 2339/3521/9
f 2338/3520/9 2334/3516/9 2340/3522/9
f 2339/3521/9 2338/3520/9 2340/3522/9
f 2341/3523/11 2342/3524/11 2343/3525/11
f 2344/3526/11 2342/3524/11 2341/3523/11
f 2345/3527/11 2346/3528/11 2347/3529/11
f 2345/3530/11 2341/3531/11 2346/3532/11
f 2345/3530/11 2348/3533/11 2344/3534/11
f 2345/3530/11 2344/3534/11 2341/3531/11
f 2349/3535/11 2348/3533/11 2345/3530/11
f 2350/3536/11 2348/3533/11 2349/3535/11
f 2351/3537/11 2348/3533/11 2350/3536/11
f 2352/3538/11 2348/3533/11 2351/3537/11
f 2353/3539/11 2348/3533/11 2352/3538/11
f 2354/3540/11 2348/3533/11 2353/3539/11
f 2355/3541/11 2348/3533/11 2354/3540/11
f 2356/3542/11 2348/3533/11 2355/3541/11
f 2357/3543/11 2348/3533/11 2356/3542/11
f 2358/3544/11 2348/3533/11 2357/3543/11
f 2359/3545/11 2348/3533/11 2358/3544/11
f 2360/3546/11 2348/3533/11 2359/3545/11
f 2361/3547/11 2348/3533/11 2360/3546/11
f 2362/3548/11 2348/3533/11 2361/3547/11
f 2363/3549/11 2348/3533/11 2362/3548/11
f 2364/3550/11 2348/3533/11 2363/3549/11
f 2365/3551/11 2348/3533/11 2364/3550/11
f 2366/3552/11 2348/3533/11 2365/3551/11
f 2367/3553/11 2348/3533/11 2366/3552/11
f 2368/3554/11 2348/3533/11 2367/3553/11
f 2369/3555/11 2348/3533/11 2368/3554/11
f 2370/3556/11 2348/3533/11 2369/3555/11
f 2371/3557/11 2348/3533/11 2370/3556/11
f 2372/3558/11 2348/3533/11 2371/3557/11
f 2373/3559/11 2348/3533/11 2372/3558/11
f 2374/3560/11 2348/3533/11 2373/3559/11
f 2375/3561/11 2348/3533/11 2374/3560/11
f 2376/3562/11 2348/3533/11 2375/3561/11
f 2377/3563/11 2348/3533/11 2376/3562/11
f 2378/3564/11 2348/3533/11 2377/3563/11
f 2379/3565/11 2348/3533/11 2378/3564/11
f 2380/3566/11 2348/3533/11 2379/3565/11
f 2381/3567/11 2348/3533/11 2380/3566/11
f 2382/3568/11 2348/3533/11 2381/3567/11
f 2383/3569/11 2348/3533/11 2382/3568/11
f 2384/3570/11 2348/3533/11 2383/3569/11
f 2385/3571/11 2348/3533/11 2384/3570/11
f 2386/3572/11 2348/3533/11 2385/3571/11
f 2387/3573/11 2388/3574/11 2348/3575/11
f 2387/3576/11 2348/3533/11 2386/3572/11
f 2389/3577/11 2345/3527/11 2347/3529/11
f 2390/3578/11 2349/3579/11 2345/3580/11
f 2390/3581/11 2345/3527/11 2389/3577/11
f 2391/3582/11 2350/3536/11 2349/3535/11
f 2391/3583/11 2349/3579/11 2390/3578/11
f 2392/3584/11 2351/3585/11 2350/3586/11
f 2392/3587/11 2350/3536/11 2391/3582/11
f 2393/3588/11 2352/3538/11 2351/3537/11
f 2393/3589/11 2351/3585/11 2392/3584/11
f 2394/3590/11 2353/3591/11 2352/3592/11
f 2394/3593/11 2352/3538/11 2393/3588/11
f 2395/3594/11 2354/3540/11 2353/3539/11
f 2395/3595/11 2353/3591/11 2394/3590/11
f 2396/3596/11 2355/3597/11 2354/3598/11
f 2396/3599/11 2354/3540/11 2395/3594/11
f 2397/3600/11 2356/3542/11 2355/3541/11
f 2397/3601/11 2355/3597/11 2396/3596/11
f 2398/3602/11 2357/3603/11 2356/3604/11
f 2398/3605/11 2356/3542/11 2397/3600/11
f 2399/3606/11 2358/3544/11 2357/3543/11
f 2399/3607/11 2357/3603/11 2398/3602/11
f 2400/3608/11 2359/3609/11 2358/3610/11
f 2400/3611/11 2358/3544/11 2399/3606/11
f 2401/3612/11 2360/3546/11 2359/3545/11
f 2401/3613/11 2359/3609/11 2400/3608/11
f 2402/3614/11 2361/3615/11 2360/3616/11
f 2402/3617/11 2360/3546/11 2401/3612/11
f 2403/3618/11 2362/3548/11 2361/3547/11
f 2403/3619/11 2361/3615/11 2402/3614/11
f 2404/3620/11 2363/3621/11 2362/3622/11
f 2404/3623/11 2362/3548/11 2403/3618/11
f 2405/3624/11 2364/3550/11 2363/3549/11
f 2405/3625/11 2363/3621/11 2404/3620/11
f 2406/3626/11 2365/3627/11 2364/3628/11
f 2406/3629/11 2364/3550/11 2405/3624/11
f 2407/3630/11 2366/3552/11 2365/3551/11
f 2407/3631/11 2365/3627/11 2406/3626/11
f 2408/3632/11 2367/3633/11 2366/3634/11
f 2408/3635/11 2366/3552/11 2407/3630/11
f 2409/3636/11 2368/3554/11 2367/3553/11
f 2409/3637/11 2367/3633/11 2408/3632/11
f 2410/3638/11 2369/3639/11 2368/3640/11
f 2410/3641/11 2368/3554/11 2409/3636/11
f 2411/3642/11 2370/3556/11 2369/3555/11
f 2411/3643/11 2369/3639/11 2410/3638/11
f 2412/3644/11 2371/3645/11 2370/3646/11
f 2412/3647/11 2370/3556/11 2411/3642/11
f 2413/3648/11 2372/3558/11 2371/3557/11
f 2413/3649/11 2371/3645/11 2412/3644/11
f 2414/3650/11 2373/3651/11 2372/3652/11
f 2414/3653/11 2372/3558/11 2413/3648/11
f 2415/3654/11 2374/3560/11 2373/3559/11
f 2415/3655/11 2373/3651/11 2414/3650/11
f 2416/3656/11 2375/3657/11 2374/3658/11
f 2416/3659/11 2374/3560/11 2415/3654/11
f 2417/3660/11 2376/3562/11 2375/3561/11
f 2417/3661/11 2375/3657/11 2416/3656/11
f 2418/3662/11 2377/3663/11 2376/3664/11
f 2418/3665/11 2376/3562/11 2417/3660/11
f 2419/3666/11 2378/3564/11 2377/3563/11
f 2419/3667/11 2377/3663/11 2418/3662/11
f 2420/3668/11 2379/3669/11 2378/3670/11
f 2420/3671/11 2378/3564/11 2419/3666/11
f 2421/3672/11 2380/3566/11 2379/3565/11
f 2421/3673/11 2379/3669/11 2420/3668/11
f 2422/3674/11 2381/3675/11 2380/3676/11
f 2422/3677/11 2380/3566/11 2421/3672/11
f 2423/3678/11 2382/3568/11 2381/3567/11
f 2423/3679/11 2381/3675/11 2422/3674/11
f 2424/3680/11 2383/3681/11 2382/3682/11
f 2424/3683/11 2382/3568/11 2423/3678/11
f 2425/3684/11 2384/3570/11 2383/3569/11
f 2425/3685/11 2383/3681/11 2424/3680/11
f 2426/3686/11 2385/3687/11 2384/3688/11
f 2426/3689/11 2384/3570/11 2425/3684/11
f 2427/3690/11 2386/3572/11 2385/3571/11
f 2427/3691/11 2385/3687/11 2426/3686/11
f 2428/3692/11 2387/3693/11 2386/3694/11
f 2428/3695/11 2386/3572/11 2427/3690/11
f 2429/3696/11 2388/3574/11 2387/3573/11
f 2429/3697/11 2387/3693/11 2428/3692/11
f 2430/3698/11 2388/3574/11 2429/3696/11
f 2431/3699/11 2432/3700/11 2433/3701/11
f 2434/3702/11 2432/3700/11 2431/3699/11
f 2435/3703/11 2436/3704/11 2437/3705/11
f 2438/3706/11 2436/3704/11 2435/3703/11
f 2439/3707/11 2440/3708/11 2441/3709/11
f 2442/3710/11 2440/3708/11 2439/3707/11
f 2443/3711/11 2444/3712/11 2445/3713/11
f 2446/3714/11 2444/3712/11 2443/3711/11
f 2447/3715/11 2448/3716/11 2449/3717/11
f 2450/3718/11 2448/3716/11 2447/3715/11
f 2451/3719/11 2452/3720/11 2453/3721/11
f 2454/3722/11 2452/3720/11 2451/3719/11
f 2455/3723/11 2456/3724/11 2457/3725/11
f 2458/3726/11 2456/3724/11 2455/3723/11
f 2459/3727/11 2460/3728/11 2461/3729/11
f 2462/3730/11 2460/3728/11 2459/3727/11
f 2463/3731/11 2464/3732/11 2465/3733/11
f 2466/3734/11 2464/3732/11 2463/3731/11
f 2467/3735/11 2468/3736/11 2469/3737/11
f 2470/3738/11 2468/3736/11 2467/3735/11
f 2471/3739/11 2472/3740/11 2473/3741/11
f 2474/3742/11 2472/3740/11 2471/3739/11
f 2475/3743/11 2476/3744/11 2477/3745/11
f 2478/3746/11 2476/3744/11 2475/3743/11
f 2479/3747/11 2480/3748/11 2481/3749/11
f 2482/3750/11 2480/3748/11 2479/3747/11
f 2483/3751/11 2484/3752/11 2485/3753/11
f 2486/3754/11 2484/3752/11 2483/3751/11
f 2487/3755/11 2488/3756/11 2489/3757/11
f 2490/3758/11 2488/3756/11 2487/3755/11
f 2491/3759/11 2492/3760/11 2493/3761/11
f 2494/3762/11 2492/3760/11 2491/3759/11
f 2495/3763/11 2496/3764/11 2497/3765/11
f 2498/3766/11 2496/3764/11 2495/3763/11
f 2499/3767/11 2500/3768/11 2501/3769/11
f 2502/3770/11 2500/3768/11 2499/3767/11
f 2503/3771/11 2504/3772/11 2505/3773/11
f 2506/3774/11 2504/3772/11 2503/3771/11
f 2507/3775/11 2508/3776/11 2509/3777/11
f 2510/3778/11 2508/3776/11 2507/3775/11
f 2511/3779/11 2512/3780/11 2513/3781/11
f 2514/3782/11 2512/3780/11 2511/3779/11
f 2515/3783/11 2516/3784/11 2517/3785/11
f 2518/3786/11 2516/3784/11 2515/3783/11
f 2519/3787/11 2520/3788/11 2521/3789/11
f 2522/3790/11 2520/3788/11 2519/3787/11
f 2523/3791/11 2524/3792/11 2525/3793/11
f 2526/3794/11 2524/3792/11 2523/3791/11
f 2527/3795/11 2528/3796/11 2529/3797/11
f 2530/3798/11 2528/3796/11 2527/3795/11
f 2531/3799/11 2532/3800/11 2533/3801/11
f 2534/3802/11 2532/3800/11 2531/3799/11
f 2535/3803/11 2536/3804/11 2537/3805/11
f 2538/3806/11 2536/3804/11 2535/3803/11
f 2539/3807/11 2540/3808/11 2541/3809/11
f 2542/3810/11 2540/3808/11 2539/3807/11
f 2543/3811/11 2544/3812/11 2545/3813/11
f 2546/3814/11 2544/3812/11 2543/3811/11
f 2547/3815/11 2548/3816/11 2549/3817/11
f 2550/3818/11 2548/3816/11 2547/3815/11
f 2551/3819/11 2552/3820/11 2553/3821/11
f 2554/3822/11 2552/3820/11 2551/3819/11
f 2555/3823/11 2556/3824/11 2557/3825/11
f 2558/3826/11 2556/3824/11 2555/3823/11
f 2559/3827/11 2560/3828/11 2561/3829/11
f 2562/3830/11 2560/3828/11 2559/3827/11
f 2563/3831/11 2564/3832/11 2565/3833/11
f 2566/3834/11 2564/3832/11 2563/3831/11
f 2567/3835/11 2568/3836/11 2569/3837/11
f 2570/3838/11 2568/3836/11 2567/3835/11
f 2571/3839/11 2572/3840/11 2573/3841/11
f 2574/3842/11 2572/3840/11 2571/3839/11
f 2575/3843/11 2576/3844/11 2577/3845/11
f 2578/3846/11 2576/3844/11 2575/3843/11
f 2579/3847/11 2580/3848/11 2581/3849/11
f 2582/3850/11 2580/3848/11 2579/3847/11
f 2583/3851/11 2584/3852/11 2585/3853/11
f 2586/3854/11 2584/3852/11 2583/3851/11
f 2587/3855/11 2588/3856/11 2589/3857/11
f 2590/3858/11 2588/3856/11 2587/3855/11
f 2591/3859/11 2592/3860/11 2593/3861/11
f 2594/3862/11 2592/3860/11 2591/3859/11
f 2595/3863/11 2596/3864/11 2597/3865/11
f 2598/3866/11 2596/3864/11 2595/3863/11
f 2599/3867/11 2600/3868/11 2601/3869/11
f 2602/3870/11 2600/3868/11 2599/3867/11
f 2603/3871/11 2604/3872/11 2605/3873/11
f 2606/3874/11 2604/3872/11 2603/3871/11
f 2607/3875/11 2608/3876/11 2609/3877/11
f 2610/3878/11 2608/3876/11 2607/3875/11
f 2611/3879/11 2612/3880/11 2613/3881/11
f 2614/3882/11 2612/3880/11 2611/3879/11
f 2615/3883/11 2616/3884/11 2617/3885/11
f 2618/3886/11 2616/3884/11 2615/3883/11
f 2619/3887/11 2620/3888/11 2621/3889/11
f 2622/3890/11 2620/3888/11 2619/3887/11
f 2623/3891/11 2624/3892/11 2625/3893/11
f 2626/3894/11 2624/3892/11 2623/3891/11
f 2627/3895/11 2628/3896/11 2629/3897/11
f 2630/3898/11 2628/3896/11 2627/3895/11
f 2631/3899/11 2632/3900/11 2633/3901/11
f 2634/3902/11 2632/3900/11 2631/3899/11
f 2635/3903/11 2636/3904/11 2637/3905/11
f 2638/3906/11 2636/3904/11 2635/3903/11
f 2639/3907/11 2640/3908/11 2641/3909/11
f 2642/3910/12 2640/3908/11 2639/3907/11
f 2643/3911/11 2640/3908/11 2642/3910/12
f 2644/3912/11 2640/3908/11 2643/3911/11
f 2645/3913/11 2640/3908/11 2644/3912/11
f 2646/3914/11 2640/3908/11 2645/3913/11
f 2647/3915/11 2640/3908/11 2646/3914/11
f 2648/3916/11 2640/3908/11 2647/3915/11
f 2649/3917/11 2650/3918/11 2651/3919/11
f 2652/3920/11 2650/3918/11 2649/3917/11
f 2653/3921/11 2654/3922/11 2655/3923/11
f 2656/3924/11 2654/3922/11 2653/3921/11
f 2657/3925/11 2658/3926/11 2659/3927/13
f 2657/3925/11 2660/3928/11 2661/3929/11
f 2657/3925/11 2659/3927/13 2662/3930/11
f 2657/3925/11 2662/3930/11 2663/3931/11
f 2657/3925/11 2663/3931/11 2664/3932/11
f 2657/3925/11 2664/3932/11 2665/3933/11
f 2657/3925/11 2665/3933/11 2660/3928/11
f 2666/3934/11 2658/3926/11 2657/3925/11
f 2667/3935/11 2668/3936/11 2669/3937/11
f 2670/3938/11 2668/3936/11 2667/3935/11
f 2671/3939/11 2672/3940/11 2673/3941/11
f 2674/3942/11 2672/3940/11 2671/3939/11
f 2675/3943/11 2676/3944/11 2677/3945/11
f 2678/3946/11 2676/3944/11 2675/3943/11
f 2679/3947/11 2676/3944/11 2678/3946/11
f 2680/3948/11 2676/3944/11 2679/3947/11
f 2681/3949/11 2676/3944/11 2680/3948/11
f 2682/3950/11 2676/3944/11 2681/3949/11
f 2683/3951/11 2676/3944/11 2682/3950/11
f 2684/3952/11 2676/3944/11 2683/3951/11
f 2685/3953/11 2676/3944/11 2684/3952/11
f 2686/3954/11 2676/3944/11 2685/3953/11
f 2687/3955/11 2676/3944/11 2686/3954/11
f 2688/3956/11 2676/3944/11 2687/3955/11
f 2689/3957/11 2676/3944/11 2688/3956/11
f 2690/3958/11 2676/3944/11 2689/3957/11
f 2691/3959/11 2676/3944/11 2690/3958/11
f 2692/3960/11 2676/3944/11 2691/3959/11
f 2693/3961/11 2676/3944/11 2692/3960/11
f 2694/3962/11 2676/3944/11 2693/3961/11
f 2695/3963/11 2676/3944/11 2694/3962/11
f 2696/3964/11 2676/3944/11 2695/3963/11
f 2697/3965/11 2676/3944/11 2696/3964/11
f 2698/3966/11 2676/3944/11 2697/3965/11
f 2699/3967/11 2676/3944/11 2698/3966/11
f 2700/3968/11 2676/3944/11 2699/3967/11
f 2701/3969/11 2676/3944/11 2700/3968/11
f 2702/3970/11 2676/3944/11 2701/3969/11
f 2703/3971/11 2676/3944/11 2702/3970/11
f 2704/3972/11 2676/3944/11 2703/3971/11
f 2705/3973/11 2676/3944/11 2704/3972/11
f 2706/3974/11 2676/3944/11 2705/3973/11
f 2707/3975/11 2676/3944/11 2706/3974/11
f 2708/3976/11 2676/3944/11 2707/3975/11
f 2709/3977/11 2676/3944/11 2708/3976/11
f 2710/3978/11 2676/3944/11 2709/3977/11
f 2711/3979/11 2676/3944/11 2710/3978/11
f 2712/3980/11 2676/3944/11 2711/3979/11
f 2713/3981/11 2676/3944/11 2712/3980/11
f 2714/3982/11 2676/3944/11 2713/3981/11
f 2715/3983/11 2676/3944/11 2714/3982/11
f 2716/3984/11 2676/3944/11 2715/3983/11
f 2717/3985/11 2718/3986/11 2719/3987/11
f 2720/3988/11 2718/3986/11 2717/3985/11
f 2721/3989/11 2722/3990/11 2723/3991/11
f 2724/3992/11 2722/3990/11 2721/3989/11
f 2725/3993/11 2726/3994/11 2727/3995/11
f 2728/3996/11 2726/3994/11 2725/3993/11
f 2729/3997/11 2730/3998/11 2731/3999/11
f 2732/4000/11 2730/3998/11 2729/3997/11
f 2733/4001/11 2734/4002/11 2735/4003/11
f 2736/4004/11 2734/4002/11 2733/4001/11
f 2737/4005/11 2738/4006/11 2739/4007/11
f 2740/4008/11 2738/4006/11 2737/4005/11
f 2741/4009/14 2742/4010/14 2743/4011/14
f 2743/4011/14 2742/4010/14 2744/4012/14
f 2745/4013/14 2746/4014/14 2747/4015/14
f 2747/4015/14 2746/4014/14 2748/4016/14
f 2749/4017/14 2750/4018/14 2751/4019/14
f 2751/4019/14 2750/4018/14 2752/4020/14
f 2753/4021/14 2754/4022/14 2755/4023/14
f 2755/4023/14 2754/4022/14 2756/4024/14
f 2757/4025/14 2758/4026/14 2759/4027/14
f 2759/4027/14 2758/4026/14 2760/4028/14
f 2761/4029/14 2762/4030/14 2763/4031/14
f 2763/4031/14 2762/4030/14 2764/4032/14
f 2765/4033/14 2766/4034/14 2767/4035/14
f 2767/4035/14 2766/4034/14 2768/4036/14
f 2769/4037/14 2770/4038/14 2771/4039/14
f 2771/4039/14 2770/4038/14 2772/4040/14
f 2773/4041/14 2774/4042/14 2775/4043/14
f 2775/4043/14 2774/4042/14 2776/4044/14
f 2777/4045/14 2778/4046/14 2779/4047/14
f 2779/4047/14 2778/4046/14 2780/4048/14
f 2781/4049/14 2782/4050/14 2783/4051/14
f 2783/4051/14 2782/4050/14 2784/4052/14
f 2785/4053/14 2786/4054/14 2787/4055/14
f 2787/4055/14 2786/4054/14 2788/4056/14
f 2789/4057/14 2790/4058/14 2791/4059/14
f 2791/4059/14 2790/4058/14 2792/4060/14
f 2793/4061/14 2794/4062/14 2795/4063/14
f 2795/4063/14 2794/4062/14 2796/4064/14
f 2797/4065/14 2798/4066/14 2799/4067/14
f 2799/4067/14 2798/4066/14 2800/4068/14
f 2801/4069/14 2802/4070/14 2803/4071/14
f 2803/4071/14 2802/4070/14 2804/4072/14
f 2805/4073/14 2806/4074/14 2807/4075/14
f 2807/4075/14 2806/4074/14 2808/4076/14
f 2809/4077/14 2810/4078/14 2811/4079/14
f 2811/4079/14 2810/4078/14 2812/4080/14
f 2813/4081/14 2814/4082/14 2815/4083/14
f 2815/4083/14 2814/4082/14 2816/4084/14
f 2817/4085/14 2818/4086/14 2819/4087/14
f 2819/4087/14 2818/4086/14 2820/4088/14
f 2821/4089/14 2822/4090/14 2823/4091/14
f 2823/4091/14 2822/4090/14 2824/4092/14
f 2825/4093/14 2826/4094/14 2827/4095/14
f 2827/4095/14 2826/4094/14 2828/4096/14
f 2829/4097/14 2830/4098/14 2831/4099/14
f 2831/4099/14 2830/4098/14 2832/4100/14
f 2833/4101/14 2834/4102/14 2835/4103/14
f 2835/4103/14 2834/4102/14 2836/4104/14
f 2837/4105/14 2838/4106/14 2839/4107/14
f 2839/4107/14 2838/4106/14 2840/4108/14
f 2841/4109/14 2842/4110/14 2843/4111/14
f 2843/4111/14 2842/4110/14 2844/4112/14
f 2845/4113/14 2846/4114/14 2847/4115/14
f 2847/4115/14 2846/4114/14 2848/4116/14
f 2849/4117/14 2850/4118/14 2851/4119/14
f 2851/4119/14 2850/4118/14 2852/4120/14
f 2853/4121/14 2854/4122/14 2855/4123/14
f 2855/4123/14 2854/4122/14 2856/4124/14
f 2857/4125/14 2858/4126/14 2859/4127/14
f 2859/4127/14 2858/4126/14 2860/4128/14
f 2861/4129/14 2862/4130/14 2863/4131/14
f 2863/4131/14 2862/4130/14 2864/4132/14
f 2865/4133/14 2866/4134/14 2867/4135/14
f 2867/4135/14 2866/4134/14 2868/4136/14
f 2869/4137/14 2870/4138/14 2871/4139/14
f 2871/4139/14 2870/4138/14 2872/4140/14
f 2873/4141/14 2874/4142/14 2875/4143/14
f 2875/4143/14 2874/4142/14 2876/4144/14
f 2877/4145/14 2878/4146/14 2879/4147/14
f 2879/4147/14 2878/4146/14 2880/4148/14
f 2881/4149/14 2882/4150/14 2883/4151/14
f 2883/4151/14 2882/4150/14 2884/4152/14
f 2885/4153/14 2886/4154/14 2887/4155/14
f 2887/4155/14 2886/4154/14 2888/4156/14
f 2889/4157/14 2890/4158/14 2891/4159/14
f 2891/4159/14 2890/4158/14 2892/4160/14
f 2893/4161/14 2894/4162/14 2895/4163/14
f 2895/4163/14 2894/4162/14 2896/4164/14
f 2897/4165/14 2898/4166/14 2899/4167/14
f 2899/4167/14 2898/4166/14 2900/4168/14
f 2901/4169/14 2902/4170/14 2903/4171/14
f 2903/4171/14 2902/4170/14 2904/4172/14
f 2905/4173/14 2906/4174/14 2907/4175/14
f 2907/4175/14 2906/4174/14 2908/4176/14
f 2909/4177/14 2910/4178/14 2911/4179/14
f 2911/4179/14 2910/4178/14 2912/4180/14
f 2913/4181/14 2914/4182/14 2915/4183/14
f 2915/4183/14 2914/4182/14 2916/4184/14
f 2917/4185/14 2918/4186/14 2919/4187/14
f 2919/4187/14 2918/4186/14 2920/4188/14
f 2921/4189/14 2922/4190/14 2923/4191/14
f 2923/4191/14 2922/4190/14 2924/4192/14
f 2925/4193/14 2926/4194/14 2927/4195/14
f 2927/4195/14 2926/4194/14 2928/4196/14
f 2929/4197/14 2930/4198/14 2931/4199/14
f 2931/4199/14 2930/4198/14 2932/4200/14
f 2933/4201/14 2934/4202/14 2935/4203/14
f 2935/4203/14 2934/4202/14 2936/4204/14
f 2937/4205/14 2938/4206/14 2939/4207/14
f 2939/4207/14 2938/4206/14 2940/4208/14
f 2941/4209/14 2942/4210/14 2943/4211/14
f 2943/4211/14 2942/4210/14 2944/4212/14
f 2945/4213/14 2946/4214/14 2947/4215/14
f 2947/4215/14 2946/4214/14 2948/4216/14
f 2949/4217/14 2950/4218/14 2951/4219/14
f 2951/4219/14 2950/4218/14 2952/4220/15
f 2952/4220/15 2950/4218/14 2953/4221/16
f 2953/4221/16 2950/4218/14 2954/4222/14
f 2954/4222/14 2950/4218/14 2955/4223/17
f 2955/4223/17 2950/4218/14 2956/4224/14
f 2956/4224/14 2950/4218/14 2957/4225/17
f 2957/4225/17 2950/4218/14 2958/4226/14
f 2958/4226/14 2950/4218/14 2959/4227/14
f 2959/4227/14 2950/4218/14 2960/4228/14
f 2960/4228/14 2950/4218/14 2961/4229/14
f 2961/4229/14 2950/4218/14 2962/4230/14
f 2962/4230/14 2950/4218/14 2963/4231/14
f 2963/4231/14 2950/4218/14 2964/4232/14
f 2964/4232/14 2950/4218/14 2965/4233/14
f 2965/4233/14 2950/4218/14 2966/4234/14
f 2966/4234/14 2950/4218/14 2967/4235/14
f 2967/4235/14 2950/4218/14 2968/4236/14
f 2969/4237/14 2970/4238/14 2971/4239/14
f 2972/4240/14 2973/4241/14 2971/4239/14
f 2974/4242/14 2972/4240/14 2971/4239/14
f 2975/4243/18 2974/4242/14 2971/4239/14
f 2976/4244/14 2975/4243/18 2971/4239/14
f 2977/4245/14 2976/4244/14 2971/4239/14
f 2978/4246/14 2977/4245/14 2971/4239/14
f 2979/4247/14 2978/4246/14 2971/4239/14
f 2980/4248/19 2979/4247/14 2971/4239/14
f 2981/4249/18 2980/4248/19 2971/4239/14
f 2982/4250/14 2981/4249/18 2971/4239/14
f 2983/4251/14 2982/4250/14 2971/4239/14
f 2984/4252/20 2983/4251/14 2971/4239/14
f 2985/4253/21 2984/4252/20 2971/4239/14
f 2986/4254/14 2985/4253/21 2971/4239/14
f 2987/4255/21 2986/4254/14 2971/4239/14
f 2988/4256/22 2987/4255/21 2971/4239/14
f 2989/4257/21 2988/4256/22 2971/4239/14
f 2990/4258/14 2989/4257/21 2971/4239/14
f 2991/4259/14 2990/4258/14 2971/4239/14
f 2992/4260/14 2991/4259/14 2971/4239/14
f 2993/4261/14 2992/4260/14 2971/4239/14
f 2994/4262/20 2993/4261/14 2971/4239/14
f 2995/4263/14 2994/4262/20 2971/4239/14
f 2996/4264/14 2995/4263/14 2971/4239/14
f 2997/4265/21 2996/4264/14 2971/4239/14
f 2998/4266/14 2997/4265/21 2971/4239/14
f 2999/4267/21 2998/4266/14 2971/4239/14
f 3000/4268/15 2999/4267/21 2971/4239/14
f 3001/4269/17 3000/4268/15 2971/4239/14
f 3002/4270/16 3001/4269/17 2971/4239/14
f 3003/4271/14 3002/4270/16 2971/4239/14
f 3004/4272/14 3003/4271/14 2971/4239/14
f 3005/4273/14 3004/4272/14 2971/4239/14
f 3006/4274/14 3005/4273/14 2971/4239/14
f 3007/4275/14 3006/4274/14 2971/4239/14
f 3008/4276/14 3007/4275/14 2971/4239/14
f 3009/4277/14 3008/4276/14 2971/4239/14
f 2970/4238/14 3009/4277/14 2971/4239/14
f 2971/4239/14 2973/4241/14 3010/4278/14
f 3010/4278/14 2973/4241/14 3011/4279/14
f 3011/4279/14 2973/4241/14 3012/4280/14
f 3012/4280/14 2973/4241/14 3013/4281/14
f 3013/4281/14 2973/4241/14 3014/4282/14
f 3014/4282/14 2973/4241/14 3015/4283/14
f 3015/4283/14 2973/4241/14 3016/4284/14
f 3016/4284/14 2973/4241/14 3017/4285/14
f 3017/4285/14 2973/4241/14 3018/4286/14
f 3018/4286/14 2973/4241/14 3019/4287/21
f 3019/4287/21 2973/4241/14 3020/4288/14
f 3020/4288/14 2973/4241/14 3021/4289/15
f 3021/4289/15 2973/4241/14 3022/4290/21
f 3022/4290/21 2973/4241/14 3023/4291/23
f 3023/4291/23 2973/4241/14 3024/4292/14
f 3024/4292/14 2973/4241/14 3025/4293/24
f 3025/4293/24 2973/4241/14 3026/4294/17
f 3026/4294/17 2973/4241/14 3027/4295/14
f 3027/4295/14 2973/4241/14 3028/4296/14
f 3028/4296/14 2973/4241/14 3029/4297/14
f 3029/4297/14 2973/4241/14 3030/4298/14
f 3030/4298/14 2973/4241/14 3031/4299/14
f 3031/4299/14 2973/4241/14 3032/4300/14
f 3032/4300/14 2973/4241/14 3033/4301/17
f 3033/4301/17 2973/4241/14 3034/4302/14
f 3034/4302/14 2973/4241/14 3035/4303/17
f 3035/4303/17 2973/4241/14 3036/4304/14
f 3036/4304/14 2973/4241/14 3037/4305/21
f 3037/4305/21 2973/4241/14 3038/4306/14
f 3038/4306/14 2973/4241/14 3039/4307/21
f 3039/4307/21 2973/4241/14 3040/4308/14
f 3040/4308/14 2973/4241/14 3041/4309/14
f 3041/4309/14 2973/4241/14 3042/4310/14
f 3042/4310/14 2973/4241/14 3043/4311/14
f 3043/4311/14 2973/4241/14 3044/4312/14
f 3044/4312/14 2973/4241/14 3045/4313/14
f 3045/4313/14 2973/4241/14 3046/4314/14
f 3046/4314/14 2973/4241/14 3047/4315/14
f 3047/4315/14 2973/4241/14 3048/4316/14
f 2971/4317/14 3010/4318/14 3049/4319/14
f 3010/4278/14 3011/4279/14 3050/4320/14
f 3049/4319/14 3010/4318/14 3050/4321/14
f 3011/4322/14 3012/4323/14 3051/4324/14
f 3050/4320/14 3011/4279/14 3051/4325/14
f 3012/4280/14 3013/4281/14 3052/4326/14
f 3051/4324/14 3012/4323/14 3052/4327/14
f 3013/4328/14 3014/4329/14 3053/4330/14
f 3052/4326/14 3013/4281/14 3053/4331/14
f 3014/4282/14 3015/4283/14 3054/4332/14
f 3053/4330/14 3014/4329/14 3054/4333/14
f 3015/4334/14 3016/4335/14 3055/4336/14
f 3054/4332/14 3015/4283/14 3055/4337/14
f 3016/4284/14 3017/4285/14 3056/4338/14
f 3055/4336/14 3016/4335/14 3056/4339/14
f 3017/4340/14 3018/4341/14 3057/4342/14
f 3056/4338/14 3017/4285/14 3057/4343/14
f 3018/4286/14 3019/4287/21 3058/4344/14
f 3057/4342/14 3018/4341/14 3058/4345/14
f 3019/4346/21 3020/4347/14 3059/4348/14
f 3058/4344/14 3019/4287/21 3059/4349/14
f 3020/4288/14 3021/4289/15 3060/4350/14
f 3059/4348/14 3020/4347/14 3060/4351/14
f 3021/4352/15 3022/4353/21 3061/4354/14
f 3060/4350/14 3021/4289/15 3061/4355/14
f 3022/4290/21 3023/4291/23 3062/4356/14
f 3061/4354/14 3022/4353/21 3062/4357/14
f 3023/4358/23 3024/4359/14 3063/4360/14
f 3062/4356/14 3023/4291/23 3063/4361/14
f 3024/4292/14 3025/4293/24 3064/4362/14
f 3063/4360/14 3024/4359/14 3064/4363/14
f 3025/4364/24 3026/4365/17 3065/4366/14
f 3064/4362/14 3025/4293/24 3065/4367/14
f 3026/4294/17 3027/4295/14 3066/4368/16
f 3065/4366/14 3026/4365/17 3066/4369/16
f 3027/4370/14 3028/4371/14 3067/4372/17
f 3066/4368/16 3027/4295/14 3067/4373/17
f 3028/4296/14 3029/4297/14 3068/4374/21
f 3067/4372/17 3028/4371/14 3068/4375/21
f 3029/4376/14 3030/4377/14 3069/4378/14
f 3068/4374/21 3029/4297/14 3069/4379/14
f 3030/4298/14 3031/4299/14 3070/4380/23
f 3069/4378/14 3030/4377/14 3070/4381/23
f 3031/4382/14 3032/4383/14 3071/4384/21
f 3070/4380/23 3031/4299/14 3071/4385/21
f 3032/4300/14 3033/4301/17 3072/4386/15
f 3071/4384/21 3032/4383/14 3072/4387/15
f 3033/4388/17 3034/4389/14 3073/4390/21
f 3072/4386/15 3033/4301/17 3073/4391/21
f 3034/4302/14 3035/4303/17 3074/4392/21
f 3073/4390/21 3034/4389/14 3074/4393/21
f 3035/4394/17 3036/4395/14 3075/4396/21
f 3074/4392/21 3035/4303/17 3075/4397/21
f 3036/4304/14 3037/4305/21 3076/4398/16
f 3075/4396/21 3036/4395/14 3076/4399/16
f 3037/4400/21 3038/4401/14 3077/4402/17
f 3076/4398/16 3037/4305/21 3077/4403/17
f 3038/4306/14 3039/4307/21 3078/4404/14
f 3077/4402/17 3038/4401/14 3078/4405/14
f 3039/4406/21 3040/4407/14 3079/4408/21
f 3078/4404/14 3039/4307/21 3079/4409/21
f 3040/4308/14 3041/4309/14 3080/4410/14
f 3079/4408/21 3040/4407/14 3080/4411/14
f 3041/4412/14 3042/4413/14 3081/4414/17
f 3080/4410/14 3041/4309/14 3081/4415/17
f 3042/4310/14 3043/4311/14 3082/4416/20
f 3081/4414/17 3042/4413/14 3082/4417/20
f 3043/4418/14 3044/4419/14 3083/4420/14
f 3082/4416/20 3043/4311/14 3083/4421/14
f 3044/4312/14 3045/4313/14 3084/4422/14
f 3083/4420/14 3044/4419/14 3084/4423/14
f 3045/4424/14 3046/4425/14 3085/4426/14
f 3084/4422/14 3045/4313/14 3085/4427/14
f 3046/4314/14 3047/4315/14 3086/4428/14
f 3085/4426/14 3046/4425/14 3086/4429/14
f 3047/4430/14 3048/4431/14 3087/4432/14
f 3086/4428/14 3047/4315/14 3087/4433/14
f 3087/4432/14 3048/4431/14 3088/4434/14
f 3049/4435/14 3050/4320/14 3089/4436/14
f 3050/4320/14 3051/4325/14 3089/4436/14
f 3087/4433/14 3088/4437/14 3089/4436/14
f 3086/4428/14 3087/4433/14 3089/4436/14
f 3085/4427/14 3086/4428/14 3089/4436/14
f 3084/4422/14 3085/4427/14 3089/4436/14
f 3083/4421/14 3084/4422/14 3089/4436/14
f 3082/4416/20 3083/4421/14 3089/4436/14
f 3081/4415/17 3082/4416/20 3089/4436/14
f 3080/4410/14 3081/4415/17 3089/4436/14
f 3079/4409/21 3080/4410/14 3089/4436/14
f 3078/4404/14 3079/4409/21 3089/4436/14
f 3077/4403/17 3078/4404/14 3089/4436/14
f 3076/4398/16 3077/4403/17 3089/4436/14
f 3075/4397/21 3076/4398/16 3089/4436/14
f 3074/4392/21 3075/4397/21 3089/4436/14
f 3073/4391/21 3074/4392/21 3089/4436/14
f 3072/4386/15 3073/4391/21 3089/4436/14
f 3071/4385/21 3072/4386/15 3089/4436/14
f 3070/4380/23 3071/4385/21 3089/4436/14
f 3069/4379/14 3070/4380/23 3089/4436/14
f 3068/4374/21 3069/4379/14 3089/4436/14
f 3067/4373/17 3068/4374/21 3089/4436/14
f 3066/4368/16 3067/4373/17 3089/4436/14
f 3065/4367/14 3066/4368/16 3089/4436/14
f 3064/4362/14 3065/4367/14 3089/4436/14
f 3063/4361/14 3064/4362/14 3089/4436/14
f 3062/4356/14 3063/4361/14 3089/4436/14
f 3061/4355/14 3062/4356/14 3089/4436/14
f 3060/4350/14 3061/4355/14 3089/4436/14
f 3059/4349/14 3060/4350/14 3089/4436/14
f 3058/4344/14 3059/4349/14 3089/4436/14
f 3057/4343/14 3058/4344/14 3089/4436/14
f 3056/4338/14 3057/4343/14 3089/4436/14
f 3055/4337/14 3056/4338/14 3089/4436/14
f 3054/4332/14 3055/4337/14 3089/4436/14
f 3053/4331/14 3054/4332/14 3089/4436/14
f 3052/4326/14 3053/4331/14 3089/4436/14
f 3051/4325/14 3052/4326/14 3089/4436/14
f 3089/4436/14 3088/4437/14 3090/4438/14
f 3090/4438/14 3088/4437/14 3091/4439/25
f 3091/4439/25 3088/4437/14 3092/4440/15
f 3092/4440/15 3088/4437/14 3093/4441/25
f 3093/4441/25 3088/4437/14 3094/4442/14
f 3094/4442/14 3088/4437/14 3095/4443/19
f 3095/4443/19 3088/4437/14 3096/4444/14
f 3096/4444/14 3088/4437/14 3097/4445/14
f 3097/4445/14 3088/4437/14 3098/4446/17
f 3098/4446/17 3088/4437/14 3099/4447/14
f 3099/4447/14 3088/4437/14 3100/4448/21
f 3100/4448/21 3088/4437/14 3101/4449/22
f 3101/4449/22 3088/4437/14 3102/4450/21
f 3102/4450/21 3088/4437/14 3103/4451/23
f 3103/4451/23 3088/4437/14 3104/4452/21
f 3104/4452/21 3088/4437/14 3105/4453/14
f 3105/4453/14 3088/4437/14 3106/4454/17
f 3106/4454/17 3088/4437/14 3107/4455/20
f 3107/4455/20 3088/4437/14 3108/4456/14
f 3108/4456/14 3088/4437/14 3109/4457/20
f 3109/4457/20 3088/4437/14 3110/4458/14
f 3110/4458/14 3088/4437/14 3111/4459/14
f 3111/4459/14 3088/4437/14 3112/4460/14
f 3112/4460/14 3088/4437/14 3113/4461/22
f 3113/4461/22 3088/4437/14 3114/4462/21
f 3114/4462/21 3088/4437/14 3115/4463/15
f 3115/4463/15 3088/4437/14 3116/4464/14
f 3116/4464/14 3088/4437/14 3117/4465/14
f 3117/4465/14 3088/4437/14 3118/4466/14
f 3118/4466/14 3088/4437/14 3119/4467/15
f 3119/4467/15 3088/4437/14 3120/4468/14
f 3120/4468/14 3088/4437/14 3121/4469/14
f 3121/4469/14 3088/4437/14 3122/4470/14
f 3122/4470/14 3088/4437/14 3123/4471/14
f 3123/4471/14 3088/4437/14 3124/4472/14
f 3124/4472/14 3088/4437/14 3125/4473/14
f 3125/4473/14 3088/4437/14 3126/4474/14
f 3126/4474/14 3088/4437/14 3127/4475/14
f 3127/4475/14 3088/4437/14 3128/4476/14
f 3129/4477/14 3130/4478/14 3131/4479/14
f 3131/4479/14 3130/4478/14 3132/4480/14
f 3133/4481/14 3134/4482/14 3135/4483/14
f 3135/4483/14 3134/4482/14 3136/4484/14
f 3137/4485/14 3138/4486/14 3139/4487/14
f 3139/4487/14 3138/4486/14 3140/4488/15
f 3140/4488/15 3138/4486/14 3141/4489/14
f 3141/4489/14 3138/4486/14 3142/4490/17
f 3142/4490/17 3138/4486/14 3143/4491/14
f 3143/4491/14 3138/4486/14 3144/4492/14
f 3144/4492/14 3138/4486/14 3145/4493/14
f 3145/4493/14 3138/4486/14 3146/4494/14
f 3147/4495/14 3148/4496/14 3149/4497/14
f 3150/4498/16 3151/4499/14 3149/4497/14
f 3152/4500/17 3150/4498/16 3149/4497/14
f 3153/4501/21 3152/4500/17 3149/4497/14
f 3154/4502/14 3153/4501/21 3149/4497/14
f 3155/4503/14 3154/4502/14 3149/4497/14
f 3148/4496/14 3155/4503/14 3149/4497/14
f 3149/4497/14 3151/4499/14 3156/4504/14
f 3157/4505/14 3158/4506/14 3159/4507/14
f 3159/4507/14 3158/4506/14 3160/4508/14
f 3161/4509/14 3162/4510/14 3163/4511/14
f 3163/4511/14 3162/4510/14 3164/4512/14
f 3159/4513/14 3160/4514/14 3165/4515/14
f 3157/4505/14 3159/4507/14 3165/4516/14
f 3165/4515/14 3160/4514/14 3166/4517/14
f 3163/4518/14 3164/4519/14 3167/4520/14
f 3164/4512/14 3162/4510/14 3168/4521/14
f 3167/4520/14 3164/4519/14 3168/4522/14
f 3165/4516/14 3166/4523/14 3169/4524/14
f 3157/4505/14 3165/4516/14 3169/4524/14
f 3169/4524/14 3166/4523/14 3170/4525/14
f 3167/4526/14 3168/4521/14 3171/4527/14
f 3168/4521/14 3162/4510/14 3172/4528/14
f 3171/4527/14 3168/4521/14 3172/4528/14
f 3173/4529/14 3174/4530/14 3175/4531/14
f 3175/4531/14 3174/4530/14 3176/4532/14
f 3177/4533/14 3178/4534/14 3179/4535/14
f 3179/4535/14 3178/4534/14 3180/4536/14
f 3175/4537/14 3176/4538/14 3181/4539/14
f 3181/4539/14 3176/4538/14 3182/4540/14
f 3179/4541/14 3180/4542/14 3183/4543/14
f 3183/4543/14 3180/4542/14 3184/4544/14
f 3181/4545/14 3182/4546/14 3185/4547/14
f 3185/4547/14 3182/4546/14 3186/4548/14
f 3183/4549/14 3184/4550/14 3187/4551/14
f 3187/4551/14 3184/4550/14 3188/4552/14
f 3189/4553/14 3190/4554/14 3191/4555/14
f 3191/4555/14 3190/4554/14 3192/4556/14
f 3193/4557/14 3194/4558/14 3195/4559/14
f 3195/4559/14 3194/4558/14 3196/4560/14
f 3191/4561/14 3192/4562/14 3197/4563/14
f 3197/4563/14 3192/4562/14 3198/4564/14
f 3195/4565/14 3196/4566/14 3199/4567/14
f 3199/4567/14 3196/4566/14 3200/4568/14
f 3197/4569/14 3198/4570/14 3201/4571/14
f 3201/4571/14 3198/4570/14 3202/4572/14
f 3199/4573/14 3200/4574/14 3203/4575/14
f 3203/4575/14 3200/4574/14 3204/4576/14
f 3205/4577/14 3206/4578/14 3207/4579/14
f 3207/4579/14 3206/4578/14 3208/4580/14
f 3209/4581/14 3210/4582/14 3211/4583/14
f 3211/4583/14 3210/4582/14 3212/4584/14
f 3207/4585/14 3208/4586/14 3213/4587/14
f 3213/4587/14 3208/4586/14 3214/4588/14
f 3211/4589/14 3212/4590/14 3215/4591/14
f 3215/4591/14 3212/4590/14 3216/4592/14
f 3213/4593/14 3214/4594/14 3217/4595/14
f 3217/4595/14 3214/4594/14 3218/4596/14
f 3215/4597/14 3216/4598/14 3219/4599/14
f 3219/4599/14 3216/4598/14 3220/4600/14
f 3221/4601/14 3222/4602/14 3223/4603/14
f 3223/4603/14 3222/4602/14 3224/4604/14
f 3225/4605/14 3226/4606/14 3227/4607/14
f 3227/4607/14 3226/4606/14 3228/4608/14
f 3223/4609/14 3224/4610/14 3229/4611/14
f 3221/4601/14 3223/4603/14 3229/4612/14
f 3229/4611/14 3224/4610/14 3230/4613/14
f 3227/4614/14 3228/4615/14 3231/4616/14
f 3228/4608/14 3226/4606/14 3232/4617/14
f 3231/4616/14 3228/4615/14 3232/4618/14
f 3229/4612/14 3230/4619/14 3233/4620/14
f 3221/4601/14 3229/4612/14 3233/4620/14
f 3233/4620/14 3230/4619/14 3234/4621/14
f 3231/4622/14 3232/4617/14 3235/4623/14
f 3232/4617/14 3226/4606/14 3236/4624/14
f 3235/4623/14 3232/4617/14 3236/4624/14
f 3237/4625/14 3238/4626/14 3239/4627/14
f 3239/4627/14 3238/4626/14 3240/4628/14
f 3241/4629/14 3242/4630/14 3243/4631/14
f 3243/4631/14 3242/4630/14 3244/4632/14
f 3239/4633/14 3240/4634/14 3245/4635/14
f 3245/4635/14 3240/4634/14 3246/4636/14
f 3243/4637/14 3244/4638/14 3247/4639/14
f 3247/4639/14 3244/4638/14 3248/4640/14
f 3245/4641/14 3246/4642/14 3249/4643/14
f 3249/4643/14 3246/4642/14 3250/4644/14
f 3247/4645/14 3248/4646/14 3251/4647/14
f 3251/4647/14 3248/4646/14 3252/4648/14
f 3253/4649/14 3254/4650/14 3255/4651/14
f 3255/4651/14 3254/4650/14 3256/4652/14
f 3257/4653/14 3258/4654/14 3259/4655/14
f 3259/4655/14 3258/4654/14 3260/4656/14
f 3255/4657/14 3256/4658/14 3261/4659/14
f 3261/4659/14 3256/4658/14 3262/4660/14
f 3259/4661/14 3260/4662/14 3263/4663/14
f 3263/4663/14 3260/4662/14 3264/4664/14
f 3261/4665/14 3262/4666/14 3265/4667/14
f 3265/4667/14 3262/4666/14 3266/4668/14
f 3263/4669/14 3264/4670/14 3267/4671/14
f 3267/4671/14 3264/4670/14 3268/4672/14
f 3269/4673/14 3270/4674/14 3271/4675/14
f 3271/4675/14 3270/4674/14 3272/4676/14
f 3273/4677/14 3274/4678/14 3275/4679/14
f 3275/4679/14 3274/4678/14 3276/4680/14
f 3271/4681/14 3272/4682/14 3277/4683/14
f 3277/4683/14 3272/4682/14 3278/4684/14
f 3275/4685/14 3276/4686/14 3279/4687/14
f 3279/4687/14 3276/4686/14 3280/4688/14
f 3277/4689/14 3278/4690/14 3281/4691/14
f 3278/4684/14 3272/4682/14 3282/4692/14
f 3281/4691/14 3278/4690/14 3282/4693/14
f 3282/4692/14 3272/4682/14 3283/4694/14
f 3279/4695/14 3280/4696/14 3284/4697/14
f 3284/4697/14 3280/4696/14 3285/4698/14
f 3286/4699/14 3287/4700/14 3288/4701/14
f 3288/4701/14 3287/4700/14 3289/4702/14
f 3290/4703/14 3291/4704/14 3292/4705/14
f 3292/4705/14 3291/4704/14 3293/4706/14
f 3288/4707/14 3289/4708/14 3294/4709/14
f 3286/4699/14 3288/4701/14 3294/4710/14
f 3294/4709/14 3289/4708/14 3295/4711/14
f 3292/4712/14 3293/4713/14 3296/4714/14
f 3293/4706/14 3291/4704/14 3297/4715/14
f 3296/4714/14 3293/4713/14 3297/4716/14
f 3294/4710/14 3295/4717/14 3298/4718/14
f 3286/4699/14 3294/4710/14 3298/4718/14
f 3298/4718/14 3295/4717/14 3299/4719/14
f 3296/4720/14 3297/4715/14 3300/4721/14
f 3297/4715/14 3291/4704/14 3301/4722/14
f 3300/4721/14 3297/4715/14 3301/4722/14
f 3302/4723/14 3303/4724/14 3304/4725/14
f 3304/4725/14 3303/4724/14 3305/4726/14
f 3306/4727/14 3307/4728/14 3308/4729/14
f 3308/4729/14 3307/4728/14 3309/4730/14
f 3304/4731/14 3305/4732/14 3310/4733/14
f 3310/4733/14 3305/4732/14 3311/4734/14
f 3308/4735/14 3309/4736/14 3312/4737/14
f 3312/4737/14 3309/4736/14 3313/4738/14
f 3310/4739/14 3311/4740/14 3314/4741/14
f 3314/4741/14 3311/4740/14 3315/4742/14
f 3312/4743/14 3313/4744/14 3316/4745/14
f 3316/4745/14 3313/4744/14 3317/4746/14
f 3318/4747/14 3319/4748/14 3320/4749/14
f 3320/4749/14 3319/4748/14 3321/4750/14
f 3322/4751/14 3323/4752/14 3324/4753/14
f 3324/4753/14 3323/4752/14 3325/4754/14
f 3320/4755/14 3321/4756/14 3326/4757/14
f 3326/4757/14 3321/4756/14 3327/4758/14
f 3324/4759/14 3325/4760/14 3328/4761/14
f 3328/4761/14 3325/4760/14 3329/4762/14
f 3326/4763/14 3327/4764/14 3330/4765/14
f 3330/4765/14 3327/4764/14 3331/4766/14
f 3328/4767/14 3329/4768/14 3332/4769/14
f 3332/4769/14 3329/4768/14 3333/4770/14
f 3334/4771/14 3335/4772/14 3336/4773/14
f 3336/4773/14 3335/4772/14 3337/4774/14
f 3338/4775/14 3339/4776/14 3340/4777/14
f 3340/4777/14 3339/4776/14 3341/4778/14
f 3336/4779/14 3337/4780/14 3342/4781/14
f 3342/4781/14 3337/4780/14 3343/4782/14
f 3340/4783/14 3341/4784/14 3344/4785/14
f 3344/4785/14 3341/4784/14 3345/4786/14
f 3342/4787/14 3343/4788/14 3346/4789/14
f 3346/4789/14 3343/4788/14 3347/4790/14
f 3344/4791/14 3345/4792/14 3348/4793/14
f 3348/4793/14 3345/4792/14 3349/4794/14
f 3350/4795/14 3351/4796/14 3352/4797/14
f 3352/4797/14 3351/4796/14 3353/4798/14
f 3354/4799/14 3355/4800/14 3356/4801/14
f 3356/4801/14 3355/4800/14 3357/4802/14
f 3352/4803/14 3353/4804/14 3358/4805/14
f 3350/4795/14 3352/4797/14 3358/4806/14
f 3358/4805/14 3353/4804/14 3359/4807/14
f 3356/4808/14 3357/4809/14 3360/4810/14
f 3357/4802/14 3355/4800/14 3361/4811/14
f 3360/4810/14 3357/4809/14 3361/4812/14
f 3358/4806/14 3359/4813/14 3362/4814/14
f 3350/4795/14 3358/4806/14 3362/4814/14
f 3362/4814/14 3359/4813/14 3363/4815/14
f 3360/4816/14 3361/4811/14 3364/4817/14
f 3361/4811/14 3355/4800/14 3365/4818/14
f 3364/4817/14 3361/4811/14 3365/4818/14
f 3366/4819/14 3367/4820/14 3368/4821/14
f 3368/4821/14 3367/4820/14 3369/4822/14
f 3370/4823/14 3371/4824/14 3372/4825/14
f 3372/4825/14 3371/4824/14 3373/4826/14
f 3368/4827/14 3369/4828/14 3374/4829/14
f 3374/4829/14 3369/4828/14 3375/4830/14
f 3372/4831/14 3373/4832/14 3376/4833/14
f 3376/4833/14 3373/4832/14 3377/4834/14
f 3374/4835/14 3375/4836/14 3378/4837/14
f 3378/4837/14 3375/4836/14 3379/4838/14
f 3376/4839/14 3377/4840/14 3380/4841/14
f 3380/4841/14 3377/4840/14 3381/4842/14
f 3382/4843/14 3383/4844/14 3384/4845/14
f 3384/4845/14 3383/4844/14 3385/4846/14
f 3386/4847/14 3387/4848/14 3388/4849/14
f 3388/4849/14 3387/4848/14 3389/4850/14
f 3384/4851/14 3385/4852/14 3390/4853/14
f 3390/4853/14 3385/4852/14 3391/4854/14
f 3388/4855/14 3389/4856/14 3392/4857/14
f 3392/4857/14 3389/4856/14 3393/4858/14
f 3390/4859/14 3391/4860/14 3394/4861/14
f 3394/4861/14 3391/4860/14 3395/4862/14
f 3392/4863/14 3393/4864/14 3396/4865/14
f 3396/4865/14 3393/4864/14 3397/4866/14
f 3398/4867/14 3399/4868/14 3400/4869/14
f 3400/4869/14 3399/4868/14 3401/4870/14
f 3402/4871/14 3403/4872/14 3404/4873/14
f 3404/4873/14 3403/4872/14 3405/4874/14
f 3400/4875/14 3401/4876/14 3406/4877/14
f 3406/4877/14 3401/4876/14 3407/4878/14
f 3404/4879/14 3405/4880/14 3408/4881/14
f 3408/4881/14 3405/4880/14 3409/4882/14
f 3406/4883/14 3407/4884/14 3410/4885/14
f 3410/4885/14 3407/4884/14 3411/4886/14
f 3408/4887/14 3409/4888/14 3412/4889/14
f 3412/4889/14 3409/4888/14 3413/4890/14
f 3414/4891/14 3415/4892/14 3416/4893/14
f 3416/4893/14 3415/4892/14 3417/4894/14
f 3418/4895/14 3419/4896/14 3420/4897/14
f 3420/4897/14 3419/4896/14 3421/4898/14
f 3416/4899/14 3417/4900/14 3422/4901/14
f 3414/4891/14 3416/4893/14 3422/4902/14
f 3422/4901/14 3417/4900/14 3423/4903/14
f 3420/4904/14 3421/4905/14 3424/4906/14
f 3421/4898/14 3419/4896/14 3425/4907/14
f 3424/4906/14 3421/4905/14 3425/4908/14
f 3422/4902/14 3423/4909/14 3426/4910/14
f 3414/4891/14 3422/4902/14 3426/4910/14
f 3426/4910/14 3423/4909/14 3427/4911/14
f 3424/4912/14 3425/4907/14 3428/4913/14
f 3425/4907/14 3419/4896/14 3429/4914/14
f 3428/4913/14 3425/4907/14 3429/4914/14
f 3430/4915/14 3431/4916/14 3432/4917/14
f 3432/4917/14 3431/4916/14 3433/4918/14
f 3434/4919/14 3435/4920/14 3436/4921/14
f 3436/4921/14 3435/4920/14 3437/4922/14
f 3432/4923/14 3433/4924/14 3438/4925/14
f 3438/4925/14 3433/4924/14 3439/4926/14
f 3436/4927/14 3437/4928/14 3440/4929/14
f 3440/4929/14 3437/4928/14 3441/4930/14
f 3438/4931/14 3439/4932/14 3442/4933/14
f 3442/4933/14 3439/4932/14 3443/4934/14
f 3440/4935/14 3441/4936/14 3444/4937/14
f 3444/4937/14 3441/4936/14 3445/4938/14
f 3446/4939/14 3447/4940/14 3448/4941/14
f 3449/4942/14 3450/4943/14 3451/4944/14
f 3451/4944/14 3450/4943/14 3452/4945/14
f 3446/4939/14 3448/4941/14 3453/4946/14
f 3453/4946/14 3448/4941/14 3454/4947/14
f 3451/4948/14 3452/4949/14 3455/4950/14
f 3455/4950/14 3452/4949/14 3456/4951/14
f 3453/4952/14 3454/4953/14 3457/4954/14
f 3457/4954/14 3454/4953/14 3458/4955/14
f 3455/4956/14 3456/4957/14 3459/4958/14
f 3459/4958/14 3456/4957/14 3460/4959/14
f 3461/4960/14 3462/4961/14 3463/4962/14
f 3463/4962/14 3462/4961/14 3464/4963/14
f 3463/4964/14 3464/4965/14 3465/4966/14
f 3465/4966/14 3464/4965/14 3466/4967/14
f 3463/4964/14 3465/4966/14 3467/4968/14
f 3467/4968/14 3465/4966/14 3468/4969/14
f 3466/4967/14 3464/4965/14 3469/4970/14
f 3469/4970/14 3464/4965/14 3470/4971/14
f 3463/4964/14 3467/4968/14 3471/4972/14
f 3470/4971/14 3464/4965/14 3472/4973/14
f 3471/4972/14 3473/4974/14 3474/4975/14
f 3475/4976/14 3472/4973/14 3476/4977/14
f 3471/4972/14 3474/4975/14 3477/4978/14
f 3474/4975/14 3476/4977/14 3477/4978/14
f 3463/4964/14 3471/4972/14 3477/4978/14
f 3476/4977/14 3472/4973/14 3478/4979/14
f 3477/4978/14 3476/4977/14 3478/4979/14
f 3472/4973/14 3464/4965/14 3478/4979/14
f 3477/4980/14 3478/4981/14 3479/4982/14
f 3479/4982/14 3478/4981/14 3480/4983/14
f 3481/4984/14 3482/4985/14 3483/4986/14
f 3483/4986/14 3482/4985/14 3484/4987/14
f 3485/4988/14 3483/4986/14 3486/4989/14
f 3486/4989/14 3483/4986/14 3487/4990/14
f 3484/4987/14 3488/4991/14 3489/4992/14
f 3489/4992/14 3488/4991/14 3490/4993/14
f 3487/4990/14 3489/4992/14 3491/4994/14
f 3491/4994/14 3489/4992/14 3492/4995/14
f 3493/4996/14 3494/4997/14 3495/4998/14
f 3495/4998/14 3494/4997/14 3496/4999/14
f 3497/5000/14 3498/5001/14 3499/5002/14
f 3499/5002/14 3498/5001/14 3500/5003/14
f 3501/5004/14 3502/5005/14 3503/5006/14
f 3503/5006/14 3502/5005/14 3504/5007/14
f 3505/5008/14 3506/5009/14 3507/5010/14
f 3507/5010/14 3506/5009/14 3508/5011/14
f 3509/5012/14 3510/5013/14 3511/5014/14
f 3511/5014/14 3510/5013/14 3512/5015/14
